ISO-10303-21;
HEADER;
/* Generated by software containing ST-Developer
 * from STEP Tools, Inc. (www.steptools.com) 
 */

FILE_DESCRIPTION(
/* description */ (''),
/* implementation_level */ '2;1');

FILE_NAME(
/* name */ 'acu_jetson_case.step',
/* time_stamp */ '2026-05-27T17:48:49+02:00',
/* author */ (''),
/* organization */ (''),
/* preprocessor_version */ 'ST-DEVELOPER v20.1',
/* originating_system */ 'Autodesk Translation Framework v15.8.0.0',
/* authorisation */ '');

FILE_SCHEMA (('AUTOMOTIVE_DESIGN { 1 0 10303 214 3 1 1 }'));
ENDSEC;

DATA;
#10=MECHANICAL_DESIGN_GEOMETRIC_PRESENTATION_REPRESENTATION('',(#13,#14),
#5540);
#11=SHAPE_REPRESENTATION_RELATIONSHIP('SRR','None',#5546,#12);
#12=ADVANCED_BREP_SHAPE_REPRESENTATION('',(#15,#16),#5539);
#13=STYLED_ITEM('',(#5556),#15);
#14=STYLED_ITEM('',(#5556),#16);
#15=MANIFOLD_SOLID_BREP('Body1',#3373);
#16=MANIFOLD_SOLID_BREP('Body2',#3374);
#17=SPHERICAL_SURFACE('',#3533,3.);
#18=SPHERICAL_SURFACE('',#3536,3.);
#19=SPHERICAL_SURFACE('',#3540,3.);
#20=SPHERICAL_SURFACE('',#3544,3.);
#21=SPHERICAL_SURFACE('',#3619,3.);
#22=SPHERICAL_SURFACE('',#3627,3.);
#23=ELLIPSE('',#3525,4.24264068711929,3.);
#24=ELLIPSE('',#3532,4.24264068711929,3.);
#25=(
BOUNDED_SURFACE()
B_SPLINE_SURFACE(2,2,((#5076,#5077,#5078),(#5079,#5080,#5081),(#5082,#5083,
#5084)),.UNSPECIFIED.,.F.,.F.,.F.)
B_SPLINE_SURFACE_WITH_KNOTS((3,3),(3,3),(-1.5707963267949,2.96059473233375E-15),
(1.5707963267949,3.14159265358979),.UNSPECIFIED.)
GEOMETRIC_REPRESENTATION_ITEM()
RATIONAL_B_SPLINE_SURFACE(((1.,0.707106781186548,1.),(0.707106781186547,
0.499999999999999,0.707106781186547),(1.,0.707106781186548,1.)))
REPRESENTATION_ITEM('')
SURFACE()
);
#26=(
BOUNDED_SURFACE()
B_SPLINE_SURFACE(2,2,((#5100,#5101,#5102),(#5103,#5104,#5105),(#5106,#5107,
#5108)),.UNSPECIFIED.,.F.,.F.,.F.)
B_SPLINE_SURFACE_WITH_KNOTS((3,3),(3,3),(-1.5707963267949,0.),(0.,1.5707963267949),
 .UNSPECIFIED.)
GEOMETRIC_REPRESENTATION_ITEM()
RATIONAL_B_SPLINE_SURFACE(((1.,0.707106781186548,1.),(0.707106781186553,
0.500000000000004,0.707106781186553),(1.,0.707106781186548,1.)))
REPRESENTATION_ITEM('')
SURFACE()
);
#27=(
BOUNDED_SURFACE()
B_SPLINE_SURFACE(2,2,((#5511,#5512,#5513),(#5514,#5515,#5516),(#5517,#5518,
#5519)),.UNSPECIFIED.,.F.,.F.,.F.)
B_SPLINE_SURFACE_WITH_KNOTS((3,3),(3,3),(-1.5707963267949,5.9211894646675E-16),
(1.57079632679489,3.14159265358979),.UNSPECIFIED.)
GEOMETRIC_REPRESENTATION_ITEM()
RATIONAL_B_SPLINE_SURFACE(((1.,0.707106781186545,1.),(0.707106781186545,
0.499999999999997,0.707106781186545),(1.,0.707106781186545,1.)))
REPRESENTATION_ITEM('')
SURFACE()
);
#28=(
BOUNDED_SURFACE()
B_SPLINE_SURFACE(2,2,((#5521,#5522,#5523),(#5524,#5525,#5526),(#5527,#5528,
#5529)),.UNSPECIFIED.,.F.,.F.,.F.)
B_SPLINE_SURFACE_WITH_KNOTS((3,3),(3,3),(-1.5707963267949,2.368475785867E-15),
(0.,1.5707963267949),.UNSPECIFIED.)
GEOMETRIC_REPRESENTATION_ITEM()
RATIONAL_B_SPLINE_SURFACE(((1.,0.707106781186547,1.),(0.707106781186547,
0.5,0.707106781186547),(1.,0.707106781186547,1.)))
REPRESENTATION_ITEM('')
SURFACE()
);
#29=CYLINDRICAL_SURFACE('',#3387,1.175);
#30=CYLINDRICAL_SURFACE('',#3391,1.175);
#31=CYLINDRICAL_SURFACE('',#3395,1.175);
#32=CYLINDRICAL_SURFACE('',#3399,1.175);
#33=CYLINDRICAL_SURFACE('',#3466,2.25);
#34=CYLINDRICAL_SURFACE('',#3469,2.25);
#35=CYLINDRICAL_SURFACE('',#3472,2.25);
#36=CYLINDRICAL_SURFACE('',#3475,2.25);
#37=CYLINDRICAL_SURFACE('',#3476,0.5);
#38=CYLINDRICAL_SURFACE('',#3481,0.5);
#39=CYLINDRICAL_SURFACE('',#3486,0.5);
#40=CYLINDRICAL_SURFACE('',#3491,0.5);
#41=CYLINDRICAL_SURFACE('',#3508,4.);
#42=CYLINDRICAL_SURFACE('',#3514,3.);
#43=CYLINDRICAL_SURFACE('',#3516,3.);
#44=CYLINDRICAL_SURFACE('',#3521,3.);
#45=CYLINDRICAL_SURFACE('',#3523,3.);
#46=CYLINDRICAL_SURFACE('',#3527,3.);
#47=CYLINDRICAL_SURFACE('',#3530,3.);
#48=CYLINDRICAL_SURFACE('',#3539,3.);
#49=CYLINDRICAL_SURFACE('',#3543,3.);
#50=CYLINDRICAL_SURFACE('',#3547,3.);
#51=CYLINDRICAL_SURFACE('',#3548,3.);
#52=CYLINDRICAL_SURFACE('',#3550,3.);
#53=CYLINDRICAL_SURFACE('',#3553,3.);
#54=CYLINDRICAL_SURFACE('',#3610,3.);
#55=CYLINDRICAL_SURFACE('',#3613,3.);
#56=CYLINDRICAL_SURFACE('',#3617,3.);
#57=CYLINDRICAL_SURFACE('',#3622,3.);
#58=CYLINDRICAL_SURFACE('',#3624,3.);
#59=CYLINDRICAL_SURFACE('',#3630,3.);
#60=CYLINDRICAL_SURFACE('',#3631,3.);
#61=CYLINDRICAL_SURFACE('',#3636,4.);
#62=FACE_BOUND('',#410,.T.);
#63=FACE_BOUND('',#411,.T.);
#64=FACE_BOUND('',#412,.T.);
#65=FACE_BOUND('',#413,.T.);
#66=FACE_BOUND('',#414,.T.);
#67=FACE_BOUND('',#415,.T.);
#68=FACE_BOUND('',#416,.T.);
#69=FACE_BOUND('',#417,.T.);
#70=FACE_BOUND('',#435,.T.);
#71=FACE_BOUND('',#449,.T.);
#72=FACE_BOUND('',#450,.T.);
#73=FACE_BOUND('',#451,.T.);
#74=FACE_BOUND('',#452,.T.);
#75=FACE_BOUND('',#453,.T.);
#76=FACE_BOUND('',#454,.T.);
#77=FACE_BOUND('',#455,.T.);
#78=FACE_BOUND('',#456,.T.);
#79=FACE_BOUND('',#468,.T.);
#80=FACE_BOUND('',#476,.T.);
#81=FACE_BOUND('',#484,.T.);
#82=FACE_BOUND('',#492,.T.);
#83=FACE_BOUND('',#514,.T.);
#84=FACE_BOUND('',#515,.T.);
#85=FACE_BOUND('',#525,.T.);
#86=FACE_BOUND('',#526,.T.);
#87=FACE_BOUND('',#553,.T.);
#88=FACE_BOUND('',#602,.T.);
#89=PLANE('',#3379);
#90=PLANE('',#3401);
#91=PLANE('',#3402);
#92=PLANE('',#3403);
#93=PLANE('',#3404);
#94=PLANE('',#3405);
#95=PLANE('',#3406);
#96=PLANE('',#3407);
#97=PLANE('',#3408);
#98=PLANE('',#3409);
#99=PLANE('',#3410);
#100=PLANE('',#3411);
#101=PLANE('',#3412);
#102=PLANE('',#3413);
#103=PLANE('',#3414);
#104=PLANE('',#3415);
#105=PLANE('',#3416);
#106=PLANE('',#3417);
#107=PLANE('',#3418);
#108=PLANE('',#3419);
#109=PLANE('',#3420);
#110=PLANE('',#3421);
#111=PLANE('',#3422);
#112=PLANE('',#3423);
#113=PLANE('',#3432);
#114=PLANE('',#3433);
#115=PLANE('',#3434);
#116=PLANE('',#3435);
#117=PLANE('',#3436);
#118=PLANE('',#3437);
#119=PLANE('',#3438);
#120=PLANE('',#3440);
#121=PLANE('',#3441);
#122=PLANE('',#3442);
#123=PLANE('',#3443);
#124=PLANE('',#3444);
#125=PLANE('',#3445);
#126=PLANE('',#3446);
#127=PLANE('',#3448);
#128=PLANE('',#3449);
#129=PLANE('',#3450);
#130=PLANE('',#3451);
#131=PLANE('',#3452);
#132=PLANE('',#3453);
#133=PLANE('',#3454);
#134=PLANE('',#3456);
#135=PLANE('',#3457);
#136=PLANE('',#3458);
#137=PLANE('',#3459);
#138=PLANE('',#3460);
#139=PLANE('',#3461);
#140=PLANE('',#3462);
#141=PLANE('',#3479);
#142=PLANE('',#3480);
#143=PLANE('',#3484);
#144=PLANE('',#3485);
#145=PLANE('',#3489);
#146=PLANE('',#3490);
#147=PLANE('',#3494);
#148=PLANE('',#3495);
#149=PLANE('',#3496);
#150=PLANE('',#3497);
#151=PLANE('',#3498);
#152=PLANE('',#3499);
#153=PLANE('',#3500);
#154=PLANE('',#3501);
#155=PLANE('',#3502);
#156=PLANE('',#3503);
#157=PLANE('',#3504);
#158=PLANE('',#3505);
#159=PLANE('',#3506);
#160=PLANE('',#3507);
#161=PLANE('',#3526);
#162=PLANE('',#3529);
#163=PLANE('',#3549);
#164=PLANE('',#3552);
#165=PLANE('',#3555);
#166=PLANE('',#3556);
#167=PLANE('',#3557);
#168=PLANE('',#3558);
#169=PLANE('',#3559);
#170=PLANE('',#3560);
#171=PLANE('',#3561);
#172=PLANE('',#3562);
#173=PLANE('',#3563);
#174=PLANE('',#3564);
#175=PLANE('',#3565);
#176=PLANE('',#3566);
#177=PLANE('',#3567);
#178=PLANE('',#3568);
#179=PLANE('',#3569);
#180=PLANE('',#3570);
#181=PLANE('',#3571);
#182=PLANE('',#3572);
#183=PLANE('',#3573);
#184=PLANE('',#3574);
#185=PLANE('',#3575);
#186=PLANE('',#3576);
#187=PLANE('',#3577);
#188=PLANE('',#3578);
#189=PLANE('',#3579);
#190=PLANE('',#3580);
#191=PLANE('',#3581);
#192=PLANE('',#3582);
#193=PLANE('',#3583);
#194=PLANE('',#3584);
#195=PLANE('',#3585);
#196=PLANE('',#3586);
#197=PLANE('',#3587);
#198=PLANE('',#3588);
#199=PLANE('',#3589);
#200=PLANE('',#3590);
#201=PLANE('',#3591);
#202=PLANE('',#3592);
#203=PLANE('',#3593);
#204=PLANE('',#3594);
#205=PLANE('',#3595);
#206=PLANE('',#3596);
#207=PLANE('',#3597);
#208=PLANE('',#3598);
#209=PLANE('',#3599);
#210=PLANE('',#3600);
#211=PLANE('',#3601);
#212=PLANE('',#3602);
#213=PLANE('',#3603);
#214=PLANE('',#3608);
#215=PLANE('',#3612);
#216=PLANE('',#3615);
#217=PLANE('',#3626);
#218=PLANE('',#3635);
#219=PLANE('',#3637);
#220=PLANE('',#3638);
#221=FACE_OUTER_BOUND('',#408,.T.);
#222=FACE_OUTER_BOUND('',#409,.T.);
#223=FACE_OUTER_BOUND('',#418,.T.);
#224=FACE_OUTER_BOUND('',#419,.T.);
#225=FACE_OUTER_BOUND('',#420,.T.);
#226=FACE_OUTER_BOUND('',#421,.T.);
#227=FACE_OUTER_BOUND('',#422,.T.);
#228=FACE_OUTER_BOUND('',#423,.T.);
#229=FACE_OUTER_BOUND('',#424,.T.);
#230=FACE_OUTER_BOUND('',#425,.T.);
#231=FACE_OUTER_BOUND('',#426,.T.);
#232=FACE_OUTER_BOUND('',#427,.T.);
#233=FACE_OUTER_BOUND('',#428,.T.);
#234=FACE_OUTER_BOUND('',#429,.T.);
#235=FACE_OUTER_BOUND('',#430,.T.);
#236=FACE_OUTER_BOUND('',#431,.T.);
#237=FACE_OUTER_BOUND('',#432,.T.);
#238=FACE_OUTER_BOUND('',#433,.T.);
#239=FACE_OUTER_BOUND('',#434,.T.);
#240=FACE_OUTER_BOUND('',#436,.T.);
#241=FACE_OUTER_BOUND('',#437,.T.);
#242=FACE_OUTER_BOUND('',#438,.T.);
#243=FACE_OUTER_BOUND('',#439,.T.);
#244=FACE_OUTER_BOUND('',#440,.T.);
#245=FACE_OUTER_BOUND('',#441,.T.);
#246=FACE_OUTER_BOUND('',#442,.T.);
#247=FACE_OUTER_BOUND('',#443,.T.);
#248=FACE_OUTER_BOUND('',#444,.T.);
#249=FACE_OUTER_BOUND('',#445,.T.);
#250=FACE_OUTER_BOUND('',#446,.T.);
#251=FACE_OUTER_BOUND('',#447,.T.);
#252=FACE_OUTER_BOUND('',#448,.T.);
#253=FACE_OUTER_BOUND('',#457,.T.);
#254=FACE_OUTER_BOUND('',#458,.T.);
#255=FACE_OUTER_BOUND('',#459,.T.);
#256=FACE_OUTER_BOUND('',#460,.T.);
#257=FACE_OUTER_BOUND('',#461,.T.);
#258=FACE_OUTER_BOUND('',#462,.T.);
#259=FACE_OUTER_BOUND('',#463,.T.);
#260=FACE_OUTER_BOUND('',#464,.T.);
#261=FACE_OUTER_BOUND('',#465,.T.);
#262=FACE_OUTER_BOUND('',#466,.T.);
#263=FACE_OUTER_BOUND('',#467,.T.);
#264=FACE_OUTER_BOUND('',#469,.T.);
#265=FACE_OUTER_BOUND('',#470,.T.);
#266=FACE_OUTER_BOUND('',#471,.T.);
#267=FACE_OUTER_BOUND('',#472,.T.);
#268=FACE_OUTER_BOUND('',#473,.T.);
#269=FACE_OUTER_BOUND('',#474,.T.);
#270=FACE_OUTER_BOUND('',#475,.T.);
#271=FACE_OUTER_BOUND('',#477,.T.);
#272=FACE_OUTER_BOUND('',#478,.T.);
#273=FACE_OUTER_BOUND('',#479,.T.);
#274=FACE_OUTER_BOUND('',#480,.T.);
#275=FACE_OUTER_BOUND('',#481,.T.);
#276=FACE_OUTER_BOUND('',#482,.T.);
#277=FACE_OUTER_BOUND('',#483,.T.);
#278=FACE_OUTER_BOUND('',#485,.T.);
#279=FACE_OUTER_BOUND('',#486,.T.);
#280=FACE_OUTER_BOUND('',#487,.T.);
#281=FACE_OUTER_BOUND('',#488,.T.);
#282=FACE_OUTER_BOUND('',#489,.T.);
#283=FACE_OUTER_BOUND('',#490,.T.);
#284=FACE_OUTER_BOUND('',#491,.T.);
#285=FACE_OUTER_BOUND('',#493,.T.);
#286=FACE_OUTER_BOUND('',#494,.T.);
#287=FACE_OUTER_BOUND('',#495,.T.);
#288=FACE_OUTER_BOUND('',#496,.T.);
#289=FACE_OUTER_BOUND('',#497,.T.);
#290=FACE_OUTER_BOUND('',#498,.T.);
#291=FACE_OUTER_BOUND('',#499,.T.);
#292=FACE_OUTER_BOUND('',#500,.T.);
#293=FACE_OUTER_BOUND('',#501,.T.);
#294=FACE_OUTER_BOUND('',#502,.T.);
#295=FACE_OUTER_BOUND('',#503,.T.);
#296=FACE_OUTER_BOUND('',#504,.T.);
#297=FACE_OUTER_BOUND('',#505,.T.);
#298=FACE_OUTER_BOUND('',#506,.T.);
#299=FACE_OUTER_BOUND('',#507,.T.);
#300=FACE_OUTER_BOUND('',#508,.T.);
#301=FACE_OUTER_BOUND('',#509,.T.);
#302=FACE_OUTER_BOUND('',#510,.T.);
#303=FACE_OUTER_BOUND('',#511,.T.);
#304=FACE_OUTER_BOUND('',#512,.T.);
#305=FACE_OUTER_BOUND('',#513,.T.);
#306=FACE_OUTER_BOUND('',#516,.T.);
#307=FACE_OUTER_BOUND('',#517,.T.);
#308=FACE_OUTER_BOUND('',#518,.T.);
#309=FACE_OUTER_BOUND('',#519,.T.);
#310=FACE_OUTER_BOUND('',#520,.T.);
#311=FACE_OUTER_BOUND('',#521,.T.);
#312=FACE_OUTER_BOUND('',#522,.T.);
#313=FACE_OUTER_BOUND('',#523,.T.);
#314=FACE_OUTER_BOUND('',#524,.T.);
#315=FACE_OUTER_BOUND('',#527,.T.);
#316=FACE_OUTER_BOUND('',#528,.T.);
#317=FACE_OUTER_BOUND('',#529,.T.);
#318=FACE_OUTER_BOUND('',#530,.T.);
#319=FACE_OUTER_BOUND('',#531,.T.);
#320=FACE_OUTER_BOUND('',#532,.T.);
#321=FACE_OUTER_BOUND('',#533,.T.);
#322=FACE_OUTER_BOUND('',#534,.T.);
#323=FACE_OUTER_BOUND('',#535,.T.);
#324=FACE_OUTER_BOUND('',#536,.T.);
#325=FACE_OUTER_BOUND('',#537,.T.);
#326=FACE_OUTER_BOUND('',#538,.T.);
#327=FACE_OUTER_BOUND('',#539,.T.);
#328=FACE_OUTER_BOUND('',#540,.T.);
#329=FACE_OUTER_BOUND('',#541,.T.);
#330=FACE_OUTER_BOUND('',#542,.T.);
#331=FACE_OUTER_BOUND('',#543,.T.);
#332=FACE_OUTER_BOUND('',#544,.T.);
#333=FACE_OUTER_BOUND('',#545,.T.);
#334=FACE_OUTER_BOUND('',#546,.T.);
#335=FACE_OUTER_BOUND('',#547,.T.);
#336=FACE_OUTER_BOUND('',#548,.T.);
#337=FACE_OUTER_BOUND('',#549,.T.);
#338=FACE_OUTER_BOUND('',#550,.T.);
#339=FACE_OUTER_BOUND('',#551,.T.);
#340=FACE_OUTER_BOUND('',#552,.T.);
#341=FACE_OUTER_BOUND('',#554,.T.);
#342=FACE_OUTER_BOUND('',#555,.T.);
#343=FACE_OUTER_BOUND('',#556,.T.);
#344=FACE_OUTER_BOUND('',#557,.T.);
#345=FACE_OUTER_BOUND('',#558,.T.);
#346=FACE_OUTER_BOUND('',#559,.T.);
#347=FACE_OUTER_BOUND('',#560,.T.);
#348=FACE_OUTER_BOUND('',#561,.T.);
#349=FACE_OUTER_BOUND('',#562,.T.);
#350=FACE_OUTER_BOUND('',#563,.T.);
#351=FACE_OUTER_BOUND('',#564,.T.);
#352=FACE_OUTER_BOUND('',#565,.T.);
#353=FACE_OUTER_BOUND('',#566,.T.);
#354=FACE_OUTER_BOUND('',#567,.T.);
#355=FACE_OUTER_BOUND('',#568,.T.);
#356=FACE_OUTER_BOUND('',#569,.T.);
#357=FACE_OUTER_BOUND('',#570,.T.);
#358=FACE_OUTER_BOUND('',#571,.T.);
#359=FACE_OUTER_BOUND('',#572,.T.);
#360=FACE_OUTER_BOUND('',#573,.T.);
#361=FACE_OUTER_BOUND('',#574,.T.);
#362=FACE_OUTER_BOUND('',#575,.T.);
#363=FACE_OUTER_BOUND('',#576,.T.);
#364=FACE_OUTER_BOUND('',#577,.T.);
#365=FACE_OUTER_BOUND('',#578,.T.);
#366=FACE_OUTER_BOUND('',#579,.T.);
#367=FACE_OUTER_BOUND('',#580,.T.);
#368=FACE_OUTER_BOUND('',#581,.T.);
#369=FACE_OUTER_BOUND('',#582,.T.);
#370=FACE_OUTER_BOUND('',#583,.T.);
#371=FACE_OUTER_BOUND('',#584,.T.);
#372=FACE_OUTER_BOUND('',#585,.T.);
#373=FACE_OUTER_BOUND('',#586,.T.);
#374=FACE_OUTER_BOUND('',#587,.T.);
#375=FACE_OUTER_BOUND('',#588,.T.);
#376=FACE_OUTER_BOUND('',#589,.T.);
#377=FACE_OUTER_BOUND('',#590,.T.);
#378=FACE_OUTER_BOUND('',#591,.T.);
#379=FACE_OUTER_BOUND('',#592,.T.);
#380=FACE_OUTER_BOUND('',#593,.T.);
#381=FACE_OUTER_BOUND('',#594,.T.);
#382=FACE_OUTER_BOUND('',#595,.T.);
#383=FACE_OUTER_BOUND('',#596,.T.);
#384=FACE_OUTER_BOUND('',#597,.T.);
#385=FACE_OUTER_BOUND('',#598,.T.);
#386=FACE_OUTER_BOUND('',#599,.T.);
#387=FACE_OUTER_BOUND('',#600,.T.);
#388=FACE_OUTER_BOUND('',#601,.T.);
#389=FACE_OUTER_BOUND('',#603,.T.);
#390=FACE_OUTER_BOUND('',#604,.T.);
#391=FACE_OUTER_BOUND('',#605,.T.);
#392=FACE_OUTER_BOUND('',#606,.T.);
#393=FACE_OUTER_BOUND('',#607,.T.);
#394=FACE_OUTER_BOUND('',#608,.T.);
#395=FACE_OUTER_BOUND('',#609,.T.);
#396=FACE_OUTER_BOUND('',#610,.T.);
#397=FACE_OUTER_BOUND('',#611,.T.);
#398=FACE_OUTER_BOUND('',#612,.T.);
#399=FACE_OUTER_BOUND('',#613,.T.);
#400=FACE_OUTER_BOUND('',#614,.T.);
#401=FACE_OUTER_BOUND('',#615,.T.);
#402=FACE_OUTER_BOUND('',#616,.T.);
#403=FACE_OUTER_BOUND('',#617,.T.);
#404=FACE_OUTER_BOUND('',#618,.T.);
#405=FACE_OUTER_BOUND('',#619,.T.);
#406=FACE_OUTER_BOUND('',#620,.T.);
#407=FACE_OUTER_BOUND('',#621,.T.);
#408=EDGE_LOOP('',(#2238,#2239,#2240,#2241));
#409=EDGE_LOOP('',(#2242,#2243,#2244,#2245));
#410=EDGE_LOOP('',(#2246));
#411=EDGE_LOOP('',(#2247));
#412=EDGE_LOOP('',(#2248));
#413=EDGE_LOOP('',(#2249));
#414=EDGE_LOOP('',(#2250));
#415=EDGE_LOOP('',(#2251));
#416=EDGE_LOOP('',(#2252));
#417=EDGE_LOOP('',(#2253));
#418=EDGE_LOOP('',(#2254,#2255,#2256,#2257));
#419=EDGE_LOOP('',(#2258,#2259,#2260,#2261));
#420=EDGE_LOOP('',(#2262,#2263,#2264,#2265));
#421=EDGE_LOOP('',(#2266,#2267,#2268,#2269));
#422=EDGE_LOOP('',(#2270,#2271,#2272,#2273));
#423=EDGE_LOOP('',(#2274,#2275,#2276,#2277));
#424=EDGE_LOOP('',(#2278,#2279,#2280,#2281));
#425=EDGE_LOOP('',(#2282,#2283,#2284,#2285));
#426=EDGE_LOOP('',(#2286,#2287,#2288,#2289));
#427=EDGE_LOOP('',(#2290,#2291,#2292,#2293));
#428=EDGE_LOOP('',(#2294,#2295,#2296,#2297));
#429=EDGE_LOOP('',(#2298,#2299,#2300,#2301,#2302,#2303,#2304,#2305,#2306,
#2307,#2308,#2309));
#430=EDGE_LOOP('',(#2310,#2311,#2312,#2313));
#431=EDGE_LOOP('',(#2314,#2315,#2316,#2317));
#432=EDGE_LOOP('',(#2318,#2319,#2320,#2321));
#433=EDGE_LOOP('',(#2322,#2323,#2324,#2325));
#434=EDGE_LOOP('',(#2326,#2327,#2328,#2329,#2330,#2331,#2332,#2333,#2334,
#2335,#2336,#2337,#2338,#2339,#2340,#2341,#2342,#2343,#2344,#2345));
#435=EDGE_LOOP('',(#2346,#2347,#2348,#2349));
#436=EDGE_LOOP('',(#2350,#2351,#2352,#2353));
#437=EDGE_LOOP('',(#2354,#2355,#2356,#2357));
#438=EDGE_LOOP('',(#2358,#2359,#2360,#2361));
#439=EDGE_LOOP('',(#2362,#2363,#2364,#2365));
#440=EDGE_LOOP('',(#2366,#2367,#2368,#2369));
#441=EDGE_LOOP('',(#2370,#2371,#2372,#2373));
#442=EDGE_LOOP('',(#2374,#2375,#2376,#2377));
#443=EDGE_LOOP('',(#2378,#2379,#2380,#2381));
#444=EDGE_LOOP('',(#2382,#2383,#2384,#2385));
#445=EDGE_LOOP('',(#2386,#2387,#2388,#2389));
#446=EDGE_LOOP('',(#2390,#2391,#2392,#2393));
#447=EDGE_LOOP('',(#2394,#2395,#2396,#2397));
#448=EDGE_LOOP('',(#2398,#2399,#2400,#2401,#2402,#2403,#2404,#2405));
#449=EDGE_LOOP('',(#2406));
#450=EDGE_LOOP('',(#2407));
#451=EDGE_LOOP('',(#2408,#2409,#2410,#2411,#2412,#2413));
#452=EDGE_LOOP('',(#2414,#2415,#2416,#2417,#2418,#2419));
#453=EDGE_LOOP('',(#2420,#2421,#2422,#2423,#2424,#2425));
#454=EDGE_LOOP('',(#2426,#2427,#2428,#2429,#2430,#2431));
#455=EDGE_LOOP('',(#2432));
#456=EDGE_LOOP('',(#2433));
#457=EDGE_LOOP('',(#2434,#2435,#2436,#2437));
#458=EDGE_LOOP('',(#2438,#2439,#2440,#2441));
#459=EDGE_LOOP('',(#2442,#2443,#2444,#2445));
#460=EDGE_LOOP('',(#2446,#2447,#2448,#2449));
#461=EDGE_LOOP('',(#2450,#2451,#2452,#2453));
#462=EDGE_LOOP('',(#2454,#2455,#2456,#2457));
#463=EDGE_LOOP('',(#2458,#2459,#2460,#2461));
#464=EDGE_LOOP('',(#2462,#2463,#2464,#2465));
#465=EDGE_LOOP('',(#2466,#2467,#2468,#2469));
#466=EDGE_LOOP('',(#2470,#2471,#2472,#2473));
#467=EDGE_LOOP('',(#2474,#2475,#2476,#2477,#2478,#2479));
#468=EDGE_LOOP('',(#2480));
#469=EDGE_LOOP('',(#2481,#2482,#2483,#2484));
#470=EDGE_LOOP('',(#2485,#2486,#2487,#2488));
#471=EDGE_LOOP('',(#2489,#2490,#2491,#2492));
#472=EDGE_LOOP('',(#2493,#2494,#2495,#2496));
#473=EDGE_LOOP('',(#2497,#2498,#2499,#2500));
#474=EDGE_LOOP('',(#2501,#2502,#2503,#2504));
#475=EDGE_LOOP('',(#2505,#2506,#2507,#2508,#2509,#2510));
#476=EDGE_LOOP('',(#2511));
#477=EDGE_LOOP('',(#2512,#2513,#2514,#2515));
#478=EDGE_LOOP('',(#2516,#2517,#2518,#2519));
#479=EDGE_LOOP('',(#2520,#2521,#2522,#2523));
#480=EDGE_LOOP('',(#2524,#2525,#2526,#2527));
#481=EDGE_LOOP('',(#2528,#2529,#2530,#2531));
#482=EDGE_LOOP('',(#2532,#2533,#2534,#2535));
#483=EDGE_LOOP('',(#2536,#2537,#2538,#2539,#2540,#2541));
#484=EDGE_LOOP('',(#2542));
#485=EDGE_LOOP('',(#2543,#2544,#2545,#2546));
#486=EDGE_LOOP('',(#2547,#2548,#2549,#2550));
#487=EDGE_LOOP('',(#2551,#2552,#2553,#2554));
#488=EDGE_LOOP('',(#2555,#2556,#2557,#2558));
#489=EDGE_LOOP('',(#2559,#2560,#2561,#2562));
#490=EDGE_LOOP('',(#2563,#2564,#2565,#2566));
#491=EDGE_LOOP('',(#2567,#2568,#2569,#2570,#2571,#2572));
#492=EDGE_LOOP('',(#2573));
#493=EDGE_LOOP('',(#2574,#2575,#2576,#2577));
#494=EDGE_LOOP('',(#2578,#2579,#2580,#2581));
#495=EDGE_LOOP('',(#2582,#2583,#2584,#2585));
#496=EDGE_LOOP('',(#2586,#2587,#2588,#2589));
#497=EDGE_LOOP('',(#2590,#2591,#2592,#2593));
#498=EDGE_LOOP('',(#2594,#2595,#2596,#2597));
#499=EDGE_LOOP('',(#2598,#2599,#2600,#2601));
#500=EDGE_LOOP('',(#2602,#2603,#2604,#2605));
#501=EDGE_LOOP('',(#2606,#2607,#2608,#2609));
#502=EDGE_LOOP('',(#2610,#2611,#2612,#2613));
#503=EDGE_LOOP('',(#2614,#2615,#2616,#2617));
#504=EDGE_LOOP('',(#2618,#2619,#2620,#2621));
#505=EDGE_LOOP('',(#2622,#2623,#2624,#2625));
#506=EDGE_LOOP('',(#2626,#2627,#2628,#2629));
#507=EDGE_LOOP('',(#2630,#2631,#2632,#2633));
#508=EDGE_LOOP('',(#2634,#2635,#2636,#2637));
#509=EDGE_LOOP('',(#2638,#2639,#2640,#2641));
#510=EDGE_LOOP('',(#2642,#2643,#2644,#2645));
#511=EDGE_LOOP('',(#2646,#2647,#2648,#2649));
#512=EDGE_LOOP('',(#2650,#2651,#2652,#2653));
#513=EDGE_LOOP('',(#2654,#2655,#2656,#2657));
#514=EDGE_LOOP('',(#2658,#2659,#2660,#2661));
#515=EDGE_LOOP('',(#2662,#2663,#2664,#2665));
#516=EDGE_LOOP('',(#2666,#2667,#2668,#2669));
#517=EDGE_LOOP('',(#2670,#2671,#2672,#2673));
#518=EDGE_LOOP('',(#2674,#2675,#2676,#2677));
#519=EDGE_LOOP('',(#2678,#2679,#2680,#2681));
#520=EDGE_LOOP('',(#2682,#2683,#2684,#2685));
#521=EDGE_LOOP('',(#2686,#2687,#2688,#2689));
#522=EDGE_LOOP('',(#2690,#2691,#2692,#2693));
#523=EDGE_LOOP('',(#2694,#2695,#2696,#2697));
#524=EDGE_LOOP('',(#2698,#2699,#2700,#2701));
#525=EDGE_LOOP('',(#2702,#2703,#2704,#2705));
#526=EDGE_LOOP('',(#2706,#2707,#2708,#2709));
#527=EDGE_LOOP('',(#2710,#2711,#2712,#2713,#2714,#2715,#2716,#2717,#2718,
#2719,#2720,#2721));
#528=EDGE_LOOP('',(#2722,#2723,#2724,#2725));
#529=EDGE_LOOP('',(#2726,#2727,#2728,#2729,#2730,#2731));
#530=EDGE_LOOP('',(#2732,#2733,#2734,#2735));
#531=EDGE_LOOP('',(#2736,#2737,#2738,#2739));
#532=EDGE_LOOP('',(#2740,#2741,#2742,#2743));
#533=EDGE_LOOP('',(#2744,#2745,#2746,#2747));
#534=EDGE_LOOP('',(#2748,#2749,#2750,#2751));
#535=EDGE_LOOP('',(#2752,#2753,#2754,#2755));
#536=EDGE_LOOP('',(#2756,#2757,#2758,#2759));
#537=EDGE_LOOP('',(#2760,#2761,#2762,#2763));
#538=EDGE_LOOP('',(#2764,#2765,#2766,#2767,#2768,#2769,#2770));
#539=EDGE_LOOP('',(#2771,#2772,#2773,#2774));
#540=EDGE_LOOP('',(#2775,#2776,#2777));
#541=EDGE_LOOP('',(#2778,#2779,#2780));
#542=EDGE_LOOP('',(#2781,#2782,#2783,#2784));
#543=EDGE_LOOP('',(#2785,#2786,#2787));
#544=EDGE_LOOP('',(#2788,#2789,#2790,#2791));
#545=EDGE_LOOP('',(#2792,#2793,#2794));
#546=EDGE_LOOP('',(#2795,#2796,#2797,#2798));
#547=EDGE_LOOP('',(#2799,#2800,#2801,#2802));
#548=EDGE_LOOP('',(#2803,#2804,#2805,#2806,#2807,#2808,#2809));
#549=EDGE_LOOP('',(#2810,#2811,#2812,#2813));
#550=EDGE_LOOP('',(#2814,#2815,#2816,#2817));
#551=EDGE_LOOP('',(#2818,#2819,#2820,#2821));
#552=EDGE_LOOP('',(#2822,#2823,#2824,#2825,#2826,#2827,#2828,#2829));
#553=EDGE_LOOP('',(#2830,#2831,#2832,#2833));
#554=EDGE_LOOP('',(#2834,#2835,#2836,#2837));
#555=EDGE_LOOP('',(#2838,#2839,#2840,#2841,#2842));
#556=EDGE_LOOP('',(#2843,#2844,#2845,#2846));
#557=EDGE_LOOP('',(#2847,#2848,#2849,#2850));
#558=EDGE_LOOP('',(#2851,#2852,#2853,#2854));
#559=EDGE_LOOP('',(#2855,#2856,#2857,#2858,#2859));
#560=EDGE_LOOP('',(#2860,#2861,#2862,#2863,#2864,#2865,#2866,#2867));
#561=EDGE_LOOP('',(#2868,#2869,#2870,#2871,#2872));
#562=EDGE_LOOP('',(#2873,#2874,#2875,#2876));
#563=EDGE_LOOP('',(#2877,#2878,#2879,#2880));
#564=EDGE_LOOP('',(#2881,#2882,#2883,#2884));
#565=EDGE_LOOP('',(#2885,#2886,#2887,#2888));
#566=EDGE_LOOP('',(#2889,#2890,#2891,#2892,#2893));
#567=EDGE_LOOP('',(#2894,#2895,#2896,#2897,#2898,#2899,#2900));
#568=EDGE_LOOP('',(#2901,#2902,#2903,#2904));
#569=EDGE_LOOP('',(#2905,#2906,#2907,#2908));
#570=EDGE_LOOP('',(#2909,#2910,#2911,#2912));
#571=EDGE_LOOP('',(#2913,#2914,#2915,#2916));
#572=EDGE_LOOP('',(#2917,#2918,#2919,#2920));
#573=EDGE_LOOP('',(#2921,#2922,#2923,#2924));
#574=EDGE_LOOP('',(#2925,#2926,#2927,#2928,#2929,#2930,#2931));
#575=EDGE_LOOP('',(#2932,#2933,#2934,#2935,#2936,#2937,#2938));
#576=EDGE_LOOP('',(#2939,#2940,#2941,#2942));
#577=EDGE_LOOP('',(#2943,#2944,#2945,#2946));
#578=EDGE_LOOP('',(#2947,#2948,#2949,#2950));
#579=EDGE_LOOP('',(#2951,#2952,#2953,#2954));
#580=EDGE_LOOP('',(#2955,#2956,#2957,#2958));
#581=EDGE_LOOP('',(#2959,#2960,#2961,#2962));
#582=EDGE_LOOP('',(#2963,#2964,#2965,#2966,#2967,#2968,#2969));
#583=EDGE_LOOP('',(#2970,#2971,#2972,#2973,#2974,#2975,#2976,#2977,#2978,
#2979,#2980,#2981));
#584=EDGE_LOOP('',(#2982,#2983,#2984,#2985,#2986,#2987,#2988));
#585=EDGE_LOOP('',(#2989,#2990,#2991,#2992));
#586=EDGE_LOOP('',(#2993,#2994,#2995,#2996));
#587=EDGE_LOOP('',(#2997,#2998,#2999,#3000));
#588=EDGE_LOOP('',(#3001,#3002,#3003,#3004));
#589=EDGE_LOOP('',(#3005,#3006,#3007,#3008));
#590=EDGE_LOOP('',(#3009,#3010,#3011,#3012));
#591=EDGE_LOOP('',(#3013,#3014,#3015,#3016,#3017,#3018,#3019));
#592=EDGE_LOOP('',(#3020,#3021,#3022,#3023,#3024,#3025,#3026));
#593=EDGE_LOOP('',(#3027,#3028,#3029,#3030));
#594=EDGE_LOOP('',(#3031,#3032,#3033,#3034));
#595=EDGE_LOOP('',(#3035,#3036,#3037,#3038));
#596=EDGE_LOOP('',(#3039,#3040,#3041,#3042));
#597=EDGE_LOOP('',(#3043,#3044,#3045,#3046));
#598=EDGE_LOOP('',(#3047,#3048,#3049,#3050));
#599=EDGE_LOOP('',(#3051,#3052,#3053,#3054,#3055,#3056,#3057));
#600=EDGE_LOOP('',(#3058,#3059,#3060,#3061,#3062,#3063,#3064,#3065,#3066,
#3067,#3068,#3069));
#601=EDGE_LOOP('',(#3070,#3071,#3072,#3073,#3074,#3075,#3076,#3077));
#602=EDGE_LOOP('',(#3078,#3079,#3080,#3081,#3082,#3083,#3084,#3085,#3086,
#3087,#3088,#3089,#3090,#3091,#3092,#3093));
#603=EDGE_LOOP('',(#3094,#3095,#3096,#3097,#3098));
#604=EDGE_LOOP('',(#3099,#3100,#3101,#3102));
#605=EDGE_LOOP('',(#3103,#3104,#3105,#3106));
#606=EDGE_LOOP('',(#3107,#3108,#3109,#3110));
#607=EDGE_LOOP('',(#3111,#3112,#3113,#3114,#3115));
#608=EDGE_LOOP('',(#3116,#3117,#3118,#3119));
#609=EDGE_LOOP('',(#3120,#3121,#3122));
#610=EDGE_LOOP('',(#3123,#3124,#3125,#3126));
#611=EDGE_LOOP('',(#3127,#3128,#3129,#3130));
#612=EDGE_LOOP('',(#3131,#3132,#3133,#3134));
#613=EDGE_LOOP('',(#3135,#3136,#3137));
#614=EDGE_LOOP('',(#3138,#3139,#3140,#3141));
#615=EDGE_LOOP('',(#3142,#3143,#3144,#3145));
#616=EDGE_LOOP('',(#3146,#3147,#3148,#3149));
#617=EDGE_LOOP('',(#3150,#3151,#3152,#3153));
#618=EDGE_LOOP('',(#3154,#3155,#3156,#3157));
#619=EDGE_LOOP('',(#3158,#3159,#3160,#3161));
#620=EDGE_LOOP('',(#3162,#3163,#3164,#3165,#3166,#3167,#3168,#3169));
#621=EDGE_LOOP('',(#3170,#3171,#3172,#3173));
#622=LINE('',#4560,#1010);
#623=LINE('',#4565,#1011);
#624=LINE('',#4567,#1012);
#625=LINE('',#4569,#1013);
#626=LINE('',#4570,#1014);
#627=LINE('',#4588,#1015);
#628=LINE('',#4591,#1016);
#629=LINE('',#4596,#1017);
#630=LINE('',#4599,#1018);
#631=LINE('',#4604,#1019);
#632=LINE('',#4607,#1020);
#633=LINE('',#4612,#1021);
#634=LINE('',#4616,#1022);
#635=LINE('',#4618,#1023);
#636=LINE('',#4620,#1024);
#637=LINE('',#4621,#1025);
#638=LINE('',#4624,#1026);
#639=LINE('',#4626,#1027);
#640=LINE('',#4627,#1028);
#641=LINE('',#4630,#1029);
#642=LINE('',#4632,#1030);
#643=LINE('',#4633,#1031);
#644=LINE('',#4635,#1032);
#645=LINE('',#4638,#1033);
#646=LINE('',#4640,#1034);
#647=LINE('',#4642,#1035);
#648=LINE('',#4644,#1036);
#649=LINE('',#4646,#1037);
#650=LINE('',#4648,#1038);
#651=LINE('',#4650,#1039);
#652=LINE('',#4652,#1040);
#653=LINE('',#4653,#1041);
#654=LINE('',#4657,#1042);
#655=LINE('',#4659,#1043);
#656=LINE('',#4661,#1044);
#657=LINE('',#4662,#1045);
#658=LINE('',#4666,#1046);
#659=LINE('',#4668,#1047);
#660=LINE('',#4670,#1048);
#661=LINE('',#4671,#1049);
#662=LINE('',#4673,#1050);
#663=LINE('',#4674,#1051);
#664=LINE('',#4676,#1052);
#665=LINE('',#4679,#1053);
#666=LINE('',#4680,#1054);
#667=LINE('',#4682,#1055);
#668=LINE('',#4684,#1056);
#669=LINE('',#4686,#1057);
#670=LINE('',#4688,#1058);
#671=LINE('',#4690,#1059);
#672=LINE('',#4691,#1060);
#673=LINE('',#4693,#1061);
#674=LINE('',#4695,#1062);
#675=LINE('',#4696,#1063);
#676=LINE('',#4699,#1064);
#677=LINE('',#4701,#1065);
#678=LINE('',#4703,#1066);
#679=LINE('',#4704,#1067);
#680=LINE('',#4707,#1068);
#681=LINE('',#4709,#1069);
#682=LINE('',#4710,#1070);
#683=LINE('',#4713,#1071);
#684=LINE('',#4714,#1072);
#685=LINE('',#4717,#1073);
#686=LINE('',#4718,#1074);
#687=LINE('',#4720,#1075);
#688=LINE('',#4724,#1076);
#689=LINE('',#4726,#1077);
#690=LINE('',#4727,#1078);
#691=LINE('',#4730,#1079);
#692=LINE('',#4731,#1080);
#693=LINE('',#4734,#1081);
#694=LINE('',#4735,#1082);
#695=LINE('',#4737,#1083);
#696=LINE('',#4740,#1084);
#697=LINE('',#4741,#1085);
#698=LINE('',#4744,#1086);
#699=LINE('',#4745,#1087);
#700=LINE('',#4747,#1088);
#701=LINE('',#4750,#1089);
#702=LINE('',#4752,#1090);
#703=LINE('',#4754,#1091);
#704=LINE('',#4756,#1092);
#705=LINE('',#4757,#1093);
#706=LINE('',#4764,#1094);
#707=LINE('',#4766,#1095);
#708=LINE('',#4768,#1096);
#709=LINE('',#4770,#1097);
#710=LINE('',#4772,#1098);
#711=LINE('',#4773,#1099);
#712=LINE('',#4776,#1100);
#713=LINE('',#4778,#1101);
#714=LINE('',#4780,#1102);
#715=LINE('',#4782,#1103);
#716=LINE('',#4784,#1104);
#717=LINE('',#4785,#1105);
#718=LINE('',#4788,#1106);
#719=LINE('',#4790,#1107);
#720=LINE('',#4792,#1108);
#721=LINE('',#4794,#1109);
#722=LINE('',#4796,#1110);
#723=LINE('',#4797,#1111);
#724=LINE('',#4800,#1112);
#725=LINE('',#4802,#1113);
#726=LINE('',#4804,#1114);
#727=LINE('',#4806,#1115);
#728=LINE('',#4808,#1116);
#729=LINE('',#4809,#1117);
#730=LINE('',#4815,#1118);
#731=LINE('',#4817,#1119);
#732=LINE('',#4819,#1120);
#733=LINE('',#4821,#1121);
#734=LINE('',#4824,#1122);
#735=LINE('',#4826,#1123);
#736=LINE('',#4827,#1124);
#737=LINE('',#4830,#1125);
#738=LINE('',#4831,#1126);
#739=LINE('',#4834,#1127);
#740=LINE('',#4835,#1128);
#741=LINE('',#4838,#1129);
#742=LINE('',#4839,#1130);
#743=LINE('',#4842,#1131);
#744=LINE('',#4843,#1132);
#745=LINE('',#4845,#1133);
#746=LINE('',#4851,#1134);
#747=LINE('',#4853,#1135);
#748=LINE('',#4854,#1136);
#749=LINE('',#4857,#1137);
#750=LINE('',#4858,#1138);
#751=LINE('',#4861,#1139);
#752=LINE('',#4862,#1140);
#753=LINE('',#4865,#1141);
#754=LINE('',#4866,#1142);
#755=LINE('',#4869,#1143);
#756=LINE('',#4870,#1144);
#757=LINE('',#4872,#1145);
#758=LINE('',#4878,#1146);
#759=LINE('',#4880,#1147);
#760=LINE('',#4881,#1148);
#761=LINE('',#4884,#1149);
#762=LINE('',#4885,#1150);
#763=LINE('',#4888,#1151);
#764=LINE('',#4889,#1152);
#765=LINE('',#4892,#1153);
#766=LINE('',#4893,#1154);
#767=LINE('',#4896,#1155);
#768=LINE('',#4897,#1156);
#769=LINE('',#4899,#1157);
#770=LINE('',#4905,#1158);
#771=LINE('',#4907,#1159);
#772=LINE('',#4908,#1160);
#773=LINE('',#4911,#1161);
#774=LINE('',#4912,#1162);
#775=LINE('',#4915,#1163);
#776=LINE('',#4916,#1164);
#777=LINE('',#4919,#1165);
#778=LINE('',#4920,#1166);
#779=LINE('',#4923,#1167);
#780=LINE('',#4924,#1168);
#781=LINE('',#4926,#1169);
#782=LINE('',#4932,#1170);
#783=LINE('',#4935,#1171);
#784=LINE('',#4938,#1172);
#785=LINE('',#4941,#1173);
#786=LINE('',#4944,#1174);
#787=LINE('',#4947,#1175);
#788=LINE('',#4950,#1176);
#789=LINE('',#4953,#1177);
#790=LINE('',#4959,#1178);
#791=LINE('',#4962,#1179);
#792=LINE('',#4965,#1180);
#793=LINE('',#4967,#1181);
#794=LINE('',#4968,#1182);
#795=LINE('',#4971,#1183);
#796=LINE('',#4972,#1184);
#797=LINE('',#4978,#1185);
#798=LINE('',#4981,#1186);
#799=LINE('',#4984,#1187);
#800=LINE('',#4986,#1188);
#801=LINE('',#4987,#1189);
#802=LINE('',#4990,#1190);
#803=LINE('',#4991,#1191);
#804=LINE('',#4997,#1192);
#805=LINE('',#5000,#1193);
#806=LINE('',#5003,#1194);
#807=LINE('',#5005,#1195);
#808=LINE('',#5006,#1196);
#809=LINE('',#5009,#1197);
#810=LINE('',#5010,#1198);
#811=LINE('',#5016,#1199);
#812=LINE('',#5019,#1200);
#813=LINE('',#5022,#1201);
#814=LINE('',#5024,#1202);
#815=LINE('',#5025,#1203);
#816=LINE('',#5028,#1204);
#817=LINE('',#5029,#1205);
#818=LINE('',#5032,#1206);
#819=LINE('',#5033,#1207);
#820=LINE('',#5035,#1208);
#821=LINE('',#5036,#1209);
#822=LINE('',#5038,#1210);
#823=LINE('',#5039,#1211);
#824=LINE('',#5041,#1212);
#825=LINE('',#5044,#1213);
#826=LINE('',#5048,#1214);
#827=LINE('',#5049,#1215);
#828=LINE('',#5051,#1216);
#829=LINE('',#5054,#1217);
#830=LINE('',#5055,#1218);
#831=LINE('',#5057,#1219);
#832=LINE('',#5060,#1220);
#833=LINE('',#5061,#1221);
#834=LINE('',#5063,#1222);
#835=LINE('',#5067,#1223);
#836=LINE('',#5069,#1224);
#837=LINE('',#5071,#1225);
#838=LINE('',#5072,#1226);
#839=LINE('',#5093,#1227);
#840=LINE('',#5098,#1228);
#841=LINE('',#5115,#1229);
#842=LINE('',#5121,#1230);
#843=LINE('',#5125,#1231);
#844=LINE('',#5127,#1232);
#845=LINE('',#5129,#1233);
#846=LINE('',#5130,#1234);
#847=LINE('',#5134,#1235);
#848=LINE('',#5137,#1236);
#849=LINE('',#5139,#1237);
#850=LINE('',#5141,#1238);
#851=LINE('',#5142,#1239);
#852=LINE('',#5162,#1240);
#853=LINE('',#5165,#1241);
#854=LINE('',#5166,#1242);
#855=LINE('',#5170,#1243);
#856=LINE('',#5173,#1244);
#857=LINE('',#5174,#1245);
#858=LINE('',#5181,#1246);
#859=LINE('',#5183,#1247);
#860=LINE('',#5185,#1248);
#861=LINE('',#5186,#1249);
#862=LINE('',#5189,#1250);
#863=LINE('',#5191,#1251);
#864=LINE('',#5193,#1252);
#865=LINE('',#5194,#1253);
#866=LINE('',#5197,#1254);
#867=LINE('',#5199,#1255);
#868=LINE('',#5200,#1256);
#869=LINE('',#5203,#1257);
#870=LINE('',#5204,#1258);
#871=LINE('',#5206,#1259);
#872=LINE('',#5208,#1260);
#873=LINE('',#5211,#1261);
#874=LINE('',#5213,#1262);
#875=LINE('',#5215,#1263);
#876=LINE('',#5217,#1264);
#877=LINE('',#5218,#1265);
#878=LINE('',#5222,#1266);
#879=LINE('',#5224,#1267);
#880=LINE('',#5226,#1268);
#881=LINE('',#5228,#1269);
#882=LINE('',#5229,#1270);
#883=LINE('',#5232,#1271);
#884=LINE('',#5234,#1272);
#885=LINE('',#5235,#1273);
#886=LINE('',#5238,#1274);
#887=LINE('',#5239,#1275);
#888=LINE('',#5242,#1276);
#889=LINE('',#5243,#1277);
#890=LINE('',#5246,#1278);
#891=LINE('',#5247,#1279);
#892=LINE('',#5249,#1280);
#893=LINE('',#5253,#1281);
#894=LINE('',#5255,#1282);
#895=LINE('',#5257,#1283);
#896=LINE('',#5259,#1284);
#897=LINE('',#5261,#1285);
#898=LINE('',#5263,#1286);
#899=LINE('',#5264,#1287);
#900=LINE('',#5267,#1288);
#901=LINE('',#5269,#1289);
#902=LINE('',#5270,#1290);
#903=LINE('',#5273,#1291);
#904=LINE('',#5274,#1292);
#905=LINE('',#5277,#1293);
#906=LINE('',#5278,#1294);
#907=LINE('',#5281,#1295);
#908=LINE('',#5282,#1296);
#909=LINE('',#5285,#1297);
#910=LINE('',#5286,#1298);
#911=LINE('',#5289,#1299);
#912=LINE('',#5290,#1300);
#913=LINE('',#5292,#1301);
#914=LINE('',#5296,#1302);
#915=LINE('',#5298,#1303);
#916=LINE('',#5300,#1304);
#917=LINE('',#5302,#1305);
#918=LINE('',#5304,#1306);
#919=LINE('',#5306,#1307);
#920=LINE('',#5307,#1308);
#921=LINE('',#5310,#1309);
#922=LINE('',#5312,#1310);
#923=LINE('',#5313,#1311);
#924=LINE('',#5316,#1312);
#925=LINE('',#5317,#1313);
#926=LINE('',#5320,#1314);
#927=LINE('',#5321,#1315);
#928=LINE('',#5324,#1316);
#929=LINE('',#5325,#1317);
#930=LINE('',#5328,#1318);
#931=LINE('',#5329,#1319);
#932=LINE('',#5332,#1320);
#933=LINE('',#5333,#1321);
#934=LINE('',#5335,#1322);
#935=LINE('',#5337,#1323);
#936=LINE('',#5339,#1324);
#937=LINE('',#5341,#1325);
#938=LINE('',#5343,#1326);
#939=LINE('',#5345,#1327);
#940=LINE('',#5347,#1328);
#941=LINE('',#5349,#1329);
#942=LINE('',#5350,#1330);
#943=LINE('',#5353,#1331);
#944=LINE('',#5355,#1332);
#945=LINE('',#5357,#1333);
#946=LINE('',#5359,#1334);
#947=LINE('',#5361,#1335);
#948=LINE('',#5362,#1336);
#949=LINE('',#5364,#1337);
#950=LINE('',#5366,#1338);
#951=LINE('',#5367,#1339);
#952=LINE('',#5370,#1340);
#953=LINE('',#5371,#1341);
#954=LINE('',#5374,#1342);
#955=LINE('',#5375,#1343);
#956=LINE('',#5378,#1344);
#957=LINE('',#5379,#1345);
#958=LINE('',#5382,#1346);
#959=LINE('',#5383,#1347);
#960=LINE('',#5385,#1348);
#961=LINE('',#5390,#1349);
#962=LINE('',#5392,#1350);
#963=LINE('',#5394,#1351);
#964=LINE('',#5396,#1352);
#965=LINE('',#5398,#1353);
#966=LINE('',#5400,#1354);
#967=LINE('',#5401,#1355);
#968=LINE('',#5404,#1356);
#969=LINE('',#5406,#1357);
#970=LINE('',#5407,#1358);
#971=LINE('',#5410,#1359);
#972=LINE('',#5411,#1360);
#973=LINE('',#5414,#1361);
#974=LINE('',#5415,#1362);
#975=LINE('',#5418,#1363);
#976=LINE('',#5419,#1364);
#977=LINE('',#5422,#1365);
#978=LINE('',#5423,#1366);
#979=LINE('',#5426,#1367);
#980=LINE('',#5427,#1368);
#981=LINE('',#5429,#1369);
#982=LINE('',#5431,#1370);
#983=LINE('',#5433,#1371);
#984=LINE('',#5435,#1372);
#985=LINE('',#5436,#1373);
#986=LINE('',#5437,#1374);
#987=LINE('',#5441,#1375);
#988=LINE('',#5445,#1376);
#989=LINE('',#5449,#1377);
#990=LINE('',#5453,#1378);
#991=LINE('',#5455,#1379);
#992=LINE('',#5456,#1380);
#993=LINE('',#5459,#1381);
#994=LINE('',#5463,#1382);
#995=LINE('',#5464,#1383);
#996=LINE('',#5467,#1384);
#997=LINE('',#5471,#1385);
#998=LINE('',#5472,#1386);
#999=LINE('',#5475,#1387);
#1000=LINE('',#5479,#1388);
#1001=LINE('',#5481,#1389);
#1002=LINE('',#5485,#1390);
#1003=LINE('',#5493,#1391);
#1004=LINE('',#5497,#1392);
#1005=LINE('',#5500,#1393);
#1006=LINE('',#5502,#1394);
#1007=LINE('',#5510,#1395);
#1008=LINE('',#5532,#1396);
#1009=LINE('',#5535,#1397);
#1010=VECTOR('',#3645,1.325);
#1011=VECTOR('',#3650,10.);
#1012=VECTOR('',#3651,10.);
#1013=VECTOR('',#3652,10.);
#1014=VECTOR('',#3653,10.);
#1015=VECTOR('',#3672,1.175);
#1016=VECTOR('',#3675,1.325);
#1017=VECTOR('',#3682,1.175);
#1018=VECTOR('',#3685,1.325);
#1019=VECTOR('',#3692,1.175);
#1020=VECTOR('',#3695,1.325);
#1021=VECTOR('',#3702,1.175);
#1022=VECTOR('',#3705,10.);
#1023=VECTOR('',#3706,10.);
#1024=VECTOR('',#3707,10.);
#1025=VECTOR('',#3708,10.);
#1026=VECTOR('',#3711,10.);
#1027=VECTOR('',#3712,10.);
#1028=VECTOR('',#3713,10.);
#1029=VECTOR('',#3716,10.);
#1030=VECTOR('',#3717,10.);
#1031=VECTOR('',#3718,10.);
#1032=VECTOR('',#3721,10.);
#1033=VECTOR('',#3724,10.);
#1034=VECTOR('',#3725,10.);
#1035=VECTOR('',#3726,10.);
#1036=VECTOR('',#3727,10.);
#1037=VECTOR('',#3728,10.);
#1038=VECTOR('',#3729,10.);
#1039=VECTOR('',#3730,10.);
#1040=VECTOR('',#3731,10.);
#1041=VECTOR('',#3732,10.);
#1042=VECTOR('',#3735,10.);
#1043=VECTOR('',#3736,10.);
#1044=VECTOR('',#3737,10.);
#1045=VECTOR('',#3738,10.);
#1046=VECTOR('',#3741,10.);
#1047=VECTOR('',#3742,10.);
#1048=VECTOR('',#3743,10.);
#1049=VECTOR('',#3744,10.);
#1050=VECTOR('',#3747,10.);
#1051=VECTOR('',#3748,10.);
#1052=VECTOR('',#3751,10.);
#1053=VECTOR('',#3754,10.);
#1054=VECTOR('',#3755,10.);
#1055=VECTOR('',#3756,10.);
#1056=VECTOR('',#3757,10.);
#1057=VECTOR('',#3758,10.);
#1058=VECTOR('',#3759,10.);
#1059=VECTOR('',#3760,10.);
#1060=VECTOR('',#3761,10.);
#1061=VECTOR('',#3762,10.);
#1062=VECTOR('',#3763,10.);
#1063=VECTOR('',#3764,10.);
#1064=VECTOR('',#3765,10.);
#1065=VECTOR('',#3766,10.);
#1066=VECTOR('',#3767,10.);
#1067=VECTOR('',#3768,10.);
#1068=VECTOR('',#3771,10.);
#1069=VECTOR('',#3772,10.);
#1070=VECTOR('',#3773,10.);
#1071=VECTOR('',#3776,10.);
#1072=VECTOR('',#3777,10.);
#1073=VECTOR('',#3780,10.);
#1074=VECTOR('',#3781,10.);
#1075=VECTOR('',#3784,10.);
#1076=VECTOR('',#3789,10.);
#1077=VECTOR('',#3790,10.);
#1078=VECTOR('',#3791,10.);
#1079=VECTOR('',#3794,10.);
#1080=VECTOR('',#3795,10.);
#1081=VECTOR('',#3798,10.);
#1082=VECTOR('',#3799,10.);
#1083=VECTOR('',#3802,10.);
#1084=VECTOR('',#3805,10.);
#1085=VECTOR('',#3806,10.);
#1086=VECTOR('',#3809,10.);
#1087=VECTOR('',#3810,10.);
#1088=VECTOR('',#3813,10.);
#1089=VECTOR('',#3816,10.);
#1090=VECTOR('',#3817,10.);
#1091=VECTOR('',#3818,10.);
#1092=VECTOR('',#3819,10.);
#1093=VECTOR('',#3820,10.);
#1094=VECTOR('',#3825,10.);
#1095=VECTOR('',#3826,10.);
#1096=VECTOR('',#3827,10.);
#1097=VECTOR('',#3828,10.);
#1098=VECTOR('',#3829,10.);
#1099=VECTOR('',#3830,10.);
#1100=VECTOR('',#3831,10.);
#1101=VECTOR('',#3832,10.);
#1102=VECTOR('',#3833,10.);
#1103=VECTOR('',#3834,10.);
#1104=VECTOR('',#3835,10.);
#1105=VECTOR('',#3836,10.);
#1106=VECTOR('',#3837,10.);
#1107=VECTOR('',#3838,10.);
#1108=VECTOR('',#3839,10.);
#1109=VECTOR('',#3840,10.);
#1110=VECTOR('',#3841,10.);
#1111=VECTOR('',#3842,10.);
#1112=VECTOR('',#3843,10.);
#1113=VECTOR('',#3844,10.);
#1114=VECTOR('',#3845,10.);
#1115=VECTOR('',#3846,10.);
#1116=VECTOR('',#3847,10.);
#1117=VECTOR('',#3848,10.);
#1118=VECTOR('',#3855,1.275);
#1119=VECTOR('',#3858,1.275);
#1120=VECTOR('',#3861,1.275);
#1121=VECTOR('',#3864,1.275);
#1122=VECTOR('',#3867,10.);
#1123=VECTOR('',#3868,10.);
#1124=VECTOR('',#3869,10.);
#1125=VECTOR('',#3872,10.);
#1126=VECTOR('',#3873,10.);
#1127=VECTOR('',#3876,10.);
#1128=VECTOR('',#3877,10.);
#1129=VECTOR('',#3880,10.);
#1130=VECTOR('',#3881,10.);
#1131=VECTOR('',#3884,10.);
#1132=VECTOR('',#3885,10.);
#1133=VECTOR('',#3888,10.);
#1134=VECTOR('',#3895,10.);
#1135=VECTOR('',#3896,10.);
#1136=VECTOR('',#3897,10.);
#1137=VECTOR('',#3900,10.);
#1138=VECTOR('',#3901,10.);
#1139=VECTOR('',#3904,10.);
#1140=VECTOR('',#3905,10.);
#1141=VECTOR('',#3908,10.);
#1142=VECTOR('',#3909,10.);
#1143=VECTOR('',#3912,10.);
#1144=VECTOR('',#3913,10.);
#1145=VECTOR('',#3916,10.);
#1146=VECTOR('',#3923,10.);
#1147=VECTOR('',#3924,10.);
#1148=VECTOR('',#3925,10.);
#1149=VECTOR('',#3928,10.);
#1150=VECTOR('',#3929,10.);
#1151=VECTOR('',#3932,10.);
#1152=VECTOR('',#3933,10.);
#1153=VECTOR('',#3936,10.);
#1154=VECTOR('',#3937,10.);
#1155=VECTOR('',#3940,10.);
#1156=VECTOR('',#3941,10.);
#1157=VECTOR('',#3944,10.);
#1158=VECTOR('',#3951,10.);
#1159=VECTOR('',#3952,10.);
#1160=VECTOR('',#3953,10.);
#1161=VECTOR('',#3956,10.);
#1162=VECTOR('',#3957,10.);
#1163=VECTOR('',#3960,10.);
#1164=VECTOR('',#3961,10.);
#1165=VECTOR('',#3964,10.);
#1166=VECTOR('',#3965,10.);
#1167=VECTOR('',#3968,10.);
#1168=VECTOR('',#3969,10.);
#1169=VECTOR('',#3972,10.);
#1170=VECTOR('',#3979,2.4);
#1171=VECTOR('',#3984,2.25);
#1172=VECTOR('',#3987,2.39999999999999);
#1173=VECTOR('',#3992,2.25);
#1174=VECTOR('',#3995,2.39999999999999);
#1175=VECTOR('',#4000,2.25);
#1176=VECTOR('',#4003,2.4);
#1177=VECTOR('',#4008,2.25);
#1178=VECTOR('',#4013,10.);
#1179=VECTOR('',#4016,10.);
#1180=VECTOR('',#4019,10.);
#1181=VECTOR('',#4020,10.);
#1182=VECTOR('',#4021,10.);
#1183=VECTOR('',#4024,10.);
#1184=VECTOR('',#4025,10.);
#1185=VECTOR('',#4030,10.);
#1186=VECTOR('',#4033,10.);
#1187=VECTOR('',#4036,10.);
#1188=VECTOR('',#4037,10.);
#1189=VECTOR('',#4038,10.);
#1190=VECTOR('',#4041,10.);
#1191=VECTOR('',#4042,10.);
#1192=VECTOR('',#4047,10.);
#1193=VECTOR('',#4050,10.);
#1194=VECTOR('',#4053,10.);
#1195=VECTOR('',#4054,10.);
#1196=VECTOR('',#4055,10.);
#1197=VECTOR('',#4058,10.);
#1198=VECTOR('',#4059,10.);
#1199=VECTOR('',#4064,10.);
#1200=VECTOR('',#4067,10.);
#1201=VECTOR('',#4070,10.);
#1202=VECTOR('',#4071,10.);
#1203=VECTOR('',#4072,10.);
#1204=VECTOR('',#4075,10.);
#1205=VECTOR('',#4076,10.);
#1206=VECTOR('',#4079,10.);
#1207=VECTOR('',#4080,10.);
#1208=VECTOR('',#4081,10.);
#1209=VECTOR('',#4082,10.);
#1210=VECTOR('',#4083,10.);
#1211=VECTOR('',#4084,10.);
#1212=VECTOR('',#4087,10.);
#1213=VECTOR('',#4092,10.);
#1214=VECTOR('',#4097,10.);
#1215=VECTOR('',#4098,10.);
#1216=VECTOR('',#4101,10.);
#1217=VECTOR('',#4104,10.);
#1218=VECTOR('',#4105,10.);
#1219=VECTOR('',#4108,10.);
#1220=VECTOR('',#4111,10.);
#1221=VECTOR('',#4112,10.);
#1222=VECTOR('',#4115,10.);
#1223=VECTOR('',#4118,10.);
#1224=VECTOR('',#4119,10.);
#1225=VECTOR('',#4120,10.);
#1226=VECTOR('',#4121,10.);
#1227=VECTOR('',#4138,10.);
#1228=VECTOR('',#4143,10.);
#1229=VECTOR('',#4154,10.);
#1230=VECTOR('',#4161,10.);
#1231=VECTOR('',#4164,10.);
#1232=VECTOR('',#4165,10.);
#1233=VECTOR('',#4166,10.);
#1234=VECTOR('',#4167,10.);
#1235=VECTOR('',#4172,10.);
#1236=VECTOR('',#4175,10.);
#1237=VECTOR('',#4176,10.);
#1238=VECTOR('',#4177,10.);
#1239=VECTOR('',#4178,10.);
#1240=VECTOR('',#4217,10.);
#1241=VECTOR('',#4220,10.);
#1242=VECTOR('',#4221,10.);
#1243=VECTOR('',#4226,10.);
#1244=VECTOR('',#4229,10.);
#1245=VECTOR('',#4230,10.);
#1246=VECTOR('',#4239,10.);
#1247=VECTOR('',#4240,10.);
#1248=VECTOR('',#4241,10.);
#1249=VECTOR('',#4242,10.);
#1250=VECTOR('',#4245,10.);
#1251=VECTOR('',#4246,10.);
#1252=VECTOR('',#4247,10.);
#1253=VECTOR('',#4248,10.);
#1254=VECTOR('',#4251,10.);
#1255=VECTOR('',#4252,10.);
#1256=VECTOR('',#4253,10.);
#1257=VECTOR('',#4256,10.);
#1258=VECTOR('',#4257,10.);
#1259=VECTOR('',#4260,10.);
#1260=VECTOR('',#4263,10.);
#1261=VECTOR('',#4266,10.);
#1262=VECTOR('',#4267,10.);
#1263=VECTOR('',#4268,10.);
#1264=VECTOR('',#4269,10.);
#1265=VECTOR('',#4270,10.);
#1266=VECTOR('',#4273,10.);
#1267=VECTOR('',#4274,10.);
#1268=VECTOR('',#4275,10.);
#1269=VECTOR('',#4276,10.);
#1270=VECTOR('',#4277,10.);
#1271=VECTOR('',#4280,10.);
#1272=VECTOR('',#4281,10.);
#1273=VECTOR('',#4282,10.);
#1274=VECTOR('',#4285,10.);
#1275=VECTOR('',#4286,10.);
#1276=VECTOR('',#4289,10.);
#1277=VECTOR('',#4290,10.);
#1278=VECTOR('',#4293,10.);
#1279=VECTOR('',#4294,10.);
#1280=VECTOR('',#4297,10.);
#1281=VECTOR('',#4300,10.);
#1282=VECTOR('',#4301,10.);
#1283=VECTOR('',#4302,10.);
#1284=VECTOR('',#4303,10.);
#1285=VECTOR('',#4304,10.);
#1286=VECTOR('',#4305,10.);
#1287=VECTOR('',#4306,10.);
#1288=VECTOR('',#4309,10.);
#1289=VECTOR('',#4310,10.);
#1290=VECTOR('',#4311,10.);
#1291=VECTOR('',#4314,10.);
#1292=VECTOR('',#4315,10.);
#1293=VECTOR('',#4318,10.);
#1294=VECTOR('',#4319,10.);
#1295=VECTOR('',#4322,10.);
#1296=VECTOR('',#4323,10.);
#1297=VECTOR('',#4326,10.);
#1298=VECTOR('',#4327,10.);
#1299=VECTOR('',#4330,10.);
#1300=VECTOR('',#4331,10.);
#1301=VECTOR('',#4334,10.);
#1302=VECTOR('',#4337,10.);
#1303=VECTOR('',#4338,10.);
#1304=VECTOR('',#4339,10.);
#1305=VECTOR('',#4340,10.);
#1306=VECTOR('',#4341,10.);
#1307=VECTOR('',#4342,10.);
#1308=VECTOR('',#4343,10.);
#1309=VECTOR('',#4346,10.);
#1310=VECTOR('',#4347,10.);
#1311=VECTOR('',#4348,10.);
#1312=VECTOR('',#4351,10.);
#1313=VECTOR('',#4352,10.);
#1314=VECTOR('',#4355,10.);
#1315=VECTOR('',#4356,10.);
#1316=VECTOR('',#4359,10.);
#1317=VECTOR('',#4360,10.);
#1318=VECTOR('',#4363,10.);
#1319=VECTOR('',#4364,10.);
#1320=VECTOR('',#4367,10.);
#1321=VECTOR('',#4368,10.);
#1322=VECTOR('',#4371,10.);
#1323=VECTOR('',#4374,10.);
#1324=VECTOR('',#4375,10.);
#1325=VECTOR('',#4376,10.);
#1326=VECTOR('',#4377,10.);
#1327=VECTOR('',#4378,10.);
#1328=VECTOR('',#4379,10.);
#1329=VECTOR('',#4380,10.);
#1330=VECTOR('',#4381,10.);
#1331=VECTOR('',#4384,10.);
#1332=VECTOR('',#4385,10.);
#1333=VECTOR('',#4386,10.);
#1334=VECTOR('',#4387,10.);
#1335=VECTOR('',#4388,10.);
#1336=VECTOR('',#4389,10.);
#1337=VECTOR('',#4392,10.);
#1338=VECTOR('',#4393,10.);
#1339=VECTOR('',#4394,10.);
#1340=VECTOR('',#4397,10.);
#1341=VECTOR('',#4398,10.);
#1342=VECTOR('',#4401,10.);
#1343=VECTOR('',#4402,10.);
#1344=VECTOR('',#4405,10.);
#1345=VECTOR('',#4406,10.);
#1346=VECTOR('',#4409,10.);
#1347=VECTOR('',#4410,10.);
#1348=VECTOR('',#4413,10.);
#1349=VECTOR('',#4418,10.);
#1350=VECTOR('',#4419,10.);
#1351=VECTOR('',#4420,10.);
#1352=VECTOR('',#4421,10.);
#1353=VECTOR('',#4422,10.);
#1354=VECTOR('',#4423,10.);
#1355=VECTOR('',#4424,10.);
#1356=VECTOR('',#4427,10.);
#1357=VECTOR('',#4428,10.);
#1358=VECTOR('',#4429,10.);
#1359=VECTOR('',#4432,10.);
#1360=VECTOR('',#4433,10.);
#1361=VECTOR('',#4436,10.);
#1362=VECTOR('',#4437,10.);
#1363=VECTOR('',#4440,10.);
#1364=VECTOR('',#4441,10.);
#1365=VECTOR('',#4444,10.);
#1366=VECTOR('',#4445,10.);
#1367=VECTOR('',#4448,10.);
#1368=VECTOR('',#4449,10.);
#1369=VECTOR('',#4452,10.);
#1370=VECTOR('',#4455,10.);
#1371=VECTOR('',#4456,10.);
#1372=VECTOR('',#4457,10.);
#1373=VECTOR('',#4458,10.);
#1374=VECTOR('',#4459,10.);
#1375=VECTOR('',#4462,10.);
#1376=VECTOR('',#4465,10.);
#1377=VECTOR('',#4468,10.);
#1378=VECTOR('',#4471,10.);
#1379=VECTOR('',#4474,10.);
#1380=VECTOR('',#4475,10.);
#1381=VECTOR('',#4478,10.);
#1382=VECTOR('',#4481,10.);
#1383=VECTOR('',#4482,10.);
#1384=VECTOR('',#4485,10.);
#1385=VECTOR('',#4490,10.);
#1386=VECTOR('',#4491,10.);
#1387=VECTOR('',#4494,10.);
#1388=VECTOR('',#4499,10.);
#1389=VECTOR('',#4500,10.);
#1390=VECTOR('',#4505,10.);
#1391=VECTOR('',#4516,10.);
#1392=VECTOR('',#4521,10.);
#1393=VECTOR('',#4524,10.);
#1394=VECTOR('',#4527,10.);
#1395=VECTOR('',#4540,10.);
#1396=VECTOR('',#4547,10.);
#1397=VECTOR('',#4552,10.);
#1398=CIRCLE('',#3377,1.475);
#1399=CIRCLE('',#3378,1.175);
#1400=CIRCLE('',#3380,1.475);
#1401=CIRCLE('',#3381,1.475);
#1402=CIRCLE('',#3382,2.54999999999999);
#1403=CIRCLE('',#3383,2.55);
#1404=CIRCLE('',#3384,2.54999999999999);
#1405=CIRCLE('',#3385,2.55);
#1406=CIRCLE('',#3386,1.475);
#1407=CIRCLE('',#3388,1.175);
#1408=CIRCLE('',#3390,1.175);
#1409=CIRCLE('',#3392,1.175);
#1410=CIRCLE('',#3394,1.175);
#1411=CIRCLE('',#3396,1.175);
#1412=CIRCLE('',#3398,1.175);
#1413=CIRCLE('',#3400,1.175);
#1414=CIRCLE('',#3424,1.375);
#1415=CIRCLE('',#3425,1.37499999999999);
#1416=CIRCLE('',#3426,1.375);
#1417=CIRCLE('',#3427,1.37499999999999);
#1418=CIRCLE('',#3439,2.25);
#1419=CIRCLE('',#3447,2.25);
#1420=CIRCLE('',#3455,2.25);
#1421=CIRCLE('',#3463,2.25);
#1422=CIRCLE('',#3465,2.25);
#1423=CIRCLE('',#3468,2.25);
#1424=CIRCLE('',#3471,2.25);
#1425=CIRCLE('',#3474,2.25);
#1426=CIRCLE('',#3477,0.5);
#1427=CIRCLE('',#3478,0.5);
#1428=CIRCLE('',#3482,0.5);
#1429=CIRCLE('',#3483,0.5);
#1430=CIRCLE('',#3487,0.5);
#1431=CIRCLE('',#3488,0.5);
#1432=CIRCLE('',#3492,0.5);
#1433=CIRCLE('',#3493,0.5);
#1434=CIRCLE('',#3509,4.);
#1435=CIRCLE('',#3510,4.);
#1436=CIRCLE('',#3511,3.);
#1437=CIRCLE('',#3512,3.00000000000001);
#1438=CIRCLE('',#3513,0.999999999999999);
#1439=CIRCLE('',#3515,3.);
#1440=CIRCLE('',#3517,3.);
#1441=CIRCLE('',#3518,3.);
#1442=CIRCLE('',#3519,0.999999999999999);
#1443=CIRCLE('',#3520,3.00000000000001);
#1444=CIRCLE('',#3522,3.);
#1445=CIRCLE('',#3524,3.);
#1446=CIRCLE('',#3528,3.);
#1447=CIRCLE('',#3531,3.);
#1448=CIRCLE('',#3534,3.);
#1449=CIRCLE('',#3535,3.00000000000001);
#1450=CIRCLE('',#3537,3.);
#1451=CIRCLE('',#3538,3.00000000000002);
#1452=CIRCLE('',#3541,3.00000000000001);
#1453=CIRCLE('',#3542,3.00000000000001);
#1454=CIRCLE('',#3545,3.);
#1455=CIRCLE('',#3546,3.00000000000002);
#1456=CIRCLE('',#3551,3.);
#1457=CIRCLE('',#3554,3.);
#1458=CIRCLE('',#3604,3.);
#1459=CIRCLE('',#3605,3.);
#1460=CIRCLE('',#3606,3.);
#1461=CIRCLE('',#3607,3.);
#1462=CIRCLE('',#3609,1.);
#1463=CIRCLE('',#3611,3.);
#1464=CIRCLE('',#3614,2.99999999999999);
#1465=CIRCLE('',#3616,1.);
#1466=CIRCLE('',#3618,3.);
#1467=CIRCLE('',#3620,3.);
#1468=CIRCLE('',#3621,3.);
#1469=CIRCLE('',#3623,3.);
#1470=CIRCLE('',#3625,3.);
#1471=CIRCLE('',#3628,3.);
#1472=CIRCLE('',#3629,3.);
#1473=CIRCLE('',#3632,3.);
#1474=CIRCLE('',#3633,4.);
#1475=CIRCLE('',#3634,4.);
#1476=VERTEX_POINT('',#4557);
#1477=VERTEX_POINT('',#4559);
#1478=VERTEX_POINT('',#4563);
#1479=VERTEX_POINT('',#4564);
#1480=VERTEX_POINT('',#4566);
#1481=VERTEX_POINT('',#4568);
#1482=VERTEX_POINT('',#4571);
#1483=VERTEX_POINT('',#4573);
#1484=VERTEX_POINT('',#4575);
#1485=VERTEX_POINT('',#4577);
#1486=VERTEX_POINT('',#4579);
#1487=VERTEX_POINT('',#4581);
#1488=VERTEX_POINT('',#4583);
#1489=VERTEX_POINT('',#4586);
#1490=VERTEX_POINT('',#4590);
#1491=VERTEX_POINT('',#4594);
#1492=VERTEX_POINT('',#4598);
#1493=VERTEX_POINT('',#4602);
#1494=VERTEX_POINT('',#4606);
#1495=VERTEX_POINT('',#4610);
#1496=VERTEX_POINT('',#4614);
#1497=VERTEX_POINT('',#4615);
#1498=VERTEX_POINT('',#4617);
#1499=VERTEX_POINT('',#4619);
#1500=VERTEX_POINT('',#4623);
#1501=VERTEX_POINT('',#4625);
#1502=VERTEX_POINT('',#4629);
#1503=VERTEX_POINT('',#4631);
#1504=VERTEX_POINT('',#4637);
#1505=VERTEX_POINT('',#4639);
#1506=VERTEX_POINT('',#4641);
#1507=VERTEX_POINT('',#4643);
#1508=VERTEX_POINT('',#4645);
#1509=VERTEX_POINT('',#4647);
#1510=VERTEX_POINT('',#4649);
#1511=VERTEX_POINT('',#4651);
#1512=VERTEX_POINT('',#4655);
#1513=VERTEX_POINT('',#4656);
#1514=VERTEX_POINT('',#4658);
#1515=VERTEX_POINT('',#4660);
#1516=VERTEX_POINT('',#4664);
#1517=VERTEX_POINT('',#4665);
#1518=VERTEX_POINT('',#4667);
#1519=VERTEX_POINT('',#4669);
#1520=VERTEX_POINT('',#4678);
#1521=VERTEX_POINT('',#4681);
#1522=VERTEX_POINT('',#4683);
#1523=VERTEX_POINT('',#4685);
#1524=VERTEX_POINT('',#4687);
#1525=VERTEX_POINT('',#4689);
#1526=VERTEX_POINT('',#4692);
#1527=VERTEX_POINT('',#4694);
#1528=VERTEX_POINT('',#4697);
#1529=VERTEX_POINT('',#4698);
#1530=VERTEX_POINT('',#4700);
#1531=VERTEX_POINT('',#4702);
#1532=VERTEX_POINT('',#4706);
#1533=VERTEX_POINT('',#4708);
#1534=VERTEX_POINT('',#4712);
#1535=VERTEX_POINT('',#4716);
#1536=VERTEX_POINT('',#4723);
#1537=VERTEX_POINT('',#4725);
#1538=VERTEX_POINT('',#4729);
#1539=VERTEX_POINT('',#4733);
#1540=VERTEX_POINT('',#4739);
#1541=VERTEX_POINT('',#4743);
#1542=VERTEX_POINT('',#4749);
#1543=VERTEX_POINT('',#4751);
#1544=VERTEX_POINT('',#4753);
#1545=VERTEX_POINT('',#4755);
#1546=VERTEX_POINT('',#4758);
#1547=VERTEX_POINT('',#4760);
#1548=VERTEX_POINT('',#4762);
#1549=VERTEX_POINT('',#4763);
#1550=VERTEX_POINT('',#4765);
#1551=VERTEX_POINT('',#4767);
#1552=VERTEX_POINT('',#4769);
#1553=VERTEX_POINT('',#4771);
#1554=VERTEX_POINT('',#4774);
#1555=VERTEX_POINT('',#4775);
#1556=VERTEX_POINT('',#4777);
#1557=VERTEX_POINT('',#4779);
#1558=VERTEX_POINT('',#4781);
#1559=VERTEX_POINT('',#4783);
#1560=VERTEX_POINT('',#4786);
#1561=VERTEX_POINT('',#4787);
#1562=VERTEX_POINT('',#4789);
#1563=VERTEX_POINT('',#4791);
#1564=VERTEX_POINT('',#4793);
#1565=VERTEX_POINT('',#4795);
#1566=VERTEX_POINT('',#4798);
#1567=VERTEX_POINT('',#4799);
#1568=VERTEX_POINT('',#4801);
#1569=VERTEX_POINT('',#4803);
#1570=VERTEX_POINT('',#4805);
#1571=VERTEX_POINT('',#4807);
#1572=VERTEX_POINT('',#4810);
#1573=VERTEX_POINT('',#4812);
#1574=VERTEX_POINT('',#4823);
#1575=VERTEX_POINT('',#4825);
#1576=VERTEX_POINT('',#4829);
#1577=VERTEX_POINT('',#4833);
#1578=VERTEX_POINT('',#4837);
#1579=VERTEX_POINT('',#4841);
#1580=VERTEX_POINT('',#4847);
#1581=VERTEX_POINT('',#4850);
#1582=VERTEX_POINT('',#4852);
#1583=VERTEX_POINT('',#4856);
#1584=VERTEX_POINT('',#4860);
#1585=VERTEX_POINT('',#4864);
#1586=VERTEX_POINT('',#4868);
#1587=VERTEX_POINT('',#4874);
#1588=VERTEX_POINT('',#4877);
#1589=VERTEX_POINT('',#4879);
#1590=VERTEX_POINT('',#4883);
#1591=VERTEX_POINT('',#4887);
#1592=VERTEX_POINT('',#4891);
#1593=VERTEX_POINT('',#4895);
#1594=VERTEX_POINT('',#4901);
#1595=VERTEX_POINT('',#4904);
#1596=VERTEX_POINT('',#4906);
#1597=VERTEX_POINT('',#4910);
#1598=VERTEX_POINT('',#4914);
#1599=VERTEX_POINT('',#4918);
#1600=VERTEX_POINT('',#4922);
#1601=VERTEX_POINT('',#4928);
#1602=VERTEX_POINT('',#4931);
#1603=VERTEX_POINT('',#4937);
#1604=VERTEX_POINT('',#4943);
#1605=VERTEX_POINT('',#4949);
#1606=VERTEX_POINT('',#4955);
#1607=VERTEX_POINT('',#4956);
#1608=VERTEX_POINT('',#4958);
#1609=VERTEX_POINT('',#4960);
#1610=VERTEX_POINT('',#4964);
#1611=VERTEX_POINT('',#4966);
#1612=VERTEX_POINT('',#4970);
#1613=VERTEX_POINT('',#4974);
#1614=VERTEX_POINT('',#4975);
#1615=VERTEX_POINT('',#4977);
#1616=VERTEX_POINT('',#4979);
#1617=VERTEX_POINT('',#4983);
#1618=VERTEX_POINT('',#4985);
#1619=VERTEX_POINT('',#4989);
#1620=VERTEX_POINT('',#4993);
#1621=VERTEX_POINT('',#4994);
#1622=VERTEX_POINT('',#4996);
#1623=VERTEX_POINT('',#4998);
#1624=VERTEX_POINT('',#5002);
#1625=VERTEX_POINT('',#5004);
#1626=VERTEX_POINT('',#5008);
#1627=VERTEX_POINT('',#5012);
#1628=VERTEX_POINT('',#5013);
#1629=VERTEX_POINT('',#5015);
#1630=VERTEX_POINT('',#5017);
#1631=VERTEX_POINT('',#5021);
#1632=VERTEX_POINT('',#5023);
#1633=VERTEX_POINT('',#5027);
#1634=VERTEX_POINT('',#5031);
#1635=VERTEX_POINT('',#5034);
#1636=VERTEX_POINT('',#5037);
#1637=VERTEX_POINT('',#5047);
#1638=VERTEX_POINT('',#5053);
#1639=VERTEX_POINT('',#5059);
#1640=VERTEX_POINT('',#5065);
#1641=VERTEX_POINT('',#5066);
#1642=VERTEX_POINT('',#5068);
#1643=VERTEX_POINT('',#5070);
#1644=VERTEX_POINT('',#5085);
#1645=VERTEX_POINT('',#5087);
#1646=VERTEX_POINT('',#5091);
#1647=VERTEX_POINT('',#5095);
#1648=VERTEX_POINT('',#5097);
#1649=VERTEX_POINT('',#5109);
#1650=VERTEX_POINT('',#5113);
#1651=VERTEX_POINT('',#5117);
#1652=VERTEX_POINT('',#5119);
#1653=VERTEX_POINT('',#5123);
#1654=VERTEX_POINT('',#5124);
#1655=VERTEX_POINT('',#5126);
#1656=VERTEX_POINT('',#5128);
#1657=VERTEX_POINT('',#5132);
#1658=VERTEX_POINT('',#5136);
#1659=VERTEX_POINT('',#5138);
#1660=VERTEX_POINT('',#5140);
#1661=VERTEX_POINT('',#5164);
#1662=VERTEX_POINT('',#5168);
#1663=VERTEX_POINT('',#5172);
#1664=VERTEX_POINT('',#5179);
#1665=VERTEX_POINT('',#5180);
#1666=VERTEX_POINT('',#5182);
#1667=VERTEX_POINT('',#5184);
#1668=VERTEX_POINT('',#5188);
#1669=VERTEX_POINT('',#5190);
#1670=VERTEX_POINT('',#5192);
#1671=VERTEX_POINT('',#5196);
#1672=VERTEX_POINT('',#5198);
#1673=VERTEX_POINT('',#5202);
#1674=VERTEX_POINT('',#5210);
#1675=VERTEX_POINT('',#5212);
#1676=VERTEX_POINT('',#5214);
#1677=VERTEX_POINT('',#5216);
#1678=VERTEX_POINT('',#5220);
#1679=VERTEX_POINT('',#5221);
#1680=VERTEX_POINT('',#5223);
#1681=VERTEX_POINT('',#5225);
#1682=VERTEX_POINT('',#5227);
#1683=VERTEX_POINT('',#5231);
#1684=VERTEX_POINT('',#5233);
#1685=VERTEX_POINT('',#5237);
#1686=VERTEX_POINT('',#5241);
#1687=VERTEX_POINT('',#5245);
#1688=VERTEX_POINT('',#5251);
#1689=VERTEX_POINT('',#5252);
#1690=VERTEX_POINT('',#5254);
#1691=VERTEX_POINT('',#5256);
#1692=VERTEX_POINT('',#5258);
#1693=VERTEX_POINT('',#5260);
#1694=VERTEX_POINT('',#5262);
#1695=VERTEX_POINT('',#5266);
#1696=VERTEX_POINT('',#5268);
#1697=VERTEX_POINT('',#5272);
#1698=VERTEX_POINT('',#5276);
#1699=VERTEX_POINT('',#5280);
#1700=VERTEX_POINT('',#5284);
#1701=VERTEX_POINT('',#5288);
#1702=VERTEX_POINT('',#5294);
#1703=VERTEX_POINT('',#5295);
#1704=VERTEX_POINT('',#5297);
#1705=VERTEX_POINT('',#5299);
#1706=VERTEX_POINT('',#5301);
#1707=VERTEX_POINT('',#5303);
#1708=VERTEX_POINT('',#5305);
#1709=VERTEX_POINT('',#5309);
#1710=VERTEX_POINT('',#5311);
#1711=VERTEX_POINT('',#5315);
#1712=VERTEX_POINT('',#5319);
#1713=VERTEX_POINT('',#5323);
#1714=VERTEX_POINT('',#5327);
#1715=VERTEX_POINT('',#5331);
#1716=VERTEX_POINT('',#5338);
#1717=VERTEX_POINT('',#5340);
#1718=VERTEX_POINT('',#5342);
#1719=VERTEX_POINT('',#5344);
#1720=VERTEX_POINT('',#5346);
#1721=VERTEX_POINT('',#5348);
#1722=VERTEX_POINT('',#5352);
#1723=VERTEX_POINT('',#5354);
#1724=VERTEX_POINT('',#5356);
#1725=VERTEX_POINT('',#5358);
#1726=VERTEX_POINT('',#5360);
#1727=VERTEX_POINT('',#5365);
#1728=VERTEX_POINT('',#5369);
#1729=VERTEX_POINT('',#5373);
#1730=VERTEX_POINT('',#5377);
#1731=VERTEX_POINT('',#5381);
#1732=VERTEX_POINT('',#5388);
#1733=VERTEX_POINT('',#5389);
#1734=VERTEX_POINT('',#5391);
#1735=VERTEX_POINT('',#5393);
#1736=VERTEX_POINT('',#5395);
#1737=VERTEX_POINT('',#5397);
#1738=VERTEX_POINT('',#5399);
#1739=VERTEX_POINT('',#5403);
#1740=VERTEX_POINT('',#5405);
#1741=VERTEX_POINT('',#5409);
#1742=VERTEX_POINT('',#5413);
#1743=VERTEX_POINT('',#5417);
#1744=VERTEX_POINT('',#5421);
#1745=VERTEX_POINT('',#5425);
#1746=VERTEX_POINT('',#5432);
#1747=VERTEX_POINT('',#5434);
#1748=VERTEX_POINT('',#5439);
#1749=VERTEX_POINT('',#5440);
#1750=VERTEX_POINT('',#5442);
#1751=VERTEX_POINT('',#5444);
#1752=VERTEX_POINT('',#5446);
#1753=VERTEX_POINT('',#5448);
#1754=VERTEX_POINT('',#5450);
#1755=VERTEX_POINT('',#5452);
#1756=VERTEX_POINT('',#5458);
#1757=VERTEX_POINT('',#5460);
#1758=VERTEX_POINT('',#5462);
#1759=VERTEX_POINT('',#5466);
#1760=VERTEX_POINT('',#5470);
#1761=VERTEX_POINT('',#5474);
#1762=VERTEX_POINT('',#5478);
#1763=VERTEX_POINT('',#5480);
#1764=VERTEX_POINT('',#5484);
#1765=VERTEX_POINT('',#5488);
#1766=VERTEX_POINT('',#5492);
#1767=VERTEX_POINT('',#5496);
#1768=VERTEX_POINT('',#5498);
#1769=VERTEX_POINT('',#5508);
#1770=EDGE_CURVE('',#1476,#1476,#1398,.T.);
#1771=EDGE_CURVE('',#1476,#1477,#622,.T.);
#1772=EDGE_CURVE('',#1477,#1477,#1399,.T.);
#1773=EDGE_CURVE('',#1478,#1479,#623,.T.);
#1774=EDGE_CURVE('',#1480,#1478,#624,.T.);
#1775=EDGE_CURVE('',#1481,#1480,#625,.T.);
#1776=EDGE_CURVE('',#1479,#1481,#626,.T.);
#1777=EDGE_CURVE('',#1482,#1482,#1400,.T.);
#1778=EDGE_CURVE('',#1483,#1483,#1401,.T.);
#1779=EDGE_CURVE('',#1484,#1484,#1402,.T.);
#1780=EDGE_CURVE('',#1485,#1485,#1403,.T.);
#1781=EDGE_CURVE('',#1486,#1486,#1404,.T.);
#1782=EDGE_CURVE('',#1487,#1487,#1405,.T.);
#1783=EDGE_CURVE('',#1488,#1488,#1406,.T.);
#1784=EDGE_CURVE('',#1489,#1489,#1407,.T.);
#1785=EDGE_CURVE('',#1489,#1477,#627,.T.);
#1786=EDGE_CURVE('',#1482,#1490,#628,.T.);
#1787=EDGE_CURVE('',#1490,#1490,#1408,.T.);
#1788=EDGE_CURVE('',#1491,#1491,#1409,.T.);
#1789=EDGE_CURVE('',#1491,#1490,#629,.T.);
#1790=EDGE_CURVE('',#1488,#1492,#630,.T.);
#1791=EDGE_CURVE('',#1492,#1492,#1410,.T.);
#1792=EDGE_CURVE('',#1493,#1493,#1411,.T.);
#1793=EDGE_CURVE('',#1493,#1492,#631,.T.);
#1794=EDGE_CURVE('',#1483,#1494,#632,.T.);
#1795=EDGE_CURVE('',#1494,#1494,#1412,.T.);
#1796=EDGE_CURVE('',#1495,#1495,#1413,.T.);
#1797=EDGE_CURVE('',#1495,#1494,#633,.T.);
#1798=EDGE_CURVE('',#1496,#1497,#634,.T.);
#1799=EDGE_CURVE('',#1498,#1496,#635,.T.);
#1800=EDGE_CURVE('',#1499,#1498,#636,.T.);
#1801=EDGE_CURVE('',#1497,#1499,#637,.T.);
#1802=EDGE_CURVE('',#1497,#1500,#638,.T.);
#1803=EDGE_CURVE('',#1501,#1499,#639,.T.);
#1804=EDGE_CURVE('',#1500,#1501,#640,.T.);
#1805=EDGE_CURVE('',#1500,#1502,#641,.T.);
#1806=EDGE_CURVE('',#1503,#1501,#642,.T.);
#1807=EDGE_CURVE('',#1502,#1503,#643,.T.);
#1808=EDGE_CURVE('',#1503,#1498,#644,.T.);
#1809=EDGE_CURVE('',#1504,#1496,#645,.F.);
#1810=EDGE_CURVE('',#1504,#1505,#646,.T.);
#1811=EDGE_CURVE('',#1506,#1505,#647,.T.);
#1812=EDGE_CURVE('',#1507,#1506,#648,.T.);
#1813=EDGE_CURVE('',#1508,#1507,#649,.F.);
#1814=EDGE_CURVE('',#1508,#1509,#650,.T.);
#1815=EDGE_CURVE('',#1510,#1509,#651,.F.);
#1816=EDGE_CURVE('',#1511,#1510,#652,.F.);
#1817=EDGE_CURVE('',#1502,#1511,#653,.F.);
#1818=EDGE_CURVE('',#1512,#1513,#654,.T.);
#1819=EDGE_CURVE('',#1512,#1514,#655,.T.);
#1820=EDGE_CURVE('',#1515,#1514,#656,.T.);
#1821=EDGE_CURVE('',#1513,#1515,#657,.T.);
#1822=EDGE_CURVE('',#1516,#1517,#658,.T.);
#1823=EDGE_CURVE('',#1518,#1516,#659,.T.);
#1824=EDGE_CURVE('',#1519,#1518,#660,.T.);
#1825=EDGE_CURVE('',#1517,#1519,#661,.T.);
#1826=EDGE_CURVE('',#1517,#1512,#662,.T.);
#1827=EDGE_CURVE('',#1514,#1519,#663,.T.);
#1828=EDGE_CURVE('',#1515,#1518,#664,.T.);
#1829=EDGE_CURVE('',#1511,#1520,#665,.F.);
#1830=EDGE_CURVE('',#1520,#1516,#666,.F.);
#1831=EDGE_CURVE('',#1513,#1521,#667,.F.);
#1832=EDGE_CURVE('',#1521,#1522,#668,.T.);
#1833=EDGE_CURVE('',#1522,#1523,#669,.T.);
#1834=EDGE_CURVE('',#1523,#1524,#670,.T.);
#1835=EDGE_CURVE('',#1524,#1525,#671,.F.);
#1836=EDGE_CURVE('',#1525,#1508,#672,.F.);
#1837=EDGE_CURVE('',#1507,#1526,#673,.T.);
#1838=EDGE_CURVE('',#1526,#1527,#674,.T.);
#1839=EDGE_CURVE('',#1527,#1504,#675,.T.);
#1840=EDGE_CURVE('',#1528,#1529,#676,.T.);
#1841=EDGE_CURVE('',#1529,#1530,#677,.T.);
#1842=EDGE_CURVE('',#1530,#1531,#678,.T.);
#1843=EDGE_CURVE('',#1531,#1528,#679,.T.);
#1844=EDGE_CURVE('',#1528,#1532,#680,.T.);
#1845=EDGE_CURVE('',#1533,#1532,#681,.T.);
#1846=EDGE_CURVE('',#1529,#1533,#682,.T.);
#1847=EDGE_CURVE('',#1534,#1533,#683,.T.);
#1848=EDGE_CURVE('',#1530,#1534,#684,.T.);
#1849=EDGE_CURVE('',#1535,#1534,#685,.T.);
#1850=EDGE_CURVE('',#1531,#1535,#686,.T.);
#1851=EDGE_CURVE('',#1532,#1535,#687,.T.);
#1852=EDGE_CURVE('',#1536,#1521,#688,.T.);
#1853=EDGE_CURVE('',#1537,#1536,#689,.T.);
#1854=EDGE_CURVE('',#1522,#1537,#690,.T.);
#1855=EDGE_CURVE('',#1538,#1537,#691,.T.);
#1856=EDGE_CURVE('',#1523,#1538,#692,.T.);
#1857=EDGE_CURVE('',#1539,#1538,#693,.T.);
#1858=EDGE_CURVE('',#1524,#1539,#694,.T.);
#1859=EDGE_CURVE('',#1539,#1536,#695,.T.);
#1860=EDGE_CURVE('',#1540,#1506,#696,.T.);
#1861=EDGE_CURVE('',#1526,#1540,#697,.T.);
#1862=EDGE_CURVE('',#1505,#1541,#698,.T.);
#1863=EDGE_CURVE('',#1527,#1541,#699,.T.);
#1864=EDGE_CURVE('',#1541,#1540,#700,.T.);
#1865=EDGE_CURVE('',#1542,#1540,#701,.T.);
#1866=EDGE_CURVE('',#1543,#1542,#702,.T.);
#1867=EDGE_CURVE('',#1544,#1543,#703,.T.);
#1868=EDGE_CURVE('',#1545,#1544,#704,.T.);
#1869=EDGE_CURVE('',#1506,#1545,#705,.T.);
#1870=EDGE_CURVE('',#1546,#1546,#1414,.T.);
#1871=EDGE_CURVE('',#1547,#1547,#1415,.T.);
#1872=EDGE_CURVE('',#1548,#1549,#706,.T.);
#1873=EDGE_CURVE('',#1549,#1550,#707,.T.);
#1874=EDGE_CURVE('',#1550,#1551,#708,.T.);
#1875=EDGE_CURVE('',#1551,#1552,#709,.T.);
#1876=EDGE_CURVE('',#1552,#1553,#710,.T.);
#1877=EDGE_CURVE('',#1553,#1548,#711,.T.);
#1878=EDGE_CURVE('',#1554,#1555,#712,.T.);
#1879=EDGE_CURVE('',#1555,#1556,#713,.T.);
#1880=EDGE_CURVE('',#1556,#1557,#714,.T.);
#1881=EDGE_CURVE('',#1557,#1558,#715,.T.);
#1882=EDGE_CURVE('',#1558,#1559,#716,.T.);
#1883=EDGE_CURVE('',#1559,#1554,#717,.T.);
#1884=EDGE_CURVE('',#1560,#1561,#718,.T.);
#1885=EDGE_CURVE('',#1561,#1562,#719,.T.);
#1886=EDGE_CURVE('',#1562,#1563,#720,.T.);
#1887=EDGE_CURVE('',#1563,#1564,#721,.T.);
#1888=EDGE_CURVE('',#1564,#1565,#722,.T.);
#1889=EDGE_CURVE('',#1565,#1560,#723,.T.);
#1890=EDGE_CURVE('',#1566,#1567,#724,.T.);
#1891=EDGE_CURVE('',#1567,#1568,#725,.T.);
#1892=EDGE_CURVE('',#1568,#1569,#726,.T.);
#1893=EDGE_CURVE('',#1569,#1570,#727,.T.);
#1894=EDGE_CURVE('',#1570,#1571,#728,.T.);
#1895=EDGE_CURVE('',#1571,#1566,#729,.T.);
#1896=EDGE_CURVE('',#1572,#1572,#1416,.T.);
#1897=EDGE_CURVE('',#1573,#1573,#1417,.T.);
#1898=EDGE_CURVE('',#1546,#1495,#730,.T.);
#1899=EDGE_CURVE('',#1573,#1491,#731,.T.);
#1900=EDGE_CURVE('',#1547,#1489,#732,.T.);
#1901=EDGE_CURVE('',#1572,#1493,#733,.T.);
#1902=EDGE_CURVE('',#1548,#1574,#734,.T.);
#1903=EDGE_CURVE('',#1574,#1575,#735,.T.);
#1904=EDGE_CURVE('',#1549,#1575,#736,.T.);
#1905=EDGE_CURVE('',#1553,#1576,#737,.T.);
#1906=EDGE_CURVE('',#1576,#1574,#738,.T.);
#1907=EDGE_CURVE('',#1552,#1577,#739,.T.);
#1908=EDGE_CURVE('',#1577,#1576,#740,.T.);
#1909=EDGE_CURVE('',#1551,#1578,#741,.T.);
#1910=EDGE_CURVE('',#1578,#1577,#742,.T.);
#1911=EDGE_CURVE('',#1550,#1579,#743,.T.);
#1912=EDGE_CURVE('',#1579,#1578,#744,.T.);
#1913=EDGE_CURVE('',#1575,#1579,#745,.T.);
#1914=EDGE_CURVE('',#1580,#1580,#1418,.T.);
#1915=EDGE_CURVE('',#1554,#1581,#746,.T.);
#1916=EDGE_CURVE('',#1581,#1582,#747,.T.);
#1917=EDGE_CURVE('',#1555,#1582,#748,.T.);
#1918=EDGE_CURVE('',#1559,#1583,#749,.T.);
#1919=EDGE_CURVE('',#1583,#1581,#750,.T.);
#1920=EDGE_CURVE('',#1558,#1584,#751,.T.);
#1921=EDGE_CURVE('',#1584,#1583,#752,.T.);
#1922=EDGE_CURVE('',#1557,#1585,#753,.T.);
#1923=EDGE_CURVE('',#1585,#1584,#754,.T.);
#1924=EDGE_CURVE('',#1556,#1586,#755,.T.);
#1925=EDGE_CURVE('',#1586,#1585,#756,.T.);
#1926=EDGE_CURVE('',#1582,#1586,#757,.T.);
#1927=EDGE_CURVE('',#1587,#1587,#1419,.T.);
#1928=EDGE_CURVE('',#1560,#1588,#758,.T.);
#1929=EDGE_CURVE('',#1588,#1589,#759,.T.);
#1930=EDGE_CURVE('',#1561,#1589,#760,.T.);
#1931=EDGE_CURVE('',#1565,#1590,#761,.T.);
#1932=EDGE_CURVE('',#1590,#1588,#762,.T.);
#1933=EDGE_CURVE('',#1564,#1591,#763,.T.);
#1934=EDGE_CURVE('',#1591,#1590,#764,.T.);
#1935=EDGE_CURVE('',#1563,#1592,#765,.T.);
#1936=EDGE_CURVE('',#1592,#1591,#766,.T.);
#1937=EDGE_CURVE('',#1562,#1593,#767,.T.);
#1938=EDGE_CURVE('',#1593,#1592,#768,.T.);
#1939=EDGE_CURVE('',#1589,#1593,#769,.T.);
#1940=EDGE_CURVE('',#1594,#1594,#1420,.T.);
#1941=EDGE_CURVE('',#1566,#1595,#770,.T.);
#1942=EDGE_CURVE('',#1595,#1596,#771,.T.);
#1943=EDGE_CURVE('',#1567,#1596,#772,.T.);
#1944=EDGE_CURVE('',#1571,#1597,#773,.T.);
#1945=EDGE_CURVE('',#1597,#1595,#774,.T.);
#1946=EDGE_CURVE('',#1570,#1598,#775,.T.);
#1947=EDGE_CURVE('',#1598,#1597,#776,.T.);
#1948=EDGE_CURVE('',#1569,#1599,#777,.T.);
#1949=EDGE_CURVE('',#1599,#1598,#778,.T.);
#1950=EDGE_CURVE('',#1568,#1600,#779,.T.);
#1951=EDGE_CURVE('',#1600,#1599,#780,.T.);
#1952=EDGE_CURVE('',#1596,#1600,#781,.T.);
#1953=EDGE_CURVE('',#1601,#1601,#1421,.T.);
#1954=EDGE_CURVE('',#1487,#1602,#782,.T.);
#1955=EDGE_CURVE('',#1602,#1602,#1422,.T.);
#1956=EDGE_CURVE('',#1602,#1580,#783,.T.);
#1957=EDGE_CURVE('',#1484,#1603,#784,.T.);
#1958=EDGE_CURVE('',#1603,#1603,#1423,.T.);
#1959=EDGE_CURVE('',#1603,#1587,#785,.T.);
#1960=EDGE_CURVE('',#1486,#1604,#786,.T.);
#1961=EDGE_CURVE('',#1604,#1604,#1424,.T.);
#1962=EDGE_CURVE('',#1604,#1594,#787,.T.);
#1963=EDGE_CURVE('',#1485,#1605,#788,.T.);
#1964=EDGE_CURVE('',#1605,#1605,#1425,.T.);
#1965=EDGE_CURVE('',#1605,#1601,#789,.T.);
#1966=EDGE_CURVE('',#1606,#1607,#1426,.T.);
#1967=EDGE_CURVE('',#1607,#1608,#790,.T.);
#1968=EDGE_CURVE('',#1608,#1609,#1427,.T.);
#1969=EDGE_CURVE('',#1609,#1606,#791,.T.);
#1970=EDGE_CURVE('',#1610,#1606,#792,.T.);
#1971=EDGE_CURVE('',#1611,#1610,#793,.T.);
#1972=EDGE_CURVE('',#1607,#1611,#794,.T.);
#1973=EDGE_CURVE('',#1609,#1612,#795,.T.);
#1974=EDGE_CURVE('',#1612,#1610,#796,.T.);
#1975=EDGE_CURVE('',#1613,#1614,#1428,.T.);
#1976=EDGE_CURVE('',#1614,#1615,#797,.T.);
#1977=EDGE_CURVE('',#1615,#1616,#1429,.T.);
#1978=EDGE_CURVE('',#1616,#1613,#798,.T.);
#1979=EDGE_CURVE('',#1615,#1617,#799,.F.);
#1980=EDGE_CURVE('',#1618,#1617,#800,.T.);
#1981=EDGE_CURVE('',#1618,#1616,#801,.F.);
#1982=EDGE_CURVE('',#1619,#1614,#802,.F.);
#1983=EDGE_CURVE('',#1619,#1617,#803,.T.);
#1984=EDGE_CURVE('',#1620,#1621,#1430,.T.);
#1985=EDGE_CURVE('',#1621,#1622,#804,.T.);
#1986=EDGE_CURVE('',#1622,#1623,#1431,.T.);
#1987=EDGE_CURVE('',#1623,#1620,#805,.T.);
#1988=EDGE_CURVE('',#1624,#1620,#806,.T.);
#1989=EDGE_CURVE('',#1625,#1624,#807,.T.);
#1990=EDGE_CURVE('',#1621,#1625,#808,.T.);
#1991=EDGE_CURVE('',#1623,#1626,#809,.T.);
#1992=EDGE_CURVE('',#1624,#1626,#810,.T.);
#1993=EDGE_CURVE('',#1627,#1628,#1432,.T.);
#1994=EDGE_CURVE('',#1628,#1629,#811,.T.);
#1995=EDGE_CURVE('',#1629,#1630,#1433,.T.);
#1996=EDGE_CURVE('',#1630,#1627,#812,.T.);
#1997=EDGE_CURVE('',#1629,#1631,#813,.F.);
#1998=EDGE_CURVE('',#1632,#1631,#814,.T.);
#1999=EDGE_CURVE('',#1632,#1630,#815,.F.);
#2000=EDGE_CURVE('',#1633,#1628,#816,.F.);
#2001=EDGE_CURVE('',#1631,#1633,#817,.T.);
#2002=EDGE_CURVE('',#1525,#1634,#818,.F.);
#2003=EDGE_CURVE('',#1509,#1634,#819,.F.);
#2004=EDGE_CURVE('',#1619,#1635,#820,.T.);
#2005=EDGE_CURVE('',#1635,#1618,#821,.F.);
#2006=EDGE_CURVE('',#1612,#1636,#822,.T.);
#2007=EDGE_CURVE('',#1636,#1611,#823,.F.);
#2008=EDGE_CURVE('',#1636,#1608,#824,.T.);
#2009=EDGE_CURVE('',#1613,#1635,#825,.F.);
#2010=EDGE_CURVE('',#1637,#1622,#826,.T.);
#2011=EDGE_CURVE('',#1626,#1637,#827,.T.);
#2012=EDGE_CURVE('',#1637,#1625,#828,.F.);
#2013=EDGE_CURVE('',#1638,#1632,#829,.F.);
#2014=EDGE_CURVE('',#1627,#1638,#830,.F.);
#2015=EDGE_CURVE('',#1633,#1638,#831,.T.);
#2016=EDGE_CURVE('',#1639,#1510,#832,.F.);
#2017=EDGE_CURVE('',#1639,#1520,#833,.F.);
#2018=EDGE_CURVE('',#1634,#1639,#834,.F.);
#2019=EDGE_CURVE('',#1640,#1641,#835,.T.);
#2020=EDGE_CURVE('',#1642,#1640,#836,.T.);
#2021=EDGE_CURVE('',#1643,#1642,#837,.T.);
#2022=EDGE_CURVE('',#1641,#1643,#838,.T.);
#2023=EDGE_CURVE('',#1643,#1545,#1434,.T.);
#2024=EDGE_CURVE('',#1542,#1642,#1435,.T.);
#2025=EDGE_CURVE('',#1644,#1542,#1436,.T.);
#2026=EDGE_CURVE('',#1645,#1642,#1437,.T.);
#2027=EDGE_CURVE('',#1645,#1644,#1438,.T.);
#2028=EDGE_CURVE('',#1646,#1640,#1439,.T.);
#2029=EDGE_CURVE('',#1646,#1645,#839,.T.);
#2030=EDGE_CURVE('',#1647,#1544,#1440,.T.);
#2031=EDGE_CURVE('',#1647,#1648,#840,.T.);
#2032=EDGE_CURVE('',#1545,#1648,#1441,.T.);
#2033=EDGE_CURVE('',#1648,#1649,#1442,.T.);
#2034=EDGE_CURVE('',#1643,#1649,#1443,.T.);
#2035=EDGE_CURVE('',#1641,#1650,#1444,.T.);
#2036=EDGE_CURVE('',#1649,#1650,#841,.T.);
#2037=EDGE_CURVE('',#1479,#1651,#1445,.T.);
#2038=EDGE_CURVE('',#1481,#1652,#23,.F.);
#2039=EDGE_CURVE('',#1652,#1651,#842,.T.);
#2040=EDGE_CURVE('',#1653,#1654,#843,.T.);
#2041=EDGE_CURVE('',#1655,#1653,#844,.T.);
#2042=EDGE_CURVE('',#1656,#1655,#845,.T.);
#2043=EDGE_CURVE('',#1654,#1656,#846,.T.);
#2044=EDGE_CURVE('',#1543,#1657,#1446,.T.);
#2045=EDGE_CURVE('',#1644,#1657,#847,.T.);
#2046=EDGE_CURVE('',#1658,#1646,#848,.T.);
#2047=EDGE_CURVE('',#1659,#1658,#849,.T.);
#2048=EDGE_CURVE('',#1660,#1659,#850,.T.);
#2049=EDGE_CURVE('',#1657,#1660,#851,.T.);
#2050=EDGE_CURVE('',#1660,#1478,#1447,.T.);
#2051=EDGE_CURVE('',#1659,#1480,#24,.F.);
#2052=EDGE_CURVE('',#1647,#1653,#1448,.T.);
#2053=EDGE_CURVE('',#1653,#1544,#1449,.T.);
#2054=EDGE_CURVE('',#1543,#1655,#1450,.T.);
#2055=EDGE_CURVE('',#1655,#1657,#1451,.T.);
#2056=EDGE_CURVE('',#1660,#1656,#1452,.T.);
#2057=EDGE_CURVE('',#1656,#1478,#1453,.T.);
#2058=EDGE_CURVE('',#1479,#1654,#1454,.T.);
#2059=EDGE_CURVE('',#1654,#1651,#1455,.T.);
#2060=EDGE_CURVE('',#1651,#1647,#852,.T.);
#2061=EDGE_CURVE('',#1650,#1661,#853,.T.);
#2062=EDGE_CURVE('',#1661,#1652,#854,.T.);
#2063=EDGE_CURVE('',#1661,#1662,#1456,.T.);
#2064=EDGE_CURVE('',#1481,#1662,#855,.T.);
#2065=EDGE_CURVE('',#1662,#1663,#856,.T.);
#2066=EDGE_CURVE('',#1663,#1480,#857,.T.);
#2067=EDGE_CURVE('',#1663,#1658,#1457,.T.);
#2068=EDGE_CURVE('',#1664,#1665,#858,.T.);
#2069=EDGE_CURVE('',#1666,#1665,#859,.T.);
#2070=EDGE_CURVE('',#1666,#1667,#860,.T.);
#2071=EDGE_CURVE('',#1664,#1667,#861,.T.);
#2072=EDGE_CURVE('',#1668,#1665,#862,.T.);
#2073=EDGE_CURVE('',#1668,#1669,#863,.T.);
#2074=EDGE_CURVE('',#1669,#1670,#864,.T.);
#2075=EDGE_CURVE('',#1670,#1666,#865,.T.);
#2076=EDGE_CURVE('',#1671,#1668,#866,.T.);
#2077=EDGE_CURVE('',#1672,#1671,#867,.T.);
#2078=EDGE_CURVE('',#1669,#1672,#868,.T.);
#2079=EDGE_CURVE('',#1673,#1672,#869,.T.);
#2080=EDGE_CURVE('',#1670,#1673,#870,.T.);
#2081=EDGE_CURVE('',#1667,#1673,#871,.T.);
#2082=EDGE_CURVE('',#1664,#1671,#872,.T.);
#2083=EDGE_CURVE('',#1665,#1674,#873,.T.);
#2084=EDGE_CURVE('',#1674,#1675,#874,.T.);
#2085=EDGE_CURVE('',#1676,#1675,#875,.F.);
#2086=EDGE_CURVE('',#1677,#1676,#876,.F.);
#2087=EDGE_CURVE('',#1677,#1664,#877,.T.);
#2088=EDGE_CURVE('',#1678,#1679,#878,.T.);
#2089=EDGE_CURVE('',#1678,#1680,#879,.T.);
#2090=EDGE_CURVE('',#1680,#1681,#880,.T.);
#2091=EDGE_CURVE('',#1681,#1682,#881,.T.);
#2092=EDGE_CURVE('',#1682,#1679,#882,.T.);
#2093=EDGE_CURVE('',#1683,#1680,#883,.T.);
#2094=EDGE_CURVE('',#1684,#1683,#884,.T.);
#2095=EDGE_CURVE('',#1681,#1684,#885,.T.);
#2096=EDGE_CURVE('',#1685,#1684,#886,.T.);
#2097=EDGE_CURVE('',#1682,#1685,#887,.T.);
#2098=EDGE_CURVE('',#1686,#1685,#888,.T.);
#2099=EDGE_CURVE('',#1679,#1686,#889,.T.);
#2100=EDGE_CURVE('',#1678,#1687,#890,.T.);
#2101=EDGE_CURVE('',#1683,#1687,#891,.T.);
#2102=EDGE_CURVE('',#1686,#1687,#892,.T.);
#2103=EDGE_CURVE('',#1688,#1689,#893,.T.);
#2104=EDGE_CURVE('',#1690,#1688,#894,.T.);
#2105=EDGE_CURVE('',#1691,#1690,#895,.T.);
#2106=EDGE_CURVE('',#1692,#1691,#896,.T.);
#2107=EDGE_CURVE('',#1693,#1692,#897,.T.);
#2108=EDGE_CURVE('',#1694,#1693,#898,.T.);
#2109=EDGE_CURVE('',#1689,#1694,#899,.T.);
#2110=EDGE_CURVE('',#1695,#1694,#900,.T.);
#2111=EDGE_CURVE('',#1693,#1696,#901,.T.);
#2112=EDGE_CURVE('',#1696,#1695,#902,.T.);
#2113=EDGE_CURVE('',#1692,#1697,#903,.T.);
#2114=EDGE_CURVE('',#1697,#1696,#904,.T.);
#2115=EDGE_CURVE('',#1691,#1698,#905,.T.);
#2116=EDGE_CURVE('',#1698,#1697,#906,.T.);
#2117=EDGE_CURVE('',#1690,#1699,#907,.T.);
#2118=EDGE_CURVE('',#1699,#1698,#908,.T.);
#2119=EDGE_CURVE('',#1688,#1700,#909,.T.);
#2120=EDGE_CURVE('',#1700,#1699,#910,.T.);
#2121=EDGE_CURVE('',#1701,#1689,#911,.T.);
#2122=EDGE_CURVE('',#1701,#1700,#912,.T.);
#2123=EDGE_CURVE('',#1695,#1701,#913,.T.);
#2124=EDGE_CURVE('',#1702,#1703,#914,.T.);
#2125=EDGE_CURVE('',#1704,#1702,#915,.T.);
#2126=EDGE_CURVE('',#1705,#1704,#916,.T.);
#2127=EDGE_CURVE('',#1706,#1705,#917,.T.);
#2128=EDGE_CURVE('',#1707,#1706,#918,.T.);
#2129=EDGE_CURVE('',#1708,#1707,#919,.T.);
#2130=EDGE_CURVE('',#1703,#1708,#920,.T.);
#2131=EDGE_CURVE('',#1703,#1709,#921,.T.);
#2132=EDGE_CURVE('',#1708,#1710,#922,.T.);
#2133=EDGE_CURVE('',#1710,#1709,#923,.T.);
#2134=EDGE_CURVE('',#1707,#1711,#924,.T.);
#2135=EDGE_CURVE('',#1711,#1710,#925,.T.);
#2136=EDGE_CURVE('',#1706,#1712,#926,.T.);
#2137=EDGE_CURVE('',#1712,#1711,#927,.T.);
#2138=EDGE_CURVE('',#1705,#1713,#928,.T.);
#2139=EDGE_CURVE('',#1713,#1712,#929,.T.);
#2140=EDGE_CURVE('',#1704,#1714,#930,.T.);
#2141=EDGE_CURVE('',#1714,#1713,#931,.T.);
#2142=EDGE_CURVE('',#1702,#1715,#932,.T.);
#2143=EDGE_CURVE('',#1715,#1714,#933,.T.);
#2144=EDGE_CURVE('',#1709,#1715,#934,.T.);
#2145=EDGE_CURVE('',#1694,#1677,#935,.T.);
#2146=EDGE_CURVE('',#1676,#1716,#936,.T.);
#2147=EDGE_CURVE('',#1716,#1717,#937,.F.);
#2148=EDGE_CURVE('',#1717,#1718,#938,.T.);
#2149=EDGE_CURVE('',#1718,#1719,#939,.T.);
#2150=EDGE_CURVE('',#1719,#1720,#940,.T.);
#2151=EDGE_CURVE('',#1720,#1721,#941,.T.);
#2152=EDGE_CURVE('',#1721,#1695,#942,.T.);
#2153=EDGE_CURVE('',#1722,#1719,#943,.T.);
#2154=EDGE_CURVE('',#1718,#1723,#944,.T.);
#2155=EDGE_CURVE('',#1723,#1724,#945,.T.);
#2156=EDGE_CURVE('',#1724,#1725,#946,.T.);
#2157=EDGE_CURVE('',#1725,#1726,#947,.T.);
#2158=EDGE_CURVE('',#1726,#1722,#948,.T.);
#2159=EDGE_CURVE('',#1718,#1721,#949,.T.);
#2160=EDGE_CURVE('',#1727,#1721,#950,.T.);
#2161=EDGE_CURVE('',#1723,#1727,#951,.T.);
#2162=EDGE_CURVE('',#1728,#1727,#952,.T.);
#2163=EDGE_CURVE('',#1724,#1728,#953,.T.);
#2164=EDGE_CURVE('',#1729,#1728,#954,.T.);
#2165=EDGE_CURVE('',#1725,#1729,#955,.T.);
#2166=EDGE_CURVE('',#1730,#1729,#956,.T.);
#2167=EDGE_CURVE('',#1726,#1730,#957,.T.);
#2168=EDGE_CURVE('',#1731,#1730,#958,.T.);
#2169=EDGE_CURVE('',#1722,#1731,#959,.T.);
#2170=EDGE_CURVE('',#1720,#1731,#960,.T.);
#2171=EDGE_CURVE('',#1732,#1733,#961,.T.);
#2172=EDGE_CURVE('',#1732,#1734,#962,.T.);
#2173=EDGE_CURVE('',#1734,#1735,#963,.T.);
#2174=EDGE_CURVE('',#1735,#1736,#964,.T.);
#2175=EDGE_CURVE('',#1736,#1737,#965,.T.);
#2176=EDGE_CURVE('',#1737,#1738,#966,.T.);
#2177=EDGE_CURVE('',#1738,#1733,#967,.T.);
#2178=EDGE_CURVE('',#1739,#1732,#968,.T.);
#2179=EDGE_CURVE('',#1740,#1739,#969,.T.);
#2180=EDGE_CURVE('',#1734,#1740,#970,.T.);
#2181=EDGE_CURVE('',#1741,#1740,#971,.T.);
#2182=EDGE_CURVE('',#1735,#1741,#972,.T.);
#2183=EDGE_CURVE('',#1742,#1741,#973,.T.);
#2184=EDGE_CURVE('',#1736,#1742,#974,.T.);
#2185=EDGE_CURVE('',#1743,#1742,#975,.T.);
#2186=EDGE_CURVE('',#1737,#1743,#976,.T.);
#2187=EDGE_CURVE('',#1744,#1743,#977,.T.);
#2188=EDGE_CURVE('',#1738,#1744,#978,.T.);
#2189=EDGE_CURVE('',#1745,#1744,#979,.T.);
#2190=EDGE_CURVE('',#1745,#1733,#980,.T.);
#2191=EDGE_CURVE('',#1745,#1739,#981,.T.);
#2192=EDGE_CURVE('',#1715,#1745,#982,.T.);
#2193=EDGE_CURVE('',#1733,#1746,#983,.T.);
#2194=EDGE_CURVE('',#1746,#1747,#984,.F.);
#2195=EDGE_CURVE('',#1675,#1747,#985,.F.);
#2196=EDGE_CURVE('',#1674,#1702,#986,.T.);
#2197=EDGE_CURVE('',#1748,#1749,#987,.T.);
#2198=EDGE_CURVE('',#1750,#1748,#1458,.T.);
#2199=EDGE_CURVE('',#1751,#1750,#988,.T.);
#2200=EDGE_CURVE('',#1752,#1751,#1459,.T.);
#2201=EDGE_CURVE('',#1753,#1752,#989,.T.);
#2202=EDGE_CURVE('',#1754,#1753,#1460,.T.);
#2203=EDGE_CURVE('',#1755,#1754,#990,.T.);
#2204=EDGE_CURVE('',#1749,#1755,#1461,.T.);
#2205=EDGE_CURVE('',#1687,#1717,#991,.T.);
#2206=EDGE_CURVE('',#1746,#1678,#992,.T.);
#2207=EDGE_CURVE('',#1756,#1752,#993,.T.);
#2208=EDGE_CURVE('',#1757,#1756,#1462,.T.);
#2209=EDGE_CURVE('',#1758,#1757,#994,.T.);
#2210=EDGE_CURVE('',#1753,#1758,#995,.T.);
#2211=EDGE_CURVE('',#1751,#1759,#996,.T.);
#2212=EDGE_CURVE('',#1756,#1759,#1463,.T.);
#2213=EDGE_CURVE('',#1760,#1750,#997,.T.);
#2214=EDGE_CURVE('',#1759,#1760,#998,.T.);
#2215=EDGE_CURVE('',#1748,#1761,#999,.T.);
#2216=EDGE_CURVE('',#1760,#1761,#1464,.T.);
#2217=EDGE_CURVE('',#1762,#1749,#1000,.T.);
#2218=EDGE_CURVE('',#1763,#1762,#1001,.T.);
#2219=EDGE_CURVE('',#1761,#1763,#1465,.T.);
#2220=EDGE_CURVE('',#1755,#1764,#1002,.T.);
#2221=EDGE_CURVE('',#1764,#1762,#1466,.T.);
#2222=EDGE_CURVE('',#1764,#1765,#1467,.T.);
#2223=EDGE_CURVE('',#1765,#1762,#1468,.T.);
#2224=EDGE_CURVE('',#1765,#1766,#1003,.T.);
#2225=EDGE_CURVE('',#1766,#1763,#1469,.T.);
#2226=EDGE_CURVE('',#1764,#1767,#1004,.T.);
#2227=EDGE_CURVE('',#1768,#1767,#1470,.T.);
#2228=EDGE_CURVE('',#1768,#1765,#1005,.T.);
#2229=EDGE_CURVE('',#1767,#1754,#1006,.T.);
#2230=EDGE_CURVE('',#1767,#1758,#1471,.T.);
#2231=EDGE_CURVE('',#1758,#1768,#1472,.T.);
#2232=EDGE_CURVE('',#1757,#1769,#1473,.T.);
#2233=EDGE_CURVE('',#1769,#1768,#1007,.T.);
#2234=EDGE_CURVE('',#1766,#1760,#1474,.T.);
#2235=EDGE_CURVE('',#1759,#1769,#1475,.T.);
#2236=EDGE_CURVE('',#1766,#1769,#1008,.T.);
#2237=EDGE_CURVE('',#1747,#1716,#1009,.F.);
#2238=ORIENTED_EDGE('',*,*,#1770,.T.);
#2239=ORIENTED_EDGE('',*,*,#1771,.T.);
#2240=ORIENTED_EDGE('',*,*,#1772,.T.);
#2241=ORIENTED_EDGE('',*,*,#1771,.F.);
#2242=ORIENTED_EDGE('',*,*,#1773,.F.);
#2243=ORIENTED_EDGE('',*,*,#1774,.F.);
#2244=ORIENTED_EDGE('',*,*,#1775,.F.);
#2245=ORIENTED_EDGE('',*,*,#1776,.F.);
#2246=ORIENTED_EDGE('',*,*,#1777,.F.);
#2247=ORIENTED_EDGE('',*,*,#1778,.F.);
#2248=ORIENTED_EDGE('',*,*,#1779,.F.);
#2249=ORIENTED_EDGE('',*,*,#1780,.F.);
#2250=ORIENTED_EDGE('',*,*,#1781,.F.);
#2251=ORIENTED_EDGE('',*,*,#1782,.F.);
#2252=ORIENTED_EDGE('',*,*,#1783,.F.);
#2253=ORIENTED_EDGE('',*,*,#1770,.F.);
#2254=ORIENTED_EDGE('',*,*,#1784,.F.);
#2255=ORIENTED_EDGE('',*,*,#1785,.T.);
#2256=ORIENTED_EDGE('',*,*,#1772,.F.);
#2257=ORIENTED_EDGE('',*,*,#1785,.F.);
#2258=ORIENTED_EDGE('',*,*,#1777,.T.);
#2259=ORIENTED_EDGE('',*,*,#1786,.T.);
#2260=ORIENTED_EDGE('',*,*,#1787,.T.);
#2261=ORIENTED_EDGE('',*,*,#1786,.F.);
#2262=ORIENTED_EDGE('',*,*,#1788,.F.);
#2263=ORIENTED_EDGE('',*,*,#1789,.T.);
#2264=ORIENTED_EDGE('',*,*,#1787,.F.);
#2265=ORIENTED_EDGE('',*,*,#1789,.F.);
#2266=ORIENTED_EDGE('',*,*,#1783,.T.);
#2267=ORIENTED_EDGE('',*,*,#1790,.T.);
#2268=ORIENTED_EDGE('',*,*,#1791,.T.);
#2269=ORIENTED_EDGE('',*,*,#1790,.F.);
#2270=ORIENTED_EDGE('',*,*,#1792,.F.);
#2271=ORIENTED_EDGE('',*,*,#1793,.T.);
#2272=ORIENTED_EDGE('',*,*,#1791,.F.);
#2273=ORIENTED_EDGE('',*,*,#1793,.F.);
#2274=ORIENTED_EDGE('',*,*,#1778,.T.);
#2275=ORIENTED_EDGE('',*,*,#1794,.T.);
#2276=ORIENTED_EDGE('',*,*,#1795,.T.);
#2277=ORIENTED_EDGE('',*,*,#1794,.F.);
#2278=ORIENTED_EDGE('',*,*,#1796,.F.);
#2279=ORIENTED_EDGE('',*,*,#1797,.T.);
#2280=ORIENTED_EDGE('',*,*,#1795,.F.);
#2281=ORIENTED_EDGE('',*,*,#1797,.F.);
#2282=ORIENTED_EDGE('',*,*,#1798,.F.);
#2283=ORIENTED_EDGE('',*,*,#1799,.F.);
#2284=ORIENTED_EDGE('',*,*,#1800,.F.);
#2285=ORIENTED_EDGE('',*,*,#1801,.F.);
#2286=ORIENTED_EDGE('',*,*,#1802,.F.);
#2287=ORIENTED_EDGE('',*,*,#1801,.T.);
#2288=ORIENTED_EDGE('',*,*,#1803,.F.);
#2289=ORIENTED_EDGE('',*,*,#1804,.F.);
#2290=ORIENTED_EDGE('',*,*,#1805,.F.);
#2291=ORIENTED_EDGE('',*,*,#1804,.T.);
#2292=ORIENTED_EDGE('',*,*,#1806,.F.);
#2293=ORIENTED_EDGE('',*,*,#1807,.F.);
#2294=ORIENTED_EDGE('',*,*,#1808,.F.);
#2295=ORIENTED_EDGE('',*,*,#1806,.T.);
#2296=ORIENTED_EDGE('',*,*,#1803,.T.);
#2297=ORIENTED_EDGE('',*,*,#1800,.T.);
#2298=ORIENTED_EDGE('',*,*,#1807,.T.);
#2299=ORIENTED_EDGE('',*,*,#1808,.T.);
#2300=ORIENTED_EDGE('',*,*,#1799,.T.);
#2301=ORIENTED_EDGE('',*,*,#1809,.F.);
#2302=ORIENTED_EDGE('',*,*,#1810,.T.);
#2303=ORIENTED_EDGE('',*,*,#1811,.F.);
#2304=ORIENTED_EDGE('',*,*,#1812,.F.);
#2305=ORIENTED_EDGE('',*,*,#1813,.F.);
#2306=ORIENTED_EDGE('',*,*,#1814,.T.);
#2307=ORIENTED_EDGE('',*,*,#1815,.F.);
#2308=ORIENTED_EDGE('',*,*,#1816,.F.);
#2309=ORIENTED_EDGE('',*,*,#1817,.F.);
#2310=ORIENTED_EDGE('',*,*,#1818,.F.);
#2311=ORIENTED_EDGE('',*,*,#1819,.T.);
#2312=ORIENTED_EDGE('',*,*,#1820,.F.);
#2313=ORIENTED_EDGE('',*,*,#1821,.F.);
#2314=ORIENTED_EDGE('',*,*,#1822,.F.);
#2315=ORIENTED_EDGE('',*,*,#1823,.F.);
#2316=ORIENTED_EDGE('',*,*,#1824,.F.);
#2317=ORIENTED_EDGE('',*,*,#1825,.F.);
#2318=ORIENTED_EDGE('',*,*,#1826,.F.);
#2319=ORIENTED_EDGE('',*,*,#1825,.T.);
#2320=ORIENTED_EDGE('',*,*,#1827,.F.);
#2321=ORIENTED_EDGE('',*,*,#1819,.F.);
#2322=ORIENTED_EDGE('',*,*,#1827,.T.);
#2323=ORIENTED_EDGE('',*,*,#1824,.T.);
#2324=ORIENTED_EDGE('',*,*,#1828,.F.);
#2325=ORIENTED_EDGE('',*,*,#1820,.T.);
#2326=ORIENTED_EDGE('',*,*,#1805,.T.);
#2327=ORIENTED_EDGE('',*,*,#1817,.T.);
#2328=ORIENTED_EDGE('',*,*,#1829,.T.);
#2329=ORIENTED_EDGE('',*,*,#1830,.T.);
#2330=ORIENTED_EDGE('',*,*,#1822,.T.);
#2331=ORIENTED_EDGE('',*,*,#1826,.T.);
#2332=ORIENTED_EDGE('',*,*,#1818,.T.);
#2333=ORIENTED_EDGE('',*,*,#1831,.T.);
#2334=ORIENTED_EDGE('',*,*,#1832,.T.);
#2335=ORIENTED_EDGE('',*,*,#1833,.T.);
#2336=ORIENTED_EDGE('',*,*,#1834,.T.);
#2337=ORIENTED_EDGE('',*,*,#1835,.T.);
#2338=ORIENTED_EDGE('',*,*,#1836,.T.);
#2339=ORIENTED_EDGE('',*,*,#1813,.T.);
#2340=ORIENTED_EDGE('',*,*,#1837,.T.);
#2341=ORIENTED_EDGE('',*,*,#1838,.T.);
#2342=ORIENTED_EDGE('',*,*,#1839,.T.);
#2343=ORIENTED_EDGE('',*,*,#1809,.T.);
#2344=ORIENTED_EDGE('',*,*,#1798,.T.);
#2345=ORIENTED_EDGE('',*,*,#1802,.T.);
#2346=ORIENTED_EDGE('',*,*,#1840,.T.);
#2347=ORIENTED_EDGE('',*,*,#1841,.T.);
#2348=ORIENTED_EDGE('',*,*,#1842,.T.);
#2349=ORIENTED_EDGE('',*,*,#1843,.T.);
#2350=ORIENTED_EDGE('',*,*,#1840,.F.);
#2351=ORIENTED_EDGE('',*,*,#1844,.T.);
#2352=ORIENTED_EDGE('',*,*,#1845,.F.);
#2353=ORIENTED_EDGE('',*,*,#1846,.F.);
#2354=ORIENTED_EDGE('',*,*,#1841,.F.);
#2355=ORIENTED_EDGE('',*,*,#1846,.T.);
#2356=ORIENTED_EDGE('',*,*,#1847,.F.);
#2357=ORIENTED_EDGE('',*,*,#1848,.F.);
#2358=ORIENTED_EDGE('',*,*,#1842,.F.);
#2359=ORIENTED_EDGE('',*,*,#1848,.T.);
#2360=ORIENTED_EDGE('',*,*,#1849,.F.);
#2361=ORIENTED_EDGE('',*,*,#1850,.F.);
#2362=ORIENTED_EDGE('',*,*,#1843,.F.);
#2363=ORIENTED_EDGE('',*,*,#1850,.T.);
#2364=ORIENTED_EDGE('',*,*,#1851,.F.);
#2365=ORIENTED_EDGE('',*,*,#1844,.F.);
#2366=ORIENTED_EDGE('',*,*,#1851,.T.);
#2367=ORIENTED_EDGE('',*,*,#1849,.T.);
#2368=ORIENTED_EDGE('',*,*,#1847,.T.);
#2369=ORIENTED_EDGE('',*,*,#1845,.T.);
#2370=ORIENTED_EDGE('',*,*,#1832,.F.);
#2371=ORIENTED_EDGE('',*,*,#1852,.F.);
#2372=ORIENTED_EDGE('',*,*,#1853,.F.);
#2373=ORIENTED_EDGE('',*,*,#1854,.F.);
#2374=ORIENTED_EDGE('',*,*,#1833,.F.);
#2375=ORIENTED_EDGE('',*,*,#1854,.T.);
#2376=ORIENTED_EDGE('',*,*,#1855,.F.);
#2377=ORIENTED_EDGE('',*,*,#1856,.F.);
#2378=ORIENTED_EDGE('',*,*,#1834,.F.);
#2379=ORIENTED_EDGE('',*,*,#1856,.T.);
#2380=ORIENTED_EDGE('',*,*,#1857,.F.);
#2381=ORIENTED_EDGE('',*,*,#1858,.F.);
#2382=ORIENTED_EDGE('',*,*,#1857,.T.);
#2383=ORIENTED_EDGE('',*,*,#1855,.T.);
#2384=ORIENTED_EDGE('',*,*,#1853,.T.);
#2385=ORIENTED_EDGE('',*,*,#1859,.F.);
#2386=ORIENTED_EDGE('',*,*,#1860,.F.);
#2387=ORIENTED_EDGE('',*,*,#1861,.F.);
#2388=ORIENTED_EDGE('',*,*,#1837,.F.);
#2389=ORIENTED_EDGE('',*,*,#1812,.T.);
#2390=ORIENTED_EDGE('',*,*,#1862,.F.);
#2391=ORIENTED_EDGE('',*,*,#1810,.F.);
#2392=ORIENTED_EDGE('',*,*,#1839,.F.);
#2393=ORIENTED_EDGE('',*,*,#1863,.T.);
#2394=ORIENTED_EDGE('',*,*,#1864,.F.);
#2395=ORIENTED_EDGE('',*,*,#1863,.F.);
#2396=ORIENTED_EDGE('',*,*,#1838,.F.);
#2397=ORIENTED_EDGE('',*,*,#1861,.T.);
#2398=ORIENTED_EDGE('',*,*,#1811,.T.);
#2399=ORIENTED_EDGE('',*,*,#1862,.T.);
#2400=ORIENTED_EDGE('',*,*,#1864,.T.);
#2401=ORIENTED_EDGE('',*,*,#1865,.F.);
#2402=ORIENTED_EDGE('',*,*,#1866,.F.);
#2403=ORIENTED_EDGE('',*,*,#1867,.F.);
#2404=ORIENTED_EDGE('',*,*,#1868,.F.);
#2405=ORIENTED_EDGE('',*,*,#1869,.F.);
#2406=ORIENTED_EDGE('',*,*,#1870,.F.);
#2407=ORIENTED_EDGE('',*,*,#1871,.F.);
#2408=ORIENTED_EDGE('',*,*,#1872,.T.);
#2409=ORIENTED_EDGE('',*,*,#1873,.T.);
#2410=ORIENTED_EDGE('',*,*,#1874,.T.);
#2411=ORIENTED_EDGE('',*,*,#1875,.T.);
#2412=ORIENTED_EDGE('',*,*,#1876,.T.);
#2413=ORIENTED_EDGE('',*,*,#1877,.T.);
#2414=ORIENTED_EDGE('',*,*,#1878,.T.);
#2415=ORIENTED_EDGE('',*,*,#1879,.T.);
#2416=ORIENTED_EDGE('',*,*,#1880,.T.);
#2417=ORIENTED_EDGE('',*,*,#1881,.T.);
#2418=ORIENTED_EDGE('',*,*,#1882,.T.);
#2419=ORIENTED_EDGE('',*,*,#1883,.T.);
#2420=ORIENTED_EDGE('',*,*,#1884,.T.);
#2421=ORIENTED_EDGE('',*,*,#1885,.T.);
#2422=ORIENTED_EDGE('',*,*,#1886,.T.);
#2423=ORIENTED_EDGE('',*,*,#1887,.T.);
#2424=ORIENTED_EDGE('',*,*,#1888,.T.);
#2425=ORIENTED_EDGE('',*,*,#1889,.T.);
#2426=ORIENTED_EDGE('',*,*,#1890,.T.);
#2427=ORIENTED_EDGE('',*,*,#1891,.T.);
#2428=ORIENTED_EDGE('',*,*,#1892,.T.);
#2429=ORIENTED_EDGE('',*,*,#1893,.T.);
#2430=ORIENTED_EDGE('',*,*,#1894,.T.);
#2431=ORIENTED_EDGE('',*,*,#1895,.T.);
#2432=ORIENTED_EDGE('',*,*,#1896,.F.);
#2433=ORIENTED_EDGE('',*,*,#1897,.F.);
#2434=ORIENTED_EDGE('',*,*,#1870,.T.);
#2435=ORIENTED_EDGE('',*,*,#1898,.T.);
#2436=ORIENTED_EDGE('',*,*,#1796,.T.);
#2437=ORIENTED_EDGE('',*,*,#1898,.F.);
#2438=ORIENTED_EDGE('',*,*,#1897,.T.);
#2439=ORIENTED_EDGE('',*,*,#1899,.T.);
#2440=ORIENTED_EDGE('',*,*,#1788,.T.);
#2441=ORIENTED_EDGE('',*,*,#1899,.F.);
#2442=ORIENTED_EDGE('',*,*,#1871,.T.);
#2443=ORIENTED_EDGE('',*,*,#1900,.T.);
#2444=ORIENTED_EDGE('',*,*,#1784,.T.);
#2445=ORIENTED_EDGE('',*,*,#1900,.F.);
#2446=ORIENTED_EDGE('',*,*,#1896,.T.);
#2447=ORIENTED_EDGE('',*,*,#1901,.T.);
#2448=ORIENTED_EDGE('',*,*,#1792,.T.);
#2449=ORIENTED_EDGE('',*,*,#1901,.F.);
#2450=ORIENTED_EDGE('',*,*,#1872,.F.);
#2451=ORIENTED_EDGE('',*,*,#1902,.T.);
#2452=ORIENTED_EDGE('',*,*,#1903,.T.);
#2453=ORIENTED_EDGE('',*,*,#1904,.F.);
#2454=ORIENTED_EDGE('',*,*,#1877,.F.);
#2455=ORIENTED_EDGE('',*,*,#1905,.T.);
#2456=ORIENTED_EDGE('',*,*,#1906,.T.);
#2457=ORIENTED_EDGE('',*,*,#1902,.F.);
#2458=ORIENTED_EDGE('',*,*,#1876,.F.);
#2459=ORIENTED_EDGE('',*,*,#1907,.T.);
#2460=ORIENTED_EDGE('',*,*,#1908,.T.);
#2461=ORIENTED_EDGE('',*,*,#1905,.F.);
#2462=ORIENTED_EDGE('',*,*,#1875,.F.);
#2463=ORIENTED_EDGE('',*,*,#1909,.T.);
#2464=ORIENTED_EDGE('',*,*,#1910,.T.);
#2465=ORIENTED_EDGE('',*,*,#1907,.F.);
#2466=ORIENTED_EDGE('',*,*,#1874,.F.);
#2467=ORIENTED_EDGE('',*,*,#1911,.T.);
#2468=ORIENTED_EDGE('',*,*,#1912,.T.);
#2469=ORIENTED_EDGE('',*,*,#1909,.F.);
#2470=ORIENTED_EDGE('',*,*,#1873,.F.);
#2471=ORIENTED_EDGE('',*,*,#1904,.T.);
#2472=ORIENTED_EDGE('',*,*,#1913,.T.);
#2473=ORIENTED_EDGE('',*,*,#1911,.F.);
#2474=ORIENTED_EDGE('',*,*,#1913,.F.);
#2475=ORIENTED_EDGE('',*,*,#1903,.F.);
#2476=ORIENTED_EDGE('',*,*,#1906,.F.);
#2477=ORIENTED_EDGE('',*,*,#1908,.F.);
#2478=ORIENTED_EDGE('',*,*,#1910,.F.);
#2479=ORIENTED_EDGE('',*,*,#1912,.F.);
#2480=ORIENTED_EDGE('',*,*,#1914,.F.);
#2481=ORIENTED_EDGE('',*,*,#1878,.F.);
#2482=ORIENTED_EDGE('',*,*,#1915,.T.);
#2483=ORIENTED_EDGE('',*,*,#1916,.T.);
#2484=ORIENTED_EDGE('',*,*,#1917,.F.);
#2485=ORIENTED_EDGE('',*,*,#1883,.F.);
#2486=ORIENTED_EDGE('',*,*,#1918,.T.);
#2487=ORIENTED_EDGE('',*,*,#1919,.T.);
#2488=ORIENTED_EDGE('',*,*,#1915,.F.);
#2489=ORIENTED_EDGE('',*,*,#1882,.F.);
#2490=ORIENTED_EDGE('',*,*,#1920,.T.);
#2491=ORIENTED_EDGE('',*,*,#1921,.T.);
#2492=ORIENTED_EDGE('',*,*,#1918,.F.);
#2493=ORIENTED_EDGE('',*,*,#1881,.F.);
#2494=ORIENTED_EDGE('',*,*,#1922,.T.);
#2495=ORIENTED_EDGE('',*,*,#1923,.T.);
#2496=ORIENTED_EDGE('',*,*,#1920,.F.);
#2497=ORIENTED_EDGE('',*,*,#1880,.F.);
#2498=ORIENTED_EDGE('',*,*,#1924,.T.);
#2499=ORIENTED_EDGE('',*,*,#1925,.T.);
#2500=ORIENTED_EDGE('',*,*,#1922,.F.);
#2501=ORIENTED_EDGE('',*,*,#1879,.F.);
#2502=ORIENTED_EDGE('',*,*,#1917,.T.);
#2503=ORIENTED_EDGE('',*,*,#1926,.T.);
#2504=ORIENTED_EDGE('',*,*,#1924,.F.);
#2505=ORIENTED_EDGE('',*,*,#1926,.F.);
#2506=ORIENTED_EDGE('',*,*,#1916,.F.);
#2507=ORIENTED_EDGE('',*,*,#1919,.F.);
#2508=ORIENTED_EDGE('',*,*,#1921,.F.);
#2509=ORIENTED_EDGE('',*,*,#1923,.F.);
#2510=ORIENTED_EDGE('',*,*,#1925,.F.);
#2511=ORIENTED_EDGE('',*,*,#1927,.F.);
#2512=ORIENTED_EDGE('',*,*,#1884,.F.);
#2513=ORIENTED_EDGE('',*,*,#1928,.T.);
#2514=ORIENTED_EDGE('',*,*,#1929,.T.);
#2515=ORIENTED_EDGE('',*,*,#1930,.F.);
#2516=ORIENTED_EDGE('',*,*,#1889,.F.);
#2517=ORIENTED_EDGE('',*,*,#1931,.T.);
#2518=ORIENTED_EDGE('',*,*,#1932,.T.);
#2519=ORIENTED_EDGE('',*,*,#1928,.F.);
#2520=ORIENTED_EDGE('',*,*,#1888,.F.);
#2521=ORIENTED_EDGE('',*,*,#1933,.T.);
#2522=ORIENTED_EDGE('',*,*,#1934,.T.);
#2523=ORIENTED_EDGE('',*,*,#1931,.F.);
#2524=ORIENTED_EDGE('',*,*,#1887,.F.);
#2525=ORIENTED_EDGE('',*,*,#1935,.T.);
#2526=ORIENTED_EDGE('',*,*,#1936,.T.);
#2527=ORIENTED_EDGE('',*,*,#1933,.F.);
#2528=ORIENTED_EDGE('',*,*,#1886,.F.);
#2529=ORIENTED_EDGE('',*,*,#1937,.T.);
#2530=ORIENTED_EDGE('',*,*,#1938,.T.);
#2531=ORIENTED_EDGE('',*,*,#1935,.F.);
#2532=ORIENTED_EDGE('',*,*,#1885,.F.);
#2533=ORIENTED_EDGE('',*,*,#1930,.T.);
#2534=ORIENTED_EDGE('',*,*,#1939,.T.);
#2535=ORIENTED_EDGE('',*,*,#1937,.F.);
#2536=ORIENTED_EDGE('',*,*,#1939,.F.);
#2537=ORIENTED_EDGE('',*,*,#1929,.F.);
#2538=ORIENTED_EDGE('',*,*,#1932,.F.);
#2539=ORIENTED_EDGE('',*,*,#1934,.F.);
#2540=ORIENTED_EDGE('',*,*,#1936,.F.);
#2541=ORIENTED_EDGE('',*,*,#1938,.F.);
#2542=ORIENTED_EDGE('',*,*,#1940,.F.);
#2543=ORIENTED_EDGE('',*,*,#1890,.F.);
#2544=ORIENTED_EDGE('',*,*,#1941,.T.);
#2545=ORIENTED_EDGE('',*,*,#1942,.T.);
#2546=ORIENTED_EDGE('',*,*,#1943,.F.);
#2547=ORIENTED_EDGE('',*,*,#1895,.F.);
#2548=ORIENTED_EDGE('',*,*,#1944,.T.);
#2549=ORIENTED_EDGE('',*,*,#1945,.T.);
#2550=ORIENTED_EDGE('',*,*,#1941,.F.);
#2551=ORIENTED_EDGE('',*,*,#1894,.F.);
#2552=ORIENTED_EDGE('',*,*,#1946,.T.);
#2553=ORIENTED_EDGE('',*,*,#1947,.T.);
#2554=ORIENTED_EDGE('',*,*,#1944,.F.);
#2555=ORIENTED_EDGE('',*,*,#1893,.F.);
#2556=ORIENTED_EDGE('',*,*,#1948,.T.);
#2557=ORIENTED_EDGE('',*,*,#1949,.T.);
#2558=ORIENTED_EDGE('',*,*,#1946,.F.);
#2559=ORIENTED_EDGE('',*,*,#1892,.F.);
#2560=ORIENTED_EDGE('',*,*,#1950,.T.);
#2561=ORIENTED_EDGE('',*,*,#1951,.T.);
#2562=ORIENTED_EDGE('',*,*,#1948,.F.);
#2563=ORIENTED_EDGE('',*,*,#1891,.F.);
#2564=ORIENTED_EDGE('',*,*,#1943,.T.);
#2565=ORIENTED_EDGE('',*,*,#1952,.T.);
#2566=ORIENTED_EDGE('',*,*,#1950,.F.);
#2567=ORIENTED_EDGE('',*,*,#1952,.F.);
#2568=ORIENTED_EDGE('',*,*,#1942,.F.);
#2569=ORIENTED_EDGE('',*,*,#1945,.F.);
#2570=ORIENTED_EDGE('',*,*,#1947,.F.);
#2571=ORIENTED_EDGE('',*,*,#1949,.F.);
#2572=ORIENTED_EDGE('',*,*,#1951,.F.);
#2573=ORIENTED_EDGE('',*,*,#1953,.F.);
#2574=ORIENTED_EDGE('',*,*,#1782,.T.);
#2575=ORIENTED_EDGE('',*,*,#1954,.T.);
#2576=ORIENTED_EDGE('',*,*,#1955,.T.);
#2577=ORIENTED_EDGE('',*,*,#1954,.F.);
#2578=ORIENTED_EDGE('',*,*,#1955,.F.);
#2579=ORIENTED_EDGE('',*,*,#1956,.T.);
#2580=ORIENTED_EDGE('',*,*,#1914,.T.);
#2581=ORIENTED_EDGE('',*,*,#1956,.F.);
#2582=ORIENTED_EDGE('',*,*,#1779,.T.);
#2583=ORIENTED_EDGE('',*,*,#1957,.T.);
#2584=ORIENTED_EDGE('',*,*,#1958,.T.);
#2585=ORIENTED_EDGE('',*,*,#1957,.F.);
#2586=ORIENTED_EDGE('',*,*,#1958,.F.);
#2587=ORIENTED_EDGE('',*,*,#1959,.T.);
#2588=ORIENTED_EDGE('',*,*,#1927,.T.);
#2589=ORIENTED_EDGE('',*,*,#1959,.F.);
#2590=ORIENTED_EDGE('',*,*,#1781,.T.);
#2591=ORIENTED_EDGE('',*,*,#1960,.T.);
#2592=ORIENTED_EDGE('',*,*,#1961,.T.);
#2593=ORIENTED_EDGE('',*,*,#1960,.F.);
#2594=ORIENTED_EDGE('',*,*,#1961,.F.);
#2595=ORIENTED_EDGE('',*,*,#1962,.T.);
#2596=ORIENTED_EDGE('',*,*,#1940,.T.);
#2597=ORIENTED_EDGE('',*,*,#1962,.F.);
#2598=ORIENTED_EDGE('',*,*,#1780,.T.);
#2599=ORIENTED_EDGE('',*,*,#1963,.T.);
#2600=ORIENTED_EDGE('',*,*,#1964,.T.);
#2601=ORIENTED_EDGE('',*,*,#1963,.F.);
#2602=ORIENTED_EDGE('',*,*,#1964,.F.);
#2603=ORIENTED_EDGE('',*,*,#1965,.T.);
#2604=ORIENTED_EDGE('',*,*,#1953,.T.);
#2605=ORIENTED_EDGE('',*,*,#1965,.F.);
#2606=ORIENTED_EDGE('',*,*,#1966,.T.);
#2607=ORIENTED_EDGE('',*,*,#1967,.T.);
#2608=ORIENTED_EDGE('',*,*,#1968,.T.);
#2609=ORIENTED_EDGE('',*,*,#1969,.T.);
#2610=ORIENTED_EDGE('',*,*,#1966,.F.);
#2611=ORIENTED_EDGE('',*,*,#1970,.F.);
#2612=ORIENTED_EDGE('',*,*,#1971,.F.);
#2613=ORIENTED_EDGE('',*,*,#1972,.F.);
#2614=ORIENTED_EDGE('',*,*,#1969,.F.);
#2615=ORIENTED_EDGE('',*,*,#1973,.T.);
#2616=ORIENTED_EDGE('',*,*,#1974,.T.);
#2617=ORIENTED_EDGE('',*,*,#1970,.T.);
#2618=ORIENTED_EDGE('',*,*,#1975,.T.);
#2619=ORIENTED_EDGE('',*,*,#1976,.T.);
#2620=ORIENTED_EDGE('',*,*,#1977,.T.);
#2621=ORIENTED_EDGE('',*,*,#1978,.T.);
#2622=ORIENTED_EDGE('',*,*,#1977,.F.);
#2623=ORIENTED_EDGE('',*,*,#1979,.T.);
#2624=ORIENTED_EDGE('',*,*,#1980,.F.);
#2625=ORIENTED_EDGE('',*,*,#1981,.T.);
#2626=ORIENTED_EDGE('',*,*,#1976,.F.);
#2627=ORIENTED_EDGE('',*,*,#1982,.F.);
#2628=ORIENTED_EDGE('',*,*,#1983,.T.);
#2629=ORIENTED_EDGE('',*,*,#1979,.F.);
#2630=ORIENTED_EDGE('',*,*,#1984,.T.);
#2631=ORIENTED_EDGE('',*,*,#1985,.T.);
#2632=ORIENTED_EDGE('',*,*,#1986,.T.);
#2633=ORIENTED_EDGE('',*,*,#1987,.T.);
#2634=ORIENTED_EDGE('',*,*,#1984,.F.);
#2635=ORIENTED_EDGE('',*,*,#1988,.F.);
#2636=ORIENTED_EDGE('',*,*,#1989,.F.);
#2637=ORIENTED_EDGE('',*,*,#1990,.F.);
#2638=ORIENTED_EDGE('',*,*,#1987,.F.);
#2639=ORIENTED_EDGE('',*,*,#1991,.T.);
#2640=ORIENTED_EDGE('',*,*,#1992,.F.);
#2641=ORIENTED_EDGE('',*,*,#1988,.T.);
#2642=ORIENTED_EDGE('',*,*,#1993,.T.);
#2643=ORIENTED_EDGE('',*,*,#1994,.T.);
#2644=ORIENTED_EDGE('',*,*,#1995,.T.);
#2645=ORIENTED_EDGE('',*,*,#1996,.T.);
#2646=ORIENTED_EDGE('',*,*,#1995,.F.);
#2647=ORIENTED_EDGE('',*,*,#1997,.T.);
#2648=ORIENTED_EDGE('',*,*,#1998,.F.);
#2649=ORIENTED_EDGE('',*,*,#1999,.T.);
#2650=ORIENTED_EDGE('',*,*,#1994,.F.);
#2651=ORIENTED_EDGE('',*,*,#2000,.F.);
#2652=ORIENTED_EDGE('',*,*,#2001,.F.);
#2653=ORIENTED_EDGE('',*,*,#1997,.F.);
#2654=ORIENTED_EDGE('',*,*,#2002,.T.);
#2655=ORIENTED_EDGE('',*,*,#2003,.F.);
#2656=ORIENTED_EDGE('',*,*,#1814,.F.);
#2657=ORIENTED_EDGE('',*,*,#1836,.F.);
#2658=ORIENTED_EDGE('',*,*,#2004,.T.);
#2659=ORIENTED_EDGE('',*,*,#2005,.T.);
#2660=ORIENTED_EDGE('',*,*,#1980,.T.);
#2661=ORIENTED_EDGE('',*,*,#1983,.F.);
#2662=ORIENTED_EDGE('',*,*,#2006,.T.);
#2663=ORIENTED_EDGE('',*,*,#2007,.T.);
#2664=ORIENTED_EDGE('',*,*,#1971,.T.);
#2665=ORIENTED_EDGE('',*,*,#1974,.F.);
#2666=ORIENTED_EDGE('',*,*,#1967,.F.);
#2667=ORIENTED_EDGE('',*,*,#1972,.T.);
#2668=ORIENTED_EDGE('',*,*,#2007,.F.);
#2669=ORIENTED_EDGE('',*,*,#2008,.T.);
#2670=ORIENTED_EDGE('',*,*,#1968,.F.);
#2671=ORIENTED_EDGE('',*,*,#2008,.F.);
#2672=ORIENTED_EDGE('',*,*,#2006,.F.);
#2673=ORIENTED_EDGE('',*,*,#1973,.F.);
#2674=ORIENTED_EDGE('',*,*,#1975,.F.);
#2675=ORIENTED_EDGE('',*,*,#2009,.T.);
#2676=ORIENTED_EDGE('',*,*,#2004,.F.);
#2677=ORIENTED_EDGE('',*,*,#1982,.T.);
#2678=ORIENTED_EDGE('',*,*,#1978,.F.);
#2679=ORIENTED_EDGE('',*,*,#1981,.F.);
#2680=ORIENTED_EDGE('',*,*,#2005,.F.);
#2681=ORIENTED_EDGE('',*,*,#2009,.F.);
#2682=ORIENTED_EDGE('',*,*,#1986,.F.);
#2683=ORIENTED_EDGE('',*,*,#2010,.F.);
#2684=ORIENTED_EDGE('',*,*,#2011,.F.);
#2685=ORIENTED_EDGE('',*,*,#1991,.F.);
#2686=ORIENTED_EDGE('',*,*,#1985,.F.);
#2687=ORIENTED_EDGE('',*,*,#1990,.T.);
#2688=ORIENTED_EDGE('',*,*,#2012,.F.);
#2689=ORIENTED_EDGE('',*,*,#2010,.T.);
#2690=ORIENTED_EDGE('',*,*,#1996,.F.);
#2691=ORIENTED_EDGE('',*,*,#1999,.F.);
#2692=ORIENTED_EDGE('',*,*,#2013,.F.);
#2693=ORIENTED_EDGE('',*,*,#2014,.F.);
#2694=ORIENTED_EDGE('',*,*,#1993,.F.);
#2695=ORIENTED_EDGE('',*,*,#2014,.T.);
#2696=ORIENTED_EDGE('',*,*,#2015,.F.);
#2697=ORIENTED_EDGE('',*,*,#2000,.T.);
#2698=ORIENTED_EDGE('',*,*,#1816,.T.);
#2699=ORIENTED_EDGE('',*,*,#2016,.F.);
#2700=ORIENTED_EDGE('',*,*,#2017,.T.);
#2701=ORIENTED_EDGE('',*,*,#1829,.F.);
#2702=ORIENTED_EDGE('',*,*,#2015,.T.);
#2703=ORIENTED_EDGE('',*,*,#2013,.T.);
#2704=ORIENTED_EDGE('',*,*,#1998,.T.);
#2705=ORIENTED_EDGE('',*,*,#2001,.T.);
#2706=ORIENTED_EDGE('',*,*,#1992,.T.);
#2707=ORIENTED_EDGE('',*,*,#2011,.T.);
#2708=ORIENTED_EDGE('',*,*,#2012,.T.);
#2709=ORIENTED_EDGE('',*,*,#1989,.T.);
#2710=ORIENTED_EDGE('',*,*,#1823,.T.);
#2711=ORIENTED_EDGE('',*,*,#1830,.F.);
#2712=ORIENTED_EDGE('',*,*,#2017,.F.);
#2713=ORIENTED_EDGE('',*,*,#2018,.F.);
#2714=ORIENTED_EDGE('',*,*,#2002,.F.);
#2715=ORIENTED_EDGE('',*,*,#1835,.F.);
#2716=ORIENTED_EDGE('',*,*,#1858,.T.);
#2717=ORIENTED_EDGE('',*,*,#1859,.T.);
#2718=ORIENTED_EDGE('',*,*,#1852,.T.);
#2719=ORIENTED_EDGE('',*,*,#1831,.F.);
#2720=ORIENTED_EDGE('',*,*,#1821,.T.);
#2721=ORIENTED_EDGE('',*,*,#1828,.T.);
#2722=ORIENTED_EDGE('',*,*,#2019,.F.);
#2723=ORIENTED_EDGE('',*,*,#2020,.F.);
#2724=ORIENTED_EDGE('',*,*,#2021,.F.);
#2725=ORIENTED_EDGE('',*,*,#2022,.F.);
#2726=ORIENTED_EDGE('',*,*,#2023,.F.);
#2727=ORIENTED_EDGE('',*,*,#2021,.T.);
#2728=ORIENTED_EDGE('',*,*,#2024,.F.);
#2729=ORIENTED_EDGE('',*,*,#1865,.T.);
#2730=ORIENTED_EDGE('',*,*,#1860,.T.);
#2731=ORIENTED_EDGE('',*,*,#1869,.T.);
#2732=ORIENTED_EDGE('',*,*,#2025,.T.);
#2733=ORIENTED_EDGE('',*,*,#2024,.T.);
#2734=ORIENTED_EDGE('',*,*,#2026,.F.);
#2735=ORIENTED_EDGE('',*,*,#2027,.T.);
#2736=ORIENTED_EDGE('',*,*,#2028,.F.);
#2737=ORIENTED_EDGE('',*,*,#2029,.T.);
#2738=ORIENTED_EDGE('',*,*,#2026,.T.);
#2739=ORIENTED_EDGE('',*,*,#2020,.T.);
#2740=ORIENTED_EDGE('',*,*,#2030,.F.);
#2741=ORIENTED_EDGE('',*,*,#2031,.T.);
#2742=ORIENTED_EDGE('',*,*,#2032,.F.);
#2743=ORIENTED_EDGE('',*,*,#1868,.T.);
#2744=ORIENTED_EDGE('',*,*,#2032,.T.);
#2745=ORIENTED_EDGE('',*,*,#2033,.T.);
#2746=ORIENTED_EDGE('',*,*,#2034,.F.);
#2747=ORIENTED_EDGE('',*,*,#2023,.T.);
#2748=ORIENTED_EDGE('',*,*,#2035,.F.);
#2749=ORIENTED_EDGE('',*,*,#2022,.T.);
#2750=ORIENTED_EDGE('',*,*,#2034,.T.);
#2751=ORIENTED_EDGE('',*,*,#2036,.T.);
#2752=ORIENTED_EDGE('',*,*,#2037,.F.);
#2753=ORIENTED_EDGE('',*,*,#1776,.T.);
#2754=ORIENTED_EDGE('',*,*,#2038,.T.);
#2755=ORIENTED_EDGE('',*,*,#2039,.T.);
#2756=ORIENTED_EDGE('',*,*,#2040,.F.);
#2757=ORIENTED_EDGE('',*,*,#2041,.F.);
#2758=ORIENTED_EDGE('',*,*,#2042,.F.);
#2759=ORIENTED_EDGE('',*,*,#2043,.F.);
#2760=ORIENTED_EDGE('',*,*,#2044,.F.);
#2761=ORIENTED_EDGE('',*,*,#1866,.T.);
#2762=ORIENTED_EDGE('',*,*,#2025,.F.);
#2763=ORIENTED_EDGE('',*,*,#2045,.T.);
#2764=ORIENTED_EDGE('',*,*,#2046,.F.);
#2765=ORIENTED_EDGE('',*,*,#2047,.F.);
#2766=ORIENTED_EDGE('',*,*,#2048,.F.);
#2767=ORIENTED_EDGE('',*,*,#2049,.F.);
#2768=ORIENTED_EDGE('',*,*,#2045,.F.);
#2769=ORIENTED_EDGE('',*,*,#2027,.F.);
#2770=ORIENTED_EDGE('',*,*,#2029,.F.);
#2771=ORIENTED_EDGE('',*,*,#2050,.F.);
#2772=ORIENTED_EDGE('',*,*,#2048,.T.);
#2773=ORIENTED_EDGE('',*,*,#2051,.T.);
#2774=ORIENTED_EDGE('',*,*,#1774,.T.);
#2775=ORIENTED_EDGE('',*,*,#2052,.F.);
#2776=ORIENTED_EDGE('',*,*,#2030,.T.);
#2777=ORIENTED_EDGE('',*,*,#2053,.F.);
#2778=ORIENTED_EDGE('',*,*,#2054,.F.);
#2779=ORIENTED_EDGE('',*,*,#2044,.T.);
#2780=ORIENTED_EDGE('',*,*,#2055,.F.);
#2781=ORIENTED_EDGE('',*,*,#2054,.T.);
#2782=ORIENTED_EDGE('',*,*,#2041,.T.);
#2783=ORIENTED_EDGE('',*,*,#2053,.T.);
#2784=ORIENTED_EDGE('',*,*,#1867,.T.);
#2785=ORIENTED_EDGE('',*,*,#2056,.F.);
#2786=ORIENTED_EDGE('',*,*,#2050,.T.);
#2787=ORIENTED_EDGE('',*,*,#2057,.F.);
#2788=ORIENTED_EDGE('',*,*,#2055,.T.);
#2789=ORIENTED_EDGE('',*,*,#2049,.T.);
#2790=ORIENTED_EDGE('',*,*,#2056,.T.);
#2791=ORIENTED_EDGE('',*,*,#2042,.T.);
#2792=ORIENTED_EDGE('',*,*,#2058,.F.);
#2793=ORIENTED_EDGE('',*,*,#2037,.T.);
#2794=ORIENTED_EDGE('',*,*,#2059,.F.);
#2795=ORIENTED_EDGE('',*,*,#2057,.T.);
#2796=ORIENTED_EDGE('',*,*,#1773,.T.);
#2797=ORIENTED_EDGE('',*,*,#2058,.T.);
#2798=ORIENTED_EDGE('',*,*,#2043,.T.);
#2799=ORIENTED_EDGE('',*,*,#2059,.T.);
#2800=ORIENTED_EDGE('',*,*,#2060,.T.);
#2801=ORIENTED_EDGE('',*,*,#2052,.T.);
#2802=ORIENTED_EDGE('',*,*,#2040,.T.);
#2803=ORIENTED_EDGE('',*,*,#2061,.F.);
#2804=ORIENTED_EDGE('',*,*,#2036,.F.);
#2805=ORIENTED_EDGE('',*,*,#2033,.F.);
#2806=ORIENTED_EDGE('',*,*,#2031,.F.);
#2807=ORIENTED_EDGE('',*,*,#2060,.F.);
#2808=ORIENTED_EDGE('',*,*,#2039,.F.);
#2809=ORIENTED_EDGE('',*,*,#2062,.F.);
#2810=ORIENTED_EDGE('',*,*,#2063,.F.);
#2811=ORIENTED_EDGE('',*,*,#2062,.T.);
#2812=ORIENTED_EDGE('',*,*,#2038,.F.);
#2813=ORIENTED_EDGE('',*,*,#2064,.T.);
#2814=ORIENTED_EDGE('',*,*,#2065,.F.);
#2815=ORIENTED_EDGE('',*,*,#2064,.F.);
#2816=ORIENTED_EDGE('',*,*,#1775,.T.);
#2817=ORIENTED_EDGE('',*,*,#2066,.F.);
#2818=ORIENTED_EDGE('',*,*,#2067,.F.);
#2819=ORIENTED_EDGE('',*,*,#2066,.T.);
#2820=ORIENTED_EDGE('',*,*,#2051,.F.);
#2821=ORIENTED_EDGE('',*,*,#2047,.T.);
#2822=ORIENTED_EDGE('',*,*,#2061,.T.);
#2823=ORIENTED_EDGE('',*,*,#2063,.T.);
#2824=ORIENTED_EDGE('',*,*,#2065,.T.);
#2825=ORIENTED_EDGE('',*,*,#2067,.T.);
#2826=ORIENTED_EDGE('',*,*,#2046,.T.);
#2827=ORIENTED_EDGE('',*,*,#2028,.T.);
#2828=ORIENTED_EDGE('',*,*,#2019,.T.);
#2829=ORIENTED_EDGE('',*,*,#2035,.T.);
#2830=ORIENTED_EDGE('',*,*,#2003,.T.);
#2831=ORIENTED_EDGE('',*,*,#2018,.T.);
#2832=ORIENTED_EDGE('',*,*,#2016,.T.);
#2833=ORIENTED_EDGE('',*,*,#1815,.T.);
#2834=ORIENTED_EDGE('',*,*,#2068,.T.);
#2835=ORIENTED_EDGE('',*,*,#2069,.F.);
#2836=ORIENTED_EDGE('',*,*,#2070,.T.);
#2837=ORIENTED_EDGE('',*,*,#2071,.F.);
#2838=ORIENTED_EDGE('',*,*,#2069,.T.);
#2839=ORIENTED_EDGE('',*,*,#2072,.F.);
#2840=ORIENTED_EDGE('',*,*,#2073,.T.);
#2841=ORIENTED_EDGE('',*,*,#2074,.T.);
#2842=ORIENTED_EDGE('',*,*,#2075,.T.);
#2843=ORIENTED_EDGE('',*,*,#2076,.F.);
#2844=ORIENTED_EDGE('',*,*,#2077,.F.);
#2845=ORIENTED_EDGE('',*,*,#2078,.F.);
#2846=ORIENTED_EDGE('',*,*,#2073,.F.);
#2847=ORIENTED_EDGE('',*,*,#2078,.T.);
#2848=ORIENTED_EDGE('',*,*,#2079,.F.);
#2849=ORIENTED_EDGE('',*,*,#2080,.F.);
#2850=ORIENTED_EDGE('',*,*,#2074,.F.);
#2851=ORIENTED_EDGE('',*,*,#2080,.T.);
#2852=ORIENTED_EDGE('',*,*,#2081,.F.);
#2853=ORIENTED_EDGE('',*,*,#2070,.F.);
#2854=ORIENTED_EDGE('',*,*,#2075,.F.);
#2855=ORIENTED_EDGE('',*,*,#2082,.F.);
#2856=ORIENTED_EDGE('',*,*,#2071,.T.);
#2857=ORIENTED_EDGE('',*,*,#2081,.T.);
#2858=ORIENTED_EDGE('',*,*,#2079,.T.);
#2859=ORIENTED_EDGE('',*,*,#2077,.T.);
#2860=ORIENTED_EDGE('',*,*,#2082,.T.);
#2861=ORIENTED_EDGE('',*,*,#2076,.T.);
#2862=ORIENTED_EDGE('',*,*,#2072,.T.);
#2863=ORIENTED_EDGE('',*,*,#2083,.T.);
#2864=ORIENTED_EDGE('',*,*,#2084,.T.);
#2865=ORIENTED_EDGE('',*,*,#2085,.F.);
#2866=ORIENTED_EDGE('',*,*,#2086,.F.);
#2867=ORIENTED_EDGE('',*,*,#2087,.T.);
#2868=ORIENTED_EDGE('',*,*,#2088,.F.);
#2869=ORIENTED_EDGE('',*,*,#2089,.T.);
#2870=ORIENTED_EDGE('',*,*,#2090,.T.);
#2871=ORIENTED_EDGE('',*,*,#2091,.T.);
#2872=ORIENTED_EDGE('',*,*,#2092,.T.);
#2873=ORIENTED_EDGE('',*,*,#2093,.F.);
#2874=ORIENTED_EDGE('',*,*,#2094,.F.);
#2875=ORIENTED_EDGE('',*,*,#2095,.F.);
#2876=ORIENTED_EDGE('',*,*,#2090,.F.);
#2877=ORIENTED_EDGE('',*,*,#2095,.T.);
#2878=ORIENTED_EDGE('',*,*,#2096,.F.);
#2879=ORIENTED_EDGE('',*,*,#2097,.F.);
#2880=ORIENTED_EDGE('',*,*,#2091,.F.);
#2881=ORIENTED_EDGE('',*,*,#2097,.T.);
#2882=ORIENTED_EDGE('',*,*,#2098,.F.);
#2883=ORIENTED_EDGE('',*,*,#2099,.F.);
#2884=ORIENTED_EDGE('',*,*,#2092,.F.);
#2885=ORIENTED_EDGE('',*,*,#2100,.T.);
#2886=ORIENTED_EDGE('',*,*,#2101,.F.);
#2887=ORIENTED_EDGE('',*,*,#2093,.T.);
#2888=ORIENTED_EDGE('',*,*,#2089,.F.);
#2889=ORIENTED_EDGE('',*,*,#2101,.T.);
#2890=ORIENTED_EDGE('',*,*,#2102,.F.);
#2891=ORIENTED_EDGE('',*,*,#2098,.T.);
#2892=ORIENTED_EDGE('',*,*,#2096,.T.);
#2893=ORIENTED_EDGE('',*,*,#2094,.T.);
#2894=ORIENTED_EDGE('',*,*,#2103,.F.);
#2895=ORIENTED_EDGE('',*,*,#2104,.F.);
#2896=ORIENTED_EDGE('',*,*,#2105,.F.);
#2897=ORIENTED_EDGE('',*,*,#2106,.F.);
#2898=ORIENTED_EDGE('',*,*,#2107,.F.);
#2899=ORIENTED_EDGE('',*,*,#2108,.F.);
#2900=ORIENTED_EDGE('',*,*,#2109,.F.);
#2901=ORIENTED_EDGE('',*,*,#2110,.T.);
#2902=ORIENTED_EDGE('',*,*,#2108,.T.);
#2903=ORIENTED_EDGE('',*,*,#2111,.T.);
#2904=ORIENTED_EDGE('',*,*,#2112,.T.);
#2905=ORIENTED_EDGE('',*,*,#2111,.F.);
#2906=ORIENTED_EDGE('',*,*,#2107,.T.);
#2907=ORIENTED_EDGE('',*,*,#2113,.T.);
#2908=ORIENTED_EDGE('',*,*,#2114,.T.);
#2909=ORIENTED_EDGE('',*,*,#2113,.F.);
#2910=ORIENTED_EDGE('',*,*,#2106,.T.);
#2911=ORIENTED_EDGE('',*,*,#2115,.T.);
#2912=ORIENTED_EDGE('',*,*,#2116,.T.);
#2913=ORIENTED_EDGE('',*,*,#2115,.F.);
#2914=ORIENTED_EDGE('',*,*,#2105,.T.);
#2915=ORIENTED_EDGE('',*,*,#2117,.T.);
#2916=ORIENTED_EDGE('',*,*,#2118,.T.);
#2917=ORIENTED_EDGE('',*,*,#2117,.F.);
#2918=ORIENTED_EDGE('',*,*,#2104,.T.);
#2919=ORIENTED_EDGE('',*,*,#2119,.T.);
#2920=ORIENTED_EDGE('',*,*,#2120,.T.);
#2921=ORIENTED_EDGE('',*,*,#2119,.F.);
#2922=ORIENTED_EDGE('',*,*,#2103,.T.);
#2923=ORIENTED_EDGE('',*,*,#2121,.F.);
#2924=ORIENTED_EDGE('',*,*,#2122,.T.);
#2925=ORIENTED_EDGE('',*,*,#2122,.F.);
#2926=ORIENTED_EDGE('',*,*,#2123,.F.);
#2927=ORIENTED_EDGE('',*,*,#2112,.F.);
#2928=ORIENTED_EDGE('',*,*,#2114,.F.);
#2929=ORIENTED_EDGE('',*,*,#2116,.F.);
#2930=ORIENTED_EDGE('',*,*,#2118,.F.);
#2931=ORIENTED_EDGE('',*,*,#2120,.F.);
#2932=ORIENTED_EDGE('',*,*,#2124,.F.);
#2933=ORIENTED_EDGE('',*,*,#2125,.F.);
#2934=ORIENTED_EDGE('',*,*,#2126,.F.);
#2935=ORIENTED_EDGE('',*,*,#2127,.F.);
#2936=ORIENTED_EDGE('',*,*,#2128,.F.);
#2937=ORIENTED_EDGE('',*,*,#2129,.F.);
#2938=ORIENTED_EDGE('',*,*,#2130,.F.);
#2939=ORIENTED_EDGE('',*,*,#2131,.F.);
#2940=ORIENTED_EDGE('',*,*,#2130,.T.);
#2941=ORIENTED_EDGE('',*,*,#2132,.T.);
#2942=ORIENTED_EDGE('',*,*,#2133,.T.);
#2943=ORIENTED_EDGE('',*,*,#2132,.F.);
#2944=ORIENTED_EDGE('',*,*,#2129,.T.);
#2945=ORIENTED_EDGE('',*,*,#2134,.T.);
#2946=ORIENTED_EDGE('',*,*,#2135,.T.);
#2947=ORIENTED_EDGE('',*,*,#2134,.F.);
#2948=ORIENTED_EDGE('',*,*,#2128,.T.);
#2949=ORIENTED_EDGE('',*,*,#2136,.T.);
#2950=ORIENTED_EDGE('',*,*,#2137,.T.);
#2951=ORIENTED_EDGE('',*,*,#2136,.F.);
#2952=ORIENTED_EDGE('',*,*,#2127,.T.);
#2953=ORIENTED_EDGE('',*,*,#2138,.T.);
#2954=ORIENTED_EDGE('',*,*,#2139,.T.);
#2955=ORIENTED_EDGE('',*,*,#2138,.F.);
#2956=ORIENTED_EDGE('',*,*,#2126,.T.);
#2957=ORIENTED_EDGE('',*,*,#2140,.T.);
#2958=ORIENTED_EDGE('',*,*,#2141,.T.);
#2959=ORIENTED_EDGE('',*,*,#2140,.F.);
#2960=ORIENTED_EDGE('',*,*,#2125,.T.);
#2961=ORIENTED_EDGE('',*,*,#2142,.T.);
#2962=ORIENTED_EDGE('',*,*,#2143,.T.);
#2963=ORIENTED_EDGE('',*,*,#2144,.F.);
#2964=ORIENTED_EDGE('',*,*,#2133,.F.);
#2965=ORIENTED_EDGE('',*,*,#2135,.F.);
#2966=ORIENTED_EDGE('',*,*,#2137,.F.);
#2967=ORIENTED_EDGE('',*,*,#2139,.F.);
#2968=ORIENTED_EDGE('',*,*,#2141,.F.);
#2969=ORIENTED_EDGE('',*,*,#2143,.F.);
#2970=ORIENTED_EDGE('',*,*,#2123,.T.);
#2971=ORIENTED_EDGE('',*,*,#2121,.T.);
#2972=ORIENTED_EDGE('',*,*,#2109,.T.);
#2973=ORIENTED_EDGE('',*,*,#2145,.T.);
#2974=ORIENTED_EDGE('',*,*,#2086,.T.);
#2975=ORIENTED_EDGE('',*,*,#2146,.T.);
#2976=ORIENTED_EDGE('',*,*,#2147,.T.);
#2977=ORIENTED_EDGE('',*,*,#2148,.T.);
#2978=ORIENTED_EDGE('',*,*,#2149,.T.);
#2979=ORIENTED_EDGE('',*,*,#2150,.T.);
#2980=ORIENTED_EDGE('',*,*,#2151,.T.);
#2981=ORIENTED_EDGE('',*,*,#2152,.T.);
#2982=ORIENTED_EDGE('',*,*,#2153,.T.);
#2983=ORIENTED_EDGE('',*,*,#2149,.F.);
#2984=ORIENTED_EDGE('',*,*,#2154,.T.);
#2985=ORIENTED_EDGE('',*,*,#2155,.T.);
#2986=ORIENTED_EDGE('',*,*,#2156,.T.);
#2987=ORIENTED_EDGE('',*,*,#2157,.T.);
#2988=ORIENTED_EDGE('',*,*,#2158,.T.);
#2989=ORIENTED_EDGE('',*,*,#2159,.T.);
#2990=ORIENTED_EDGE('',*,*,#2160,.F.);
#2991=ORIENTED_EDGE('',*,*,#2161,.F.);
#2992=ORIENTED_EDGE('',*,*,#2154,.F.);
#2993=ORIENTED_EDGE('',*,*,#2161,.T.);
#2994=ORIENTED_EDGE('',*,*,#2162,.F.);
#2995=ORIENTED_EDGE('',*,*,#2163,.F.);
#2996=ORIENTED_EDGE('',*,*,#2155,.F.);
#2997=ORIENTED_EDGE('',*,*,#2163,.T.);
#2998=ORIENTED_EDGE('',*,*,#2164,.F.);
#2999=ORIENTED_EDGE('',*,*,#2165,.F.);
#3000=ORIENTED_EDGE('',*,*,#2156,.F.);
#3001=ORIENTED_EDGE('',*,*,#2165,.T.);
#3002=ORIENTED_EDGE('',*,*,#2166,.F.);
#3003=ORIENTED_EDGE('',*,*,#2167,.F.);
#3004=ORIENTED_EDGE('',*,*,#2157,.F.);
#3005=ORIENTED_EDGE('',*,*,#2167,.T.);
#3006=ORIENTED_EDGE('',*,*,#2168,.F.);
#3007=ORIENTED_EDGE('',*,*,#2169,.F.);
#3008=ORIENTED_EDGE('',*,*,#2158,.F.);
#3009=ORIENTED_EDGE('',*,*,#2169,.T.);
#3010=ORIENTED_EDGE('',*,*,#2170,.F.);
#3011=ORIENTED_EDGE('',*,*,#2150,.F.);
#3012=ORIENTED_EDGE('',*,*,#2153,.F.);
#3013=ORIENTED_EDGE('',*,*,#2170,.T.);
#3014=ORIENTED_EDGE('',*,*,#2168,.T.);
#3015=ORIENTED_EDGE('',*,*,#2166,.T.);
#3016=ORIENTED_EDGE('',*,*,#2164,.T.);
#3017=ORIENTED_EDGE('',*,*,#2162,.T.);
#3018=ORIENTED_EDGE('',*,*,#2160,.T.);
#3019=ORIENTED_EDGE('',*,*,#2151,.F.);
#3020=ORIENTED_EDGE('',*,*,#2171,.F.);
#3021=ORIENTED_EDGE('',*,*,#2172,.T.);
#3022=ORIENTED_EDGE('',*,*,#2173,.T.);
#3023=ORIENTED_EDGE('',*,*,#2174,.T.);
#3024=ORIENTED_EDGE('',*,*,#2175,.T.);
#3025=ORIENTED_EDGE('',*,*,#2176,.T.);
#3026=ORIENTED_EDGE('',*,*,#2177,.T.);
#3027=ORIENTED_EDGE('',*,*,#2178,.F.);
#3028=ORIENTED_EDGE('',*,*,#2179,.F.);
#3029=ORIENTED_EDGE('',*,*,#2180,.F.);
#3030=ORIENTED_EDGE('',*,*,#2172,.F.);
#3031=ORIENTED_EDGE('',*,*,#2180,.T.);
#3032=ORIENTED_EDGE('',*,*,#2181,.F.);
#3033=ORIENTED_EDGE('',*,*,#2182,.F.);
#3034=ORIENTED_EDGE('',*,*,#2173,.F.);
#3035=ORIENTED_EDGE('',*,*,#2182,.T.);
#3036=ORIENTED_EDGE('',*,*,#2183,.F.);
#3037=ORIENTED_EDGE('',*,*,#2184,.F.);
#3038=ORIENTED_EDGE('',*,*,#2174,.F.);
#3039=ORIENTED_EDGE('',*,*,#2184,.T.);
#3040=ORIENTED_EDGE('',*,*,#2185,.F.);
#3041=ORIENTED_EDGE('',*,*,#2186,.F.);
#3042=ORIENTED_EDGE('',*,*,#2175,.F.);
#3043=ORIENTED_EDGE('',*,*,#2186,.T.);
#3044=ORIENTED_EDGE('',*,*,#2187,.F.);
#3045=ORIENTED_EDGE('',*,*,#2188,.F.);
#3046=ORIENTED_EDGE('',*,*,#2176,.F.);
#3047=ORIENTED_EDGE('',*,*,#2188,.T.);
#3048=ORIENTED_EDGE('',*,*,#2189,.F.);
#3049=ORIENTED_EDGE('',*,*,#2190,.T.);
#3050=ORIENTED_EDGE('',*,*,#2177,.F.);
#3051=ORIENTED_EDGE('',*,*,#2191,.F.);
#3052=ORIENTED_EDGE('',*,*,#2189,.T.);
#3053=ORIENTED_EDGE('',*,*,#2187,.T.);
#3054=ORIENTED_EDGE('',*,*,#2185,.T.);
#3055=ORIENTED_EDGE('',*,*,#2183,.T.);
#3056=ORIENTED_EDGE('',*,*,#2181,.T.);
#3057=ORIENTED_EDGE('',*,*,#2179,.T.);
#3058=ORIENTED_EDGE('',*,*,#2144,.T.);
#3059=ORIENTED_EDGE('',*,*,#2192,.T.);
#3060=ORIENTED_EDGE('',*,*,#2191,.T.);
#3061=ORIENTED_EDGE('',*,*,#2178,.T.);
#3062=ORIENTED_EDGE('',*,*,#2171,.T.);
#3063=ORIENTED_EDGE('',*,*,#2193,.T.);
#3064=ORIENTED_EDGE('',*,*,#2194,.T.);
#3065=ORIENTED_EDGE('',*,*,#2195,.F.);
#3066=ORIENTED_EDGE('',*,*,#2084,.F.);
#3067=ORIENTED_EDGE('',*,*,#2196,.T.);
#3068=ORIENTED_EDGE('',*,*,#2124,.T.);
#3069=ORIENTED_EDGE('',*,*,#2131,.T.);
#3070=ORIENTED_EDGE('',*,*,#2197,.F.);
#3071=ORIENTED_EDGE('',*,*,#2198,.F.);
#3072=ORIENTED_EDGE('',*,*,#2199,.F.);
#3073=ORIENTED_EDGE('',*,*,#2200,.F.);
#3074=ORIENTED_EDGE('',*,*,#2201,.F.);
#3075=ORIENTED_EDGE('',*,*,#2202,.F.);
#3076=ORIENTED_EDGE('',*,*,#2203,.F.);
#3077=ORIENTED_EDGE('',*,*,#2204,.F.);
#3078=ORIENTED_EDGE('',*,*,#2148,.F.);
#3079=ORIENTED_EDGE('',*,*,#2205,.F.);
#3080=ORIENTED_EDGE('',*,*,#2100,.F.);
#3081=ORIENTED_EDGE('',*,*,#2206,.F.);
#3082=ORIENTED_EDGE('',*,*,#2193,.F.);
#3083=ORIENTED_EDGE('',*,*,#2190,.F.);
#3084=ORIENTED_EDGE('',*,*,#2192,.F.);
#3085=ORIENTED_EDGE('',*,*,#2142,.F.);
#3086=ORIENTED_EDGE('',*,*,#2196,.F.);
#3087=ORIENTED_EDGE('',*,*,#2083,.F.);
#3088=ORIENTED_EDGE('',*,*,#2068,.F.);
#3089=ORIENTED_EDGE('',*,*,#2087,.F.);
#3090=ORIENTED_EDGE('',*,*,#2145,.F.);
#3091=ORIENTED_EDGE('',*,*,#2110,.F.);
#3092=ORIENTED_EDGE('',*,*,#2152,.F.);
#3093=ORIENTED_EDGE('',*,*,#2159,.F.);
#3094=ORIENTED_EDGE('',*,*,#2201,.T.);
#3095=ORIENTED_EDGE('',*,*,#2207,.F.);
#3096=ORIENTED_EDGE('',*,*,#2208,.F.);
#3097=ORIENTED_EDGE('',*,*,#2209,.F.);
#3098=ORIENTED_EDGE('',*,*,#2210,.F.);
#3099=ORIENTED_EDGE('',*,*,#2200,.T.);
#3100=ORIENTED_EDGE('',*,*,#2211,.T.);
#3101=ORIENTED_EDGE('',*,*,#2212,.F.);
#3102=ORIENTED_EDGE('',*,*,#2207,.T.);
#3103=ORIENTED_EDGE('',*,*,#2199,.T.);
#3104=ORIENTED_EDGE('',*,*,#2213,.F.);
#3105=ORIENTED_EDGE('',*,*,#2214,.F.);
#3106=ORIENTED_EDGE('',*,*,#2211,.F.);
#3107=ORIENTED_EDGE('',*,*,#2198,.T.);
#3108=ORIENTED_EDGE('',*,*,#2215,.T.);
#3109=ORIENTED_EDGE('',*,*,#2216,.F.);
#3110=ORIENTED_EDGE('',*,*,#2213,.T.);
#3111=ORIENTED_EDGE('',*,*,#2197,.T.);
#3112=ORIENTED_EDGE('',*,*,#2217,.F.);
#3113=ORIENTED_EDGE('',*,*,#2218,.F.);
#3114=ORIENTED_EDGE('',*,*,#2219,.F.);
#3115=ORIENTED_EDGE('',*,*,#2215,.F.);
#3116=ORIENTED_EDGE('',*,*,#2204,.T.);
#3117=ORIENTED_EDGE('',*,*,#2220,.T.);
#3118=ORIENTED_EDGE('',*,*,#2221,.T.);
#3119=ORIENTED_EDGE('',*,*,#2217,.T.);
#3120=ORIENTED_EDGE('',*,*,#2221,.F.);
#3121=ORIENTED_EDGE('',*,*,#2222,.T.);
#3122=ORIENTED_EDGE('',*,*,#2223,.T.);
#3123=ORIENTED_EDGE('',*,*,#2223,.F.);
#3124=ORIENTED_EDGE('',*,*,#2224,.T.);
#3125=ORIENTED_EDGE('',*,*,#2225,.T.);
#3126=ORIENTED_EDGE('',*,*,#2218,.T.);
#3127=ORIENTED_EDGE('',*,*,#2222,.F.);
#3128=ORIENTED_EDGE('',*,*,#2226,.T.);
#3129=ORIENTED_EDGE('',*,*,#2227,.F.);
#3130=ORIENTED_EDGE('',*,*,#2228,.T.);
#3131=ORIENTED_EDGE('',*,*,#2203,.T.);
#3132=ORIENTED_EDGE('',*,*,#2229,.F.);
#3133=ORIENTED_EDGE('',*,*,#2226,.F.);
#3134=ORIENTED_EDGE('',*,*,#2220,.F.);
#3135=ORIENTED_EDGE('',*,*,#2230,.T.);
#3136=ORIENTED_EDGE('',*,*,#2231,.T.);
#3137=ORIENTED_EDGE('',*,*,#2227,.T.);
#3138=ORIENTED_EDGE('',*,*,#2202,.T.);
#3139=ORIENTED_EDGE('',*,*,#2210,.T.);
#3140=ORIENTED_EDGE('',*,*,#2230,.F.);
#3141=ORIENTED_EDGE('',*,*,#2229,.T.);
#3142=ORIENTED_EDGE('',*,*,#2231,.F.);
#3143=ORIENTED_EDGE('',*,*,#2209,.T.);
#3144=ORIENTED_EDGE('',*,*,#2232,.T.);
#3145=ORIENTED_EDGE('',*,*,#2233,.T.);
#3146=ORIENTED_EDGE('',*,*,#2216,.T.);
#3147=ORIENTED_EDGE('',*,*,#2219,.T.);
#3148=ORIENTED_EDGE('',*,*,#2225,.F.);
#3149=ORIENTED_EDGE('',*,*,#2234,.T.);
#3150=ORIENTED_EDGE('',*,*,#2212,.T.);
#3151=ORIENTED_EDGE('',*,*,#2235,.T.);
#3152=ORIENTED_EDGE('',*,*,#2232,.F.);
#3153=ORIENTED_EDGE('',*,*,#2208,.T.);
#3154=ORIENTED_EDGE('',*,*,#2224,.F.);
#3155=ORIENTED_EDGE('',*,*,#2228,.F.);
#3156=ORIENTED_EDGE('',*,*,#2233,.F.);
#3157=ORIENTED_EDGE('',*,*,#2236,.F.);
#3158=ORIENTED_EDGE('',*,*,#2234,.F.);
#3159=ORIENTED_EDGE('',*,*,#2236,.T.);
#3160=ORIENTED_EDGE('',*,*,#2235,.F.);
#3161=ORIENTED_EDGE('',*,*,#2214,.T.);
#3162=ORIENTED_EDGE('',*,*,#2102,.T.);
#3163=ORIENTED_EDGE('',*,*,#2205,.T.);
#3164=ORIENTED_EDGE('',*,*,#2147,.F.);
#3165=ORIENTED_EDGE('',*,*,#2237,.F.);
#3166=ORIENTED_EDGE('',*,*,#2194,.F.);
#3167=ORIENTED_EDGE('',*,*,#2206,.T.);
#3168=ORIENTED_EDGE('',*,*,#2088,.T.);
#3169=ORIENTED_EDGE('',*,*,#2099,.T.);
#3170=ORIENTED_EDGE('',*,*,#2085,.T.);
#3171=ORIENTED_EDGE('',*,*,#2195,.T.);
#3172=ORIENTED_EDGE('',*,*,#2237,.T.);
#3173=ORIENTED_EDGE('',*,*,#2146,.F.);
#3174=CONICAL_SURFACE('',#3376,1.325,0.785398163397448);
#3175=CONICAL_SURFACE('',#3389,1.325,0.785398163397448);
#3176=CONICAL_SURFACE('',#3393,1.325,0.785398163397441);
#3177=CONICAL_SURFACE('',#3397,1.325,0.785398163397441);
#3178=CONICAL_SURFACE('',#3428,1.275,0.785398163397448);
#3179=CONICAL_SURFACE('',#3429,1.275,0.785398163397437);
#3180=CONICAL_SURFACE('',#3430,1.275,0.785398163397437);
#3181=CONICAL_SURFACE('',#3431,1.275,0.785398163397448);
#3182=CONICAL_SURFACE('',#3464,2.4,0.785398163397448);
#3183=CONICAL_SURFACE('',#3467,2.39999999999999,0.785398163397437);
#3184=CONICAL_SURFACE('',#3470,2.39999999999999,0.785398163397437);
#3185=CONICAL_SURFACE('',#3473,2.4,0.785398163397448);
#3186=ADVANCED_FACE('',(#221),#3174,.F.);
#3187=ADVANCED_FACE('',(#222,#62,#63,#64,#65,#66,#67,#68,#69),#89,.F.);
#3188=ADVANCED_FACE('',(#223),#29,.F.);
#3189=ADVANCED_FACE('',(#224),#3175,.F.);
#3190=ADVANCED_FACE('',(#225),#30,.F.);
#3191=ADVANCED_FACE('',(#226),#3176,.F.);
#3192=ADVANCED_FACE('',(#227),#31,.F.);
#3193=ADVANCED_FACE('',(#228),#3177,.F.);
#3194=ADVANCED_FACE('',(#229),#32,.F.);
#3195=ADVANCED_FACE('',(#230),#90,.T.);
#3196=ADVANCED_FACE('',(#231),#91,.T.);
#3197=ADVANCED_FACE('',(#232),#92,.T.);
#3198=ADVANCED_FACE('',(#233),#93,.T.);
#3199=ADVANCED_FACE('',(#234),#94,.F.);
#3200=ADVANCED_FACE('',(#235),#95,.T.);
#3201=ADVANCED_FACE('',(#236),#96,.T.);
#3202=ADVANCED_FACE('',(#237),#97,.T.);
#3203=ADVANCED_FACE('',(#238),#98,.T.);
#3204=ADVANCED_FACE('',(#239,#70),#99,.T.);
#3205=ADVANCED_FACE('',(#240),#100,.T.);
#3206=ADVANCED_FACE('',(#241),#101,.T.);
#3207=ADVANCED_FACE('',(#242),#102,.T.);
#3208=ADVANCED_FACE('',(#243),#103,.T.);
#3209=ADVANCED_FACE('',(#244),#104,.T.);
#3210=ADVANCED_FACE('',(#245),#105,.T.);
#3211=ADVANCED_FACE('',(#246),#106,.T.);
#3212=ADVANCED_FACE('',(#247),#107,.T.);
#3213=ADVANCED_FACE('',(#248),#108,.T.);
#3214=ADVANCED_FACE('',(#249),#109,.F.);
#3215=ADVANCED_FACE('',(#250),#110,.F.);
#3216=ADVANCED_FACE('',(#251),#111,.F.);
#3217=ADVANCED_FACE('',(#252,#71,#72,#73,#74,#75,#76,#77,#78),#112,.F.);
#3218=ADVANCED_FACE('',(#253),#3178,.F.);
#3219=ADVANCED_FACE('',(#254),#3179,.F.);
#3220=ADVANCED_FACE('',(#255),#3180,.F.);
#3221=ADVANCED_FACE('',(#256),#3181,.F.);
#3222=ADVANCED_FACE('',(#257),#113,.F.);
#3223=ADVANCED_FACE('',(#258),#114,.F.);
#3224=ADVANCED_FACE('',(#259),#115,.F.);
#3225=ADVANCED_FACE('',(#260),#116,.F.);
#3226=ADVANCED_FACE('',(#261),#117,.F.);
#3227=ADVANCED_FACE('',(#262),#118,.F.);
#3228=ADVANCED_FACE('',(#263,#79),#119,.F.);
#3229=ADVANCED_FACE('',(#264),#120,.F.);
#3230=ADVANCED_FACE('',(#265),#121,.F.);
#3231=ADVANCED_FACE('',(#266),#122,.F.);
#3232=ADVANCED_FACE('',(#267),#123,.F.);
#3233=ADVANCED_FACE('',(#268),#124,.F.);
#3234=ADVANCED_FACE('',(#269),#125,.F.);
#3235=ADVANCED_FACE('',(#270,#80),#126,.T.);
#3236=ADVANCED_FACE('',(#271),#127,.F.);
#3237=ADVANCED_FACE('',(#272),#128,.F.);
#3238=ADVANCED_FACE('',(#273),#129,.F.);
#3239=ADVANCED_FACE('',(#274),#130,.F.);
#3240=ADVANCED_FACE('',(#275),#131,.F.);
#3241=ADVANCED_FACE('',(#276),#132,.F.);
#3242=ADVANCED_FACE('',(#277,#81),#133,.F.);
#3243=ADVANCED_FACE('',(#278),#134,.F.);
#3244=ADVANCED_FACE('',(#279),#135,.F.);
#3245=ADVANCED_FACE('',(#280),#136,.F.);
#3246=ADVANCED_FACE('',(#281),#137,.F.);
#3247=ADVANCED_FACE('',(#282),#138,.F.);
#3248=ADVANCED_FACE('',(#283),#139,.F.);
#3249=ADVANCED_FACE('',(#284,#82),#140,.F.);
#3250=ADVANCED_FACE('',(#285),#3182,.F.);
#3251=ADVANCED_FACE('',(#286),#33,.F.);
#3252=ADVANCED_FACE('',(#287),#3183,.F.);
#3253=ADVANCED_FACE('',(#288),#34,.F.);
#3254=ADVANCED_FACE('',(#289),#3184,.F.);
#3255=ADVANCED_FACE('',(#290),#35,.F.);
#3256=ADVANCED_FACE('',(#291),#3185,.F.);
#3257=ADVANCED_FACE('',(#292),#36,.F.);
#3258=ADVANCED_FACE('',(#293),#37,.T.);
#3259=ADVANCED_FACE('',(#294),#141,.F.);
#3260=ADVANCED_FACE('',(#295),#142,.F.);
#3261=ADVANCED_FACE('',(#296),#38,.T.);
#3262=ADVANCED_FACE('',(#297),#143,.T.);
#3263=ADVANCED_FACE('',(#298),#144,.F.);
#3264=ADVANCED_FACE('',(#299),#39,.T.);
#3265=ADVANCED_FACE('',(#300),#145,.F.);
#3266=ADVANCED_FACE('',(#301),#146,.T.);
#3267=ADVANCED_FACE('',(#302),#40,.T.);
#3268=ADVANCED_FACE('',(#303),#147,.T.);
#3269=ADVANCED_FACE('',(#304),#148,.T.);
#3270=ADVANCED_FACE('',(#305,#83,#84),#149,.F.);
#3271=ADVANCED_FACE('',(#306),#150,.F.);
#3272=ADVANCED_FACE('',(#307),#151,.F.);
#3273=ADVANCED_FACE('',(#308),#152,.T.);
#3274=ADVANCED_FACE('',(#309),#153,.T.);
#3275=ADVANCED_FACE('',(#310),#154,.F.);
#3276=ADVANCED_FACE('',(#311),#155,.F.);
#3277=ADVANCED_FACE('',(#312),#156,.T.);
#3278=ADVANCED_FACE('',(#313),#157,.T.);
#3279=ADVANCED_FACE('',(#314,#85,#86),#158,.F.);
#3280=ADVANCED_FACE('',(#315),#159,.F.);
#3281=ADVANCED_FACE('',(#316),#160,.T.);
#3282=ADVANCED_FACE('',(#317),#41,.T.);
#3283=ADVANCED_FACE('',(#318),#25,.F.);
#3284=ADVANCED_FACE('',(#319),#42,.T.);
#3285=ADVANCED_FACE('',(#320),#43,.T.);
#3286=ADVANCED_FACE('',(#321),#26,.F.);
#3287=ADVANCED_FACE('',(#322),#44,.T.);
#3288=ADVANCED_FACE('',(#323),#45,.T.);
#3289=ADVANCED_FACE('',(#324),#161,.T.);
#3290=ADVANCED_FACE('',(#325),#46,.T.);
#3291=ADVANCED_FACE('',(#326),#162,.T.);
#3292=ADVANCED_FACE('',(#327),#47,.T.);
#3293=ADVANCED_FACE('',(#328),#17,.T.);
#3294=ADVANCED_FACE('',(#329),#18,.T.);
#3295=ADVANCED_FACE('',(#330),#48,.T.);
#3296=ADVANCED_FACE('',(#331),#19,.T.);
#3297=ADVANCED_FACE('',(#332),#49,.T.);
#3298=ADVANCED_FACE('',(#333),#20,.T.);
#3299=ADVANCED_FACE('',(#334),#50,.T.);
#3300=ADVANCED_FACE('',(#335),#51,.T.);
#3301=ADVANCED_FACE('',(#336),#163,.T.);
#3302=ADVANCED_FACE('',(#337),#52,.T.);
#3303=ADVANCED_FACE('',(#338),#164,.T.);
#3304=ADVANCED_FACE('',(#339),#53,.T.);
#3305=ADVANCED_FACE('',(#340,#87),#165,.T.);
#3306=ADVANCED_FACE('',(#341),#166,.T.);
#3307=ADVANCED_FACE('',(#342),#167,.T.);
#3308=ADVANCED_FACE('',(#343),#168,.T.);
#3309=ADVANCED_FACE('',(#344),#169,.T.);
#3310=ADVANCED_FACE('',(#345),#170,.T.);
#3311=ADVANCED_FACE('',(#346),#171,.T.);
#3312=ADVANCED_FACE('',(#347),#172,.F.);
#3313=ADVANCED_FACE('',(#348),#173,.T.);
#3314=ADVANCED_FACE('',(#349),#174,.T.);
#3315=ADVANCED_FACE('',(#350),#175,.T.);
#3316=ADVANCED_FACE('',(#351),#176,.T.);
#3317=ADVANCED_FACE('',(#352),#177,.T.);
#3318=ADVANCED_FACE('',(#353),#178,.T.);
#3319=ADVANCED_FACE('',(#354),#179,.F.);
#3320=ADVANCED_FACE('',(#355),#180,.F.);
#3321=ADVANCED_FACE('',(#356),#181,.F.);
#3322=ADVANCED_FACE('',(#357),#182,.F.);
#3323=ADVANCED_FACE('',(#358),#183,.F.);
#3324=ADVANCED_FACE('',(#359),#184,.F.);
#3325=ADVANCED_FACE('',(#360),#185,.F.);
#3326=ADVANCED_FACE('',(#361),#186,.F.);
#3327=ADVANCED_FACE('',(#362),#187,.F.);
#3328=ADVANCED_FACE('',(#363),#188,.F.);
#3329=ADVANCED_FACE('',(#364),#189,.F.);
#3330=ADVANCED_FACE('',(#365),#190,.F.);
#3331=ADVANCED_FACE('',(#366),#191,.F.);
#3332=ADVANCED_FACE('',(#367),#192,.F.);
#3333=ADVANCED_FACE('',(#368),#193,.F.);
#3334=ADVANCED_FACE('',(#369),#194,.F.);
#3335=ADVANCED_FACE('',(#370),#195,.F.);
#3336=ADVANCED_FACE('',(#371),#196,.T.);
#3337=ADVANCED_FACE('',(#372),#197,.T.);
#3338=ADVANCED_FACE('',(#373),#198,.T.);
#3339=ADVANCED_FACE('',(#374),#199,.T.);
#3340=ADVANCED_FACE('',(#375),#200,.T.);
#3341=ADVANCED_FACE('',(#376),#201,.T.);
#3342=ADVANCED_FACE('',(#377),#202,.T.);
#3343=ADVANCED_FACE('',(#378),#203,.T.);
#3344=ADVANCED_FACE('',(#379),#204,.T.);
#3345=ADVANCED_FACE('',(#380),#205,.T.);
#3346=ADVANCED_FACE('',(#381),#206,.T.);
#3347=ADVANCED_FACE('',(#382),#207,.T.);
#3348=ADVANCED_FACE('',(#383),#208,.T.);
#3349=ADVANCED_FACE('',(#384),#209,.T.);
#3350=ADVANCED_FACE('',(#385),#210,.T.);
#3351=ADVANCED_FACE('',(#386),#211,.T.);
#3352=ADVANCED_FACE('',(#387),#212,.F.);
#3353=ADVANCED_FACE('',(#388,#88),#213,.F.);
#3354=ADVANCED_FACE('',(#389),#214,.T.);
#3355=ADVANCED_FACE('',(#390),#54,.T.);
#3356=ADVANCED_FACE('',(#391),#215,.T.);
#3357=ADVANCED_FACE('',(#392),#55,.T.);
#3358=ADVANCED_FACE('',(#393),#216,.T.);
#3359=ADVANCED_FACE('',(#394),#56,.T.);
#3360=ADVANCED_FACE('',(#395),#21,.T.);
#3361=ADVANCED_FACE('',(#396),#57,.T.);
#3362=ADVANCED_FACE('',(#397),#58,.T.);
#3363=ADVANCED_FACE('',(#398),#217,.T.);
#3364=ADVANCED_FACE('',(#399),#22,.T.);
#3365=ADVANCED_FACE('',(#400),#59,.T.);
#3366=ADVANCED_FACE('',(#401),#60,.T.);
#3367=ADVANCED_FACE('',(#402),#27,.F.);
#3368=ADVANCED_FACE('',(#403),#28,.F.);
#3369=ADVANCED_FACE('',(#404),#218,.T.);
#3370=ADVANCED_FACE('',(#405),#61,.T.);
#3371=ADVANCED_FACE('',(#406),#219,.F.);
#3372=ADVANCED_FACE('',(#407),#220,.T.);
#3373=CLOSED_SHELL('',(#3186,#3187,#3188,#3189,#3190,#3191,#3192,#3193,
#3194,#3195,#3196,#3197,#3198,#3199,#3200,#3201,#3202,#3203,#3204,#3205,
#3206,#3207,#3208,#3209,#3210,#3211,#3212,#3213,#3214,#3215,#3216,#3217,
#3218,#3219,#3220,#3221,#3222,#3223,#3224,#3225,#3226,#3227,#3228,#3229,
#3230,#3231,#3232,#3233,#3234,#3235,#3236,#3237,#3238,#3239,#3240,#3241,
#3242,#3243,#3244,#3245,#3246,#3247,#3248,#3249,#3250,#3251,#3252,#3253,
#3254,#3255,#3256,#3257,#3258,#3259,#3260,#3261,#3262,#3263,#3264,#3265,
#3266,#3267,#3268,#3269,#3270,#3271,#3272,#3273,#3274,#3275,#3276,#3277,
#3278,#3279,#3280,#3281,#3282,#3283,#3284,#3285,#3286,#3287,#3288,#3289,
#3290,#3291,#3292,#3293,#3294,#3295,#3296,#3297,#3298,#3299,#3300,#3301,
#3302,#3303,#3304,#3305));
#3374=CLOSED_SHELL('',(#3306,#3307,#3308,#3309,#3310,#3311,#3312,#3313,
#3314,#3315,#3316,#3317,#3318,#3319,#3320,#3321,#3322,#3323,#3324,#3325,
#3326,#3327,#3328,#3329,#3330,#3331,#3332,#3333,#3334,#3335,#3336,#3337,
#3338,#3339,#3340,#3341,#3342,#3343,#3344,#3345,#3346,#3347,#3348,#3349,
#3350,#3351,#3352,#3353,#3354,#3355,#3356,#3357,#3358,#3359,#3360,#3361,
#3362,#3363,#3364,#3365,#3366,#3367,#3368,#3369,#3370,#3371,#3372));
#3375=AXIS2_PLACEMENT_3D('',#4555,#3639,#3640);
#3376=AXIS2_PLACEMENT_3D('',#4556,#3641,#3642);
#3377=AXIS2_PLACEMENT_3D('',#4558,#3643,#3644);
#3378=AXIS2_PLACEMENT_3D('',#4561,#3646,#3647);
#3379=AXIS2_PLACEMENT_3D('',#4562,#3648,#3649);
#3380=AXIS2_PLACEMENT_3D('',#4572,#3654,#3655);
#3381=AXIS2_PLACEMENT_3D('',#4574,#3656,#3657);
#3382=AXIS2_PLACEMENT_3D('',#4576,#3658,#3659);
#3383=AXIS2_PLACEMENT_3D('',#4578,#3660,#3661);
#3384=AXIS2_PLACEMENT_3D('',#4580,#3662,#3663);
#3385=AXIS2_PLACEMENT_3D('',#4582,#3664,#3665);
#3386=AXIS2_PLACEMENT_3D('',#4584,#3666,#3667);
#3387=AXIS2_PLACEMENT_3D('',#4585,#3668,#3669);
#3388=AXIS2_PLACEMENT_3D('',#4587,#3670,#3671);
#3389=AXIS2_PLACEMENT_3D('',#4589,#3673,#3674);
#3390=AXIS2_PLACEMENT_3D('',#4592,#3676,#3677);
#3391=AXIS2_PLACEMENT_3D('',#4593,#3678,#3679);
#3392=AXIS2_PLACEMENT_3D('',#4595,#3680,#3681);
#3393=AXIS2_PLACEMENT_3D('',#4597,#3683,#3684);
#3394=AXIS2_PLACEMENT_3D('',#4600,#3686,#3687);
#3395=AXIS2_PLACEMENT_3D('',#4601,#3688,#3689);
#3396=AXIS2_PLACEMENT_3D('',#4603,#3690,#3691);
#3397=AXIS2_PLACEMENT_3D('',#4605,#3693,#3694);
#3398=AXIS2_PLACEMENT_3D('',#4608,#3696,#3697);
#3399=AXIS2_PLACEMENT_3D('',#4609,#3698,#3699);
#3400=AXIS2_PLACEMENT_3D('',#4611,#3700,#3701);
#3401=AXIS2_PLACEMENT_3D('',#4613,#3703,#3704);
#3402=AXIS2_PLACEMENT_3D('',#4622,#3709,#3710);
#3403=AXIS2_PLACEMENT_3D('',#4628,#3714,#3715);
#3404=AXIS2_PLACEMENT_3D('',#4634,#3719,#3720);
#3405=AXIS2_PLACEMENT_3D('',#4636,#3722,#3723);
#3406=AXIS2_PLACEMENT_3D('',#4654,#3733,#3734);
#3407=AXIS2_PLACEMENT_3D('',#4663,#3739,#3740);
#3408=AXIS2_PLACEMENT_3D('',#4672,#3745,#3746);
#3409=AXIS2_PLACEMENT_3D('',#4675,#3749,#3750);
#3410=AXIS2_PLACEMENT_3D('',#4677,#3752,#3753);
#3411=AXIS2_PLACEMENT_3D('',#4705,#3769,#3770);
#3412=AXIS2_PLACEMENT_3D('',#4711,#3774,#3775);
#3413=AXIS2_PLACEMENT_3D('',#4715,#3778,#3779);
#3414=AXIS2_PLACEMENT_3D('',#4719,#3782,#3783);
#3415=AXIS2_PLACEMENT_3D('',#4721,#3785,#3786);
#3416=AXIS2_PLACEMENT_3D('',#4722,#3787,#3788);
#3417=AXIS2_PLACEMENT_3D('',#4728,#3792,#3793);
#3418=AXIS2_PLACEMENT_3D('',#4732,#3796,#3797);
#3419=AXIS2_PLACEMENT_3D('',#4736,#3800,#3801);
#3420=AXIS2_PLACEMENT_3D('',#4738,#3803,#3804);
#3421=AXIS2_PLACEMENT_3D('',#4742,#3807,#3808);
#3422=AXIS2_PLACEMENT_3D('',#4746,#3811,#3812);
#3423=AXIS2_PLACEMENT_3D('',#4748,#3814,#3815);
#3424=AXIS2_PLACEMENT_3D('',#4759,#3821,#3822);
#3425=AXIS2_PLACEMENT_3D('',#4761,#3823,#3824);
#3426=AXIS2_PLACEMENT_3D('',#4811,#3849,#3850);
#3427=AXIS2_PLACEMENT_3D('',#4813,#3851,#3852);
#3428=AXIS2_PLACEMENT_3D('',#4814,#3853,#3854);
#3429=AXIS2_PLACEMENT_3D('',#4816,#3856,#3857);
#3430=AXIS2_PLACEMENT_3D('',#4818,#3859,#3860);
#3431=AXIS2_PLACEMENT_3D('',#4820,#3862,#3863);
#3432=AXIS2_PLACEMENT_3D('',#4822,#3865,#3866);
#3433=AXIS2_PLACEMENT_3D('',#4828,#3870,#3871);
#3434=AXIS2_PLACEMENT_3D('',#4832,#3874,#3875);
#3435=AXIS2_PLACEMENT_3D('',#4836,#3878,#3879);
#3436=AXIS2_PLACEMENT_3D('',#4840,#3882,#3883);
#3437=AXIS2_PLACEMENT_3D('',#4844,#3886,#3887);
#3438=AXIS2_PLACEMENT_3D('',#4846,#3889,#3890);
#3439=AXIS2_PLACEMENT_3D('',#4848,#3891,#3892);
#3440=AXIS2_PLACEMENT_3D('',#4849,#3893,#3894);
#3441=AXIS2_PLACEMENT_3D('',#4855,#3898,#3899);
#3442=AXIS2_PLACEMENT_3D('',#4859,#3902,#3903);
#3443=AXIS2_PLACEMENT_3D('',#4863,#3906,#3907);
#3444=AXIS2_PLACEMENT_3D('',#4867,#3910,#3911);
#3445=AXIS2_PLACEMENT_3D('',#4871,#3914,#3915);
#3446=AXIS2_PLACEMENT_3D('',#4873,#3917,#3918);
#3447=AXIS2_PLACEMENT_3D('',#4875,#3919,#3920);
#3448=AXIS2_PLACEMENT_3D('',#4876,#3921,#3922);
#3449=AXIS2_PLACEMENT_3D('',#4882,#3926,#3927);
#3450=AXIS2_PLACEMENT_3D('',#4886,#3930,#3931);
#3451=AXIS2_PLACEMENT_3D('',#4890,#3934,#3935);
#3452=AXIS2_PLACEMENT_3D('',#4894,#3938,#3939);
#3453=AXIS2_PLACEMENT_3D('',#4898,#3942,#3943);
#3454=AXIS2_PLACEMENT_3D('',#4900,#3945,#3946);
#3455=AXIS2_PLACEMENT_3D('',#4902,#3947,#3948);
#3456=AXIS2_PLACEMENT_3D('',#4903,#3949,#3950);
#3457=AXIS2_PLACEMENT_3D('',#4909,#3954,#3955);
#3458=AXIS2_PLACEMENT_3D('',#4913,#3958,#3959);
#3459=AXIS2_PLACEMENT_3D('',#4917,#3962,#3963);
#3460=AXIS2_PLACEMENT_3D('',#4921,#3966,#3967);
#3461=AXIS2_PLACEMENT_3D('',#4925,#3970,#3971);
#3462=AXIS2_PLACEMENT_3D('',#4927,#3973,#3974);
#3463=AXIS2_PLACEMENT_3D('',#4929,#3975,#3976);
#3464=AXIS2_PLACEMENT_3D('',#4930,#3977,#3978);
#3465=AXIS2_PLACEMENT_3D('',#4933,#3980,#3981);
#3466=AXIS2_PLACEMENT_3D('',#4934,#3982,#3983);
#3467=AXIS2_PLACEMENT_3D('',#4936,#3985,#3986);
#3468=AXIS2_PLACEMENT_3D('',#4939,#3988,#3989);
#3469=AXIS2_PLACEMENT_3D('',#4940,#3990,#3991);
#3470=AXIS2_PLACEMENT_3D('',#4942,#3993,#3994);
#3471=AXIS2_PLACEMENT_3D('',#4945,#3996,#3997);
#3472=AXIS2_PLACEMENT_3D('',#4946,#3998,#3999);
#3473=AXIS2_PLACEMENT_3D('',#4948,#4001,#4002);
#3474=AXIS2_PLACEMENT_3D('',#4951,#4004,#4005);
#3475=AXIS2_PLACEMENT_3D('',#4952,#4006,#4007);
#3476=AXIS2_PLACEMENT_3D('',#4954,#4009,#4010);
#3477=AXIS2_PLACEMENT_3D('',#4957,#4011,#4012);
#3478=AXIS2_PLACEMENT_3D('',#4961,#4014,#4015);
#3479=AXIS2_PLACEMENT_3D('',#4963,#4017,#4018);
#3480=AXIS2_PLACEMENT_3D('',#4969,#4022,#4023);
#3481=AXIS2_PLACEMENT_3D('',#4973,#4026,#4027);
#3482=AXIS2_PLACEMENT_3D('',#4976,#4028,#4029);
#3483=AXIS2_PLACEMENT_3D('',#4980,#4031,#4032);
#3484=AXIS2_PLACEMENT_3D('',#4982,#4034,#4035);
#3485=AXIS2_PLACEMENT_3D('',#4988,#4039,#4040);
#3486=AXIS2_PLACEMENT_3D('',#4992,#4043,#4044);
#3487=AXIS2_PLACEMENT_3D('',#4995,#4045,#4046);
#3488=AXIS2_PLACEMENT_3D('',#4999,#4048,#4049);
#3489=AXIS2_PLACEMENT_3D('',#5001,#4051,#4052);
#3490=AXIS2_PLACEMENT_3D('',#5007,#4056,#4057);
#3491=AXIS2_PLACEMENT_3D('',#5011,#4060,#4061);
#3492=AXIS2_PLACEMENT_3D('',#5014,#4062,#4063);
#3493=AXIS2_PLACEMENT_3D('',#5018,#4065,#4066);
#3494=AXIS2_PLACEMENT_3D('',#5020,#4068,#4069);
#3495=AXIS2_PLACEMENT_3D('',#5026,#4073,#4074);
#3496=AXIS2_PLACEMENT_3D('',#5030,#4077,#4078);
#3497=AXIS2_PLACEMENT_3D('',#5040,#4085,#4086);
#3498=AXIS2_PLACEMENT_3D('',#5042,#4088,#4089);
#3499=AXIS2_PLACEMENT_3D('',#5043,#4090,#4091);
#3500=AXIS2_PLACEMENT_3D('',#5045,#4093,#4094);
#3501=AXIS2_PLACEMENT_3D('',#5046,#4095,#4096);
#3502=AXIS2_PLACEMENT_3D('',#5050,#4099,#4100);
#3503=AXIS2_PLACEMENT_3D('',#5052,#4102,#4103);
#3504=AXIS2_PLACEMENT_3D('',#5056,#4106,#4107);
#3505=AXIS2_PLACEMENT_3D('',#5058,#4109,#4110);
#3506=AXIS2_PLACEMENT_3D('',#5062,#4113,#4114);
#3507=AXIS2_PLACEMENT_3D('',#5064,#4116,#4117);
#3508=AXIS2_PLACEMENT_3D('',#5073,#4122,#4123);
#3509=AXIS2_PLACEMENT_3D('',#5074,#4124,#4125);
#3510=AXIS2_PLACEMENT_3D('',#5075,#4126,#4127);
#3511=AXIS2_PLACEMENT_3D('',#5086,#4128,#4129);
#3512=AXIS2_PLACEMENT_3D('',#5088,#4130,#4131);
#3513=AXIS2_PLACEMENT_3D('',#5089,#4132,#4133);
#3514=AXIS2_PLACEMENT_3D('',#5090,#4134,#4135);
#3515=AXIS2_PLACEMENT_3D('',#5092,#4136,#4137);
#3516=AXIS2_PLACEMENT_3D('',#5094,#4139,#4140);
#3517=AXIS2_PLACEMENT_3D('',#5096,#4141,#4142);
#3518=AXIS2_PLACEMENT_3D('',#5099,#4144,#4145);
#3519=AXIS2_PLACEMENT_3D('',#5110,#4146,#4147);
#3520=AXIS2_PLACEMENT_3D('',#5111,#4148,#4149);
#3521=AXIS2_PLACEMENT_3D('',#5112,#4150,#4151);
#3522=AXIS2_PLACEMENT_3D('',#5114,#4152,#4153);
#3523=AXIS2_PLACEMENT_3D('',#5116,#4155,#4156);
#3524=AXIS2_PLACEMENT_3D('',#5118,#4157,#4158);
#3525=AXIS2_PLACEMENT_3D('',#5120,#4159,#4160);
#3526=AXIS2_PLACEMENT_3D('',#5122,#4162,#4163);
#3527=AXIS2_PLACEMENT_3D('',#5131,#4168,#4169);
#3528=AXIS2_PLACEMENT_3D('',#5133,#4170,#4171);
#3529=AXIS2_PLACEMENT_3D('',#5135,#4173,#4174);
#3530=AXIS2_PLACEMENT_3D('',#5143,#4179,#4180);
#3531=AXIS2_PLACEMENT_3D('',#5144,#4181,#4182);
#3532=AXIS2_PLACEMENT_3D('',#5145,#4183,#4184);
#3533=AXIS2_PLACEMENT_3D('',#5146,#4185,#4186);
#3534=AXIS2_PLACEMENT_3D('',#5147,#4187,#4188);
#3535=AXIS2_PLACEMENT_3D('',#5148,#4189,#4190);
#3536=AXIS2_PLACEMENT_3D('',#5149,#4191,#4192);
#3537=AXIS2_PLACEMENT_3D('',#5150,#4193,#4194);
#3538=AXIS2_PLACEMENT_3D('',#5151,#4195,#4196);
#3539=AXIS2_PLACEMENT_3D('',#5152,#4197,#4198);
#3540=AXIS2_PLACEMENT_3D('',#5153,#4199,#4200);
#3541=AXIS2_PLACEMENT_3D('',#5154,#4201,#4202);
#3542=AXIS2_PLACEMENT_3D('',#5155,#4203,#4204);
#3543=AXIS2_PLACEMENT_3D('',#5156,#4205,#4206);
#3544=AXIS2_PLACEMENT_3D('',#5157,#4207,#4208);
#3545=AXIS2_PLACEMENT_3D('',#5158,#4209,#4210);
#3546=AXIS2_PLACEMENT_3D('',#5159,#4211,#4212);
#3547=AXIS2_PLACEMENT_3D('',#5160,#4213,#4214);
#3548=AXIS2_PLACEMENT_3D('',#5161,#4215,#4216);
#3549=AXIS2_PLACEMENT_3D('',#5163,#4218,#4219);
#3550=AXIS2_PLACEMENT_3D('',#5167,#4222,#4223);
#3551=AXIS2_PLACEMENT_3D('',#5169,#4224,#4225);
#3552=AXIS2_PLACEMENT_3D('',#5171,#4227,#4228);
#3553=AXIS2_PLACEMENT_3D('',#5175,#4231,#4232);
#3554=AXIS2_PLACEMENT_3D('',#5176,#4233,#4234);
#3555=AXIS2_PLACEMENT_3D('',#5177,#4235,#4236);
#3556=AXIS2_PLACEMENT_3D('',#5178,#4237,#4238);
#3557=AXIS2_PLACEMENT_3D('',#5187,#4243,#4244);
#3558=AXIS2_PLACEMENT_3D('',#5195,#4249,#4250);
#3559=AXIS2_PLACEMENT_3D('',#5201,#4254,#4255);
#3560=AXIS2_PLACEMENT_3D('',#5205,#4258,#4259);
#3561=AXIS2_PLACEMENT_3D('',#5207,#4261,#4262);
#3562=AXIS2_PLACEMENT_3D('',#5209,#4264,#4265);
#3563=AXIS2_PLACEMENT_3D('',#5219,#4271,#4272);
#3564=AXIS2_PLACEMENT_3D('',#5230,#4278,#4279);
#3565=AXIS2_PLACEMENT_3D('',#5236,#4283,#4284);
#3566=AXIS2_PLACEMENT_3D('',#5240,#4287,#4288);
#3567=AXIS2_PLACEMENT_3D('',#5244,#4291,#4292);
#3568=AXIS2_PLACEMENT_3D('',#5248,#4295,#4296);
#3569=AXIS2_PLACEMENT_3D('',#5250,#4298,#4299);
#3570=AXIS2_PLACEMENT_3D('',#5265,#4307,#4308);
#3571=AXIS2_PLACEMENT_3D('',#5271,#4312,#4313);
#3572=AXIS2_PLACEMENT_3D('',#5275,#4316,#4317);
#3573=AXIS2_PLACEMENT_3D('',#5279,#4320,#4321);
#3574=AXIS2_PLACEMENT_3D('',#5283,#4324,#4325);
#3575=AXIS2_PLACEMENT_3D('',#5287,#4328,#4329);
#3576=AXIS2_PLACEMENT_3D('',#5291,#4332,#4333);
#3577=AXIS2_PLACEMENT_3D('',#5293,#4335,#4336);
#3578=AXIS2_PLACEMENT_3D('',#5308,#4344,#4345);
#3579=AXIS2_PLACEMENT_3D('',#5314,#4349,#4350);
#3580=AXIS2_PLACEMENT_3D('',#5318,#4353,#4354);
#3581=AXIS2_PLACEMENT_3D('',#5322,#4357,#4358);
#3582=AXIS2_PLACEMENT_3D('',#5326,#4361,#4362);
#3583=AXIS2_PLACEMENT_3D('',#5330,#4365,#4366);
#3584=AXIS2_PLACEMENT_3D('',#5334,#4369,#4370);
#3585=AXIS2_PLACEMENT_3D('',#5336,#4372,#4373);
#3586=AXIS2_PLACEMENT_3D('',#5351,#4382,#4383);
#3587=AXIS2_PLACEMENT_3D('',#5363,#4390,#4391);
#3588=AXIS2_PLACEMENT_3D('',#5368,#4395,#4396);
#3589=AXIS2_PLACEMENT_3D('',#5372,#4399,#4400);
#3590=AXIS2_PLACEMENT_3D('',#5376,#4403,#4404);
#3591=AXIS2_PLACEMENT_3D('',#5380,#4407,#4408);
#3592=AXIS2_PLACEMENT_3D('',#5384,#4411,#4412);
#3593=AXIS2_PLACEMENT_3D('',#5386,#4414,#4415);
#3594=AXIS2_PLACEMENT_3D('',#5387,#4416,#4417);
#3595=AXIS2_PLACEMENT_3D('',#5402,#4425,#4426);
#3596=AXIS2_PLACEMENT_3D('',#5408,#4430,#4431);
#3597=AXIS2_PLACEMENT_3D('',#5412,#4434,#4435);
#3598=AXIS2_PLACEMENT_3D('',#5416,#4438,#4439);
#3599=AXIS2_PLACEMENT_3D('',#5420,#4442,#4443);
#3600=AXIS2_PLACEMENT_3D('',#5424,#4446,#4447);
#3601=AXIS2_PLACEMENT_3D('',#5428,#4450,#4451);
#3602=AXIS2_PLACEMENT_3D('',#5430,#4453,#4454);
#3603=AXIS2_PLACEMENT_3D('',#5438,#4460,#4461);
#3604=AXIS2_PLACEMENT_3D('',#5443,#4463,#4464);
#3605=AXIS2_PLACEMENT_3D('',#5447,#4466,#4467);
#3606=AXIS2_PLACEMENT_3D('',#5451,#4469,#4470);
#3607=AXIS2_PLACEMENT_3D('',#5454,#4472,#4473);
#3608=AXIS2_PLACEMENT_3D('',#5457,#4476,#4477);
#3609=AXIS2_PLACEMENT_3D('',#5461,#4479,#4480);
#3610=AXIS2_PLACEMENT_3D('',#5465,#4483,#4484);
#3611=AXIS2_PLACEMENT_3D('',#5468,#4486,#4487);
#3612=AXIS2_PLACEMENT_3D('',#5469,#4488,#4489);
#3613=AXIS2_PLACEMENT_3D('',#5473,#4492,#4493);
#3614=AXIS2_PLACEMENT_3D('',#5476,#4495,#4496);
#3615=AXIS2_PLACEMENT_3D('',#5477,#4497,#4498);
#3616=AXIS2_PLACEMENT_3D('',#5482,#4501,#4502);
#3617=AXIS2_PLACEMENT_3D('',#5483,#4503,#4504);
#3618=AXIS2_PLACEMENT_3D('',#5486,#4506,#4507);
#3619=AXIS2_PLACEMENT_3D('',#5487,#4508,#4509);
#3620=AXIS2_PLACEMENT_3D('',#5489,#4510,#4511);
#3621=AXIS2_PLACEMENT_3D('',#5490,#4512,#4513);
#3622=AXIS2_PLACEMENT_3D('',#5491,#4514,#4515);
#3623=AXIS2_PLACEMENT_3D('',#5494,#4517,#4518);
#3624=AXIS2_PLACEMENT_3D('',#5495,#4519,#4520);
#3625=AXIS2_PLACEMENT_3D('',#5499,#4522,#4523);
#3626=AXIS2_PLACEMENT_3D('',#5501,#4525,#4526);
#3627=AXIS2_PLACEMENT_3D('',#5503,#4528,#4529);
#3628=AXIS2_PLACEMENT_3D('',#5504,#4530,#4531);
#3629=AXIS2_PLACEMENT_3D('',#5505,#4532,#4533);
#3630=AXIS2_PLACEMENT_3D('',#5506,#4534,#4535);
#3631=AXIS2_PLACEMENT_3D('',#5507,#4536,#4537);
#3632=AXIS2_PLACEMENT_3D('',#5509,#4538,#4539);
#3633=AXIS2_PLACEMENT_3D('',#5520,#4541,#4542);
#3634=AXIS2_PLACEMENT_3D('',#5530,#4543,#4544);
#3635=AXIS2_PLACEMENT_3D('',#5531,#4545,#4546);
#3636=AXIS2_PLACEMENT_3D('',#5533,#4548,#4549);
#3637=AXIS2_PLACEMENT_3D('',#5534,#4550,#4551);
#3638=AXIS2_PLACEMENT_3D('',#5536,#4553,#4554);
#3639=DIRECTION('axis',(0.,0.,1.));
#3640=DIRECTION('refdir',(1.,0.,0.));
#3641=DIRECTION('center_axis',(0.,0.,1.));
#3642=DIRECTION('ref_axis',(1.,0.,0.));
#3643=DIRECTION('center_axis',(0.,0.,1.));
#3644=DIRECTION('ref_axis',(1.,0.,0.));
#3645=DIRECTION('',(0.707106781186548,8.65956056235493E-17,-0.707106781186548));
#3646=DIRECTION('center_axis',(0.,0.,-1.));
#3647=DIRECTION('ref_axis',(1.,0.,0.));
#3648=DIRECTION('center_axis',(0.,0.,-1.));
#3649=DIRECTION('ref_axis',(-1.,0.,0.));
#3650=DIRECTION('',(0.,1.,0.));
#3651=DIRECTION('',(-1.,0.,0.));
#3652=DIRECTION('',(0.,-1.,0.));
#3653=DIRECTION('',(1.,0.,0.));
#3654=DIRECTION('center_axis',(0.,0.,1.));
#3655=DIRECTION('ref_axis',(1.,0.,0.));
#3656=DIRECTION('center_axis',(0.,0.,1.));
#3657=DIRECTION('ref_axis',(1.,0.,0.));
#3658=DIRECTION('center_axis',(0.,0.,1.));
#3659=DIRECTION('ref_axis',(-1.,0.,0.));
#3660=DIRECTION('center_axis',(0.,0.,1.));
#3661=DIRECTION('ref_axis',(-1.,0.,0.));
#3662=DIRECTION('center_axis',(0.,0.,1.));
#3663=DIRECTION('ref_axis',(-1.,0.,0.));
#3664=DIRECTION('center_axis',(0.,0.,1.));
#3665=DIRECTION('ref_axis',(-1.,0.,0.));
#3666=DIRECTION('center_axis',(0.,0.,1.));
#3667=DIRECTION('ref_axis',(1.,0.,0.));
#3668=DIRECTION('center_axis',(0.,0.,1.));
#3669=DIRECTION('ref_axis',(1.,0.,0.));
#3670=DIRECTION('center_axis',(0.,0.,1.));
#3671=DIRECTION('ref_axis',(1.,0.,0.));
#3672=DIRECTION('',(0.,0.,1.));
#3673=DIRECTION('center_axis',(0.,0.,1.));
#3674=DIRECTION('ref_axis',(1.,0.,0.));
#3675=DIRECTION('',(0.707106781186548,8.65956056235493E-17,-0.707106781186548));
#3676=DIRECTION('center_axis',(0.,0.,-1.));
#3677=DIRECTION('ref_axis',(1.,0.,0.));
#3678=DIRECTION('center_axis',(0.,0.,1.));
#3679=DIRECTION('ref_axis',(1.,0.,0.));
#3680=DIRECTION('center_axis',(0.,0.,1.));
#3681=DIRECTION('ref_axis',(1.,0.,0.));
#3682=DIRECTION('',(0.,0.,1.));
#3683=DIRECTION('center_axis',(0.,0.,1.));
#3684=DIRECTION('ref_axis',(1.,0.,0.));
#3685=DIRECTION('',(0.707106781186542,8.65956056235487E-17,-0.707106781186553));
#3686=DIRECTION('center_axis',(0.,0.,-1.));
#3687=DIRECTION('ref_axis',(1.,0.,0.));
#3688=DIRECTION('center_axis',(0.,0.,1.));
#3689=DIRECTION('ref_axis',(1.,0.,0.));
#3690=DIRECTION('center_axis',(0.,0.,1.));
#3691=DIRECTION('ref_axis',(1.,0.,0.));
#3692=DIRECTION('',(0.,0.,1.));
#3693=DIRECTION('center_axis',(0.,0.,1.));
#3694=DIRECTION('ref_axis',(1.,0.,0.));
#3695=DIRECTION('',(0.707106781186542,8.65956056235487E-17,-0.707106781186553));
#3696=DIRECTION('center_axis',(0.,0.,-1.));
#3697=DIRECTION('ref_axis',(1.,0.,0.));
#3698=DIRECTION('center_axis',(0.,0.,1.));
#3699=DIRECTION('ref_axis',(1.,0.,0.));
#3700=DIRECTION('center_axis',(0.,0.,1.));
#3701=DIRECTION('ref_axis',(1.,0.,0.));
#3702=DIRECTION('',(0.,0.,1.));
#3703=DIRECTION('center_axis',(1.,0.,0.));
#3704=DIRECTION('ref_axis',(0.,1.,0.));
#3705=DIRECTION('',(0.,-1.,0.));
#3706=DIRECTION('',(0.,0.,-1.));
#3707=DIRECTION('',(0.,1.,0.));
#3708=DIRECTION('',(0.,0.,1.));
#3709=DIRECTION('center_axis',(0.,-1.,0.));
#3710=DIRECTION('ref_axis',(1.,0.,0.));
#3711=DIRECTION('',(-1.,0.,0.));
#3712=DIRECTION('',(1.,0.,0.));
#3713=DIRECTION('',(0.,0.,1.));
#3714=DIRECTION('center_axis',(-1.,0.,0.));
#3715=DIRECTION('ref_axis',(0.,-1.,0.));
#3716=DIRECTION('',(0.,1.,0.));
#3717=DIRECTION('',(0.,-1.,0.));
#3718=DIRECTION('',(0.,0.,1.));
#3719=DIRECTION('center_axis',(0.,0.,1.));
#3720=DIRECTION('ref_axis',(1.,0.,0.));
#3721=DIRECTION('',(1.,0.,0.));
#3722=DIRECTION('center_axis',(0.,1.,0.));
#3723=DIRECTION('ref_axis',(-1.,0.,0.));
#3724=DIRECTION('',(1.,0.,0.));
#3725=DIRECTION('',(0.,0.,-1.));
#3726=DIRECTION('',(-1.,0.,0.));
#3727=DIRECTION('',(0.,0.,-1.));
#3728=DIRECTION('',(1.,0.,0.));
#3729=DIRECTION('',(0.,0.,1.));
#3730=DIRECTION('',(-1.,0.,0.));
#3731=DIRECTION('',(0.,0.,-1.));
#3732=DIRECTION('',(1.,0.,0.));
#3733=DIRECTION('center_axis',(1.,0.,0.));
#3734=DIRECTION('ref_axis',(0.,1.,0.));
#3735=DIRECTION('',(0.,-1.,0.));
#3736=DIRECTION('',(0.,0.,1.));
#3737=DIRECTION('',(0.,1.,0.));
#3738=DIRECTION('',(0.,0.,1.));
#3739=DIRECTION('center_axis',(-1.,0.,0.));
#3740=DIRECTION('ref_axis',(0.,-1.,0.));
#3741=DIRECTION('',(0.,1.,0.));
#3742=DIRECTION('',(0.,0.,-1.));
#3743=DIRECTION('',(0.,-1.,0.));
#3744=DIRECTION('',(0.,0.,1.));
#3745=DIRECTION('center_axis',(0.,1.,0.));
#3746=DIRECTION('ref_axis',(-1.,0.,0.));
#3747=DIRECTION('',(1.,0.,0.));
#3748=DIRECTION('',(-1.,0.,0.));
#3749=DIRECTION('center_axis',(0.,0.,1.));
#3750=DIRECTION('ref_axis',(1.,0.,0.));
#3751=DIRECTION('',(-1.,0.,0.));
#3752=DIRECTION('center_axis',(0.,0.,1.));
#3753=DIRECTION('ref_axis',(1.,0.,0.));
#3754=DIRECTION('',(0.,1.,0.));
#3755=DIRECTION('',(-1.,0.,0.));
#3756=DIRECTION('',(-1.,0.,0.));
#3757=DIRECTION('',(0.,1.,0.));
#3758=DIRECTION('',(1.,0.,0.));
#3759=DIRECTION('',(0.,-1.,0.));
#3760=DIRECTION('',(-1.,0.,0.));
#3761=DIRECTION('',(0.,-1.,0.));
#3762=DIRECTION('',(0.,-1.,0.));
#3763=DIRECTION('',(-1.,0.,0.));
#3764=DIRECTION('',(0.,1.,0.));
#3765=DIRECTION('',(0.,-1.,0.));
#3766=DIRECTION('',(-1.,0.,0.));
#3767=DIRECTION('',(0.,1.,0.));
#3768=DIRECTION('',(1.,0.,0.));
#3769=DIRECTION('center_axis',(1.,0.,0.));
#3770=DIRECTION('ref_axis',(0.,1.,0.));
#3771=DIRECTION('',(0.,0.,1.));
#3772=DIRECTION('',(0.,1.,0.));
#3773=DIRECTION('',(0.,0.,1.));
#3774=DIRECTION('center_axis',(0.,-1.,0.));
#3775=DIRECTION('ref_axis',(1.,0.,0.));
#3776=DIRECTION('',(1.,0.,0.));
#3777=DIRECTION('',(0.,0.,1.));
#3778=DIRECTION('center_axis',(-1.,0.,0.));
#3779=DIRECTION('ref_axis',(0.,-1.,0.));
#3780=DIRECTION('',(0.,-1.,0.));
#3781=DIRECTION('',(0.,0.,1.));
#3782=DIRECTION('center_axis',(0.,1.,0.));
#3783=DIRECTION('ref_axis',(-1.,0.,0.));
#3784=DIRECTION('',(-1.,0.,0.));
#3785=DIRECTION('center_axis',(0.,0.,1.));
#3786=DIRECTION('ref_axis',(1.,0.,0.));
#3787=DIRECTION('center_axis',(-1.,0.,0.));
#3788=DIRECTION('ref_axis',(0.,-1.,0.));
#3789=DIRECTION('',(0.,0.,-1.));
#3790=DIRECTION('',(0.,-1.,0.));
#3791=DIRECTION('',(0.,0.,1.));
#3792=DIRECTION('center_axis',(0.,1.,0.));
#3793=DIRECTION('ref_axis',(-1.,0.,0.));
#3794=DIRECTION('',(-1.,0.,0.));
#3795=DIRECTION('',(0.,0.,1.));
#3796=DIRECTION('center_axis',(1.,0.,0.));
#3797=DIRECTION('ref_axis',(0.,1.,0.));
#3798=DIRECTION('',(0.,1.,0.));
#3799=DIRECTION('',(0.,0.,1.));
#3800=DIRECTION('center_axis',(0.,0.,1.));
#3801=DIRECTION('ref_axis',(1.,0.,0.));
#3802=DIRECTION('',(-1.,0.,0.));
#3803=DIRECTION('center_axis',(1.,0.,0.));
#3804=DIRECTION('ref_axis',(0.,-1.,0.));
#3805=DIRECTION('',(0.,1.,0.));
#3806=DIRECTION('',(0.,0.,-1.));
#3807=DIRECTION('center_axis',(-1.,0.,0.));
#3808=DIRECTION('ref_axis',(0.,1.,0.));
#3809=DIRECTION('',(0.,-1.,0.));
#3810=DIRECTION('',(0.,0.,-1.));
#3811=DIRECTION('center_axis',(0.,-1.,0.));
#3812=DIRECTION('ref_axis',(-1.,0.,0.));
#3813=DIRECTION('',(1.,0.,0.));
#3814=DIRECTION('center_axis',(0.,0.,1.));
#3815=DIRECTION('ref_axis',(1.,0.,0.));
#3816=DIRECTION('',(0.,1.,0.));
#3817=DIRECTION('',(1.,0.,0.));
#3818=DIRECTION('',(0.,-1.,0.));
#3819=DIRECTION('',(-1.,0.,0.));
#3820=DIRECTION('',(0.,1.,0.));
#3821=DIRECTION('center_axis',(0.,0.,-1.));
#3822=DIRECTION('ref_axis',(1.,0.,0.));
#3823=DIRECTION('center_axis',(0.,0.,-1.));
#3824=DIRECTION('ref_axis',(1.,0.,0.));
#3825=DIRECTION('',(-0.5,0.866025403784438,0.));
#3826=DIRECTION('',(-1.,9.38030578723689E-16,0.));
#3827=DIRECTION('',(-0.5,-0.866025403784439,0.));
#3828=DIRECTION('',(0.5,-0.866025403784439,0.));
#3829=DIRECTION('',(1.,0.,0.));
#3830=DIRECTION('',(0.5,0.866025403784439,0.));
#3831=DIRECTION('',(-0.5,0.866025403784439,0.));
#3832=DIRECTION('',(-1.,9.38030578723688E-16,0.));
#3833=DIRECTION('',(-0.499999999999998,-0.86602540378444,0.));
#3834=DIRECTION('',(0.499999999999998,-0.86602540378444,0.));
#3835=DIRECTION('',(1.,0.,0.));
#3836=DIRECTION('',(0.499999999999999,0.866025403784439,0.));
#3837=DIRECTION('',(-0.5,0.866025403784439,0.));
#3838=DIRECTION('',(-1.,9.38030578723688E-16,0.));
#3839=DIRECTION('',(-0.499999999999998,-0.86602540378444,0.));
#3840=DIRECTION('',(0.499999999999998,-0.86602540378444,0.));
#3841=DIRECTION('',(1.,0.,0.));
#3842=DIRECTION('',(0.5,0.866025403784439,0.));
#3843=DIRECTION('',(-0.5,0.866025403784439,0.));
#3844=DIRECTION('',(-1.,9.38030578723689E-16,0.));
#3845=DIRECTION('',(-0.5,-0.866025403784439,0.));
#3846=DIRECTION('',(0.5,-0.866025403784439,0.));
#3847=DIRECTION('',(1.,0.,0.));
#3848=DIRECTION('',(0.5,0.866025403784439,0.));
#3849=DIRECTION('center_axis',(0.,0.,-1.));
#3850=DIRECTION('ref_axis',(1.,0.,0.));
#3851=DIRECTION('center_axis',(0.,0.,-1.));
#3852=DIRECTION('ref_axis',(1.,0.,0.));
#3853=DIRECTION('center_axis',(0.,0.,-1.));
#3854=DIRECTION('ref_axis',(1.,0.,0.));
#3855=DIRECTION('',(0.707106781186548,-8.65956056235493E-17,0.707106781186548));
#3856=DIRECTION('center_axis',(0.,0.,-1.));
#3857=DIRECTION('ref_axis',(1.,0.,0.));
#3858=DIRECTION('',(0.70710678118654,-8.65956056235484E-17,0.707106781186555));
#3859=DIRECTION('center_axis',(0.,0.,-1.));
#3860=DIRECTION('ref_axis',(1.,0.,0.));
#3861=DIRECTION('',(0.70710678118654,-8.65956056235484E-17,0.707106781186555));
#3862=DIRECTION('center_axis',(0.,0.,-1.));
#3863=DIRECTION('ref_axis',(1.,0.,0.));
#3864=DIRECTION('',(0.707106781186548,-8.65956056235493E-17,0.707106781186548));
#3865=DIRECTION('center_axis',(0.866025403784439,0.5,0.));
#3866=DIRECTION('ref_axis',(-0.5,0.866025403784439,0.));
#3867=DIRECTION('',(0.,0.,1.));
#3868=DIRECTION('',(-0.5,0.866025403784439,0.));
#3869=DIRECTION('',(0.,0.,1.));
#3870=DIRECTION('center_axis',(0.866025403784439,-0.5,0.));
#3871=DIRECTION('ref_axis',(0.5,0.866025403784439,0.));
#3872=DIRECTION('',(0.,0.,1.));
#3873=DIRECTION('',(0.5,0.866025403784439,0.));
#3874=DIRECTION('center_axis',(0.,-1.,0.));
#3875=DIRECTION('ref_axis',(1.,0.,0.));
#3876=DIRECTION('',(0.,0.,1.));
#3877=DIRECTION('',(1.,0.,0.));
#3878=DIRECTION('center_axis',(-0.866025403784439,-0.5,0.));
#3879=DIRECTION('ref_axis',(0.5,-0.866025403784439,0.));
#3880=DIRECTION('',(0.,0.,1.));
#3881=DIRECTION('',(0.5,-0.866025403784439,0.));
#3882=DIRECTION('center_axis',(-0.866025403784439,0.5,0.));
#3883=DIRECTION('ref_axis',(-0.5,-0.866025403784439,0.));
#3884=DIRECTION('',(0.,0.,1.));
#3885=DIRECTION('',(-0.5,-0.866025403784439,0.));
#3886=DIRECTION('center_axis',(9.38030578723689E-16,1.,0.));
#3887=DIRECTION('ref_axis',(-1.,9.38030578723689E-16,0.));
#3888=DIRECTION('',(-1.,9.38030578723689E-16,0.));
#3889=DIRECTION('center_axis',(0.,0.,1.));
#3890=DIRECTION('ref_axis',(1.,0.,0.));
#3891=DIRECTION('center_axis',(0.,0.,-1.));
#3892=DIRECTION('ref_axis',(-1.,0.,0.));
#3893=DIRECTION('center_axis',(0.866025403784439,0.5,0.));
#3894=DIRECTION('ref_axis',(-0.5,0.866025403784439,0.));
#3895=DIRECTION('',(0.,0.,1.));
#3896=DIRECTION('',(-0.5,0.866025403784439,0.));
#3897=DIRECTION('',(0.,0.,1.));
#3898=DIRECTION('center_axis',(0.866025403784439,-0.499999999999999,0.));
#3899=DIRECTION('ref_axis',(0.499999999999999,0.866025403784439,0.));
#3900=DIRECTION('',(0.,0.,1.));
#3901=DIRECTION('',(0.499999999999999,0.866025403784439,0.));
#3902=DIRECTION('center_axis',(0.,-1.,0.));
#3903=DIRECTION('ref_axis',(1.,0.,0.));
#3904=DIRECTION('',(0.,0.,1.));
#3905=DIRECTION('',(1.,0.,0.));
#3906=DIRECTION('center_axis',(-0.86602540378444,-0.499999999999998,0.));
#3907=DIRECTION('ref_axis',(0.499999999999998,-0.86602540378444,0.));
#3908=DIRECTION('',(0.,0.,1.));
#3909=DIRECTION('',(0.499999999999998,-0.86602540378444,0.));
#3910=DIRECTION('center_axis',(-0.86602540378444,0.499999999999998,0.));
#3911=DIRECTION('ref_axis',(-0.499999999999998,-0.86602540378444,0.));
#3912=DIRECTION('',(0.,0.,1.));
#3913=DIRECTION('',(-0.499999999999998,-0.86602540378444,0.));
#3914=DIRECTION('center_axis',(9.38030578723688E-16,1.,0.));
#3915=DIRECTION('ref_axis',(-1.,9.38030578723688E-16,0.));
#3916=DIRECTION('',(-1.,9.38030578723688E-16,0.));
#3917=DIRECTION('center_axis',(0.,0.,-1.));
#3918=DIRECTION('ref_axis',(1.,0.,0.));
#3919=DIRECTION('center_axis',(0.,0.,-1.));
#3920=DIRECTION('ref_axis',(-1.,0.,0.));
#3921=DIRECTION('center_axis',(0.866025403784439,0.5,0.));
#3922=DIRECTION('ref_axis',(-0.5,0.866025403784439,0.));
#3923=DIRECTION('',(0.,0.,1.));
#3924=DIRECTION('',(-0.5,0.866025403784439,0.));
#3925=DIRECTION('',(0.,0.,1.));
#3926=DIRECTION('center_axis',(0.866025403784439,-0.5,0.));
#3927=DIRECTION('ref_axis',(0.5,0.866025403784439,0.));
#3928=DIRECTION('',(0.,0.,1.));
#3929=DIRECTION('',(0.5,0.866025403784439,0.));
#3930=DIRECTION('center_axis',(0.,-1.,0.));
#3931=DIRECTION('ref_axis',(1.,0.,0.));
#3932=DIRECTION('',(0.,0.,1.));
#3933=DIRECTION('',(1.,0.,0.));
#3934=DIRECTION('center_axis',(-0.86602540378444,-0.499999999999998,0.));
#3935=DIRECTION('ref_axis',(0.499999999999998,-0.86602540378444,0.));
#3936=DIRECTION('',(0.,0.,1.));
#3937=DIRECTION('',(0.499999999999998,-0.86602540378444,0.));
#3938=DIRECTION('center_axis',(-0.86602540378444,0.499999999999998,0.));
#3939=DIRECTION('ref_axis',(-0.499999999999998,-0.86602540378444,0.));
#3940=DIRECTION('',(0.,0.,1.));
#3941=DIRECTION('',(-0.499999999999998,-0.86602540378444,0.));
#3942=DIRECTION('center_axis',(9.38030578723688E-16,1.,0.));
#3943=DIRECTION('ref_axis',(-1.,9.38030578723688E-16,0.));
#3944=DIRECTION('',(-1.,9.38030578723688E-16,0.));
#3945=DIRECTION('center_axis',(0.,0.,1.));
#3946=DIRECTION('ref_axis',(1.,0.,0.));
#3947=DIRECTION('center_axis',(0.,0.,-1.));
#3948=DIRECTION('ref_axis',(-1.,0.,0.));
#3949=DIRECTION('center_axis',(0.866025403784439,0.5,0.));
#3950=DIRECTION('ref_axis',(-0.5,0.866025403784439,0.));
#3951=DIRECTION('',(0.,0.,1.));
#3952=DIRECTION('',(-0.5,0.866025403784439,0.));
#3953=DIRECTION('',(0.,0.,1.));
#3954=DIRECTION('center_axis',(0.866025403784439,-0.5,0.));
#3955=DIRECTION('ref_axis',(0.5,0.866025403784439,0.));
#3956=DIRECTION('',(0.,0.,1.));
#3957=DIRECTION('',(0.5,0.866025403784439,0.));
#3958=DIRECTION('center_axis',(0.,-1.,0.));
#3959=DIRECTION('ref_axis',(1.,0.,0.));
#3960=DIRECTION('',(0.,0.,1.));
#3961=DIRECTION('',(1.,0.,0.));
#3962=DIRECTION('center_axis',(-0.866025403784439,-0.5,0.));
#3963=DIRECTION('ref_axis',(0.5,-0.866025403784439,0.));
#3964=DIRECTION('',(0.,0.,1.));
#3965=DIRECTION('',(0.5,-0.866025403784439,0.));
#3966=DIRECTION('center_axis',(-0.866025403784439,0.5,0.));
#3967=DIRECTION('ref_axis',(-0.5,-0.866025403784439,0.));
#3968=DIRECTION('',(0.,0.,1.));
#3969=DIRECTION('',(-0.5,-0.866025403784439,0.));
#3970=DIRECTION('center_axis',(9.38030578723689E-16,1.,0.));
#3971=DIRECTION('ref_axis',(-1.,9.38030578723689E-16,0.));
#3972=DIRECTION('',(-1.,9.38030578723689E-16,0.));
#3973=DIRECTION('center_axis',(0.,0.,1.));
#3974=DIRECTION('ref_axis',(1.,0.,0.));
#3975=DIRECTION('center_axis',(0.,0.,-1.));
#3976=DIRECTION('ref_axis',(-1.,0.,0.));
#3977=DIRECTION('center_axis',(0.,0.,1.));
#3978=DIRECTION('ref_axis',(-1.,0.,0.));
#3979=DIRECTION('',(-0.707106781186547,-8.65956056235493E-17,-0.707106781186547));
#3980=DIRECTION('center_axis',(0.,0.,-1.));
#3981=DIRECTION('ref_axis',(-1.,0.,0.));
#3982=DIRECTION('center_axis',(0.,0.,-1.));
#3983=DIRECTION('ref_axis',(-1.,0.,0.));
#3984=DIRECTION('',(0.,0.,-1.));
#3985=DIRECTION('center_axis',(0.,0.,1.));
#3986=DIRECTION('ref_axis',(-1.,0.,0.));
#3987=DIRECTION('',(-0.70710678118654,-8.65956056235484E-17,-0.707106781186555));
#3988=DIRECTION('center_axis',(0.,0.,-1.));
#3989=DIRECTION('ref_axis',(-1.,0.,0.));
#3990=DIRECTION('center_axis',(0.,0.,-1.));
#3991=DIRECTION('ref_axis',(-1.,0.,0.));
#3992=DIRECTION('',(0.,0.,-1.));
#3993=DIRECTION('center_axis',(0.,0.,1.));
#3994=DIRECTION('ref_axis',(-1.,0.,0.));
#3995=DIRECTION('',(-0.70710678118654,-8.65956056235484E-17,-0.707106781186555));
#3996=DIRECTION('center_axis',(0.,0.,-1.));
#3997=DIRECTION('ref_axis',(-1.,0.,0.));
#3998=DIRECTION('center_axis',(0.,0.,-1.));
#3999=DIRECTION('ref_axis',(-1.,0.,0.));
#4000=DIRECTION('',(0.,0.,-1.));
#4001=DIRECTION('center_axis',(0.,0.,1.));
#4002=DIRECTION('ref_axis',(-1.,0.,0.));
#4003=DIRECTION('',(-0.707106781186547,-8.65956056235493E-17,-0.707106781186547));
#4004=DIRECTION('center_axis',(0.,0.,-1.));
#4005=DIRECTION('ref_axis',(-1.,0.,0.));
#4006=DIRECTION('center_axis',(0.,0.,-1.));
#4007=DIRECTION('ref_axis',(-1.,0.,0.));
#4008=DIRECTION('',(0.,0.,-1.));
#4009=DIRECTION('center_axis',(0.,1.,0.));
#4010=DIRECTION('ref_axis',(-1.,0.,0.));
#4011=DIRECTION('center_axis',(0.,-1.,0.));
#4012=DIRECTION('ref_axis',(-1.,0.,0.));
#4013=DIRECTION('',(0.,-1.,0.));
#4014=DIRECTION('center_axis',(0.,1.,0.));
#4015=DIRECTION('ref_axis',(-1.,0.,0.));
#4016=DIRECTION('',(0.,1.,0.));
#4017=DIRECTION('center_axis',(0.,-1.,0.));
#4018=DIRECTION('ref_axis',(0.,0.,-1.));
#4019=DIRECTION('',(-0.70710678118656,0.,-0.707106781186535));
#4020=DIRECTION('',(0.,0.,1.));
#4021=DIRECTION('',(0.707106781186544,0.,-0.707106781186551));
#4022=DIRECTION('center_axis',(0.707106781186535,0.,-0.70710678118656));
#4023=DIRECTION('ref_axis',(0.70710678118656,0.,0.707106781186535));
#4024=DIRECTION('',(0.70710678118656,0.,0.707106781186535));
#4025=DIRECTION('',(0.,1.,0.));
#4026=DIRECTION('center_axis',(0.,-1.,0.));
#4027=DIRECTION('ref_axis',(-1.,0.,0.));
#4028=DIRECTION('center_axis',(0.,1.,0.));
#4029=DIRECTION('ref_axis',(-1.,0.,0.));
#4030=DIRECTION('',(0.,1.,0.));
#4031=DIRECTION('center_axis',(0.,-1.,0.));
#4032=DIRECTION('ref_axis',(-1.,0.,0.));
#4033=DIRECTION('',(0.,-1.,0.));
#4034=DIRECTION('center_axis',(0.,1.,0.));
#4035=DIRECTION('ref_axis',(0.,0.,1.));
#4036=DIRECTION('',(-0.70710678118656,0.,-0.707106781186535));
#4037=DIRECTION('',(0.,0.,1.));
#4038=DIRECTION('',(0.707106781186544,0.,-0.707106781186551));
#4039=DIRECTION('center_axis',(0.707106781186535,0.,-0.70710678118656));
#4040=DIRECTION('ref_axis',(0.70710678118656,0.,0.707106781186535));
#4041=DIRECTION('',(0.70710678118656,0.,0.707106781186535));
#4042=DIRECTION('',(0.,1.,0.));
#4043=DIRECTION('center_axis',(0.,-1.,0.));
#4044=DIRECTION('ref_axis',(1.,0.,0.));
#4045=DIRECTION('center_axis',(0.,1.,0.));
#4046=DIRECTION('ref_axis',(1.,0.,0.));
#4047=DIRECTION('',(0.,1.,0.));
#4048=DIRECTION('center_axis',(0.,-1.,0.));
#4049=DIRECTION('ref_axis',(1.,0.,0.));
#4050=DIRECTION('',(0.,-1.,0.));
#4051=DIRECTION('center_axis',(0.,1.,0.));
#4052=DIRECTION('ref_axis',(0.,0.,1.));
#4053=DIRECTION('',(0.707106781186554,0.,-0.707106781186541));
#4054=DIRECTION('',(0.,0.,1.));
#4055=DIRECTION('',(-0.707106781186551,0.,-0.707106781186544));
#4056=DIRECTION('center_axis',(0.707106781186541,0.,0.707106781186554));
#4057=DIRECTION('ref_axis',(0.707106781186554,0.,-0.707106781186541));
#4058=DIRECTION('',(-0.707106781186554,0.,0.707106781186541));
#4059=DIRECTION('',(0.,1.,0.));
#4060=DIRECTION('center_axis',(0.,1.,0.));
#4061=DIRECTION('ref_axis',(1.,0.,0.));
#4062=DIRECTION('center_axis',(0.,-1.,0.));
#4063=DIRECTION('ref_axis',(1.,0.,0.));
#4064=DIRECTION('',(0.,-1.,0.));
#4065=DIRECTION('center_axis',(0.,1.,0.));
#4066=DIRECTION('ref_axis',(1.,0.,0.));
#4067=DIRECTION('',(0.,1.,0.));
#4068=DIRECTION('center_axis',(0.,-1.,0.));
#4069=DIRECTION('ref_axis',(0.,0.,-1.));
#4070=DIRECTION('',(0.707106781186554,0.,-0.707106781186541));
#4071=DIRECTION('',(0.,0.,1.));
#4072=DIRECTION('',(-0.707106781186551,0.,-0.707106781186544));
#4073=DIRECTION('center_axis',(0.707106781186541,0.,0.707106781186554));
#4074=DIRECTION('ref_axis',(0.707106781186554,0.,-0.707106781186541));
#4075=DIRECTION('',(-0.707106781186554,0.,0.707106781186541));
#4076=DIRECTION('',(0.,1.,0.));
#4077=DIRECTION('center_axis',(1.,0.,0.));
#4078=DIRECTION('ref_axis',(0.,1.,0.));
#4079=DIRECTION('',(0.,0.,-1.));
#4080=DIRECTION('',(0.,1.,0.));
#4081=DIRECTION('',(0.,0.,-1.));
#4082=DIRECTION('',(0.,-1.,0.));
#4083=DIRECTION('',(0.,0.,-1.));
#4084=DIRECTION('',(0.,-1.,0.));
#4085=DIRECTION('center_axis',(0.707106781186551,0.,0.707106781186544));
#4086=DIRECTION('ref_axis',(-0.707106781186544,0.,0.707106781186551));
#4087=DIRECTION('',(-0.707106781186544,0.,0.707106781186551));
#4088=DIRECTION('center_axis',(0.,1.,0.));
#4089=DIRECTION('ref_axis',(0.,0.,1.));
#4090=DIRECTION('center_axis',(0.,-1.,0.));
#4091=DIRECTION('ref_axis',(0.,0.,-1.));
#4092=DIRECTION('',(-0.707106781186544,0.,0.707106781186551));
#4093=DIRECTION('center_axis',(-0.707106781186551,0.,-0.707106781186544));
#4094=DIRECTION('ref_axis',(-0.707106781186544,0.,0.707106781186551));
#4095=DIRECTION('center_axis',(0.,-1.,0.));
#4096=DIRECTION('ref_axis',(0.,0.,-1.));
#4097=DIRECTION('',(0.707106781186551,0.,0.707106781186544));
#4098=DIRECTION('',(0.,0.,-1.));
#4099=DIRECTION('center_axis',(-0.707106781186544,0.,0.707106781186551));
#4100=DIRECTION('ref_axis',(-0.707106781186551,0.,-0.707106781186544));
#4101=DIRECTION('',(0.,1.,0.));
#4102=DIRECTION('center_axis',(0.707106781186544,0.,-0.707106781186551));
#4103=DIRECTION('ref_axis',(-0.707106781186551,0.,-0.707106781186544));
#4104=DIRECTION('',(0.,1.,0.));
#4105=DIRECTION('',(0.707106781186551,0.,0.707106781186544));
#4106=DIRECTION('center_axis',(0.,1.,0.));
#4107=DIRECTION('ref_axis',(0.,0.,1.));
#4108=DIRECTION('',(0.,0.,-1.));
#4109=DIRECTION('center_axis',(-1.,0.,0.));
#4110=DIRECTION('ref_axis',(0.,-1.,0.));
#4111=DIRECTION('',(0.,-1.,0.));
#4112=DIRECTION('',(0.,0.,1.));
#4113=DIRECTION('center_axis',(0.,-1.,0.));
#4114=DIRECTION('ref_axis',(1.,0.,0.));
#4115=DIRECTION('',(1.,0.,0.));
#4116=DIRECTION('center_axis',(1.,0.,0.));
#4117=DIRECTION('ref_axis',(0.,1.,0.));
#4118=DIRECTION('',(0.,1.,0.));
#4119=DIRECTION('',(0.,0.,1.));
#4120=DIRECTION('',(0.,-1.,0.));
#4121=DIRECTION('',(0.,0.,-1.));
#4122=DIRECTION('center_axis',(0.,-1.,0.));
#4123=DIRECTION('ref_axis',(0.707106781186549,0.,-0.707106781186546));
#4124=DIRECTION('center_axis',(0.,1.,0.));
#4125=DIRECTION('ref_axis',(0.707106781186549,0.,-0.707106781186546));
#4126=DIRECTION('center_axis',(0.,-1.,0.));
#4127=DIRECTION('ref_axis',(0.70710678118655,0.,-0.707106781186545));
#4128=DIRECTION('center_axis',(1.,0.,0.));
#4129=DIRECTION('ref_axis',(0.,-1.,0.));
#4130=DIRECTION('center_axis',(0.,0.,1.));
#4131=DIRECTION('ref_axis',(0.,-1.,0.));
#4132=DIRECTION('center_axis',(0.,1.,0.));
#4133=DIRECTION('ref_axis',(0.70710678118655,0.,-0.707106781186545));
#4134=DIRECTION('center_axis',(0.,0.,1.));
#4135=DIRECTION('ref_axis',(0.707106781186548,-0.707106781186548,0.));
#4136=DIRECTION('center_axis',(0.,0.,1.));
#4137=DIRECTION('ref_axis',(0.707106781186548,-0.707106781186548,0.));
#4138=DIRECTION('',(0.,0.,-1.));
#4139=DIRECTION('center_axis',(1.,0.,0.));
#4140=DIRECTION('ref_axis',(0.,0.707106781186546,-0.707106781186549));
#4141=DIRECTION('center_axis',(-1.,0.,0.));
#4142=DIRECTION('ref_axis',(0.,0.707106781186546,-0.707106781186549));
#4143=DIRECTION('',(1.,0.,0.));
#4144=DIRECTION('center_axis',(1.,0.,0.));
#4145=DIRECTION('ref_axis',(0.,0.,-1.));
#4146=DIRECTION('center_axis',(0.,-1.,0.));
#4147=DIRECTION('ref_axis',(0.707106781186549,0.,-0.707106781186546));
#4148=DIRECTION('center_axis',(0.,0.,1.));
#4149=DIRECTION('ref_axis',(1.,0.,0.));
#4150=DIRECTION('center_axis',(0.,0.,1.));
#4151=DIRECTION('ref_axis',(0.707106781186548,0.707106781186548,0.));
#4152=DIRECTION('center_axis',(0.,0.,1.));
#4153=DIRECTION('ref_axis',(0.707106781186548,0.707106781186548,0.));
#4154=DIRECTION('',(0.,0.,1.));
#4155=DIRECTION('center_axis',(1.,0.,0.));
#4156=DIRECTION('ref_axis',(0.,0.707106781186546,0.707106781186549));
#4157=DIRECTION('center_axis',(-1.,0.,0.));
#4158=DIRECTION('ref_axis',(0.,0.707106781186546,0.707106781186549));
#4159=DIRECTION('center_axis',(0.707106781186547,0.,0.707106781186548));
#4160=DIRECTION('ref_axis',(-0.707106781186548,0.,0.707106781186547));
#4161=DIRECTION('',(-1.,0.,0.));
#4162=DIRECTION('center_axis',(-1.,0.,0.));
#4163=DIRECTION('ref_axis',(0.,-1.,0.));
#4164=DIRECTION('',(0.,0.,1.));
#4165=DIRECTION('',(0.,1.,0.));
#4166=DIRECTION('',(0.,0.,-1.));
#4167=DIRECTION('',(0.,-1.,0.));
#4168=DIRECTION('center_axis',(-1.,0.,0.));
#4169=DIRECTION('ref_axis',(0.,-0.707106781186546,-0.707106781186549));
#4170=DIRECTION('center_axis',(-1.,0.,0.));
#4171=DIRECTION('ref_axis',(0.,-0.707106781186546,-0.707106781186549));
#4172=DIRECTION('',(-1.,0.,0.));
#4173=DIRECTION('center_axis',(0.,-1.,0.));
#4174=DIRECTION('ref_axis',(1.,0.,0.));
#4175=DIRECTION('',(1.,0.,0.));
#4176=DIRECTION('',(0.,0.,1.));
#4177=DIRECTION('',(1.,0.,0.));
#4178=DIRECTION('',(0.,0.,1.));
#4179=DIRECTION('center_axis',(-1.,0.,0.));
#4180=DIRECTION('ref_axis',(0.,-0.707106781186546,0.707106781186549));
#4181=DIRECTION('center_axis',(-1.,0.,0.));
#4182=DIRECTION('ref_axis',(0.,-0.707106781186546,0.707106781186549));
#4183=DIRECTION('center_axis',(0.707106781186547,0.,0.707106781186548));
#4184=DIRECTION('ref_axis',(-0.707106781186548,0.,0.707106781186547));
#4185=DIRECTION('center_axis',(-0.408248290463865,-0.816496580927725,-0.408248290463864));
#4186=DIRECTION('ref_axis',(-0.577350269189623,0.577350269189628,-0.577350269189627));
#4187=DIRECTION('center_axis',(0.,0.,1.));
#4188=DIRECTION('ref_axis',(0.,1.,0.));
#4189=DIRECTION('center_axis',(0.,-1.,0.));
#4190=DIRECTION('ref_axis',(-1.,0.,0.));
#4191=DIRECTION('center_axis',(0.408248290463864,0.408248290463859,-0.816496580927727));
#4192=DIRECTION('ref_axis',(-0.577350269189632,-0.577350269189622,-0.577350269189624));
#4193=DIRECTION('center_axis',(0.,1.,-2.96059473233375E-15));
#4194=DIRECTION('ref_axis',(0.,-2.96059473233375E-15,-1.));
#4195=DIRECTION('center_axis',(0.,0.,1.));
#4196=DIRECTION('ref_axis',(-1.,0.,0.));
#4197=DIRECTION('center_axis',(0.,1.,0.));
#4198=DIRECTION('ref_axis',(-0.707106781186548,0.,-0.707106781186547));
#4199=DIRECTION('center_axis',(0.408248290463859,-0.816496580927728,-0.408248290463863));
#4200=DIRECTION('ref_axis',(-0.577350269189626,-0.577350269189626,0.577350269189626));
#4201=DIRECTION('center_axis',(0.,0.,-1.));
#4202=DIRECTION('ref_axis',(0.,-1.,0.));
#4203=DIRECTION('center_axis',(0.,1.,2.96059473233375E-15));
#4204=DIRECTION('ref_axis',(-1.,0.,0.));
#4205=DIRECTION('center_axis',(0.,0.,1.));
#4206=DIRECTION('ref_axis',(-0.707106781186552,-0.707106781186543,0.));
#4207=DIRECTION('center_axis',(-0.408248290463865,-0.816496580927724,0.408248290463865));
#4208=DIRECTION('ref_axis',(-0.577350269189623,0.577350269189628,0.577350269189627));
#4209=DIRECTION('center_axis',(0.,-1.,0.));
#4210=DIRECTION('ref_axis',(0.,0.,1.));
#4211=DIRECTION('center_axis',(0.,0.,-1.));
#4212=DIRECTION('ref_axis',(-1.,0.,0.));
#4213=DIRECTION('center_axis',(0.,1.,0.));
#4214=DIRECTION('ref_axis',(-0.707106781186548,0.,0.707106781186547));
#4215=DIRECTION('center_axis',(0.,0.,-1.));
#4216=DIRECTION('ref_axis',(-0.707106781186554,0.707106781186541,0.));
#4217=DIRECTION('',(0.,0.,-1.));
#4218=DIRECTION('center_axis',(0.,1.,0.));
#4219=DIRECTION('ref_axis',(-1.,0.,0.));
#4220=DIRECTION('',(-1.,0.,0.));
#4221=DIRECTION('',(0.,0.,-1.));
#4222=DIRECTION('center_axis',(0.,0.,1.));
#4223=DIRECTION('ref_axis',(-0.707106781186548,0.707106781186548,0.));
#4224=DIRECTION('center_axis',(0.,0.,1.));
#4225=DIRECTION('ref_axis',(-0.707106781186548,0.707106781186548,0.));
#4226=DIRECTION('',(0.,0.,1.));
#4227=DIRECTION('center_axis',(-1.,0.,0.));
#4228=DIRECTION('ref_axis',(0.,-1.,0.));
#4229=DIRECTION('',(0.,-1.,0.));
#4230=DIRECTION('',(0.,0.,-1.));
#4231=DIRECTION('center_axis',(0.,0.,-1.));
#4232=DIRECTION('ref_axis',(-0.707106781186548,-0.707106781186548,0.));
#4233=DIRECTION('center_axis',(0.,0.,1.));
#4234=DIRECTION('ref_axis',(-0.707106781186548,-0.707106781186548,0.));
#4235=DIRECTION('center_axis',(0.,0.,1.));
#4236=DIRECTION('ref_axis',(1.,0.,0.));
#4237=DIRECTION('center_axis',(0.,-1.,4.44089209850063E-16));
#4238=DIRECTION('ref_axis',(0.,4.44089209850063E-16,1.));
#4239=DIRECTION('',(1.,0.,0.));
#4240=DIRECTION('',(0.,-4.44089209850063E-16,-1.));
#4241=DIRECTION('',(-1.,0.,0.));
#4242=DIRECTION('',(0.,4.44089209850063E-16,1.));
#4243=DIRECTION('center_axis',(1.,0.,0.));
#4244=DIRECTION('ref_axis',(0.,4.44089209850063E-16,1.));
#4245=DIRECTION('',(0.,4.44089209850063E-16,1.));
#4246=DIRECTION('',(0.,0.871575537124536,0.490261239632583));
#4247=DIRECTION('',(0.,1.3766765505352E-14,1.));
#4248=DIRECTION('',(0.,-0.871575537124561,0.490261239632539));
#4249=DIRECTION('center_axis',(0.,0.490261239632583,-0.871575537124536));
#4250=DIRECTION('ref_axis',(0.,-0.871575537124536,-0.490261239632583));
#4251=DIRECTION('',(1.,0.,0.));
#4252=DIRECTION('',(0.,-0.871575537124536,-0.490261239632583));
#4253=DIRECTION('',(-1.,0.,0.));
#4254=DIRECTION('center_axis',(0.,1.,-1.3766765505352E-14));
#4255=DIRECTION('ref_axis',(0.,-1.3766765505352E-14,-1.));
#4256=DIRECTION('',(0.,-1.3766765505352E-14,-1.));
#4257=DIRECTION('',(-1.,0.,0.));
#4258=DIRECTION('center_axis',(0.,0.490261239632539,0.871575537124561));
#4259=DIRECTION('ref_axis',(0.,0.871575537124561,-0.490261239632539));
#4260=DIRECTION('',(0.,0.871575537124561,-0.490261239632539));
#4261=DIRECTION('center_axis',(-1.,0.,0.));
#4262=DIRECTION('ref_axis',(0.,-4.44089209850063E-16,-1.));
#4263=DIRECTION('',(0.,-4.44089209850063E-16,-1.));
#4264=DIRECTION('center_axis',(0.,-1.,4.44089209850063E-16));
#4265=DIRECTION('ref_axis',(-1.,0.,0.));
#4266=DIRECTION('',(1.,0.,0.));
#4267=DIRECTION('',(0.,-4.44089209850063E-16,-1.));
#4268=DIRECTION('',(-1.,0.,0.));
#4269=DIRECTION('',(0.,4.44089209850063E-16,1.));
#4270=DIRECTION('',(1.,0.,0.));
#4271=DIRECTION('center_axis',(1.,0.,0.));
#4272=DIRECTION('ref_axis',(0.,4.44089209850063E-16,1.));
#4273=DIRECTION('',(0.,-4.44089209850063E-16,-1.));
#4274=DIRECTION('',(0.,4.44089209850063E-16,1.));
#4275=DIRECTION('',(0.,-0.871575537124561,-0.490261239632538));
#4276=DIRECTION('',(0.,1.28785870856519E-14,-1.));
#4277=DIRECTION('',(0.,0.871575537124535,-0.490261239632584));
#4278=DIRECTION('center_axis',(0.,-0.490261239632538,0.871575537124561));
#4279=DIRECTION('ref_axis',(0.,0.871575537124561,0.490261239632538));
#4280=DIRECTION('',(1.,0.,0.));
#4281=DIRECTION('',(0.,0.871575537124561,0.490261239632538));
#4282=DIRECTION('',(-1.,0.,0.));
#4283=DIRECTION('center_axis',(0.,-1.,-1.28785870856519E-14));
#4284=DIRECTION('ref_axis',(0.,-1.28785870856519E-14,1.));
#4285=DIRECTION('',(0.,-1.28785870856519E-14,1.));
#4286=DIRECTION('',(-1.,0.,0.));
#4287=DIRECTION('center_axis',(0.,-0.490261239632584,-0.871575537124535));
#4288=DIRECTION('ref_axis',(0.,-0.871575537124535,0.490261239632584));
#4289=DIRECTION('',(0.,-0.871575537124535,0.490261239632584));
#4290=DIRECTION('',(-1.,0.,0.));
#4291=DIRECTION('center_axis',(0.,1.,-4.44089209850063E-16));
#4292=DIRECTION('ref_axis',(0.,-4.44089209850063E-16,-1.));
#4293=DIRECTION('',(-1.,0.,0.));
#4294=DIRECTION('',(0.,-4.44089209850063E-16,-1.));
#4295=DIRECTION('center_axis',(-1.,0.,0.));
#4296=DIRECTION('ref_axis',(0.,-4.44089209850063E-16,-1.));
#4297=DIRECTION('',(0.,4.44089209850063E-16,1.));
#4298=DIRECTION('center_axis',(0.,1.,-4.44089209850063E-16));
#4299=DIRECTION('ref_axis',(0.,4.44089209850063E-16,1.));
#4300=DIRECTION('',(-0.707106781186547,-3.14018491736755E-16,-0.707106781186547));
#4301=DIRECTION('',(0.,-4.44089209850063E-16,-1.));
#4302=DIRECTION('',(0.929224968584353,-1.64097397555408E-16,-0.369514489241503));
#4303=DIRECTION('',(0.707106781186539,3.14018491736759E-16,0.707106781186556));
#4304=DIRECTION('',(-0.707106781186551,3.14018491736754E-16,0.707106781186544));
#4305=DIRECTION('',(0.707106781186554,3.14018491736752E-16,0.707106781186541));
#4306=DIRECTION('',(0.,4.44089209850063E-16,1.));
#4307=DIRECTION('center_axis',(0.707106781186541,-3.14018491736758E-16,
-0.707106781186554));
#4308=DIRECTION('ref_axis',(-0.707106781186554,-3.14018491736752E-16,-0.707106781186541));
#4309=DIRECTION('',(0.,-1.,4.44089209850063E-16));
#4310=DIRECTION('',(0.,1.,-4.44089209850063E-16));
#4311=DIRECTION('',(-0.707106781186554,-3.14018491736752E-16,-0.707106781186541));
#4312=DIRECTION('center_axis',(0.707106781186544,3.14018491736756E-16,0.707106781186551));
#4313=DIRECTION('ref_axis',(0.707106781186551,-3.14018491736754E-16,-0.707106781186544));
#4314=DIRECTION('',(0.,1.,-4.44089209850063E-16));
#4315=DIRECTION('',(0.707106781186551,-3.14018491736754E-16,-0.707106781186544));
#4316=DIRECTION('center_axis',(0.707106781186556,-3.14018491736751E-16,
-0.707106781186539));
#4317=DIRECTION('ref_axis',(-0.707106781186539,-3.14018491736759E-16,-0.707106781186556));
#4318=DIRECTION('',(0.,1.,-4.44089209850063E-16));
#4319=DIRECTION('',(-0.707106781186539,-3.14018491736759E-16,-0.707106781186556));
#4320=DIRECTION('center_axis',(-0.369514489241503,-4.12658782071574E-16,
-0.929224968584353));
#4321=DIRECTION('ref_axis',(-0.929224968584353,1.64097397555408E-16,0.369514489241503));
#4322=DIRECTION('',(0.,1.,-4.44089209850063E-16));
#4323=DIRECTION('',(-0.929224968584353,1.64097397555408E-16,0.369514489241503));
#4324=DIRECTION('center_axis',(-1.,0.,0.));
#4325=DIRECTION('ref_axis',(0.,4.44089209850063E-16,1.));
#4326=DIRECTION('',(0.,1.,-4.44089209850063E-16));
#4327=DIRECTION('',(0.,4.44089209850063E-16,1.));
#4328=DIRECTION('center_axis',(-0.707106781186548,3.14018491736755E-16,
0.707106781186548));
#4329=DIRECTION('ref_axis',(0.707106781186548,3.14018491736755E-16,0.707106781186548));
#4330=DIRECTION('',(0.,-1.,4.44089209850063E-16));
#4331=DIRECTION('',(0.707106781186547,3.14018491736755E-16,0.707106781186547));
#4332=DIRECTION('center_axis',(0.,-1.,4.44089209850063E-16));
#4333=DIRECTION('ref_axis',(0.,-4.44089209850063E-16,-1.));
#4334=DIRECTION('',(0.,-4.44089209850063E-16,-1.));
#4335=DIRECTION('center_axis',(0.,1.,-4.44089209850063E-16));
#4336=DIRECTION('ref_axis',(0.,4.44089209850063E-16,1.));
#4337=DIRECTION('',(0.,-4.44089209850063E-16,-1.));
#4338=DIRECTION('',(0.70710678118656,-3.14018491736749E-16,-0.707106781186535));
#4339=DIRECTION('',(-0.707106781186544,-3.14018491736756E-16,-0.707106781186551));
#4340=DIRECTION('',(0.707106781186556,-3.14018491736751E-16,-0.707106781186539));
#4341=DIRECTION('',(0.929224968584353,1.64097397555408E-16,0.369514489241501));
#4342=DIRECTION('',(0.,4.44089209850063E-16,1.));
#4343=DIRECTION('',(-0.707106781186549,3.14018491736754E-16,0.707106781186546));
#4344=DIRECTION('center_axis',(0.707106781186546,3.14018491736756E-16,0.707106781186549));
#4345=DIRECTION('ref_axis',(0.707106781186549,-3.14018491736754E-16,-0.707106781186546));
#4346=DIRECTION('',(0.,1.,-4.44089209850063E-16));
#4347=DIRECTION('',(0.,1.,-4.44089209850063E-16));
#4348=DIRECTION('',(0.707106781186549,-3.14018491736754E-16,-0.707106781186546));
#4349=DIRECTION('center_axis',(1.,0.,0.));
#4350=DIRECTION('ref_axis',(0.,-4.44089209850063E-16,-1.));
#4351=DIRECTION('',(0.,1.,-4.44089209850063E-16));
#4352=DIRECTION('',(0.,-4.44089209850063E-16,-1.));
#4353=DIRECTION('center_axis',(0.369514489241501,-4.12658782071575E-16,
-0.929224968584354));
#4354=DIRECTION('ref_axis',(-0.929224968584353,-1.64097397555408E-16,-0.369514489241501));
#4355=DIRECTION('',(0.,1.,-4.44089209850063E-16));
#4356=DIRECTION('',(-0.929224968584353,-1.64097397555408E-16,-0.369514489241501));
#4357=DIRECTION('center_axis',(-0.707106781186539,-3.14018491736759E-16,
-0.707106781186556));
#4358=DIRECTION('ref_axis',(-0.707106781186556,3.14018491736751E-16,0.707106781186539));
#4359=DIRECTION('',(0.,1.,-4.44089209850063E-16));
#4360=DIRECTION('',(-0.707106781186556,3.14018491736751E-16,0.707106781186539));
#4361=DIRECTION('center_axis',(-0.707106781186551,3.14018491736754E-16,
0.707106781186544));
#4362=DIRECTION('ref_axis',(0.707106781186544,3.14018491736756E-16,0.707106781186551));
#4363=DIRECTION('',(0.,1.,-4.44089209850063E-16));
#4364=DIRECTION('',(0.707106781186544,3.14018491736756E-16,0.707106781186551));
#4365=DIRECTION('center_axis',(-0.707106781186535,-3.14018491736761E-16,
-0.70710678118656));
#4366=DIRECTION('ref_axis',(-0.70710678118656,3.14018491736749E-16,0.707106781186535));
#4367=DIRECTION('',(0.,1.,-4.44089209850063E-16));
#4368=DIRECTION('',(-0.70710678118656,3.14018491736749E-16,0.707106781186535));
#4369=DIRECTION('center_axis',(0.,-1.,4.44089209850063E-16));
#4370=DIRECTION('ref_axis',(0.,-4.44089209850063E-16,-1.));
#4371=DIRECTION('',(0.,4.44089209850063E-16,1.));
#4372=DIRECTION('center_axis',(-1.,0.,0.));
#4373=DIRECTION('ref_axis',(0.,1.,-4.44089209850063E-16));
#4374=DIRECTION('',(0.,-1.,4.44089209850063E-16));
#4375=DIRECTION('',(0.,1.,-4.44089209850063E-16));
#4376=DIRECTION('',(0.,-4.44089209850063E-16,-1.));
#4377=DIRECTION('',(0.,-1.,4.44089209850063E-16));
#4378=DIRECTION('',(0.,-4.44089209850063E-16,-1.));
#4379=DIRECTION('',(0.,-1.,4.44089209850063E-16));
#4380=DIRECTION('',(0.,4.44089209850063E-16,1.));
#4381=DIRECTION('',(0.,-1.,4.44089209850063E-16));
#4382=DIRECTION('center_axis',(0.,1.,-4.44089209850063E-16));
#4383=DIRECTION('ref_axis',(0.,4.44089209850063E-16,1.));
#4384=DIRECTION('',(-0.707106781186547,-3.14018491736755E-16,-0.707106781186547));
#4385=DIRECTION('',(0.707106781186554,3.14018491736752E-16,0.707106781186541));
#4386=DIRECTION('',(-0.707106781186551,3.14018491736754E-16,0.707106781186544));
#4387=DIRECTION('',(0.707106781186539,3.14018491736759E-16,0.707106781186556));
#4388=DIRECTION('',(0.929224968584353,-1.64097397555408E-16,-0.369514489241503));
#4389=DIRECTION('',(0.,-4.44089209850063E-16,-1.));
#4390=DIRECTION('center_axis',(-0.707106781186541,3.14018491736758E-16,
0.707106781186554));
#4391=DIRECTION('ref_axis',(-0.707106781186554,-3.14018491736752E-16,-0.707106781186541));
#4392=DIRECTION('',(0.,-1.,4.44089209850063E-16));
#4393=DIRECTION('',(-0.707106781186554,-3.14018491736752E-16,-0.707106781186541));
#4394=DIRECTION('',(0.,-1.,4.44089209850063E-16));
#4395=DIRECTION('center_axis',(-0.707106781186544,-3.14018491736756E-16,
-0.707106781186551));
#4396=DIRECTION('ref_axis',(0.707106781186551,-3.14018491736754E-16,-0.707106781186544));
#4397=DIRECTION('',(0.707106781186551,-3.14018491736754E-16,-0.707106781186544));
#4398=DIRECTION('',(0.,-1.,4.44089209850063E-16));
#4399=DIRECTION('center_axis',(-0.707106781186556,3.14018491736751E-16,
0.707106781186539));
#4400=DIRECTION('ref_axis',(-0.707106781186539,-3.14018491736759E-16,-0.707106781186556));
#4401=DIRECTION('',(-0.707106781186539,-3.14018491736759E-16,-0.707106781186556));
#4402=DIRECTION('',(0.,-1.,4.44089209850063E-16));
#4403=DIRECTION('center_axis',(0.369514489241503,4.12658782071574E-16,0.929224968584353));
#4404=DIRECTION('ref_axis',(-0.929224968584353,1.64097397555408E-16,0.369514489241503));
#4405=DIRECTION('',(-0.929224968584353,1.64097397555408E-16,0.369514489241503));
#4406=DIRECTION('',(0.,-1.,4.44089209850063E-16));
#4407=DIRECTION('center_axis',(1.,0.,0.));
#4408=DIRECTION('ref_axis',(0.,4.44089209850063E-16,1.));
#4409=DIRECTION('',(0.,4.44089209850063E-16,1.));
#4410=DIRECTION('',(0.,-1.,4.44089209850063E-16));
#4411=DIRECTION('center_axis',(0.707106781186548,-3.14018491736755E-16,
-0.707106781186548));
#4412=DIRECTION('ref_axis',(0.707106781186548,3.14018491736755E-16,0.707106781186548));
#4413=DIRECTION('',(0.707106781186547,3.14018491736755E-16,0.707106781186547));
#4414=DIRECTION('center_axis',(0.,-1.,4.44089209850063E-16));
#4415=DIRECTION('ref_axis',(0.,-4.44089209850063E-16,-1.));
#4416=DIRECTION('center_axis',(0.,1.,-4.44089209850063E-16));
#4417=DIRECTION('ref_axis',(0.,4.44089209850063E-16,1.));
#4418=DIRECTION('',(0.,4.44089209850063E-16,1.));
#4419=DIRECTION('',(-0.707106781186549,3.14018491736754E-16,0.707106781186546));
#4420=DIRECTION('',(0.,4.44089209850063E-16,1.));
#4421=DIRECTION('',(0.929224968584353,1.64097397555408E-16,0.369514489241501));
#4422=DIRECTION('',(0.707106781186556,-3.14018491736751E-16,-0.707106781186539));
#4423=DIRECTION('',(-0.707106781186544,-3.14018491736756E-16,-0.707106781186551));
#4424=DIRECTION('',(0.70710678118656,-3.14018491736749E-16,-0.707106781186535));
#4425=DIRECTION('center_axis',(-0.707106781186546,-3.14018491736756E-16,
-0.707106781186549));
#4426=DIRECTION('ref_axis',(0.707106781186549,-3.14018491736754E-16,-0.707106781186546));
#4427=DIRECTION('',(0.,1.,-4.44089209850063E-16));
#4428=DIRECTION('',(0.707106781186549,-3.14018491736754E-16,-0.707106781186546));
#4429=DIRECTION('',(0.,-1.,4.44089209850063E-16));
#4430=DIRECTION('center_axis',(-1.,0.,0.));
#4431=DIRECTION('ref_axis',(0.,-4.44089209850063E-16,-1.));
#4432=DIRECTION('',(0.,-4.44089209850063E-16,-1.));
#4433=DIRECTION('',(0.,-1.,4.44089209850063E-16));
#4434=DIRECTION('center_axis',(-0.369514489241501,4.12658782071575E-16,
0.929224968584354));
#4435=DIRECTION('ref_axis',(-0.929224968584353,-1.64097397555408E-16,-0.369514489241501));
#4436=DIRECTION('',(-0.929224968584353,-1.64097397555408E-16,-0.369514489241501));
#4437=DIRECTION('',(0.,-1.,4.44089209850063E-16));
#4438=DIRECTION('center_axis',(0.707106781186539,3.14018491736759E-16,0.707106781186556));
#4439=DIRECTION('ref_axis',(-0.707106781186556,3.14018491736751E-16,0.707106781186539));
#4440=DIRECTION('',(-0.707106781186556,3.14018491736751E-16,0.707106781186539));
#4441=DIRECTION('',(0.,-1.,4.44089209850063E-16));
#4442=DIRECTION('center_axis',(0.707106781186551,-3.14018491736754E-16,
-0.707106781186544));
#4443=DIRECTION('ref_axis',(0.707106781186544,3.14018491736756E-16,0.707106781186551));
#4444=DIRECTION('',(0.707106781186544,3.14018491736756E-16,0.707106781186551));
#4445=DIRECTION('',(0.,-1.,4.44089209850063E-16));
#4446=DIRECTION('center_axis',(0.707106781186535,3.14018491736761E-16,0.70710678118656));
#4447=DIRECTION('ref_axis',(-0.70710678118656,3.14018491736749E-16,0.707106781186535));
#4448=DIRECTION('',(-0.70710678118656,3.14018491736749E-16,0.707106781186535));
#4449=DIRECTION('',(0.,1.,-4.44089209850063E-16));
#4450=DIRECTION('center_axis',(0.,-1.,4.44089209850063E-16));
#4451=DIRECTION('ref_axis',(0.,-4.44089209850063E-16,-1.));
#4452=DIRECTION('',(0.,-4.44089209850063E-16,-1.));
#4453=DIRECTION('center_axis',(1.,0.,0.));
#4454=DIRECTION('ref_axis',(0.,-1.,4.44089209850063E-16));
#4455=DIRECTION('',(0.,1.,-4.44089209850063E-16));
#4456=DIRECTION('',(0.,1.,-4.44089209850063E-16));
#4457=DIRECTION('',(0.,4.44089209850063E-16,1.));
#4458=DIRECTION('',(0.,-1.,4.44089209850063E-16));
#4459=DIRECTION('',(0.,1.,-4.44089209850063E-16));
#4460=DIRECTION('center_axis',(0.,-4.44089209850063E-16,-1.));
#4461=DIRECTION('ref_axis',(1.,0.,0.));
#4462=DIRECTION('',(-1.,0.,0.));
#4463=DIRECTION('center_axis',(0.,-4.44089209850063E-16,-1.));
#4464=DIRECTION('ref_axis',(0.707106781186548,-0.707106781186548,3.14018491736755E-16));
#4465=DIRECTION('',(0.,-1.,4.44089209850063E-16));
#4466=DIRECTION('center_axis',(0.,-4.44089209850063E-16,-1.));
#4467=DIRECTION('ref_axis',(0.707106781186548,0.707106781186548,-3.14018491736755E-16));
#4468=DIRECTION('',(1.,0.,0.));
#4469=DIRECTION('center_axis',(0.,-4.44089209850063E-16,-1.));
#4470=DIRECTION('ref_axis',(-0.707106781186548,0.707106781186548,-3.14018491736755E-16));
#4471=DIRECTION('',(0.,1.,-4.44089209850063E-16));
#4472=DIRECTION('center_axis',(0.,-4.44089209850063E-16,-1.));
#4473=DIRECTION('ref_axis',(-0.707106781186548,-0.707106781186548,3.14018491736755E-16));
#4474=DIRECTION('',(-1.,0.,0.));
#4475=DIRECTION('',(-1.,0.,0.));
#4476=DIRECTION('center_axis',(0.,1.,-4.44089209850063E-16));
#4477=DIRECTION('ref_axis',(1.,0.,0.));
#4478=DIRECTION('',(0.,4.44089209850063E-16,1.));
#4479=DIRECTION('center_axis',(0.,-1.,4.44089209850063E-16));
#4480=DIRECTION('ref_axis',(0.707106781186549,-3.14018491736754E-16,-0.707106781186546));
#4481=DIRECTION('',(1.,0.,0.));
#4482=DIRECTION('',(0.,-4.44089209850063E-16,-1.));
#4483=DIRECTION('center_axis',(0.,-4.44089209850063E-16,-1.));
#4484=DIRECTION('ref_axis',(0.707106781186548,0.707106781186548,-3.14018491736755E-16));
#4485=DIRECTION('',(0.,-4.44089209850063E-16,-1.));
#4486=DIRECTION('center_axis',(0.,-4.44089209850063E-16,-1.));
#4487=DIRECTION('ref_axis',(0.,1.,-4.44089209850063E-16));
#4488=DIRECTION('center_axis',(1.,0.,0.));
#4489=DIRECTION('ref_axis',(0.,-1.,4.44089209850063E-16));
#4490=DIRECTION('',(0.,4.44089209850063E-16,1.));
#4491=DIRECTION('',(0.,-1.,4.44089209850063E-16));
#4492=DIRECTION('center_axis',(0.,-4.44089209850063E-16,-1.));
#4493=DIRECTION('ref_axis',(0.707106781186548,-0.707106781186548,3.14018491736755E-16));
#4494=DIRECTION('',(0.,-4.44089209850063E-16,-1.));
#4495=DIRECTION('center_axis',(0.,-4.44089209850063E-16,-1.));
#4496=DIRECTION('ref_axis',(1.,0.,0.));
#4497=DIRECTION('center_axis',(0.,-1.,4.44089209850063E-16));
#4498=DIRECTION('ref_axis',(-1.,0.,0.));
#4499=DIRECTION('',(0.,4.44089209850063E-16,1.));
#4500=DIRECTION('',(-1.,0.,0.));
#4501=DIRECTION('center_axis',(0.,1.,-4.44089209850063E-16));
#4502=DIRECTION('ref_axis',(0.707106781186549,-3.14018491736754E-16,-0.707106781186546));
#4503=DIRECTION('center_axis',(0.,-4.44089209850063E-16,-1.));
#4504=DIRECTION('ref_axis',(-0.707106781186548,-0.707106781186548,3.14018491736755E-16));
#4505=DIRECTION('',(0.,-4.44089209850063E-16,-1.));
#4506=DIRECTION('center_axis',(0.,4.44089209850063E-16,1.));
#4507=DIRECTION('ref_axis',(-1.,0.,0.));
#4508=DIRECTION('center_axis',(-0.408248290463864,-0.408248290463864,0.816496580927725));
#4509=DIRECTION('ref_axis',(-0.577350269189628,-0.577350269189623,-0.577350269189626));
#4510=DIRECTION('center_axis',(0.,-1.,4.44089209850063E-16));
#4511=DIRECTION('ref_axis',(-0.707106781186547,-3.14018491736755E-16,-0.707106781186548));
#4512=DIRECTION('center_axis',(-1.,0.,0.));
#4513=DIRECTION('ref_axis',(0.,-0.707106781186546,-0.707106781186549));
#4514=DIRECTION('center_axis',(1.,0.,0.));
#4515=DIRECTION('ref_axis',(0.,-0.707106781186546,-0.707106781186549));
#4516=DIRECTION('',(1.,0.,0.));
#4517=DIRECTION('center_axis',(-1.,0.,0.));
#4518=DIRECTION('ref_axis',(0.,2.51650552248369E-15,-1.));
#4519=DIRECTION('center_axis',(0.,1.,-4.44089209850063E-16));
#4520=DIRECTION('ref_axis',(-0.707106781186548,-3.14018491736755E-16,-0.707106781186548));
#4521=DIRECTION('',(0.,1.,-4.44089209850063E-16));
#4522=DIRECTION('center_axis',(0.,1.,-4.44089209850063E-16));
#4523=DIRECTION('ref_axis',(-0.707106781186547,-3.14018491736755E-16,-0.707106781186548));
#4524=DIRECTION('',(0.,-1.,4.44089209850063E-16));
#4525=DIRECTION('center_axis',(-1.,0.,0.));
#4526=DIRECTION('ref_axis',(0.,1.,-4.44089209850063E-16));
#4527=DIRECTION('',(0.,4.44089209850063E-16,1.));
#4528=DIRECTION('center_axis',(-0.816496580927725,-0.408248290463865,0.408248290463863));
#4529=DIRECTION('ref_axis',(-0.577350269189627,0.577350269189627,-0.577350269189625));
#4530=DIRECTION('center_axis',(0.,-4.44089209850063E-16,-1.));
#4531=DIRECTION('ref_axis',(-1.,0.,0.));
#4532=DIRECTION('center_axis',(-1.,0.,0.));
#4533=DIRECTION('ref_axis',(0.,0.707106781186546,-0.707106781186549));
#4534=DIRECTION('center_axis',(0.,4.44089209850063E-16,1.));
#4535=DIRECTION('ref_axis',(-0.707106781186548,0.707106781186548,-3.14018491736755E-16));
#4536=DIRECTION('center_axis',(1.,0.,0.));
#4537=DIRECTION('ref_axis',(0.,0.707106781186545,-0.70710678118655));
#4538=DIRECTION('center_axis',(-1.,0.,0.));
#4539=DIRECTION('ref_axis',(0.,1.,-4.44089209850063E-16));
#4540=DIRECTION('',(-1.,0.,0.));
#4541=DIRECTION('center_axis',(0.,-1.,4.44089209850063E-16));
#4542=DIRECTION('ref_axis',(0.707106781186549,-3.14018491736754E-16,-0.707106781186546));
#4543=DIRECTION('center_axis',(0.,1.,-4.44089209850063E-16));
#4544=DIRECTION('ref_axis',(0.707106781186549,-3.14018491736754E-16,-0.707106781186546));
#4545=DIRECTION('center_axis',(0.,-4.44089209850063E-16,-1.));
#4546=DIRECTION('ref_axis',(1.,0.,0.));
#4547=DIRECTION('',(0.,1.,-4.44089209850063E-16));
#4548=DIRECTION('center_axis',(0.,1.,-4.44089209850063E-16));
#4549=DIRECTION('ref_axis',(0.707106781186549,-3.14018491736754E-16,-0.707106781186546));
#4550=DIRECTION('center_axis',(0.,1.,-4.44089209850063E-16));
#4551=DIRECTION('ref_axis',(1.,0.,0.));
#4552=DIRECTION('',(1.,0.,0.));
#4553=DIRECTION('center_axis',(0.,4.44089209850063E-16,1.));
#4554=DIRECTION('ref_axis',(0.,-1.,4.44089209850063E-16));
#4555=CARTESIAN_POINT('',(0.,0.,0.));
#4556=CARTESIAN_POINT('Origin',(-78.5,39.5,27.35));
#4557=CARTESIAN_POINT('',(-79.975,39.5,27.5));
#4558=CARTESIAN_POINT('Origin',(-78.5,39.5,27.5));
#4559=CARTESIAN_POINT('',(-79.675,39.5,27.2));
#4560=CARTESIAN_POINT('',(-79.825,39.5,27.35));
#4561=CARTESIAN_POINT('Origin',(-78.5,39.5,27.2));
#4562=CARTESIAN_POINT('Origin',(-10.,0.,27.5));
#4563=CARTESIAN_POINT('',(-99.75,-69.5,27.5));
#4564=CARTESIAN_POINT('',(-99.75,69.5,27.5));
#4565=CARTESIAN_POINT('',(-99.75,36.25,27.5));
#4566=CARTESIAN_POINT('',(23.5,-69.5,27.5));
#4567=CARTESIAN_POINT('',(-51.5,-69.5,27.5));
#4568=CARTESIAN_POINT('',(23.5,69.5,27.5));
#4569=CARTESIAN_POINT('',(23.5,36.25,27.5));
#4570=CARTESIAN_POINT('',(31.5,69.5,27.5));
#4571=CARTESIAN_POINT('',(-79.975,-39.5,27.5));
#4572=CARTESIAN_POINT('Origin',(-78.5,-39.5,27.5));
#4573=CARTESIAN_POINT('',(12.025,-39.5,27.5));
#4574=CARTESIAN_POINT('Origin',(13.5,-39.5,27.5));
#4575=CARTESIAN_POINT('',(-87.45,-20.1,27.5));
#4576=CARTESIAN_POINT('Origin',(-90.,-20.1,27.5));
#4577=CARTESIAN_POINT('',(6.05,20.1,27.5));
#4578=CARTESIAN_POINT('Origin',(3.5,20.1,27.5));
#4579=CARTESIAN_POINT('',(-87.45,20.1,27.5));
#4580=CARTESIAN_POINT('Origin',(-90.,20.1,27.5));
#4581=CARTESIAN_POINT('',(6.05,-20.1,27.5));
#4582=CARTESIAN_POINT('Origin',(3.5,-20.1,27.5));
#4583=CARTESIAN_POINT('',(12.025,39.5,27.5));
#4584=CARTESIAN_POINT('Origin',(13.5,39.5,27.5));
#4585=CARTESIAN_POINT('Origin',(-78.5,39.5,0.));
#4586=CARTESIAN_POINT('',(-79.675,39.5,0.2));
#4587=CARTESIAN_POINT('Origin',(-78.5,39.5,0.2));
#4588=CARTESIAN_POINT('',(-79.675,39.5,0.));
#4589=CARTESIAN_POINT('Origin',(-78.5,-39.5,27.35));
#4590=CARTESIAN_POINT('',(-79.675,-39.5,27.2));
#4591=CARTESIAN_POINT('',(-79.825,-39.5,27.35));
#4592=CARTESIAN_POINT('Origin',(-78.5,-39.5,27.2));
#4593=CARTESIAN_POINT('Origin',(-78.5,-39.5,0.));
#4594=CARTESIAN_POINT('',(-79.675,-39.5,0.2));
#4595=CARTESIAN_POINT('Origin',(-78.5,-39.5,0.2));
#4596=CARTESIAN_POINT('',(-79.675,-39.5,0.));
#4597=CARTESIAN_POINT('Origin',(13.5,39.5,27.35));
#4598=CARTESIAN_POINT('',(12.325,39.5,27.2));
#4599=CARTESIAN_POINT('',(12.175,39.5,27.35));
#4600=CARTESIAN_POINT('Origin',(13.5,39.5,27.2));
#4601=CARTESIAN_POINT('Origin',(13.5,39.5,0.));
#4602=CARTESIAN_POINT('',(12.325,39.5,0.2));
#4603=CARTESIAN_POINT('Origin',(13.5,39.5,0.2));
#4604=CARTESIAN_POINT('',(12.325,39.5,0.));
#4605=CARTESIAN_POINT('Origin',(13.5,-39.5,27.35));
#4606=CARTESIAN_POINT('',(12.325,-39.5,27.2));
#4607=CARTESIAN_POINT('',(12.175,-39.5,27.35));
#4608=CARTESIAN_POINT('Origin',(13.5,-39.5,27.2));
#4609=CARTESIAN_POINT('Origin',(13.5,-39.5,0.));
#4610=CARTESIAN_POINT('',(12.325,-39.5,0.2));
#4611=CARTESIAN_POINT('Origin',(13.5,-39.5,0.2));
#4612=CARTESIAN_POINT('',(12.325,-39.5,0.));
#4613=CARTESIAN_POINT('Origin',(30.8999999999999,61.1,22.5));
#4614=CARTESIAN_POINT('',(30.8999999999999,69.1,22.5));
#4615=CARTESIAN_POINT('',(30.8999999999999,61.1,22.5));
#4616=CARTESIAN_POINT('',(30.8999999999999,30.55,22.5));
#4617=CARTESIAN_POINT('',(30.8999999999999,69.1,29.5));
#4618=CARTESIAN_POINT('',(30.8999999999999,69.1,22.5));
#4619=CARTESIAN_POINT('',(30.8999999999999,61.1,29.5));
#4620=CARTESIAN_POINT('',(30.8999999999999,69.1,29.5));
#4621=CARTESIAN_POINT('',(30.8999999999999,61.1,22.5));
#4622=CARTESIAN_POINT('Origin',(28.8999999999999,61.1,22.5));
#4623=CARTESIAN_POINT('',(28.8999999999999,61.1,22.5));
#4624=CARTESIAN_POINT('',(38.7,61.1,22.5));
#4625=CARTESIAN_POINT('',(28.8999999999999,61.1,29.5));
#4626=CARTESIAN_POINT('',(30.8999999999999,61.1,29.5));
#4627=CARTESIAN_POINT('',(28.8999999999999,61.1,22.5));
#4628=CARTESIAN_POINT('Origin',(28.8999999999999,69.1,22.5));
#4629=CARTESIAN_POINT('',(28.8999999999999,69.1,22.5));
#4630=CARTESIAN_POINT('',(28.8999999999999,34.55,22.5));
#4631=CARTESIAN_POINT('',(28.8999999999999,69.1,29.5));
#4632=CARTESIAN_POINT('',(28.8999999999999,61.1,29.5));
#4633=CARTESIAN_POINT('',(28.8999999999999,69.1,22.5));
#4634=CARTESIAN_POINT('Origin',(29.8999999999999,65.1,29.5));
#4635=CARTESIAN_POINT('',(50.2,69.1,29.5));
#4636=CARTESIAN_POINT('Origin',(70.5,69.1,22.5));
#4637=CARTESIAN_POINT('',(64.,69.1,22.5));
#4638=CARTESIAN_POINT('',(59.5,69.1,22.5));
#4639=CARTESIAN_POINT('',(64.,69.1,0.));
#4640=CARTESIAN_POINT('',(64.,69.1,22.5));
#4641=CARTESIAN_POINT('',(79.,69.1,0.));
#4642=CARTESIAN_POINT('',(27.,69.1,0.));
#4643=CARTESIAN_POINT('',(79.,69.1,22.5));
#4644=CARTESIAN_POINT('',(79.,69.1,22.5));
#4645=CARTESIAN_POINT('',(79.6,69.1,22.5));
#4646=CARTESIAN_POINT('',(59.5,69.1,22.5));
#4647=CARTESIAN_POINT('',(79.6,69.1,67.));
#4648=CARTESIAN_POINT('',(79.6,69.1,22.5));
#4649=CARTESIAN_POINT('',(27.4,69.1,67.));
#4650=CARTESIAN_POINT('',(30.3125,69.1,67.));
#4651=CARTESIAN_POINT('',(27.4,69.1,22.5));
#4652=CARTESIAN_POINT('',(27.4,69.1,22.5));
#4653=CARTESIAN_POINT('',(59.5,69.1,22.5));
#4654=CARTESIAN_POINT('Origin',(30.8999999999999,-69.1,22.5));
#4655=CARTESIAN_POINT('',(30.8999999999999,-61.1,22.5));
#4656=CARTESIAN_POINT('',(30.8999999999999,-69.1,22.5));
#4657=CARTESIAN_POINT('',(30.8999999999999,-34.55,22.5));
#4658=CARTESIAN_POINT('',(30.8999999999999,-61.1,29.5));
#4659=CARTESIAN_POINT('',(30.8999999999999,-61.1,22.5));
#4660=CARTESIAN_POINT('',(30.8999999999999,-69.1,29.5));
#4661=CARTESIAN_POINT('',(30.8999999999999,-61.1,29.5));
#4662=CARTESIAN_POINT('',(30.8999999999999,-69.1,22.5));
#4663=CARTESIAN_POINT('Origin',(28.8999999999999,-61.1,22.5));
#4664=CARTESIAN_POINT('',(28.8999999999999,-69.1,22.5));
#4665=CARTESIAN_POINT('',(28.8999999999999,-61.1,22.5));
#4666=CARTESIAN_POINT('',(28.8999999999999,-30.55,22.5));
#4667=CARTESIAN_POINT('',(28.8999999999999,-69.1,29.5));
#4668=CARTESIAN_POINT('',(28.8999999999999,-69.1,22.5));
#4669=CARTESIAN_POINT('',(28.8999999999999,-61.1,29.5));
#4670=CARTESIAN_POINT('',(28.8999999999999,-69.1,29.5));
#4671=CARTESIAN_POINT('',(28.8999999999999,-61.1,22.5));
#4672=CARTESIAN_POINT('Origin',(30.8999999999999,-61.1,22.5));
#4673=CARTESIAN_POINT('',(39.7,-61.1,22.5));
#4674=CARTESIAN_POINT('',(28.8999999999999,-61.1,29.5));
#4675=CARTESIAN_POINT('Origin',(29.8999999999999,-65.1,29.5));
#4676=CARTESIAN_POINT('',(28.2,-69.1,29.5));
#4677=CARTESIAN_POINT('Origin',(48.5,0.,22.5));
#4678=CARTESIAN_POINT('',(27.4,-69.1,22.5));
#4679=CARTESIAN_POINT('',(27.4,35.,22.5));
#4680=CARTESIAN_POINT('',(37.5,-69.1,22.5));
#4681=CARTESIAN_POINT('',(70.0999999999999,-69.1,22.5));
#4682=CARTESIAN_POINT('',(37.5,-69.1,22.5));
#4683=CARTESIAN_POINT('',(70.0999999999999,-61.1,22.5));
#4684=CARTESIAN_POINT('',(70.0999999999999,-30.55,22.5));
#4685=CARTESIAN_POINT('',(72.0999999999999,-61.1,22.5));
#4686=CARTESIAN_POINT('',(60.3,-61.1,22.5));
#4687=CARTESIAN_POINT('',(72.0999999999999,-69.1,22.5));
#4688=CARTESIAN_POINT('',(72.0999999999999,-34.55,22.5));
#4689=CARTESIAN_POINT('',(79.6,-69.1,22.5));
#4690=CARTESIAN_POINT('',(37.5,-69.1,22.5));
#4691=CARTESIAN_POINT('',(79.6,-35.,22.5));
#4692=CARTESIAN_POINT('',(79.,44.1,22.5));
#4693=CARTESIAN_POINT('',(79.,34.55,22.5));
#4694=CARTESIAN_POINT('',(64.,44.1,22.5));
#4695=CARTESIAN_POINT('',(63.75,44.1,22.5));
#4696=CARTESIAN_POINT('',(64.,22.05,22.5));
#4697=CARTESIAN_POINT('',(72.0999999999999,37.1,22.5));
#4698=CARTESIAN_POINT('',(72.0999999999999,29.1,22.5));
#4699=CARTESIAN_POINT('',(72.0999999999999,14.55,22.5));
#4700=CARTESIAN_POINT('',(70.0999999999999,29.1,22.5));
#4701=CARTESIAN_POINT('',(59.3,29.1,22.5));
#4702=CARTESIAN_POINT('',(70.0999999999999,37.1,22.5));
#4703=CARTESIAN_POINT('',(70.0999999999999,18.55,22.5));
#4704=CARTESIAN_POINT('',(60.3,37.1,22.5));
#4705=CARTESIAN_POINT('Origin',(72.0999999999999,29.1,22.5));
#4706=CARTESIAN_POINT('',(72.0999999999999,37.1,29.5));
#4707=CARTESIAN_POINT('',(72.0999999999999,37.1,22.5));
#4708=CARTESIAN_POINT('',(72.0999999999999,29.1,29.5));
#4709=CARTESIAN_POINT('',(72.0999999999999,37.1,29.5));
#4710=CARTESIAN_POINT('',(72.0999999999999,29.1,22.5));
#4711=CARTESIAN_POINT('Origin',(70.0999999999999,29.1,22.5));
#4712=CARTESIAN_POINT('',(70.0999999999999,29.1,29.5));
#4713=CARTESIAN_POINT('',(72.0999999999999,29.1,29.5));
#4714=CARTESIAN_POINT('',(70.0999999999999,29.1,22.5));
#4715=CARTESIAN_POINT('Origin',(70.0999999999999,37.1,22.5));
#4716=CARTESIAN_POINT('',(70.0999999999999,37.1,29.5));
#4717=CARTESIAN_POINT('',(70.0999999999999,29.1,29.5));
#4718=CARTESIAN_POINT('',(70.0999999999999,37.1,22.5));
#4719=CARTESIAN_POINT('Origin',(72.0999999999999,37.1,22.5));
#4720=CARTESIAN_POINT('',(70.0999999999999,37.1,29.5));
#4721=CARTESIAN_POINT('Origin',(71.0999999999999,33.1,29.5));
#4722=CARTESIAN_POINT('Origin',(70.0999999999999,-61.1,22.5));
#4723=CARTESIAN_POINT('',(70.0999999999999,-69.1,29.5));
#4724=CARTESIAN_POINT('',(70.0999999999999,-69.1,22.5));
#4725=CARTESIAN_POINT('',(70.0999999999999,-61.1,29.5));
#4726=CARTESIAN_POINT('',(70.0999999999999,-69.1,29.5));
#4727=CARTESIAN_POINT('',(70.0999999999999,-61.1,22.5));
#4728=CARTESIAN_POINT('Origin',(72.0999999999999,-61.1,22.5));
#4729=CARTESIAN_POINT('',(72.0999999999999,-61.1,29.5));
#4730=CARTESIAN_POINT('',(70.0999999999999,-61.1,29.5));
#4731=CARTESIAN_POINT('',(72.0999999999999,-61.1,22.5));
#4732=CARTESIAN_POINT('Origin',(72.0999999999999,-69.1,22.5));
#4733=CARTESIAN_POINT('',(72.0999999999999,-69.1,29.5));
#4734=CARTESIAN_POINT('',(72.0999999999999,-61.1,29.5));
#4735=CARTESIAN_POINT('',(72.0999999999999,-69.1,22.5));
#4736=CARTESIAN_POINT('Origin',(71.0999999999999,-65.1,29.5));
#4737=CARTESIAN_POINT('',(48.8,-69.1,29.5));
#4738=CARTESIAN_POINT('Origin',(79.,69.1,22.5));
#4739=CARTESIAN_POINT('',(79.,44.1,0.));
#4740=CARTESIAN_POINT('',(79.,-36.25,0.));
#4741=CARTESIAN_POINT('',(79.,44.1,22.5));
#4742=CARTESIAN_POINT('Origin',(64.,44.1,22.5));
#4743=CARTESIAN_POINT('',(64.,44.1,0.));
#4744=CARTESIAN_POINT('',(64.,22.05,0.));
#4745=CARTESIAN_POINT('',(64.,44.1,22.5));
#4746=CARTESIAN_POINT('Origin',(79.,44.1,22.5));
#4747=CARTESIAN_POINT('',(34.5,44.1,0.));
#4748=CARTESIAN_POINT('Origin',(-10.,0.,0.));
#4749=CARTESIAN_POINT('',(79.,-69.5,0.));
#4750=CARTESIAN_POINT('',(79.,-36.25,0.));
#4751=CARTESIAN_POINT('',(-99.75,-69.5,0.));
#4752=CARTESIAN_POINT('',(-51.5,-69.5,0.));
#4753=CARTESIAN_POINT('',(-99.75,69.5,0.));
#4754=CARTESIAN_POINT('',(-99.75,36.25,0.));
#4755=CARTESIAN_POINT('',(79.,69.5,0.));
#4756=CARTESIAN_POINT('',(31.5,69.5,0.));
#4757=CARTESIAN_POINT('',(79.,-36.25,0.));
#4758=CARTESIAN_POINT('',(12.125,-39.5,0.));
#4759=CARTESIAN_POINT('Origin',(13.5,-39.5,0.));
#4760=CARTESIAN_POINT('',(-79.875,39.5,0.));
#4761=CARTESIAN_POINT('Origin',(-78.5,39.5,0.));
#4762=CARTESIAN_POINT('',(8.23427220735493,-20.1,0.));
#4763=CARTESIAN_POINT('',(5.86713610367746,-16.,0.));
#4764=CARTESIAN_POINT('',(1.60321052741876,-8.61466426222752,0.));
#4765=CARTESIAN_POINT('',(1.13286389632253,-16.,0.));
#4766=CARTESIAN_POINT('',(-2.06643194816128,-16.,0.));
#4767=CARTESIAN_POINT('',(-1.23427220735494,-20.1,0.));
#4768=CARTESIAN_POINT('',(3.20535752441997,-12.4103357377725,0.));
#4769=CARTESIAN_POINT('',(1.13286389632253,-24.2,0.));
#4770=CARTESIAN_POINT('',(-6.68176583545238,-10.6646642622275,0.));
#4771=CARTESIAN_POINT('',(5.86713610367746,-24.2,0.));
#4772=CARTESIAN_POINT('',(-4.43356805183874,-24.2,0.));
#4773=CARTESIAN_POINT('',(9.12319778361364,-18.5603357377725,0.));
#4774=CARTESIAN_POINT('',(-85.2657277926451,-20.1,0.));
#4775=CARTESIAN_POINT('',(-87.6328638963225,-16.,0.));
#4776=CARTESIAN_POINT('',(-80.2092894725813,-28.8580080756888,0.));
#4777=CARTESIAN_POINT('',(-92.3671361036775,-16.,0.));
#4778=CARTESIAN_POINT('',(-48.8164319481613,-16.,0.));
#4779=CARTESIAN_POINT('',(-94.7342722073549,-20.1,0.));
#4780=CARTESIAN_POINT('',(-78.6071424755801,7.83300807568875,0.));
#4781=CARTESIAN_POINT('',(-92.3671361036775,-24.2,0.));
#4782=CARTESIAN_POINT('',(-88.4942658354525,-30.9080080756887,0.));
#4783=CARTESIAN_POINT('',(-87.6328638963225,-24.2,0.));
#4784=CARTESIAN_POINT('',(-51.1835680518387,-24.2,0.));
#4785=CARTESIAN_POINT('',(-72.6893022163864,1.68300807568876,0.));
#4786=CARTESIAN_POINT('',(-85.2657277926451,20.1,0.));
#4787=CARTESIAN_POINT('',(-87.6328638963225,24.2,0.));
#4788=CARTESIAN_POINT('',(-71.5057341645476,-3.73300807568877,0.));
#4789=CARTESIAN_POINT('',(-92.3671361036775,24.2,0.));
#4790=CARTESIAN_POINT('',(-48.8164319481613,24.2,0.));
#4791=CARTESIAN_POINT('',(-94.7342722073549,20.1,0.));
#4792=CARTESIAN_POINT('',(-87.3106977836137,32.9580080756887,0.));
#4793=CARTESIAN_POINT('',(-92.3671361036775,16.,0.));
#4794=CARTESIAN_POINT('',(-79.7907105274189,-5.78300807568874,0.));
#4795=CARTESIAN_POINT('',(-87.6328638963225,16.,0.));
#4796=CARTESIAN_POINT('',(-51.1835680518387,16.,0.));
#4797=CARTESIAN_POINT('',(-81.39285752442,26.8080080756888,0.));
#4798=CARTESIAN_POINT('',(8.23427220735493,20.1,0.));
#4799=CARTESIAN_POINT('',(5.86713610367746,24.2,0.));
#4800=CARTESIAN_POINT('',(10.3067658354524,16.5103357377725,0.));
#4801=CARTESIAN_POINT('',(1.13286389632253,24.2,0.));
#4802=CARTESIAN_POINT('',(-2.06643194816126,24.2,0.));
#4803=CARTESIAN_POINT('',(-1.23427220735494,20.1,0.));
#4804=CARTESIAN_POINT('',(-5.49819778361364,12.7146642622275,0.));
#4805=CARTESIAN_POINT('',(1.13286389632253,16.,0.));
#4806=CARTESIAN_POINT('',(2.02178947258123,14.4603357377725,0.));
#4807=CARTESIAN_POINT('',(5.86713610367746,16.,0.));
#4808=CARTESIAN_POINT('',(-4.43356805183874,16.,0.));
#4809=CARTESIAN_POINT('',(0.419642475580027,6.56466426222752,0.));
#4810=CARTESIAN_POINT('',(12.125,39.5,0.));
#4811=CARTESIAN_POINT('Origin',(13.5,39.5,0.));
#4812=CARTESIAN_POINT('',(-79.875,-39.5,0.));
#4813=CARTESIAN_POINT('Origin',(-78.5,-39.5,0.));
#4814=CARTESIAN_POINT('Origin',(13.5,-39.5,0.1));
#4815=CARTESIAN_POINT('',(12.225,-39.5,0.1));
#4816=CARTESIAN_POINT('Origin',(-78.5,-39.5,0.1));
#4817=CARTESIAN_POINT('',(-79.775,-39.5,0.1));
#4818=CARTESIAN_POINT('Origin',(-78.5,39.5,0.1));
#4819=CARTESIAN_POINT('',(-79.775,39.5,0.1));
#4820=CARTESIAN_POINT('Origin',(13.5,39.5,0.1));
#4821=CARTESIAN_POINT('',(12.225,39.5,0.1));
#4822=CARTESIAN_POINT('Origin',(8.23427220735493,-20.1,0.));
#4823=CARTESIAN_POINT('',(8.23427220735493,-20.1,4.8));
#4824=CARTESIAN_POINT('',(8.23427220735493,-20.1,0.));
#4825=CARTESIAN_POINT('',(5.86713610367746,-16.,4.8));
#4826=CARTESIAN_POINT('',(5.86713610367746,-16.,4.8));
#4827=CARTESIAN_POINT('',(5.86713610367746,-16.,0.));
#4828=CARTESIAN_POINT('Origin',(5.86713610367746,-24.2,0.));
#4829=CARTESIAN_POINT('',(5.86713610367746,-24.2,4.8));
#4830=CARTESIAN_POINT('',(5.86713610367746,-24.2,0.));
#4831=CARTESIAN_POINT('',(8.23427220735493,-20.1,4.8));
#4832=CARTESIAN_POINT('Origin',(1.13286389632253,-24.2,0.));
#4833=CARTESIAN_POINT('',(1.13286389632253,-24.2,4.8));
#4834=CARTESIAN_POINT('',(1.13286389632253,-24.2,0.));
#4835=CARTESIAN_POINT('',(5.86713610367746,-24.2,4.8));
#4836=CARTESIAN_POINT('Origin',(-1.23427220735494,-20.1,0.));
#4837=CARTESIAN_POINT('',(-1.23427220735494,-20.1,4.8));
#4838=CARTESIAN_POINT('',(-1.23427220735494,-20.1,0.));
#4839=CARTESIAN_POINT('',(1.13286389632253,-24.2,4.8));
#4840=CARTESIAN_POINT('Origin',(1.13286389632253,-16.,0.));
#4841=CARTESIAN_POINT('',(1.13286389632253,-16.,4.8));
#4842=CARTESIAN_POINT('',(1.13286389632253,-16.,0.));
#4843=CARTESIAN_POINT('',(-1.23427220735494,-20.1,4.8));
#4844=CARTESIAN_POINT('Origin',(5.86713610367746,-16.,0.));
#4845=CARTESIAN_POINT('',(1.13286389632253,-16.,4.8));
#4846=CARTESIAN_POINT('Origin',(-10.375,0.,4.8));
#4847=CARTESIAN_POINT('',(5.75,-20.1,4.8));
#4848=CARTESIAN_POINT('Origin',(3.5,-20.1,4.8));
#4849=CARTESIAN_POINT('Origin',(-85.2657277926451,-20.1,0.));
#4850=CARTESIAN_POINT('',(-85.2657277926451,-20.1,4.8));
#4851=CARTESIAN_POINT('',(-85.2657277926451,-20.1,0.));
#4852=CARTESIAN_POINT('',(-87.6328638963225,-16.,4.8));
#4853=CARTESIAN_POINT('',(-87.6328638963225,-16.,4.8));
#4854=CARTESIAN_POINT('',(-87.6328638963225,-16.,0.));
#4855=CARTESIAN_POINT('Origin',(-87.6328638963225,-24.2,0.));
#4856=CARTESIAN_POINT('',(-87.6328638963225,-24.2,4.8));
#4857=CARTESIAN_POINT('',(-87.6328638963225,-24.2,0.));
#4858=CARTESIAN_POINT('',(-85.2657277926451,-20.1,4.8));
#4859=CARTESIAN_POINT('Origin',(-92.3671361036775,-24.2,0.));
#4860=CARTESIAN_POINT('',(-92.3671361036775,-24.2,4.8));
#4861=CARTESIAN_POINT('',(-92.3671361036775,-24.2,0.));
#4862=CARTESIAN_POINT('',(-87.6328638963225,-24.2,4.8));
#4863=CARTESIAN_POINT('Origin',(-94.7342722073549,-20.1,0.));
#4864=CARTESIAN_POINT('',(-94.7342722073549,-20.1,4.8));
#4865=CARTESIAN_POINT('',(-94.7342722073549,-20.1,0.));
#4866=CARTESIAN_POINT('',(-92.3671361036775,-24.2,4.8));
#4867=CARTESIAN_POINT('Origin',(-92.3671361036775,-16.,0.));
#4868=CARTESIAN_POINT('',(-92.3671361036775,-16.,4.8));
#4869=CARTESIAN_POINT('',(-92.3671361036775,-16.,0.));
#4870=CARTESIAN_POINT('',(-94.7342722073549,-20.1,4.8));
#4871=CARTESIAN_POINT('Origin',(-87.6328638963225,-16.,0.));
#4872=CARTESIAN_POINT('',(-92.3671361036775,-16.,4.8));
#4873=CARTESIAN_POINT('Origin',(-10.375,0.,4.8));
#4874=CARTESIAN_POINT('',(-87.75,-20.1,4.8));
#4875=CARTESIAN_POINT('Origin',(-90.,-20.1,4.8));
#4876=CARTESIAN_POINT('Origin',(-85.2657277926451,20.1,0.));
#4877=CARTESIAN_POINT('',(-85.2657277926451,20.1,4.8));
#4878=CARTESIAN_POINT('',(-85.2657277926451,20.1,0.));
#4879=CARTESIAN_POINT('',(-87.6328638963225,24.2,4.8));
#4880=CARTESIAN_POINT('',(-87.6328638963225,24.2,4.8));
#4881=CARTESIAN_POINT('',(-87.6328638963225,24.2,0.));
#4882=CARTESIAN_POINT('Origin',(-87.6328638963225,16.,0.));
#4883=CARTESIAN_POINT('',(-87.6328638963225,16.,4.8));
#4884=CARTESIAN_POINT('',(-87.6328638963225,16.,0.));
#4885=CARTESIAN_POINT('',(-85.2657277926451,20.1,4.8));
#4886=CARTESIAN_POINT('Origin',(-92.3671361036775,16.,0.));
#4887=CARTESIAN_POINT('',(-92.3671361036775,16.,4.8));
#4888=CARTESIAN_POINT('',(-92.3671361036775,16.,0.));
#4889=CARTESIAN_POINT('',(-87.6328638963225,16.,4.8));
#4890=CARTESIAN_POINT('Origin',(-94.7342722073549,20.1,0.));
#4891=CARTESIAN_POINT('',(-94.7342722073549,20.1,4.8));
#4892=CARTESIAN_POINT('',(-94.7342722073549,20.1,0.));
#4893=CARTESIAN_POINT('',(-92.3671361036775,16.,4.8));
#4894=CARTESIAN_POINT('Origin',(-92.3671361036775,24.2,0.));
#4895=CARTESIAN_POINT('',(-92.3671361036775,24.2,4.8));
#4896=CARTESIAN_POINT('',(-92.3671361036775,24.2,0.));
#4897=CARTESIAN_POINT('',(-94.7342722073549,20.1,4.8));
#4898=CARTESIAN_POINT('Origin',(-87.6328638963225,24.2,0.));
#4899=CARTESIAN_POINT('',(-92.3671361036775,24.2,4.8));
#4900=CARTESIAN_POINT('Origin',(-10.375,0.,4.8));
#4901=CARTESIAN_POINT('',(-87.75,20.1,4.8));
#4902=CARTESIAN_POINT('Origin',(-90.,20.1,4.8));
#4903=CARTESIAN_POINT('Origin',(8.23427220735493,20.1,0.));
#4904=CARTESIAN_POINT('',(8.23427220735493,20.1,4.8));
#4905=CARTESIAN_POINT('',(8.23427220735493,20.1,0.));
#4906=CARTESIAN_POINT('',(5.86713610367746,24.2,4.8));
#4907=CARTESIAN_POINT('',(5.86713610367746,24.2,4.8));
#4908=CARTESIAN_POINT('',(5.86713610367746,24.2,0.));
#4909=CARTESIAN_POINT('Origin',(5.86713610367746,16.,0.));
#4910=CARTESIAN_POINT('',(5.86713610367746,16.,4.8));
#4911=CARTESIAN_POINT('',(5.86713610367746,16.,0.));
#4912=CARTESIAN_POINT('',(8.23427220735493,20.1,4.8));
#4913=CARTESIAN_POINT('Origin',(1.13286389632253,16.,0.));
#4914=CARTESIAN_POINT('',(1.13286389632253,16.,4.8));
#4915=CARTESIAN_POINT('',(1.13286389632253,16.,0.));
#4916=CARTESIAN_POINT('',(5.86713610367746,16.,4.8));
#4917=CARTESIAN_POINT('Origin',(-1.23427220735494,20.1,0.));
#4918=CARTESIAN_POINT('',(-1.23427220735494,20.1,4.8));
#4919=CARTESIAN_POINT('',(-1.23427220735494,20.1,0.));
#4920=CARTESIAN_POINT('',(1.13286389632253,16.,4.8));
#4921=CARTESIAN_POINT('Origin',(1.13286389632253,24.2,0.));
#4922=CARTESIAN_POINT('',(1.13286389632253,24.2,4.8));
#4923=CARTESIAN_POINT('',(1.13286389632253,24.2,0.));
#4924=CARTESIAN_POINT('',(-1.23427220735494,20.1,4.8));
#4925=CARTESIAN_POINT('Origin',(5.86713610367746,24.2,0.));
#4926=CARTESIAN_POINT('',(1.13286389632253,24.2,4.8));
#4927=CARTESIAN_POINT('Origin',(-10.375,0.,4.8));
#4928=CARTESIAN_POINT('',(5.75,20.1,4.8));
#4929=CARTESIAN_POINT('Origin',(3.5,20.1,4.8));
#4930=CARTESIAN_POINT('Origin',(3.5,-20.1,27.35));
#4931=CARTESIAN_POINT('',(5.75,-20.1,27.2));
#4932=CARTESIAN_POINT('',(5.9,-20.1,27.35));
#4933=CARTESIAN_POINT('Origin',(3.5,-20.1,27.2));
#4934=CARTESIAN_POINT('Origin',(3.5,-20.1,27.5));
#4935=CARTESIAN_POINT('',(5.75,-20.1,27.5));
#4936=CARTESIAN_POINT('Origin',(-90.,-20.1,27.35));
#4937=CARTESIAN_POINT('',(-87.75,-20.1,27.2));
#4938=CARTESIAN_POINT('',(-87.6,-20.1,27.35));
#4939=CARTESIAN_POINT('Origin',(-90.,-20.1,27.2));
#4940=CARTESIAN_POINT('Origin',(-90.,-20.1,27.5));
#4941=CARTESIAN_POINT('',(-87.75,-20.1,27.5));
#4942=CARTESIAN_POINT('Origin',(-90.,20.1,27.35));
#4943=CARTESIAN_POINT('',(-87.75,20.1,27.2));
#4944=CARTESIAN_POINT('',(-87.6,20.1,27.35));
#4945=CARTESIAN_POINT('Origin',(-90.,20.1,27.2));
#4946=CARTESIAN_POINT('Origin',(-90.,20.1,27.5));
#4947=CARTESIAN_POINT('',(-87.75,20.1,27.5));
#4948=CARTESIAN_POINT('Origin',(3.5,20.1,27.35));
#4949=CARTESIAN_POINT('',(5.75,20.1,27.2));
#4950=CARTESIAN_POINT('',(5.9,20.1,27.35));
#4951=CARTESIAN_POINT('Origin',(3.5,20.1,27.2));
#4952=CARTESIAN_POINT('Origin',(3.5,20.1,27.5));
#4953=CARTESIAN_POINT('',(5.75,20.1,27.5));
#4954=CARTESIAN_POINT('Origin',(79.4485281374239,23.04,66.));
#4955=CARTESIAN_POINT('',(79.0949747468306,27.04,66.3535533905933));
#4956=CARTESIAN_POINT('',(79.0949747468306,27.04,65.6464466094067));
#4957=CARTESIAN_POINT('Origin',(79.4485281374239,27.04,66.));
#4958=CARTESIAN_POINT('',(79.0949747468306,19.04,65.6464466094067));
#4959=CARTESIAN_POINT('',(79.0949747468306,23.04,65.6464466094067));
#4960=CARTESIAN_POINT('',(79.0949747468306,19.04,66.3535533905933));
#4961=CARTESIAN_POINT('Origin',(79.4485281374239,19.04,66.));
#4962=CARTESIAN_POINT('',(79.0949747468306,23.04,66.3535533905933));
#4963=CARTESIAN_POINT('Origin',(79.1,27.04,66.));
#4964=CARTESIAN_POINT('',(79.6,27.04,66.8585786437627));
#4965=CARTESIAN_POINT('',(78.7957106781187,27.04,66.0542893218814));
#4966=CARTESIAN_POINT('',(79.6,27.04,65.1414213562373));
#4967=CARTESIAN_POINT('',(79.6,27.04,44.25));
#4968=CARTESIAN_POINT('',(79.2957106781187,27.04,65.4457106781187));
#4969=CARTESIAN_POINT('Origin',(78.6707106781187,23.04,65.9292893218814));
#4970=CARTESIAN_POINT('',(79.6,19.04,66.8585786437627));
#4971=CARTESIAN_POINT('',(78.7957106781187,19.04,66.0542893218814));
#4972=CARTESIAN_POINT('',(79.6,-23.48,66.8585786437627));
#4973=CARTESIAN_POINT('Origin',(79.4485281374239,0.,66.));
#4974=CARTESIAN_POINT('',(79.0949747468306,-27.04,65.6464466094067));
#4975=CARTESIAN_POINT('',(79.0949747468306,-27.04,66.3535533905933));
#4976=CARTESIAN_POINT('Origin',(79.4485281374239,-27.04,66.));
#4977=CARTESIAN_POINT('',(79.0949747468306,-19.04,66.3535533905933));
#4978=CARTESIAN_POINT('',(79.0949747468306,0.,66.3535533905933));
#4979=CARTESIAN_POINT('',(79.0949747468306,-19.04,65.6464466094067));
#4980=CARTESIAN_POINT('Origin',(79.4485281374239,-19.04,66.));
#4981=CARTESIAN_POINT('',(79.0949747468306,0.,65.6464466094067));
#4982=CARTESIAN_POINT('Origin',(27.9,-19.04,66.));
#4983=CARTESIAN_POINT('',(79.6,-19.04,66.8585786437627));
#4984=CARTESIAN_POINT('',(78.7957106781187,-19.04,66.0542893218814));
#4985=CARTESIAN_POINT('',(79.6,-19.04,65.1414213562373));
#4986=CARTESIAN_POINT('',(79.6,-19.04,44.25));
#4987=CARTESIAN_POINT('',(79.2957106781187,-19.04,65.4457106781187));
#4988=CARTESIAN_POINT('Origin',(78.6707106781187,23.04,65.9292893218814));
#4989=CARTESIAN_POINT('',(79.6,-27.04,66.8585786437627));
#4990=CARTESIAN_POINT('',(78.7957106781187,-27.04,66.0542893218814));
#4991=CARTESIAN_POINT('',(79.6,-23.48,66.8585786437627));
#4992=CARTESIAN_POINT('Origin',(27.5514718625762,0.,66.));
#4993=CARTESIAN_POINT('',(27.9050252531694,19.04,66.3535533905933));
#4994=CARTESIAN_POINT('',(27.9050252531694,19.04,65.6464466094067));
#4995=CARTESIAN_POINT('Origin',(27.5514718625762,19.04,66.));
#4996=CARTESIAN_POINT('',(27.9050252531694,27.04,65.6464466094067));
#4997=CARTESIAN_POINT('',(27.9050252531694,0.,65.6464466094067));
#4998=CARTESIAN_POINT('',(27.9050252531694,27.04,66.3535533905933));
#4999=CARTESIAN_POINT('Origin',(27.5514718625762,27.04,66.));
#5000=CARTESIAN_POINT('',(27.9050252531694,0.,66.3535533905933));
#5001=CARTESIAN_POINT('Origin',(79.1,19.04,66.));
#5002=CARTESIAN_POINT('',(27.4,19.04,66.8585786437627));
#5003=CARTESIAN_POINT('',(27.7042893218814,19.04,66.5542893218814));
#5004=CARTESIAN_POINT('',(27.4,19.04,65.1414213562373));
#5005=CARTESIAN_POINT('',(27.4,19.04,44.25));
#5006=CARTESIAN_POINT('',(28.2042893218814,19.04,65.9457106781187));
#5007=CARTESIAN_POINT('Origin',(27.3292893218813,-23.04,66.9292893218814));
#5008=CARTESIAN_POINT('',(27.4,27.04,66.8585786437627));
#5009=CARTESIAN_POINT('',(27.7042893218814,27.04,66.5542893218814));
#5010=CARTESIAN_POINT('',(27.4,23.48,66.8585786437627));
#5011=CARTESIAN_POINT('Origin',(27.5514718625762,-23.04,66.));
#5012=CARTESIAN_POINT('',(27.9050252531694,-19.04,65.6464466094067));
#5013=CARTESIAN_POINT('',(27.9050252531694,-19.04,66.3535533905933));
#5014=CARTESIAN_POINT('Origin',(27.5514718625762,-19.04,66.));
#5015=CARTESIAN_POINT('',(27.9050252531694,-27.04,66.3535533905933));
#5016=CARTESIAN_POINT('',(27.9050252531694,-23.04,66.3535533905933));
#5017=CARTESIAN_POINT('',(27.9050252531694,-27.04,65.6464466094067));
#5018=CARTESIAN_POINT('Origin',(27.5514718625762,-27.04,66.));
#5019=CARTESIAN_POINT('',(27.9050252531694,-23.04,65.6464466094067));
#5020=CARTESIAN_POINT('Origin',(79.1,-27.04,66.));
#5021=CARTESIAN_POINT('',(27.4,-27.04,66.8585786437627));
#5022=CARTESIAN_POINT('',(27.7042893218814,-27.04,66.5542893218814));
#5023=CARTESIAN_POINT('',(27.4,-27.04,65.1414213562373));
#5024=CARTESIAN_POINT('',(27.4,-27.04,44.25));
#5025=CARTESIAN_POINT('',(28.2042893218814,-27.04,65.9457106781187));
#5026=CARTESIAN_POINT('Origin',(27.3292893218813,-23.04,66.9292893218814));
#5027=CARTESIAN_POINT('',(27.4,-19.04,66.8585786437627));
#5028=CARTESIAN_POINT('',(27.7042893218814,-19.04,66.5542893218814));
#5029=CARTESIAN_POINT('',(27.4,23.48,66.8585786437627));
#5030=CARTESIAN_POINT('Origin',(79.6,-70.,22.5));
#5031=CARTESIAN_POINT('',(79.6,-69.1,67.));
#5032=CARTESIAN_POINT('',(79.6,-69.1,22.5));
#5033=CARTESIAN_POINT('',(79.6,-35.,67.));
#5034=CARTESIAN_POINT('',(79.6,-27.04,65.1414213562373));
#5035=CARTESIAN_POINT('',(79.6,-27.04,44.25));
#5036=CARTESIAN_POINT('',(79.6,-46.52,65.1414213562373));
#5037=CARTESIAN_POINT('',(79.6,19.04,65.1414213562373));
#5038=CARTESIAN_POINT('',(79.6,19.04,44.25));
#5039=CARTESIAN_POINT('',(79.6,-23.48,65.1414213562373));
#5040=CARTESIAN_POINT('Origin',(79.6707106781187,23.04,65.0707106781187));
#5041=CARTESIAN_POINT('',(79.2957106781187,19.04,65.4457106781187));
#5042=CARTESIAN_POINT('Origin',(79.1,19.04,66.));
#5043=CARTESIAN_POINT('Origin',(79.1,-27.04,66.));
#5044=CARTESIAN_POINT('',(79.2957106781187,-27.04,65.4457106781187));
#5045=CARTESIAN_POINT('Origin',(79.6707106781187,-23.04,65.0707106781187));
#5046=CARTESIAN_POINT('Origin',(79.1,27.04,66.));
#5047=CARTESIAN_POINT('',(27.4,27.04,65.1414213562373));
#5048=CARTESIAN_POINT('',(28.2042893218814,27.04,65.9457106781187));
#5049=CARTESIAN_POINT('',(27.4,27.04,44.25));
#5050=CARTESIAN_POINT('Origin',(28.3292893218814,23.04,66.0707106781187));
#5051=CARTESIAN_POINT('',(27.4,46.52,65.1414213562373));
#5052=CARTESIAN_POINT('Origin',(28.3292893218814,-23.04,66.0707106781187));
#5053=CARTESIAN_POINT('',(27.4,-19.04,65.1414213562373));
#5054=CARTESIAN_POINT('',(27.4,23.48,65.1414213562373));
#5055=CARTESIAN_POINT('',(28.2042893218814,-19.04,65.9457106781187));
#5056=CARTESIAN_POINT('Origin',(27.9,-19.04,66.));
#5057=CARTESIAN_POINT('',(27.4,-19.04,44.25));
#5058=CARTESIAN_POINT('Origin',(27.4,70.,22.5));
#5059=CARTESIAN_POINT('',(27.4,-69.1,67.));
#5060=CARTESIAN_POINT('',(27.4,35.,67.));
#5061=CARTESIAN_POINT('',(27.4,-69.1,22.5));
#5062=CARTESIAN_POINT('Origin',(26.5,-69.1,22.5));
#5063=CARTESIAN_POINT('',(8.3125,-69.1,67.));
#5064=CARTESIAN_POINT('Origin',(83.,-72.5,20.));
#5065=CARTESIAN_POINT('',(83.,-69.5,67.));
#5066=CARTESIAN_POINT('',(83.,69.5,67.));
#5067=CARTESIAN_POINT('',(83.,-36.25,67.));
#5068=CARTESIAN_POINT('',(83.,-69.5,4.));
#5069=CARTESIAN_POINT('',(83.,-69.5,20.));
#5070=CARTESIAN_POINT('',(83.,69.5,4.));
#5071=CARTESIAN_POINT('',(83.,-36.25,4.));
#5072=CARTESIAN_POINT('',(83.,69.5,20.));
#5073=CARTESIAN_POINT('Origin',(79.,-36.25,4.));
#5074=CARTESIAN_POINT('Origin',(79.,69.5,4.));
#5075=CARTESIAN_POINT('Origin',(79.,-69.5,4.));
#5076=CARTESIAN_POINT('Ctrl Pts',(80.,-72.5,4.));
#5077=CARTESIAN_POINT('Ctrl Pts',(80.,-72.5,3.));
#5078=CARTESIAN_POINT('Ctrl Pts',(79.,-72.5,3.));
#5079=CARTESIAN_POINT('Ctrl Pts',(83.,-72.5,4.));
#5080=CARTESIAN_POINT('Ctrl Pts',(83.,-72.5,-7.7715611723761E-15));
#5081=CARTESIAN_POINT('Ctrl Pts',(79.,-72.5,-8.88178419700125E-15));
#5082=CARTESIAN_POINT('Ctrl Pts',(83.,-69.5,4.));
#5083=CARTESIAN_POINT('Ctrl Pts',(83.,-69.5,1.11022302462516E-15));
#5084=CARTESIAN_POINT('Ctrl Pts',(79.,-69.5,0.));
#5085=CARTESIAN_POINT('',(79.,-72.5,3.));
#5086=CARTESIAN_POINT('Origin',(79.,-69.5,3.));
#5087=CARTESIAN_POINT('',(80.,-72.5,4.));
#5088=CARTESIAN_POINT('Origin',(80.,-69.5,4.));
#5089=CARTESIAN_POINT('Origin',(79.,-72.5,4.));
#5090=CARTESIAN_POINT('Origin',(80.,-69.5,20.));
#5091=CARTESIAN_POINT('',(80.,-72.5,67.));
#5092=CARTESIAN_POINT('Origin',(80.,-69.5,67.));
#5093=CARTESIAN_POINT('',(80.,-72.5,20.));
#5094=CARTESIAN_POINT('Origin',(31.5,69.5,3.));
#5095=CARTESIAN_POINT('',(-99.75,72.5,3.));
#5096=CARTESIAN_POINT('Origin',(-99.75,69.5,3.));
#5097=CARTESIAN_POINT('',(79.,72.5,3.));
#5098=CARTESIAN_POINT('',(31.5,72.5,3.));
#5099=CARTESIAN_POINT('Origin',(79.,69.5,3.));
#5100=CARTESIAN_POINT('Ctrl Pts',(79.,72.5,3.));
#5101=CARTESIAN_POINT('Ctrl Pts',(80.,72.5,3.));
#5102=CARTESIAN_POINT('Ctrl Pts',(80.,72.5,4.));
#5103=CARTESIAN_POINT('Ctrl Pts',(79.,72.5,-5.55111512312578E-16));
#5104=CARTESIAN_POINT('Ctrl Pts',(83.,72.5,5.55111512312578E-16));
#5105=CARTESIAN_POINT('Ctrl Pts',(83.,72.5,4.));
#5106=CARTESIAN_POINT('Ctrl Pts',(79.,69.5,-5.55111512312578E-16));
#5107=CARTESIAN_POINT('Ctrl Pts',(83.,69.5,5.55111512312578E-16));
#5108=CARTESIAN_POINT('Ctrl Pts',(83.,69.5,4.));
#5109=CARTESIAN_POINT('',(80.,72.5,4.));
#5110=CARTESIAN_POINT('Origin',(79.,72.5,4.));
#5111=CARTESIAN_POINT('Origin',(80.,69.5,4.));
#5112=CARTESIAN_POINT('Origin',(80.,69.5,20.));
#5113=CARTESIAN_POINT('',(80.,72.5,67.));
#5114=CARTESIAN_POINT('Origin',(80.,69.5,67.));
#5115=CARTESIAN_POINT('',(80.,72.5,20.));
#5116=CARTESIAN_POINT('Origin',(31.5,69.5,24.5));
#5117=CARTESIAN_POINT('',(-99.75,72.5,24.5));
#5118=CARTESIAN_POINT('Origin',(-99.75,69.5,24.5));
#5119=CARTESIAN_POINT('',(26.5,72.5,24.5));
#5120=CARTESIAN_POINT('Origin',(26.5,69.5,24.5));
#5121=CARTESIAN_POINT('',(31.5,72.5,24.5));
#5122=CARTESIAN_POINT('Origin',(-102.75,72.5,20.));
#5123=CARTESIAN_POINT('',(-102.75,69.5,3.));
#5124=CARTESIAN_POINT('',(-102.75,69.5,24.5));
#5125=CARTESIAN_POINT('',(-102.75,69.5,20.));
#5126=CARTESIAN_POINT('',(-102.75,-69.5,3.));
#5127=CARTESIAN_POINT('',(-102.75,36.25,3.));
#5128=CARTESIAN_POINT('',(-102.75,-69.5,24.5));
#5129=CARTESIAN_POINT('',(-102.75,-69.5,20.));
#5130=CARTESIAN_POINT('',(-102.75,36.25,24.5));
#5131=CARTESIAN_POINT('Origin',(-51.5,-69.5,3.));
#5132=CARTESIAN_POINT('',(-99.75,-72.5,3.));
#5133=CARTESIAN_POINT('Origin',(-99.75,-69.5,3.));
#5134=CARTESIAN_POINT('',(-51.5,-72.5,3.));
#5135=CARTESIAN_POINT('Origin',(-93.,-72.5,20.));
#5136=CARTESIAN_POINT('',(26.5,-72.5,67.));
#5137=CARTESIAN_POINT('',(-51.4375,-72.5,67.));
#5138=CARTESIAN_POINT('',(26.5,-72.5,24.5));
#5139=CARTESIAN_POINT('',(26.5,-72.5,20.));
#5140=CARTESIAN_POINT('',(-99.75,-72.5,24.5));
#5141=CARTESIAN_POINT('',(-51.5,-72.5,24.5));
#5142=CARTESIAN_POINT('',(-99.75,-72.5,20.));
#5143=CARTESIAN_POINT('Origin',(-51.5,-69.5,24.5));
#5144=CARTESIAN_POINT('Origin',(-99.75,-69.5,24.5));
#5145=CARTESIAN_POINT('Origin',(26.5,-69.5,24.5));
#5146=CARTESIAN_POINT('Origin',(-99.75,69.5,3.));
#5147=CARTESIAN_POINT('Origin',(-99.75,69.5,3.));
#5148=CARTESIAN_POINT('Origin',(-99.75,69.5,3.));
#5149=CARTESIAN_POINT('Origin',(-99.75,-69.5,3.));
#5150=CARTESIAN_POINT('Origin',(-99.75,-69.5,3.));
#5151=CARTESIAN_POINT('Origin',(-99.75,-69.5,3.));
#5152=CARTESIAN_POINT('Origin',(-99.75,36.25,3.));
#5153=CARTESIAN_POINT('Origin',(-99.75,-69.5,24.5));
#5154=CARTESIAN_POINT('Origin',(-99.75,-69.5,24.5));
#5155=CARTESIAN_POINT('Origin',(-99.75,-69.5,24.5));
#5156=CARTESIAN_POINT('Origin',(-99.75,-69.5,20.));
#5157=CARTESIAN_POINT('Origin',(-99.75,69.5,24.5));
#5158=CARTESIAN_POINT('Origin',(-99.75,69.5,24.5));
#5159=CARTESIAN_POINT('Origin',(-99.75,69.5,24.5));
#5160=CARTESIAN_POINT('Origin',(-99.75,36.25,24.5));
#5161=CARTESIAN_POINT('Origin',(-99.75,69.5,20.));
#5162=CARTESIAN_POINT('',(-99.75,72.5,20.));
#5163=CARTESIAN_POINT('Origin',(73.,72.5,20.));
#5164=CARTESIAN_POINT('',(26.5,72.5,67.));
#5165=CARTESIAN_POINT('',(31.5625,72.5,67.));
#5166=CARTESIAN_POINT('',(26.5,72.5,20.));
#5167=CARTESIAN_POINT('Origin',(26.5,69.5,20.));
#5168=CARTESIAN_POINT('',(23.5,69.5,67.));
#5169=CARTESIAN_POINT('Origin',(26.5,69.5,67.));
#5170=CARTESIAN_POINT('',(23.5,69.5,20.));
#5171=CARTESIAN_POINT('Origin',(23.5,72.5,20.));
#5172=CARTESIAN_POINT('',(23.5,-69.5,67.));
#5173=CARTESIAN_POINT('',(23.5,36.25,67.));
#5174=CARTESIAN_POINT('',(23.5,-69.5,20.));
#5175=CARTESIAN_POINT('Origin',(26.5,-69.5,20.));
#5176=CARTESIAN_POINT('Origin',(26.5,-69.5,67.));
#5177=CARTESIAN_POINT('Origin',(-9.875,4.44089209850063E-15,67.));
#5178=CARTESIAN_POINT('Origin',(123.25,-69.1,4.75));
#5179=CARTESIAN_POINT('',(120.25,-69.1,6.99999999999999));
#5180=CARTESIAN_POINT('',(126.25,-69.1,6.99999999999999));
#5181=CARTESIAN_POINT('',(100.3125,-69.1,6.99999999999999));
#5182=CARTESIAN_POINT('',(126.25,-69.1,11.));
#5183=CARTESIAN_POINT('',(126.25,-69.1,6.99999999999999));
#5184=CARTESIAN_POINT('',(120.25,-69.1,11.));
#5185=CARTESIAN_POINT('',(123.25,-69.1,11.));
#5186=CARTESIAN_POINT('',(120.25,-69.1,6.99999999999999));
#5187=CARTESIAN_POINT('Origin',(126.25,-3.21964677141294E-15,6.74999999999998));
#5188=CARTESIAN_POINT('',(126.25,-69.1,4.75));
#5189=CARTESIAN_POINT('',(126.25,-69.1,25.625));
#5190=CARTESIAN_POINT('',(126.25,-67.1,5.87500000000006));
#5191=CARTESIAN_POINT('',(126.25,-69.1,4.75));
#5192=CARTESIAN_POINT('',(126.25,-67.1,9.87500000000004));
#5193=CARTESIAN_POINT('',(126.25,-67.1,5.87500000000006));
#5194=CARTESIAN_POINT('',(126.25,-67.1,9.87500000000004));
#5195=CARTESIAN_POINT('Origin',(123.25,-67.1,5.87500000000006));
#5196=CARTESIAN_POINT('',(120.25,-69.1,4.75));
#5197=CARTESIAN_POINT('',(131.875,-69.1,4.75));
#5198=CARTESIAN_POINT('',(120.25,-67.1,5.87500000000006));
#5199=CARTESIAN_POINT('',(120.25,-69.1,4.75));
#5200=CARTESIAN_POINT('',(123.25,-67.1,5.87500000000006));
#5201=CARTESIAN_POINT('Origin',(123.25,-67.1,9.87500000000004));
#5202=CARTESIAN_POINT('',(120.25,-67.1,9.87500000000004));
#5203=CARTESIAN_POINT('',(120.25,-67.1,5.87500000000006));
#5204=CARTESIAN_POINT('',(123.25,-67.1,9.87500000000004));
#5205=CARTESIAN_POINT('Origin',(123.25,-69.1,11.));
#5206=CARTESIAN_POINT('',(120.25,-67.1,9.87500000000004));
#5207=CARTESIAN_POINT('Origin',(120.25,-3.21964677141294E-15,6.74999999999998));
#5208=CARTESIAN_POINT('',(120.25,-69.1,25.625));
#5209=CARTESIAN_POINT('Origin',(140.5,-69.1,44.5));
#5210=CARTESIAN_POINT('',(149.6,-69.1,6.99999999999999));
#5211=CARTESIAN_POINT('',(100.3125,-69.1,6.99999999999999));
#5212=CARTESIAN_POINT('',(149.6,-69.1,2.5));
#5213=CARTESIAN_POINT('',(149.6,-69.1,44.5));
#5214=CARTESIAN_POINT('',(97.4,-69.1,2.5));
#5215=CARTESIAN_POINT('',(118.5,-69.1,2.5));
#5216=CARTESIAN_POINT('',(97.4,-69.1,6.99999999999999));
#5217=CARTESIAN_POINT('',(97.4,-69.1,44.5));
#5218=CARTESIAN_POINT('',(100.3125,-69.1,6.99999999999999));
#5219=CARTESIAN_POINT('Origin',(126.25,-3.21964677141294E-15,6.74999999999998));
#5220=CARTESIAN_POINT('',(126.25,69.1,6.99999999999994));
#5221=CARTESIAN_POINT('',(126.25,69.1,4.74999999999994));
#5222=CARTESIAN_POINT('',(126.25,69.1,25.6249999999999));
#5223=CARTESIAN_POINT('',(126.25,69.1,10.9999999999999));
#5224=CARTESIAN_POINT('',(126.25,69.1,6.99999999999994));
#5225=CARTESIAN_POINT('',(126.25,67.1,9.87499999999999));
#5226=CARTESIAN_POINT('',(126.25,67.1,9.87499999999999));
#5227=CARTESIAN_POINT('',(126.25,67.1,5.875));
#5228=CARTESIAN_POINT('',(126.25,67.1,5.875));
#5229=CARTESIAN_POINT('',(126.25,69.1,4.74999999999994));
#5230=CARTESIAN_POINT('Origin',(123.25,67.1,9.87499999999999));
#5231=CARTESIAN_POINT('',(120.25,69.1,10.9999999999999));
#5232=CARTESIAN_POINT('',(123.25,69.1,10.9999999999999));
#5233=CARTESIAN_POINT('',(120.25,67.1,9.87499999999999));
#5234=CARTESIAN_POINT('',(120.25,67.1,9.87499999999999));
#5235=CARTESIAN_POINT('',(123.25,67.1,9.87499999999999));
#5236=CARTESIAN_POINT('Origin',(123.25,67.1,5.875));
#5237=CARTESIAN_POINT('',(120.25,67.1,5.875));
#5238=CARTESIAN_POINT('',(120.25,67.1,5.875));
#5239=CARTESIAN_POINT('',(123.25,67.1,5.875));
#5240=CARTESIAN_POINT('Origin',(123.25,69.1,4.74999999999994));
#5241=CARTESIAN_POINT('',(120.25,69.1,4.74999999999994));
#5242=CARTESIAN_POINT('',(120.25,69.1,4.74999999999994));
#5243=CARTESIAN_POINT('',(109.875,69.1,4.74999999999993));
#5244=CARTESIAN_POINT('Origin',(123.25,69.1,10.9999999999999));
#5245=CARTESIAN_POINT('',(120.25,69.1,6.99999999999994));
#5246=CARTESIAN_POINT('',(78.3125,69.1,6.99999999999994));
#5247=CARTESIAN_POINT('',(120.25,69.1,6.99999999999994));
#5248=CARTESIAN_POINT('Origin',(120.25,-3.21964677141294E-15,6.74999999999998));
#5249=CARTESIAN_POINT('',(120.25,69.1,25.6249999999999));
#5250=CARTESIAN_POINT('Origin',(98.65,-27.04,7.1767766952966));
#5251=CARTESIAN_POINT('',(99.9,-27.04,7.49999999999998));
#5252=CARTESIAN_POINT('',(97.4,-27.04,4.99999999999996));
#5253=CARTESIAN_POINT('',(99.9,-27.04,7.49999999999998));
#5254=CARTESIAN_POINT('',(99.9,-27.04,8.49999999999998));
#5255=CARTESIAN_POINT('',(99.9,-27.04,8.49999999999998));
#5256=CARTESIAN_POINT('',(97.7535533905933,-27.04,9.35355339059324));
#5257=CARTESIAN_POINT('',(97.7535533905933,-27.04,9.35355339059324));
#5258=CARTESIAN_POINT('',(97.4,-27.04,8.99999999999997));
#5259=CARTESIAN_POINT('',(97.4,-27.04,8.99999999999997));
#5260=CARTESIAN_POINT('',(98.4,-27.04,7.99999999999995));
#5261=CARTESIAN_POINT('',(98.4,-27.04,7.99999999999995));
#5262=CARTESIAN_POINT('',(97.4,-27.04,6.99999999999998));
#5263=CARTESIAN_POINT('',(97.4,-27.04,6.99999999999998));
#5264=CARTESIAN_POINT('',(97.4,-27.04,25.8383883476483));
#5265=CARTESIAN_POINT('Origin',(98.4,-23.04,7.99999999999995));
#5266=CARTESIAN_POINT('',(97.4,-19.04,6.99999999999998));
#5267=CARTESIAN_POINT('',(97.4,-35.,6.99999999999998));
#5268=CARTESIAN_POINT('',(98.4,-19.04,7.99999999999995));
#5269=CARTESIAN_POINT('',(98.4,-23.04,7.99999999999995));
#5270=CARTESIAN_POINT('',(97.4,-19.04,6.99999999999998));
#5271=CARTESIAN_POINT('Origin',(97.4,-23.04,8.99999999999997));
#5272=CARTESIAN_POINT('',(97.4,-19.04,8.99999999999997));
#5273=CARTESIAN_POINT('',(97.4,-23.04,8.99999999999997));
#5274=CARTESIAN_POINT('',(98.4,-19.04,7.99999999999995));
#5275=CARTESIAN_POINT('Origin',(97.7535533905933,-23.04,9.35355339059324));
#5276=CARTESIAN_POINT('',(97.7535533905933,-19.04,9.35355339059324));
#5277=CARTESIAN_POINT('',(97.7535533905933,-23.04,9.35355339059324));
#5278=CARTESIAN_POINT('',(97.4,-19.04,8.99999999999997));
#5279=CARTESIAN_POINT('Origin',(99.9,-23.04,8.49999999999998));
#5280=CARTESIAN_POINT('',(99.9,-19.04,8.49999999999998));
#5281=CARTESIAN_POINT('',(99.9,-23.04,8.49999999999998));
#5282=CARTESIAN_POINT('',(97.7535533905933,-19.04,9.35355339059324));
#5283=CARTESIAN_POINT('Origin',(99.9,-23.04,7.49999999999998));
#5284=CARTESIAN_POINT('',(99.9,-19.04,7.49999999999998));
#5285=CARTESIAN_POINT('',(99.9,-23.04,7.49999999999998));
#5286=CARTESIAN_POINT('',(99.9,-19.04,8.49999999999998));
#5287=CARTESIAN_POINT('Origin',(97.4,-23.04,4.99999999999996));
#5288=CARTESIAN_POINT('',(97.4,-19.04,4.99999999999996));
#5289=CARTESIAN_POINT('',(97.4,-46.52,4.99999999999996));
#5290=CARTESIAN_POINT('',(99.9,-19.04,7.49999999999998));
#5291=CARTESIAN_POINT('Origin',(98.65,-19.04,7.1767766952966));
#5292=CARTESIAN_POINT('',(97.4,-19.04,25.8383883476483));
#5293=CARTESIAN_POINT('Origin',(148.35,-27.04,7.1767766952966));
#5294=CARTESIAN_POINT('',(149.6,-27.04,6.99999999999998));
#5295=CARTESIAN_POINT('',(149.6,-27.04,4.99999999999998));
#5296=CARTESIAN_POINT('',(149.6,-27.04,25.8383883476483));
#5297=CARTESIAN_POINT('',(148.6,-27.04,7.99999999999995));
#5298=CARTESIAN_POINT('',(149.6,-27.04,6.99999999999998));
#5299=CARTESIAN_POINT('',(149.6,-27.04,8.99999999999997));
#5300=CARTESIAN_POINT('',(148.6,-27.04,7.99999999999995));
#5301=CARTESIAN_POINT('',(149.246446609407,-27.04,9.35355339059322));
#5302=CARTESIAN_POINT('',(149.6,-27.04,8.99999999999997));
#5303=CARTESIAN_POINT('',(147.1,-27.04,8.49999999999998));
#5304=CARTESIAN_POINT('',(149.246446609407,-27.04,9.35355339059322));
#5305=CARTESIAN_POINT('',(147.1,-27.04,7.49999999999998));
#5306=CARTESIAN_POINT('',(147.1,-27.04,8.49999999999998));
#5307=CARTESIAN_POINT('',(147.1,-27.04,7.49999999999998));
#5308=CARTESIAN_POINT('Origin',(147.1,-23.04,7.49999999999998));
#5309=CARTESIAN_POINT('',(149.6,-19.04,4.99999999999998));
#5310=CARTESIAN_POINT('',(149.6,23.48,4.99999999999996));
#5311=CARTESIAN_POINT('',(147.1,-19.04,7.49999999999998));
#5312=CARTESIAN_POINT('',(147.1,-23.04,7.49999999999998));
#5313=CARTESIAN_POINT('',(147.1,-19.04,7.49999999999998));
#5314=CARTESIAN_POINT('Origin',(147.1,-23.04,8.49999999999998));
#5315=CARTESIAN_POINT('',(147.1,-19.04,8.49999999999998));
#5316=CARTESIAN_POINT('',(147.1,-23.04,8.49999999999998));
#5317=CARTESIAN_POINT('',(147.1,-19.04,8.49999999999998));
#5318=CARTESIAN_POINT('Origin',(149.246446609407,-23.04,9.35355339059322));
#5319=CARTESIAN_POINT('',(149.246446609407,-19.04,9.35355339059322));
#5320=CARTESIAN_POINT('',(149.246446609407,-23.04,9.35355339059322));
#5321=CARTESIAN_POINT('',(149.246446609407,-19.04,9.35355339059322));
#5322=CARTESIAN_POINT('Origin',(149.6,-23.04,8.99999999999997));
#5323=CARTESIAN_POINT('',(149.6,-19.04,8.99999999999997));
#5324=CARTESIAN_POINT('',(149.6,-23.04,8.99999999999997));
#5325=CARTESIAN_POINT('',(149.6,-19.04,8.99999999999997));
#5326=CARTESIAN_POINT('Origin',(148.6,-23.04,7.99999999999995));
#5327=CARTESIAN_POINT('',(148.6,-19.04,7.99999999999995));
#5328=CARTESIAN_POINT('',(148.6,-23.04,7.99999999999995));
#5329=CARTESIAN_POINT('',(148.6,-19.04,7.99999999999995));
#5330=CARTESIAN_POINT('Origin',(149.6,-23.04,6.99999999999998));
#5331=CARTESIAN_POINT('',(149.6,-19.04,6.99999999999998));
#5332=CARTESIAN_POINT('',(149.6,35.,6.99999999999995));
#5333=CARTESIAN_POINT('',(149.6,-19.04,6.99999999999998));
#5334=CARTESIAN_POINT('Origin',(148.35,-19.04,7.1767766952966));
#5335=CARTESIAN_POINT('',(149.6,-19.04,25.8383883476483));
#5336=CARTESIAN_POINT('Origin',(97.4,-70.,44.5));
#5337=CARTESIAN_POINT('',(97.4,-35.,6.99999999999998));
#5338=CARTESIAN_POINT('',(97.4,69.1,2.49999999999995));
#5339=CARTESIAN_POINT('',(97.4,1.25,2.49999999999997));
#5340=CARTESIAN_POINT('',(97.4,69.1,6.99999999999994));
#5341=CARTESIAN_POINT('',(97.4,69.1,44.4999999999999));
#5342=CARTESIAN_POINT('',(97.4,27.04,6.99999999999996));
#5343=CARTESIAN_POINT('',(97.4,-35.,6.99999999999998));
#5344=CARTESIAN_POINT('',(97.4,27.04,4.99999999999995));
#5345=CARTESIAN_POINT('',(97.4,27.04,25.8383883476483));
#5346=CARTESIAN_POINT('',(97.4,19.04,4.99999999999995));
#5347=CARTESIAN_POINT('',(97.4,-23.48,4.99999999999995));
#5348=CARTESIAN_POINT('',(97.4,19.04,6.99999999999996));
#5349=CARTESIAN_POINT('',(97.4,19.04,25.8383883476483));
#5350=CARTESIAN_POINT('',(97.4,-35.,6.99999999999998));
#5351=CARTESIAN_POINT('Origin',(98.65,27.04,7.17677669529659));
#5352=CARTESIAN_POINT('',(99.9,27.04,7.49999999999996));
#5353=CARTESIAN_POINT('',(99.9,27.04,7.49999999999996));
#5354=CARTESIAN_POINT('',(98.4,27.04,7.99999999999994));
#5355=CARTESIAN_POINT('',(97.4,27.04,6.99999999999996));
#5356=CARTESIAN_POINT('',(97.4,27.04,8.99999999999995));
#5357=CARTESIAN_POINT('',(98.4,27.04,7.99999999999994));
#5358=CARTESIAN_POINT('',(97.7535533905933,27.04,9.35355339059322));
#5359=CARTESIAN_POINT('',(97.4,27.04,8.99999999999995));
#5360=CARTESIAN_POINT('',(99.9,27.04,8.49999999999996));
#5361=CARTESIAN_POINT('',(97.7535533905933,27.04,9.35355339059322));
#5362=CARTESIAN_POINT('',(99.9,27.04,8.49999999999996));
#5363=CARTESIAN_POINT('Origin',(98.4,23.04,7.99999999999994));
#5364=CARTESIAN_POINT('',(97.4,-35.,6.99999999999998));
#5365=CARTESIAN_POINT('',(98.4,19.04,7.99999999999994));
#5366=CARTESIAN_POINT('',(97.4,19.04,6.99999999999996));
#5367=CARTESIAN_POINT('',(98.4,23.04,7.99999999999994));
#5368=CARTESIAN_POINT('Origin',(97.4,23.04,8.99999999999995));
#5369=CARTESIAN_POINT('',(97.4,19.04,8.99999999999995));
#5370=CARTESIAN_POINT('',(98.4,19.04,7.99999999999994));
#5371=CARTESIAN_POINT('',(97.4,23.04,8.99999999999995));
#5372=CARTESIAN_POINT('Origin',(97.7535533905933,23.04,9.35355339059322));
#5373=CARTESIAN_POINT('',(97.7535533905933,19.04,9.35355339059322));
#5374=CARTESIAN_POINT('',(97.4,19.04,8.99999999999995));
#5375=CARTESIAN_POINT('',(97.7535533905933,23.04,9.35355339059322));
#5376=CARTESIAN_POINT('Origin',(99.9,23.04,8.49999999999996));
#5377=CARTESIAN_POINT('',(99.9,19.04,8.49999999999996));
#5378=CARTESIAN_POINT('',(97.7535533905933,19.04,9.35355339059322));
#5379=CARTESIAN_POINT('',(99.9,23.04,8.49999999999996));
#5380=CARTESIAN_POINT('Origin',(99.9,23.04,7.49999999999996));
#5381=CARTESIAN_POINT('',(99.9,19.04,7.49999999999996));
#5382=CARTESIAN_POINT('',(99.9,19.04,8.49999999999996));
#5383=CARTESIAN_POINT('',(99.9,23.04,7.49999999999996));
#5384=CARTESIAN_POINT('Origin',(97.4,23.04,4.99999999999995));
#5385=CARTESIAN_POINT('',(99.9,19.04,7.49999999999996));
#5386=CARTESIAN_POINT('Origin',(98.65,19.04,7.17677669529659));
#5387=CARTESIAN_POINT('Origin',(148.35,27.04,7.17677669529659));
#5388=CARTESIAN_POINT('',(149.6,27.04,4.99999999999996));
#5389=CARTESIAN_POINT('',(149.6,27.04,6.99999999999996));
#5390=CARTESIAN_POINT('',(149.6,27.04,25.8383883476483));
#5391=CARTESIAN_POINT('',(147.1,27.04,7.49999999999996));
#5392=CARTESIAN_POINT('',(147.1,27.04,7.49999999999996));
#5393=CARTESIAN_POINT('',(147.1,27.04,8.49999999999996));
#5394=CARTESIAN_POINT('',(147.1,27.04,8.49999999999996));
#5395=CARTESIAN_POINT('',(149.246446609407,27.04,9.35355339059321));
#5396=CARTESIAN_POINT('',(149.246446609407,27.04,9.35355339059321));
#5397=CARTESIAN_POINT('',(149.6,27.04,8.99999999999995));
#5398=CARTESIAN_POINT('',(149.6,27.04,8.99999999999995));
#5399=CARTESIAN_POINT('',(148.6,27.04,7.99999999999994));
#5400=CARTESIAN_POINT('',(148.6,27.04,7.99999999999994));
#5401=CARTESIAN_POINT('',(149.6,27.04,6.99999999999996));
#5402=CARTESIAN_POINT('Origin',(147.1,23.04,7.49999999999996));
#5403=CARTESIAN_POINT('',(149.6,19.04,4.99999999999996));
#5404=CARTESIAN_POINT('',(149.6,46.52,4.99999999999996));
#5405=CARTESIAN_POINT('',(147.1,19.04,7.49999999999996));
#5406=CARTESIAN_POINT('',(147.1,19.04,7.49999999999996));
#5407=CARTESIAN_POINT('',(147.1,23.04,7.49999999999996));
#5408=CARTESIAN_POINT('Origin',(147.1,23.04,8.49999999999996));
#5409=CARTESIAN_POINT('',(147.1,19.04,8.49999999999996));
#5410=CARTESIAN_POINT('',(147.1,19.04,8.49999999999996));
#5411=CARTESIAN_POINT('',(147.1,23.04,8.49999999999996));
#5412=CARTESIAN_POINT('Origin',(149.246446609407,23.04,9.35355339059321));
#5413=CARTESIAN_POINT('',(149.246446609407,19.04,9.35355339059321));
#5414=CARTESIAN_POINT('',(149.246446609407,19.04,9.35355339059321));
#5415=CARTESIAN_POINT('',(149.246446609407,23.04,9.35355339059321));
#5416=CARTESIAN_POINT('Origin',(149.6,23.04,8.99999999999995));
#5417=CARTESIAN_POINT('',(149.6,19.04,8.99999999999995));
#5418=CARTESIAN_POINT('',(149.6,19.04,8.99999999999995));
#5419=CARTESIAN_POINT('',(149.6,23.04,8.99999999999995));
#5420=CARTESIAN_POINT('Origin',(148.6,23.04,7.99999999999994));
#5421=CARTESIAN_POINT('',(148.6,19.04,7.99999999999994));
#5422=CARTESIAN_POINT('',(148.6,19.04,7.99999999999994));
#5423=CARTESIAN_POINT('',(148.6,23.04,7.99999999999994));
#5424=CARTESIAN_POINT('Origin',(149.6,23.04,6.99999999999996));
#5425=CARTESIAN_POINT('',(149.6,19.04,6.99999999999996));
#5426=CARTESIAN_POINT('',(149.6,19.04,6.99999999999996));
#5427=CARTESIAN_POINT('',(149.6,35.,6.99999999999995));
#5428=CARTESIAN_POINT('Origin',(148.35,19.04,7.17677669529659));
#5429=CARTESIAN_POINT('',(149.6,19.04,25.8383883476483));
#5430=CARTESIAN_POINT('Origin',(149.6,70.,44.4999999999999));
#5431=CARTESIAN_POINT('',(149.6,35.,6.99999999999995));
#5432=CARTESIAN_POINT('',(149.6,69.1,6.99999999999994));
#5433=CARTESIAN_POINT('',(149.6,35.,6.99999999999995));
#5434=CARTESIAN_POINT('',(149.6,69.1,2.49999999999995));
#5435=CARTESIAN_POINT('',(149.6,69.1,44.4999999999999));
#5436=CARTESIAN_POINT('',(149.6,71.25,2.49999999999994));
#5437=CARTESIAN_POINT('',(149.6,35.,6.99999999999995));
#5438=CARTESIAN_POINT('Origin',(60.125,-7.54951656745106E-15,6.99999999999997));
#5439=CARTESIAN_POINT('',(150.,-72.5,7.));
#5440=CARTESIAN_POINT('',(96.5,-72.5,7.));
#5441=CARTESIAN_POINT('',(101.5625,-72.5,7.));
#5442=CARTESIAN_POINT('',(153.,-69.5,6.99999999999999));
#5443=CARTESIAN_POINT('Origin',(150.,-69.5,6.99999999999999));
#5444=CARTESIAN_POINT('',(153.,69.5,6.99999999999994));
#5445=CARTESIAN_POINT('',(153.,36.25,6.99999999999995));
#5446=CARTESIAN_POINT('',(150.,72.5,6.99999999999993));
#5447=CARTESIAN_POINT('Origin',(150.,69.5,6.99999999999994));
#5448=CARTESIAN_POINT('',(96.5,72.5,6.99999999999993));
#5449=CARTESIAN_POINT('',(18.5625,72.5,6.99999999999993));
#5450=CARTESIAN_POINT('',(93.5,69.5,6.99999999999994));
#5451=CARTESIAN_POINT('Origin',(96.5,69.5,6.99999999999994));
#5452=CARTESIAN_POINT('',(93.5,-69.5,6.99999999999999));
#5453=CARTESIAN_POINT('',(93.5,-36.25,6.99999999999998));
#5454=CARTESIAN_POINT('Origin',(96.5,-69.5,6.99999999999999));
#5455=CARTESIAN_POINT('',(78.3125,69.1,6.99999999999994));
#5456=CARTESIAN_POINT('',(78.3125,69.1,6.99999999999994));
#5457=CARTESIAN_POINT('Origin',(-23.,72.5,46.9999999999999));
#5458=CARTESIAN_POINT('',(150.,72.5,3.99999999999992));
#5459=CARTESIAN_POINT('',(150.,72.5,46.9999999999999));
#5460=CARTESIAN_POINT('',(149.,72.5,2.99999999999994));
#5461=CARTESIAN_POINT('Origin',(149.,72.5,3.99999999999992));
#5462=CARTESIAN_POINT('',(96.5,72.5,2.99999999999994));
#5463=CARTESIAN_POINT('',(36.,72.5,2.99999999999994));
#5464=CARTESIAN_POINT('',(96.5,72.5,46.9999999999999));
#5465=CARTESIAN_POINT('Origin',(150.,69.5,46.9999999999999));
#5466=CARTESIAN_POINT('',(153.,69.5,3.99999999999993));
#5467=CARTESIAN_POINT('',(153.,69.5,46.9999999999999));
#5468=CARTESIAN_POINT('Origin',(150.,69.5,3.99999999999993));
#5469=CARTESIAN_POINT('Origin',(153.,72.5,46.9999999999999));
#5470=CARTESIAN_POINT('',(153.,-69.5,3.99999999999999));
#5471=CARTESIAN_POINT('',(153.,-69.5,47.));
#5472=CARTESIAN_POINT('',(153.,36.25,3.99999999999994));
#5473=CARTESIAN_POINT('Origin',(150.,-69.5,47.));
#5474=CARTESIAN_POINT('',(150.,-72.5,3.99999999999999));
#5475=CARTESIAN_POINT('',(150.,-72.5,47.));
#5476=CARTESIAN_POINT('Origin',(150.,-69.5,3.99999999999999));
#5477=CARTESIAN_POINT('Origin',(143.,-72.5,47.));
#5478=CARTESIAN_POINT('',(96.5,-72.5,3.00000000000002));
#5479=CARTESIAN_POINT('',(96.5,-72.5,47.));
#5480=CARTESIAN_POINT('',(149.,-72.5,3.00000000000002));
#5481=CARTESIAN_POINT('',(119.,-72.5,3.00000000000002));
#5482=CARTESIAN_POINT('Origin',(149.,-72.5,3.99999999999999));
#5483=CARTESIAN_POINT('Origin',(96.5,-69.5,47.));
#5484=CARTESIAN_POINT('',(93.5,-69.5,3.00000000000001));
#5485=CARTESIAN_POINT('',(93.5,-69.5,47.));
#5486=CARTESIAN_POINT('Origin',(96.5,-69.5,3.00000000000001));
#5487=CARTESIAN_POINT('Origin',(96.5,-69.5,3.00000000000001));
#5488=CARTESIAN_POINT('',(96.5,-69.5,0.));
#5489=CARTESIAN_POINT('Origin',(96.5,-69.5,3.00000000000001));
#5490=CARTESIAN_POINT('Origin',(96.5,-69.5,3.00000000000001));
#5491=CARTESIAN_POINT('Origin',(119.,-69.5,3.00000000000001));
#5492=CARTESIAN_POINT('',(149.,-69.5,0.));
#5493=CARTESIAN_POINT('',(119.,-69.5,0.));
#5494=CARTESIAN_POINT('Origin',(149.,-69.5,3.00000000000001));
#5495=CARTESIAN_POINT('Origin',(96.5,-36.25,3.));
#5496=CARTESIAN_POINT('',(93.5,69.5,2.99999999999995));
#5497=CARTESIAN_POINT('',(93.5,-36.25,3.));
#5498=CARTESIAN_POINT('',(96.5,69.5,-5.32907051820075E-14));
#5499=CARTESIAN_POINT('Origin',(96.5,69.5,2.99999999999995));
#5500=CARTESIAN_POINT('',(96.5,-36.25,-8.88178419700125E-15));
#5501=CARTESIAN_POINT('Origin',(93.5,-72.5,47.));
#5502=CARTESIAN_POINT('',(93.5,69.5,46.9999999999999));
#5503=CARTESIAN_POINT('Origin',(96.5,69.5,2.99999999999995));
#5504=CARTESIAN_POINT('Origin',(96.5,69.5,2.99999999999995));
#5505=CARTESIAN_POINT('Origin',(96.5,69.5,2.99999999999995));
#5506=CARTESIAN_POINT('Origin',(96.5,69.5,46.9999999999999));
#5507=CARTESIAN_POINT('Origin',(36.,69.5,2.99999999999995));
#5508=CARTESIAN_POINT('',(149.,69.5,-5.32907051820075E-14));
#5509=CARTESIAN_POINT('Origin',(149.,69.5,2.99999999999995));
#5510=CARTESIAN_POINT('',(36.,69.5,-5.32907051820075E-14));
#5511=CARTESIAN_POINT('Ctrl Pts',(150.,-72.5,3.99999999999999));
#5512=CARTESIAN_POINT('Ctrl Pts',(150.,-72.5,3.00000000000001));
#5513=CARTESIAN_POINT('Ctrl Pts',(149.,-72.5,3.00000000000001));
#5514=CARTESIAN_POINT('Ctrl Pts',(153.,-72.5,3.99999999999999));
#5515=CARTESIAN_POINT('Ctrl Pts',(153.,-72.5,-2.77555756156289E-14));
#5516=CARTESIAN_POINT('Ctrl Pts',(149.,-72.5,-1.33226762955019E-14));
#5517=CARTESIAN_POINT('Ctrl Pts',(153.,-69.5,3.99999999999999));
#5518=CARTESIAN_POINT('Ctrl Pts',(153.,-69.5,-2.88657986402541E-14));
#5519=CARTESIAN_POINT('Ctrl Pts',(149.,-69.5,-1.4432899320127E-14));
#5520=CARTESIAN_POINT('Origin',(149.,-69.5,3.99999999999999));
#5521=CARTESIAN_POINT('Ctrl Pts',(149.,72.5,2.99999999999995));
#5522=CARTESIAN_POINT('Ctrl Pts',(150.,72.5,2.99999999999995));
#5523=CARTESIAN_POINT('Ctrl Pts',(150.,72.5,3.99999999999993));
#5524=CARTESIAN_POINT('Ctrl Pts',(149.,72.5,-7.49400541621981E-14));
#5525=CARTESIAN_POINT('Ctrl Pts',(153.,72.5,-7.49400541621981E-14));
#5526=CARTESIAN_POINT('Ctrl Pts',(153.,72.5,3.99999999999993));
#5527=CARTESIAN_POINT('Ctrl Pts',(149.,69.5,-6.77236045021345E-14));
#5528=CARTESIAN_POINT('Ctrl Pts',(153.,69.5,-6.77236045021345E-14));
#5529=CARTESIAN_POINT('Ctrl Pts',(153.,69.5,3.99999999999993));
#5530=CARTESIAN_POINT('Origin',(149.,69.5,3.99999999999993));
#5531=CARTESIAN_POINT('Origin',(95.,-6.21724893790087E-15,-2.66453525910038E-14));
#5532=CARTESIAN_POINT('',(149.,36.25,-4.44089209850063E-14));
#5533=CARTESIAN_POINT('Origin',(149.,36.25,3.99999999999994));
#5534=CARTESIAN_POINT('Origin',(96.5,69.1,44.4999999999999));
#5535=CARTESIAN_POINT('',(96.5,69.1,2.49999999999995));
#5536=CARTESIAN_POINT('Origin',(96.5,72.5,2.49999999999994));
#5537=UNCERTAINTY_MEASURE_WITH_UNIT(LENGTH_MEASURE(0.01),#5541,
'DISTANCE_ACCURACY_VALUE',
'Maximum model space distance between geometric entities at asserted c
onnectivities');
#5538=UNCERTAINTY_MEASURE_WITH_UNIT(LENGTH_MEASURE(0.01),#5541,
'DISTANCE_ACCURACY_VALUE',
'Maximum model space distance between geometric entities at asserted c
onnectivities');
#5539=(
GEOMETRIC_REPRESENTATION_CONTEXT(3)
GLOBAL_UNCERTAINTY_ASSIGNED_CONTEXT((#5537))
GLOBAL_UNIT_ASSIGNED_CONTEXT((#5541,#5542,#5543))
REPRESENTATION_CONTEXT('','3D')
);
#5540=(
GEOMETRIC_REPRESENTATION_CONTEXT(3)
GLOBAL_UNCERTAINTY_ASSIGNED_CONTEXT((#5538))
GLOBAL_UNIT_ASSIGNED_CONTEXT((#5541,#5542,#5543))
REPRESENTATION_CONTEXT('','3D')
);
#5541=(
LENGTH_UNIT()
NAMED_UNIT(*)
SI_UNIT(.MILLI.,.METRE.)
);
#5542=(
NAMED_UNIT(*)
PLANE_ANGLE_UNIT()
SI_UNIT($,.RADIAN.)
);
#5543=(
NAMED_UNIT(*)
SI_UNIT($,.STERADIAN.)
SOLID_ANGLE_UNIT()
);
#5544=SHAPE_DEFINITION_REPRESENTATION(#5545,#5546);
#5545=PRODUCT_DEFINITION_SHAPE('',$,#5548);
#5546=SHAPE_REPRESENTATION('',(#3375),#5539);
#5547=PRODUCT_DEFINITION_CONTEXT('part definition',#5552,'design');
#5548=PRODUCT_DEFINITION('2026-04-24-12-49-05-410','acu_jetson_case',#5549,
#5547);
#5549=PRODUCT_DEFINITION_FORMATION('',$,#5554);
#5550=PRODUCT_RELATED_PRODUCT_CATEGORY('acu_jetson_case',
'acu_jetson_case',(#5554));
#5551=APPLICATION_PROTOCOL_DEFINITION('international standard',
'automotive_design',2009,#5552);
#5552=APPLICATION_CONTEXT(
'Core Data for Automotive Mechanical Design Process');
#5553=PRODUCT_CONTEXT('part definition',#5552,'mechanical');
#5554=PRODUCT('2026-04-24-12-49-05-410','acu_jetson_case',$,(#5553));
#5555=PRESENTATION_STYLE_ASSIGNMENT((#5557));
#5556=PRESENTATION_STYLE_ASSIGNMENT((#5558));
#5557=SURFACE_STYLE_USAGE(.BOTH.,#5559);
#5558=SURFACE_STYLE_USAGE(.BOTH.,#5560);
#5559=SURFACE_SIDE_STYLE('',(#5561));
#5560=SURFACE_SIDE_STYLE('',(#5562));
#5561=SURFACE_STYLE_FILL_AREA(#5563);
#5562=SURFACE_STYLE_FILL_AREA(#5564);
#5563=FILL_AREA_STYLE('Plate',(#5565));
#5564=FILL_AREA_STYLE('Opaque(160,160,160)',(#5566));
#5565=FILL_AREA_STYLE_COLOUR('Plate',#5567);
#5566=FILL_AREA_STYLE_COLOUR('Opaque(160,160,160)',#5568);
#5567=COLOUR_RGB('Plate',0.6,0.6,0.6);
#5568=COLOUR_RGB('Opaque(160,160,160)',0.627450980392157,0.627450980392157,
0.627450980392157);
ENDSEC;
END-ISO-10303-21;
