ISO-10303-21;
HEADER;
/* Generated by software containing ST-Developer
 * from STEP Tools, Inc. (www.steptools.com) 
 */

FILE_DESCRIPTION(
/* description */ (''),
/* implementation_level */ '2;1');

FILE_NAME(
/* name */ 'handles.step',
/* time_stamp */ '2026-04-18T17:18:23+02:00',
/* author */ (''),
/* organization */ (''),
/* preprocessor_version */ 'ST-DEVELOPER v20.1',
/* originating_system */ 'Autodesk Translation Framework v15.8.0.0',
/* authorisation */ '');

FILE_SCHEMA (('AUTOMOTIVE_DESIGN { 1 0 10303 214 3 1 1 }'));
ENDSEC;

DATA;
#10=MECHANICAL_DESIGN_GEOMETRIC_PRESENTATION_REPRESENTATION('',(#13),#2459);
#11=SHAPE_REPRESENTATION_RELATIONSHIP('SRR','None',#2466,#12);
#12=ADVANCED_BREP_SHAPE_REPRESENTATION('',(#14),#2458);
#13=STYLED_ITEM('',(#2475),#14);
#14=MANIFOLD_SOLID_BREP('Body1',#635);
#15=B_SPLINE_SURFACE_WITH_KNOTS('',3,3,((#1146,#1147,#1148,#1149,#1150,
#1151,#1152,#1153,#1154,#1155,#1156,#1157,#1158,#1159,#1160,#1161,#1162,
#1163,#1164,#1165,#1166,#1167),(#1168,#1169,#1170,#1171,#1172,#1173,#1174,
#1175,#1176,#1177,#1178,#1179,#1180,#1181,#1182,#1183,#1184,#1185,#1186,
#1187,#1188,#1189),(#1190,#1191,#1192,#1193,#1194,#1195,#1196,#1197,#1198,
#1199,#1200,#1201,#1202,#1203,#1204,#1205,#1206,#1207,#1208,#1209,#1210,
#1211),(#1212,#1213,#1214,#1215,#1216,#1217,#1218,#1219,#1220,#1221,#1222,
#1223,#1224,#1225,#1226,#1227,#1228,#1229,#1230,#1231,#1232,#1233),(#1234,
#1235,#1236,#1237,#1238,#1239,#1240,#1241,#1242,#1243,#1244,#1245,#1246,
#1247,#1248,#1249,#1250,#1251,#1252,#1253,#1254,#1255),(#1256,#1257,#1258,
#1259,#1260,#1261,#1262,#1263,#1264,#1265,#1266,#1267,#1268,#1269,#1270,
#1271,#1272,#1273,#1274,#1275,#1276,#1277),(#1278,#1279,#1280,#1281,#1282,
#1283,#1284,#1285,#1286,#1287,#1288,#1289,#1290,#1291,#1292,#1293,#1294,
#1295,#1296,#1297,#1298,#1299)),.UNSPECIFIED.,.F.,.T.,.F.,(4,1,1,1,4),(4,
1,1,1,1,1,1,1,1,1,1,1,1,1,1,1,1,1,1,4),(0.,0.285714285714286,0.571428571428571,
0.785714285714286,1.),(0.,0.392699434293647,0.785398868587295,1.04719849144973,
1.30899811431216,1.43989792574337,1.57079773717459,1.96349717146824,2.35619660576188,
2.74889604005553,3.14159547434918,3.53429420345298,3.92699293255678,4.31969166166058,
4.71239039076438,4.90873975531628,5.10508911986818,5.49778784897198,5.89048657807579,
6.28318530717959),.UNSPECIFIED.);
#16=B_SPLINE_SURFACE_WITH_KNOTS('',3,3,((#1347,#1348,#1349,#1350,#1351,
#1352,#1353,#1354,#1355,#1356,#1357,#1358,#1359,#1360,#1361,#1362,#1363,
#1364,#1365,#1366,#1367,#1368,#1369,#1370,#1371,#1372,#1373,#1374,#1375,
#1376,#1377,#1378,#1379,#1380,#1381,#1382,#1383,#1384,#1385,#1386,#1387,
#1388,#1389,#1390),(#1391,#1392,#1393,#1394,#1395,#1396,#1397,#1398,#1399,
#1400,#1401,#1402,#1403,#1404,#1405,#1406,#1407,#1408,#1409,#1410,#1411,
#1412,#1413,#1414,#1415,#1416,#1417,#1418,#1419,#1420,#1421,#1422,#1423,
#1424,#1425,#1426,#1427,#1428,#1429,#1430,#1431,#1432,#1433,#1434),(#1435,
#1436,#1437,#1438,#1439,#1440,#1441,#1442,#1443,#1444,#1445,#1446,#1447,
#1448,#1449,#1450,#1451,#1452,#1453,#1454,#1455,#1456,#1457,#1458,#1459,
#1460,#1461,#1462,#1463,#1464,#1465,#1466,#1467,#1468,#1469,#1470,#1471,
#1472,#1473,#1474,#1475,#1476,#1477,#1478),(#1479,#1480,#1481,#1482,#1483,
#1484,#1485,#1486,#1487,#1488,#1489,#1490,#1491,#1492,#1493,#1494,#1495,
#1496,#1497,#1498,#1499,#1500,#1501,#1502,#1503,#1504,#1505,#1506,#1507,
#1508,#1509,#1510,#1511,#1512,#1513,#1514,#1515,#1516,#1517,#1518,#1519,
#1520,#1521,#1522),(#1523,#1524,#1525,#1526,#1527,#1528,#1529,#1530,#1531,
#1532,#1533,#1534,#1535,#1536,#1537,#1538,#1539,#1540,#1541,#1542,#1543,
#1544,#1545,#1546,#1547,#1548,#1549,#1550,#1551,#1552,#1553,#1554,#1555,
#1556,#1557,#1558,#1559,#1560,#1561,#1562,#1563,#1564,#1565,#1566),(#1567,
#1568,#1569,#1570,#1571,#1572,#1573,#1574,#1575,#1576,#1577,#1578,#1579,
#1580,#1581,#1582,#1583,#1584,#1585,#1586,#1587,#1588,#1589,#1590,#1591,
#1592,#1593,#1594,#1595,#1596,#1597,#1598,#1599,#1600,#1601,#1602,#1603,
#1604,#1605,#1606,#1607,#1608,#1609,#1610),(#1611,#1612,#1613,#1614,#1615,
#1616,#1617,#1618,#1619,#1620,#1621,#1622,#1623,#1624,#1625,#1626,#1627,
#1628,#1629,#1630,#1631,#1632,#1633,#1634,#1635,#1636,#1637,#1638,#1639,
#1640,#1641,#1642,#1643,#1644,#1645,#1646,#1647,#1648,#1649,#1650,#1651,
#1652,#1653,#1654),(#1655,#1656,#1657,#1658,#1659,#1660,#1661,#1662,#1663,
#1664,#1665,#1666,#1667,#1668,#1669,#1670,#1671,#1672,#1673,#1674,#1675,
#1676,#1677,#1678,#1679,#1680,#1681,#1682,#1683,#1684,#1685,#1686,#1687,
#1688,#1689,#1690,#1691,#1692,#1693,#1694,#1695,#1696,#1697,#1698),(#1699,
#1700,#1701,#1702,#1703,#1704,#1705,#1706,#1707,#1708,#1709,#1710,#1711,
#1712,#1713,#1714,#1715,#1716,#1717,#1718,#1719,#1720,#1721,#1722,#1723,
#1724,#1725,#1726,#1727,#1728,#1729,#1730,#1731,#1732,#1733,#1734,#1735,
#1736,#1737,#1738,#1739,#1740,#1741,#1742),(#1743,#1744,#1745,#1746,#1747,
#1748,#1749,#1750,#1751,#1752,#1753,#1754,#1755,#1756,#1757,#1758,#1759,
#1760,#1761,#1762,#1763,#1764,#1765,#1766,#1767,#1768,#1769,#1770,#1771,
#1772,#1773,#1774,#1775,#1776,#1777,#1778,#1779,#1780,#1781,#1782,#1783,
#1784,#1785,#1786),(#1787,#1788,#1789,#1790,#1791,#1792,#1793,#1794,#1795,
#1796,#1797,#1798,#1799,#1800,#1801,#1802,#1803,#1804,#1805,#1806,#1807,
#1808,#1809,#1810,#1811,#1812,#1813,#1814,#1815,#1816,#1817,#1818,#1819,
#1820,#1821,#1822,#1823,#1824,#1825,#1826,#1827,#1828,#1829,#1830),(#1831,
#1832,#1833,#1834,#1835,#1836,#1837,#1838,#1839,#1840,#1841,#1842,#1843,
#1844,#1845,#1846,#1847,#1848,#1849,#1850,#1851,#1852,#1853,#1854,#1855,
#1856,#1857,#1858,#1859,#1860,#1861,#1862,#1863,#1864,#1865,#1866,#1867,
#1868,#1869,#1870,#1871,#1872,#1873,#1874),(#1875,#1876,#1877,#1878,#1879,
#1880,#1881,#1882,#1883,#1884,#1885,#1886,#1887,#1888,#1889,#1890,#1891,
#1892,#1893,#1894,#1895,#1896,#1897,#1898,#1899,#1900,#1901,#1902,#1903,
#1904,#1905,#1906,#1907,#1908,#1909,#1910,#1911,#1912,#1913,#1914,#1915,
#1916,#1917,#1918),(#1919,#1920,#1921,#1922,#1923,#1924,#1925,#1926,#1927,
#1928,#1929,#1930,#1931,#1932,#1933,#1934,#1935,#1936,#1937,#1938,#1939,
#1940,#1941,#1942,#1943,#1944,#1945,#1946,#1947,#1948,#1949,#1950,#1951,
#1952,#1953,#1954,#1955,#1956,#1957,#1958,#1959,#1960,#1961,#1962),(#1963,
#1964,#1965,#1966,#1967,#1968,#1969,#1970,#1971,#1972,#1973,#1974,#1975,
#1976,#1977,#1978,#1979,#1980,#1981,#1982,#1983,#1984,#1985,#1986,#1987,
#1988,#1989,#1990,#1991,#1992,#1993,#1994,#1995,#1996,#1997,#1998,#1999,
#2000,#2001,#2002,#2003,#2004,#2005,#2006),(#2007,#2008,#2009,#2010,#2011,
#2012,#2013,#2014,#2015,#2016,#2017,#2018,#2019,#2020,#2021,#2022,#2023,
#2024,#2025,#2026,#2027,#2028,#2029,#2030,#2031,#2032,#2033,#2034,#2035,
#2036,#2037,#2038,#2039,#2040,#2041,#2042,#2043,#2044,#2045,#2046,#2047,
#2048,#2049,#2050),(#2051,#2052,#2053,#2054,#2055,#2056,#2057,#2058,#2059,
#2060,#2061,#2062,#2063,#2064,#2065,#2066,#2067,#2068,#2069,#2070,#2071,
#2072,#2073,#2074,#2075,#2076,#2077,#2078,#2079,#2080,#2081,#2082,#2083,
#2084,#2085,#2086,#2087,#2088,#2089,#2090,#2091,#2092,#2093,#2094),(#2095,
#2096,#2097,#2098,#2099,#2100,#2101,#2102,#2103,#2104,#2105,#2106,#2107,
#2108,#2109,#2110,#2111,#2112,#2113,#2114,#2115,#2116,#2117,#2118,#2119,
#2120,#2121,#2122,#2123,#2124,#2125,#2126,#2127,#2128,#2129,#2130,#2131,
#2132,#2133,#2134,#2135,#2136,#2137,#2138),(#2139,#2140,#2141,#2142,#2143,
#2144,#2145,#2146,#2147,#2148,#2149,#2150,#2151,#2152,#2153,#2154,#2155,
#2156,#2157,#2158,#2159,#2160,#2161,#2162,#2163,#2164,#2165,#2166,#2167,
#2168,#2169,#2170,#2171,#2172,#2173,#2174,#2175,#2176,#2177,#2178,#2179,
#2180,#2181,#2182),(#2183,#2184,#2185,#2186,#2187,#2188,#2189,#2190,#2191,
#2192,#2193,#2194,#2195,#2196,#2197,#2198,#2199,#2200,#2201,#2202,#2203,
#2204,#2205,#2206,#2207,#2208,#2209,#2210,#2211,#2212,#2213,#2214,#2215,
#2216,#2217,#2218,#2219,#2220,#2221,#2222,#2223,#2224,#2225,#2226),(#2227,
#2228,#2229,#2230,#2231,#2232,#2233,#2234,#2235,#2236,#2237,#2238,#2239,
#2240,#2241,#2242,#2243,#2244,#2245,#2246,#2247,#2248,#2249,#2250,#2251,
#2252,#2253,#2254,#2255,#2256,#2257,#2258,#2259,#2260,#2261,#2262,#2263,
#2264,#2265,#2266,#2267,#2268,#2269,#2270)),.UNSPECIFIED.,.T.,.F.,.F.,(4,
1,1,1,1,1,1,1,1,1,1,1,1,1,1,1,1,1,4),(4,2,1,1,1,1,1,1,1,1,1,1,1,1,1,1,1,
1,1,1,1,1,1,1,1,1,1,1,1,1,1,1,1,1,1,1,1,1,2,4),(0.,0.0625,0.125,0.166666666666667,
0.25,0.270833333333333,0.291666666666667,0.375,0.4375,0.5,0.5625,0.625,
0.708333333333333,0.729166666666667,0.75,0.833333333333333,0.875,0.9375,
1.),(0.0143938941252902,0.045929287952265,0.0666530463875692,0.0873768048228734,
0.108100563258178,0.128824321693482,0.17027183856409,0.180633717781742,
0.190995596999394,0.211719355434698,0.232443113870003,0.253166872305307,
0.273890630740611,0.294614389175915,0.315338147611219,0.336061906046524,
0.356785664481828,0.377509422917132,0.398233181352436,0.41895693978774,
0.439680698223044,0.460404456658349,0.501851973528957,0.522575731964261,
0.543299490399565,0.56402324883487,0.584747007270174,0.626194524140782,
0.646918282576086,0.66764204101139,0.688365799446695,0.709089557881999,
0.729813316317303,0.750537074752607,0.791984591623216,0.81270835005852,
0.833432108493824,0.854155866929128,0.874879625364432,0.985181940877256),
 .UNSPECIFIED.);
#17=B_SPLINE_SURFACE_WITH_KNOTS('',3,3,((#2334,#2335,#2336,#2337,#2338,
#2339,#2340,#2341,#2342,#2343,#2344,#2345,#2346,#2347,#2348,#2349,#2350),
(#2351,#2352,#2353,#2354,#2355,#2356,#2357,#2358,#2359,#2360,#2361,#2362,
#2363,#2364,#2365,#2366,#2367),(#2368,#2369,#2370,#2371,#2372,#2373,#2374,
#2375,#2376,#2377,#2378,#2379,#2380,#2381,#2382,#2383,#2384),(#2385,#2386,
#2387,#2388,#2389,#2390,#2391,#2392,#2393,#2394,#2395,#2396,#2397,#2398,
#2399,#2400,#2401),(#2402,#2403,#2404,#2405,#2406,#2407,#2408,#2409,#2410,
#2411,#2412,#2413,#2414,#2415,#2416,#2417,#2418),(#2419,#2420,#2421,#2422,
#2423,#2424,#2425,#2426,#2427,#2428,#2429,#2430,#2431,#2432,#2433,#2434,
#2435)),.UNSPECIFIED.,.F.,.T.,.F.,(4,1,1,4),(4,1,1,1,1,1,2,1,1,1,1,1,1,
4),(0.,0.285714285714286,0.571428571428571,1.),(0.,0.628320607629553,1.25664121525911,
1.57080151907388,1.88496182288866,2.51328243051821,3.14160303814777,3.76991949195413,
4.39823594576049,5.02655239956686,5.34071062647004,5.65486885337322,5.9690270802764,
6.28318530717959),.UNSPECIFIED.);
#18=CYLINDRICAL_SURFACE('',#665,2.2);
#19=CYLINDRICAL_SURFACE('',#670,4.45);
#20=CYLINDRICAL_SURFACE('',#671,2.2);
#21=CYLINDRICAL_SURFACE('',#673,2.2);
#22=CYLINDRICAL_SURFACE('',#678,4.45);
#23=CYLINDRICAL_SURFACE('',#679,2.2);
#24=CYLINDRICAL_SURFACE('',#682,1.);
#25=CYLINDRICAL_SURFACE('',#686,1.);
#26=CYLINDRICAL_SURFACE('',#690,0.999999999999999);
#27=CYLINDRICAL_SURFACE('',#694,1.);
#28=FACE_BOUND('',#104,.T.);
#29=FACE_BOUND('',#112,.T.);
#30=FACE_BOUND('',#115,.T.);
#31=FACE_BOUND('',#120,.T.);
#32=FACE_BOUND('',#126,.T.);
#33=FACE_BOUND('',#127,.T.);
#34=FACE_BOUND('',#132,.T.);
#35=FACE_BOUND('',#133,.T.);
#36=FACE_BOUND('',#137,.T.);
#37=FACE_BOUND('',#138,.T.);
#38=FACE_BOUND('',#139,.T.);
#39=FACE_BOUND('',#140,.T.);
#40=FACE_BOUND('',#142,.T.);
#41=FACE_BOUND('',#145,.T.);
#42=CIRCLE('',#656,2.2);
#43=CIRCLE('',#664,2.2);
#44=CIRCLE('',#666,2.2);
#45=CIRCLE('',#668,4.45);
#46=CIRCLE('',#669,2.2);
#47=CIRCLE('',#672,2.2);
#48=CIRCLE('',#674,2.2);
#49=CIRCLE('',#676,4.45);
#50=CIRCLE('',#677,2.2);
#51=CIRCLE('',#680,2.2);
#52=CIRCLE('',#683,1.);
#53=CIRCLE('',#684,1.);
#54=CIRCLE('',#687,1.);
#55=CIRCLE('',#688,1.);
#56=CIRCLE('',#691,0.999999999999999);
#57=CIRCLE('',#692,0.999999999999999);
#58=CIRCLE('',#695,1.);
#59=CIRCLE('',#696,1.);
#60=CIRCLE('',#697,2.);
#61=CIRCLE('',#699,1.99999999999999);
#62=FACE_OUTER_BOUND('',#97,.T.);
#63=FACE_OUTER_BOUND('',#98,.T.);
#64=FACE_OUTER_BOUND('',#99,.T.);
#65=FACE_OUTER_BOUND('',#100,.T.);
#66=FACE_OUTER_BOUND('',#101,.T.);
#67=FACE_OUTER_BOUND('',#102,.T.);
#68=FACE_OUTER_BOUND('',#103,.T.);
#69=FACE_OUTER_BOUND('',#105,.T.);
#70=FACE_OUTER_BOUND('',#106,.T.);
#71=FACE_OUTER_BOUND('',#107,.T.);
#72=FACE_OUTER_BOUND('',#108,.T.);
#73=FACE_OUTER_BOUND('',#109,.T.);
#74=FACE_OUTER_BOUND('',#110,.T.);
#75=FACE_OUTER_BOUND('',#111,.T.);
#76=FACE_OUTER_BOUND('',#113,.T.);
#77=FACE_OUTER_BOUND('',#114,.T.);
#78=FACE_OUTER_BOUND('',#116,.T.);
#79=FACE_OUTER_BOUND('',#117,.T.);
#80=FACE_OUTER_BOUND('',#118,.T.);
#81=FACE_OUTER_BOUND('',#119,.T.);
#82=FACE_OUTER_BOUND('',#121,.T.);
#83=FACE_OUTER_BOUND('',#122,.T.);
#84=FACE_OUTER_BOUND('',#123,.T.);
#85=FACE_OUTER_BOUND('',#124,.T.);
#86=FACE_OUTER_BOUND('',#125,.T.);
#87=FACE_OUTER_BOUND('',#128,.T.);
#88=FACE_OUTER_BOUND('',#129,.T.);
#89=FACE_OUTER_BOUND('',#130,.T.);
#90=FACE_OUTER_BOUND('',#131,.T.);
#91=FACE_OUTER_BOUND('',#134,.T.);
#92=FACE_OUTER_BOUND('',#135,.T.);
#93=FACE_OUTER_BOUND('',#136,.T.);
#94=FACE_OUTER_BOUND('',#141,.T.);
#95=FACE_OUTER_BOUND('',#143,.T.);
#96=FACE_OUTER_BOUND('',#144,.T.);
#97=EDGE_LOOP('',(#404,#405,#406,#407));
#98=EDGE_LOOP('',(#408,#409,#410,#411));
#99=EDGE_LOOP('',(#412,#413,#414,#415));
#100=EDGE_LOOP('',(#416,#417,#418,#419));
#101=EDGE_LOOP('',(#420,#421,#422,#423));
#102=EDGE_LOOP('',(#424,#425,#426,#427));
#103=EDGE_LOOP('',(#428,#429,#430,#431,#432,#433));
#104=EDGE_LOOP('',(#434));
#105=EDGE_LOOP('',(#435,#436,#437,#438));
#106=EDGE_LOOP('',(#439,#440,#441,#442));
#107=EDGE_LOOP('',(#443,#444,#445,#446));
#108=EDGE_LOOP('',(#447,#448,#449,#450));
#109=EDGE_LOOP('',(#451,#452,#453,#454));
#110=EDGE_LOOP('',(#455,#456,#457,#458));
#111=EDGE_LOOP('',(#459,#460,#461,#462,#463,#464));
#112=EDGE_LOOP('',(#465));
#113=EDGE_LOOP('',(#466,#467,#468,#469));
#114=EDGE_LOOP('',(#470));
#115=EDGE_LOOP('',(#471));
#116=EDGE_LOOP('',(#472,#473,#474,#475,#476));
#117=EDGE_LOOP('',(#477,#478,#479,#480));
#118=EDGE_LOOP('',(#481,#482,#483,#484));
#119=EDGE_LOOP('',(#485));
#120=EDGE_LOOP('',(#486));
#121=EDGE_LOOP('',(#487,#488,#489,#490,#491));
#122=EDGE_LOOP('',(#492,#493,#494,#495));
#123=EDGE_LOOP('',(#496,#497,#498,#499));
#124=EDGE_LOOP('',(#500,#501,#502,#503));
#125=EDGE_LOOP('',(#504,#505,#506,#507));
#126=EDGE_LOOP('',(#508));
#127=EDGE_LOOP('',(#509));
#128=EDGE_LOOP('',(#510,#511,#512,#513));
#129=EDGE_LOOP('',(#514,#515,#516,#517));
#130=EDGE_LOOP('',(#518,#519,#520,#521));
#131=EDGE_LOOP('',(#522,#523,#524,#525));
#132=EDGE_LOOP('',(#526));
#133=EDGE_LOOP('',(#527));
#134=EDGE_LOOP('',(#528,#529,#530,#531));
#135=EDGE_LOOP('',(#532,#533,#534,#535));
#136=EDGE_LOOP('',(#536,#537,#538,#539));
#137=EDGE_LOOP('',(#540,#541,#542,#543,#544,#545));
#138=EDGE_LOOP('',(#546,#547,#548,#549,#550,#551));
#139=EDGE_LOOP('',(#552,#553));
#140=EDGE_LOOP('',(#554,#555));
#141=EDGE_LOOP('',(#556));
#142=EDGE_LOOP('',(#557,#558,#559,#560,#561,#562,#563,#564));
#143=EDGE_LOOP('',(#565,#566,#567,#568));
#144=EDGE_LOOP('',(#569));
#145=EDGE_LOOP('',(#570,#571,#572,#573,#574,#575,#576,#577));
#146=LINE('',#862,#192);
#147=LINE('',#864,#193);
#148=LINE('',#865,#194);
#149=LINE('',#875,#195);
#150=LINE('',#876,#196);
#151=LINE('',#884,#197);
#152=LINE('',#885,#198);
#153=LINE('',#893,#199);
#154=LINE('',#894,#200);
#155=LINE('',#904,#201);
#156=LINE('',#905,#202);
#157=LINE('',#911,#203);
#158=LINE('',#923,#204);
#159=LINE('',#925,#205);
#160=LINE('',#926,#206);
#161=LINE('',#934,#207);
#162=LINE('',#935,#208);
#163=LINE('',#943,#209);
#164=LINE('',#944,#210);
#165=LINE('',#954,#211);
#166=LINE('',#955,#212);
#167=LINE('',#963,#213);
#168=LINE('',#964,#214);
#169=LINE('',#972,#215);
#170=LINE('',#979,#216);
#171=LINE('',#1034,#217);
#172=LINE('',#1037,#218);
#173=LINE('',#1042,#219);
#174=LINE('',#1093,#220);
#175=LINE('',#1096,#221);
#176=LINE('',#1101,#222);
#177=LINE('',#1103,#223);
#178=LINE('',#1105,#224);
#179=LINE('',#1106,#225);
#180=LINE('',#1112,#226);
#181=LINE('',#1115,#227);
#182=LINE('',#1117,#228);
#183=LINE('',#1118,#229);
#184=LINE('',#1124,#230);
#185=LINE('',#1127,#231);
#186=LINE('',#1129,#232);
#187=LINE('',#1130,#233);
#188=LINE('',#1136,#234);
#189=LINE('',#1139,#235);
#190=LINE('',#1141,#236);
#191=LINE('',#1142,#237);
#192=VECTOR('',#705,10.);
#193=VECTOR('',#706,10.);
#194=VECTOR('',#707,10.);
#195=VECTOR('',#710,10.);
#196=VECTOR('',#711,10.);
#197=VECTOR('',#714,10.);
#198=VECTOR('',#715,10.);
#199=VECTOR('',#718,10.);
#200=VECTOR('',#719,10.);
#201=VECTOR('',#722,10.);
#202=VECTOR('',#723,10.);
#203=VECTOR('',#726,10.);
#204=VECTOR('',#733,10.);
#205=VECTOR('',#734,10.);
#206=VECTOR('',#735,10.);
#207=VECTOR('',#738,10.);
#208=VECTOR('',#739,10.);
#209=VECTOR('',#742,10.);
#210=VECTOR('',#743,10.);
#211=VECTOR('',#746,10.);
#212=VECTOR('',#747,10.);
#213=VECTOR('',#750,10.);
#214=VECTOR('',#751,10.);
#215=VECTOR('',#754,10.);
#216=VECTOR('',#763,2.2);
#217=VECTOR('',#772,4.45);
#218=VECTOR('',#775,2.2);
#219=VECTOR('',#782,2.2);
#220=VECTOR('',#791,4.45);
#221=VECTOR('',#794,2.2);
#222=VECTOR('',#799,10.);
#223=VECTOR('',#800,10.);
#224=VECTOR('',#801,10.);
#225=VECTOR('',#802,10.);
#226=VECTOR('',#809,10.);
#227=VECTOR('',#812,10.);
#228=VECTOR('',#813,10.);
#229=VECTOR('',#814,10.);
#230=VECTOR('',#821,10.);
#231=VECTOR('',#824,10.);
#232=VECTOR('',#825,10.);
#233=VECTOR('',#826,10.);
#234=VECTOR('',#833,10.);
#235=VECTOR('',#836,10.);
#236=VECTOR('',#837,10.);
#237=VECTOR('',#838,10.);
#238=B_SPLINE_CURVE_WITH_KNOTS('',3,(#857,#858,#859,#860),.UNSPECIFIED.,
 .F.,.F.,(4,4),(-0.520708226244641,-0.0501109820792318),.UNSPECIFIED.);
#239=B_SPLINE_CURVE_WITH_KNOTS('',3,(#868,#869,#870,#871,#872,#873),
 .UNSPECIFIED.,.F.,.F.,(4,2,4),(-0.527235343436178,-0.296007515237197,-0.0505329708443905),
 .UNSPECIFIED.);
#240=B_SPLINE_CURVE_WITH_KNOTS('',3,(#879,#880,#881,#882),.UNSPECIFIED.,
 .F.,.F.,(4,4),(-0.644518052441862,-0.0508421307785027),.UNSPECIFIED.);
#241=B_SPLINE_CURVE_WITH_KNOTS('',3,(#888,#889,#890,#891),.UNSPECIFIED.,
 .F.,.F.,(4,4),(-0.518539293798118,-0.0499948037772767),.UNSPECIFIED.);
#242=B_SPLINE_CURVE_WITH_KNOTS('',3,(#897,#898,#899,#900,#901,#902),
 .UNSPECIFIED.,.F.,.F.,(4,2,4),(-0.534458324304867,-0.292082027431949,-0.0516035347536726),
 .UNSPECIFIED.);
#243=B_SPLINE_CURVE_WITH_KNOTS('',3,(#907,#908,#909,#910),.UNSPECIFIED.,
 .F.,.F.,(4,4),(-0.525831252174343,-0.0516637332416812),.UNSPECIFIED.);
#244=B_SPLINE_CURVE_WITH_KNOTS('',3,(#918,#919,#920,#921),.UNSPECIFIED.,
 .F.,.F.,(4,4),(-0.521431460285038,-0.0501978200512902),.UNSPECIFIED.);
#245=B_SPLINE_CURVE_WITH_KNOTS('',3,(#929,#930,#931,#932),.UNSPECIFIED.,
 .F.,.F.,(4,4),(-0.685677790004406,-0.0531009907095313),.UNSPECIFIED.);
#246=B_SPLINE_CURVE_WITH_KNOTS('',3,(#938,#939,#940,#941),.UNSPECIFIED.,
 .F.,.F.,(4,4),(-0.519704411585808,-0.0500387925388528),.UNSPECIFIED.);
#247=B_SPLINE_CURVE_WITH_KNOTS('',3,(#947,#948,#949,#950,#951,#952),
 .UNSPECIFIED.,.F.,.F.,(4,2,4),(-0.558340279118264,-0.297077406343996,-0.058213275550341),
 .UNSPECIFIED.);
#248=B_SPLINE_CURVE_WITH_KNOTS('',3,(#958,#959,#960,#961),.UNSPECIFIED.,
 .F.,.F.,(4,4),(-0.42135110684838,-0.0500909786814526),.UNSPECIFIED.);
#249=B_SPLINE_CURVE_WITH_KNOTS('',3,(#966,#967,#968,#969,#970,#971),
 .UNSPECIFIED.,.F.,.F.,(4,2,4),(-0.506387427868205,-0.267536623715249,-0.0505912119453199),
 .UNSPECIFIED.);
#250=B_SPLINE_CURVE_WITH_KNOTS('',3,(#988,#989,#990,#991,#992,#993,#994,
#995,#996,#997,#998,#999,#1000,#1001,#1002,#1003,#1004,#1005,#1006,#1007,
#1008,#1009,#1010,#1011,#1012,#1013,#1014,#1015,#1016,#1017,#1018,#1019),
 .UNSPECIFIED.,.F.,.F.,(4,2,2,2,2,2,2,2,2,2,2,2,2,2,2,4),(-2.60749005312108,
-2.5478509756795,-2.41915988870386,-2.33799169173865,-2.26362129885115,
-2.15664196385778,-1.98291053139767,-1.81072762923781,-1.66939656690055,
-1.53563741006693,-1.38932713488988,-1.27375671326835,-1.17155521936862,
-1.07094587237022,-0.953002131690459,-0.877900614491995),.UNSPECIFIED.);
#251=B_SPLINE_CURVE_WITH_KNOTS('',3,(#1020,#1021,#1022,#1023,#1024,#1025,
#1026,#1027,#1028,#1029,#1030,#1031,#1032,#1033),.UNSPECIFIED.,.F.,.F.,
(4,2,2,2,2,2,4),(-0.877900614491995,-0.799945823948964,-0.648223263017924,
-0.50259822635551,-0.353007664221956,-0.192295854764177,0.),
 .UNSPECIFIED.);
#252=B_SPLINE_CURVE_WITH_KNOTS('',3,(#1051,#1052,#1053,#1054,#1055,#1056,
#1057,#1058,#1059,#1060,#1061,#1062,#1063,#1064,#1065,#1066,#1067,#1068,
#1069,#1070,#1071,#1072),.UNSPECIFIED.,.F.,.F.,(4,2,2,2,2,2,2,2,2,2,4),
(-2.82046265887395,-2.64790665386766,-2.4690156325997,-2.29957221520017,
-2.1185458272536,-1.97274628130961,-1.82346232273878,-1.65993273746834,
-1.4898230310683,-1.32316190675833,-1.19648235002956),.UNSPECIFIED.);
#253=B_SPLINE_CURVE_WITH_KNOTS('',3,(#1073,#1074,#1075,#1076,#1077,#1078,
#1079,#1080,#1081,#1082,#1083,#1084,#1085,#1086,#1087,#1088,#1089,#1090,
#1091,#1092),.UNSPECIFIED.,.F.,.F.,(4,2,2,2,2,2,2,2,2,4),(-1.19648235002956,
-1.16460976301168,-1.00065147984148,-0.827731003045541,-0.666171872770651,
-0.502810597738923,-0.333518532039559,-0.219948176591722,-0.122657041432191,
0.),.UNSPECIFIED.);
#254=B_SPLINE_CURVE_WITH_KNOTS('',3,(#1303,#1304,#1305,#1306,#1307,#1308,
#1309,#1310,#1311,#1312,#1313,#1314,#1315,#1316,#1317,#1318,#1319,#1320,
#1321,#1322,#1323,#1324),.UNSPECIFIED.,.T.,.F.,(4,1,1,1,1,1,1,1,1,1,1,1,
1,1,1,1,1,1,1,4),(0.,0.392699434293647,0.785398868587295,1.04719849144973,
1.30899811431216,1.43989792574337,1.57079773717459,1.96349717146824,2.35619660576188,
2.74889604005553,3.14159547434918,3.53429420345298,3.92699293255678,4.31969166166058,
4.71239039076438,4.90873975531628,5.10508911986818,5.49778784897198,5.89048657807579,
6.28318530717959),.UNSPECIFIED.);
#255=B_SPLINE_CURVE_WITH_KNOTS('',3,(#1325,#1326,#1327,#1328,#1329,#1330,
#1331,#1332,#1333,#1334,#1335,#1336,#1337,#1338,#1339,#1340,#1341,#1342,
#1343,#1344,#1345,#1346),.UNSPECIFIED.,.T.,.F.,(4,1,1,1,1,1,1,1,1,1,1,1,
1,1,1,1,1,1,1,4),(-6.28318530717959,-5.89048657807579,-5.49778784897198,
-5.10508911986818,-4.90873975531628,-4.71239039076438,-4.31969166166058,
-3.92699293255678,-3.53429420345298,-3.14159547434918,-2.74889604005553,
-2.35619660576188,-1.96349717146824,-1.57079773717459,-1.43989792574337,
-1.30899811431216,-1.04719849144973,-0.785398868587295,-0.392699434293647,
0.),.UNSPECIFIED.);
#256=B_SPLINE_CURVE_WITH_KNOTS('',3,(#2272,#2273,#2274,#2275,#2276,#2277,
#2278,#2279,#2280,#2281,#2282,#2283,#2284,#2285,#2286,#2287,#2288,#2289,
#2290,#2291,#2292,#2293,#2294,#2295,#2296,#2297,#2298,#2299,#2300,#2301,
#2302,#2303,#2304,#2305,#2306,#2307,#2308,#2309,#2310,#2311,#2312,#2313,
#2314,#2315),.UNSPECIFIED.,.F.,.F.,(4,2,1,1,1,1,1,1,1,1,1,1,1,1,1,1,1,1,
1,1,1,1,1,1,1,1,1,1,1,1,1,1,1,1,1,1,1,1,2,4),(0.0313624795673525,0.045929287952265,
0.0666530463875692,0.0873768048228734,0.108100563258178,0.128824321693482,
0.17027183856409,0.180633717781742,0.190995596999394,0.211719355434698,
0.232443113870003,0.253166872305307,0.273890630740611,0.294614389175915,
0.315338147611219,0.336061906046524,0.356785664481828,0.377509422917132,
0.398233181352436,0.41895693978774,0.439680698223044,0.460404456658349,
0.501851973528957,0.522575731964261,0.543299490399565,0.56402324883487,
0.584747007270174,0.626194524140782,0.646918282576086,0.66764204101139,
0.688365799446695,0.709089557881999,0.729813316317303,0.750537074752607,
0.791984591623216,0.81270835005852,0.833432108493824,0.854155866929128,
0.874879625364432,0.982376880539845),.UNSPECIFIED.);
#257=B_SPLINE_CURVE_WITH_KNOTS('',3,(#2316,#2317,#2318,#2319,#2320,#2321,
#2322,#2323,#2324,#2325,#2326,#2327,#2328,#2329,#2330,#2331,#2332),
 .UNSPECIFIED.,.T.,.F.,(4,1,1,1,1,1,2,1,1,1,1,1,1,4),(0.,0.628320607629553,
1.25664121525911,1.57080151907388,1.88496182288866,2.51328243051821,3.14160303814777,
3.76991949195413,4.39823594576049,5.02655239956686,5.34071062647004,5.65486885337322,
5.9690270802764,6.28318530717959),.UNSPECIFIED.);
#258=B_SPLINE_CURVE_WITH_KNOTS('',3,(#2438,#2439,#2440,#2441,#2442,#2443,
#2444,#2445,#2446,#2447,#2448,#2449,#2450,#2451,#2452,#2453,#2454),
 .UNSPECIFIED.,.T.,.F.,(4,1,1,1,1,1,1,2,1,1,1,1,1,4),(-6.28318530717959,
-5.9690270802764,-5.65486885337322,-5.34071062647004,-5.02655239956686,
-4.39823594576049,-3.76991949195413,-3.14160303814777,-2.51328243051821,
-1.88496182288866,-1.57080151907388,-1.25664121525911,-0.628320607629553,
0.),.UNSPECIFIED.);
#259=VERTEX_POINT('',#855);
#260=VERTEX_POINT('',#856);
#261=VERTEX_POINT('',#861);
#262=VERTEX_POINT('',#863);
#263=VERTEX_POINT('',#867);
#264=VERTEX_POINT('',#874);
#265=VERTEX_POINT('',#878);
#266=VERTEX_POINT('',#883);
#267=VERTEX_POINT('',#887);
#268=VERTEX_POINT('',#892);
#269=VERTEX_POINT('',#896);
#270=VERTEX_POINT('',#903);
#271=VERTEX_POINT('',#913);
#272=VERTEX_POINT('',#916);
#273=VERTEX_POINT('',#917);
#274=VERTEX_POINT('',#922);
#275=VERTEX_POINT('',#924);
#276=VERTEX_POINT('',#928);
#277=VERTEX_POINT('',#933);
#278=VERTEX_POINT('',#937);
#279=VERTEX_POINT('',#942);
#280=VERTEX_POINT('',#946);
#281=VERTEX_POINT('',#953);
#282=VERTEX_POINT('',#957);
#283=VERTEX_POINT('',#962);
#284=VERTEX_POINT('',#974);
#285=VERTEX_POINT('',#977);
#286=VERTEX_POINT('',#981);
#287=VERTEX_POINT('',#983);
#288=VERTEX_POINT('',#986);
#289=VERTEX_POINT('',#987);
#290=VERTEX_POINT('',#1036);
#291=VERTEX_POINT('',#1040);
#292=VERTEX_POINT('',#1044);
#293=VERTEX_POINT('',#1046);
#294=VERTEX_POINT('',#1049);
#295=VERTEX_POINT('',#1050);
#296=VERTEX_POINT('',#1095);
#297=VERTEX_POINT('',#1099);
#298=VERTEX_POINT('',#1100);
#299=VERTEX_POINT('',#1102);
#300=VERTEX_POINT('',#1104);
#301=VERTEX_POINT('',#1108);
#302=VERTEX_POINT('',#1110);
#303=VERTEX_POINT('',#1114);
#304=VERTEX_POINT('',#1116);
#305=VERTEX_POINT('',#1120);
#306=VERTEX_POINT('',#1122);
#307=VERTEX_POINT('',#1126);
#308=VERTEX_POINT('',#1128);
#309=VERTEX_POINT('',#1132);
#310=VERTEX_POINT('',#1134);
#311=VERTEX_POINT('',#1138);
#312=VERTEX_POINT('',#1140);
#313=VERTEX_POINT('',#1300);
#314=VERTEX_POINT('',#1301);
#315=VERTEX_POINT('',#2271);
#316=VERTEX_POINT('',#2436);
#317=EDGE_CURVE('',#259,#260,#238,.T.);
#318=EDGE_CURVE('',#259,#261,#146,.T.);
#319=EDGE_CURVE('',#261,#262,#147,.T.);
#320=EDGE_CURVE('',#260,#262,#148,.T.);
#321=EDGE_CURVE('',#260,#263,#239,.T.);
#322=EDGE_CURVE('',#262,#264,#149,.T.);
#323=EDGE_CURVE('',#263,#264,#150,.T.);
#324=EDGE_CURVE('',#263,#265,#240,.T.);
#325=EDGE_CURVE('',#264,#266,#151,.T.);
#326=EDGE_CURVE('',#265,#266,#152,.T.);
#327=EDGE_CURVE('',#265,#267,#241,.T.);
#328=EDGE_CURVE('',#266,#268,#153,.T.);
#329=EDGE_CURVE('',#267,#268,#154,.T.);
#330=EDGE_CURVE('',#269,#259,#242,.T.);
#331=EDGE_CURVE('',#269,#270,#155,.T.);
#332=EDGE_CURVE('',#270,#261,#156,.T.);
#333=EDGE_CURVE('',#267,#269,#243,.T.);
#334=EDGE_CURVE('',#268,#270,#157,.T.);
#335=EDGE_CURVE('',#271,#271,#42,.T.);
#336=EDGE_CURVE('',#272,#273,#244,.T.);
#337=EDGE_CURVE('',#272,#274,#158,.T.);
#338=EDGE_CURVE('',#274,#275,#159,.T.);
#339=EDGE_CURVE('',#273,#275,#160,.T.);
#340=EDGE_CURVE('',#273,#276,#245,.T.);
#341=EDGE_CURVE('',#275,#277,#161,.T.);
#342=EDGE_CURVE('',#276,#277,#162,.T.);
#343=EDGE_CURVE('',#276,#278,#246,.T.);
#344=EDGE_CURVE('',#277,#279,#163,.T.);
#345=EDGE_CURVE('',#278,#279,#164,.T.);
#346=EDGE_CURVE('',#278,#280,#247,.T.);
#347=EDGE_CURVE('',#279,#281,#165,.T.);
#348=EDGE_CURVE('',#280,#281,#166,.T.);
#349=EDGE_CURVE('',#282,#272,#248,.T.);
#350=EDGE_CURVE('',#282,#283,#167,.T.);
#351=EDGE_CURVE('',#283,#274,#168,.T.);
#352=EDGE_CURVE('',#280,#282,#249,.T.);
#353=EDGE_CURVE('',#281,#283,#169,.T.);
#354=EDGE_CURVE('',#284,#284,#43,.T.);
#355=EDGE_CURVE('',#285,#285,#44,.T.);
#356=EDGE_CURVE('',#285,#284,#170,.T.);
#357=EDGE_CURVE('',#286,#286,#45,.T.);
#358=EDGE_CURVE('',#287,#287,#46,.T.);
#359=EDGE_CURVE('',#288,#289,#250,.T.);
#360=EDGE_CURVE('',#289,#288,#251,.T.);
#361=EDGE_CURVE('',#289,#286,#171,.T.);
#362=EDGE_CURVE('',#287,#290,#172,.T.);
#363=EDGE_CURVE('',#290,#290,#47,.T.);
#364=EDGE_CURVE('',#291,#291,#48,.T.);
#365=EDGE_CURVE('',#291,#271,#173,.T.);
#366=EDGE_CURVE('',#292,#292,#49,.T.);
#367=EDGE_CURVE('',#293,#293,#50,.T.);
#368=EDGE_CURVE('',#294,#295,#252,.T.);
#369=EDGE_CURVE('',#295,#294,#253,.T.);
#370=EDGE_CURVE('',#295,#292,#174,.T.);
#371=EDGE_CURVE('',#293,#296,#175,.T.);
#372=EDGE_CURVE('',#296,#296,#51,.T.);
#373=EDGE_CURVE('',#297,#298,#176,.T.);
#374=EDGE_CURVE('',#299,#297,#177,.T.);
#375=EDGE_CURVE('',#300,#299,#178,.T.);
#376=EDGE_CURVE('',#300,#298,#179,.T.);
#377=EDGE_CURVE('',#298,#301,#52,.T.);
#378=EDGE_CURVE('',#302,#300,#53,.T.);
#379=EDGE_CURVE('',#302,#301,#180,.T.);
#380=EDGE_CURVE('',#301,#303,#181,.T.);
#381=EDGE_CURVE('',#304,#302,#182,.T.);
#382=EDGE_CURVE('',#304,#303,#183,.T.);
#383=EDGE_CURVE('',#303,#305,#54,.T.);
#384=EDGE_CURVE('',#306,#304,#55,.T.);
#385=EDGE_CURVE('',#306,#305,#184,.T.);
#386=EDGE_CURVE('',#305,#307,#185,.T.);
#387=EDGE_CURVE('',#308,#306,#186,.T.);
#388=EDGE_CURVE('',#308,#307,#187,.T.);
#389=EDGE_CURVE('',#307,#309,#56,.T.);
#390=EDGE_CURVE('',#310,#308,#57,.T.);
#391=EDGE_CURVE('',#310,#309,#188,.T.);
#392=EDGE_CURVE('',#309,#311,#189,.T.);
#393=EDGE_CURVE('',#312,#310,#190,.T.);
#394=EDGE_CURVE('',#312,#311,#191,.T.);
#395=EDGE_CURVE('',#311,#297,#58,.T.);
#396=EDGE_CURVE('',#299,#312,#59,.T.);
#397=EDGE_CURVE('',#313,#314,#60,.T.);
#398=EDGE_CURVE('',#314,#314,#254,.T.);
#399=EDGE_CURVE('',#313,#313,#255,.T.);
#400=EDGE_CURVE('',#313,#315,#256,.T.);
#401=EDGE_CURVE('',#315,#315,#257,.T.);
#402=EDGE_CURVE('',#316,#315,#61,.T.);
#403=EDGE_CURVE('',#316,#316,#258,.T.);
#404=ORIENTED_EDGE('',*,*,#317,.F.);
#405=ORIENTED_EDGE('',*,*,#318,.T.);
#406=ORIENTED_EDGE('',*,*,#319,.T.);
#407=ORIENTED_EDGE('',*,*,#320,.F.);
#408=ORIENTED_EDGE('',*,*,#321,.F.);
#409=ORIENTED_EDGE('',*,*,#320,.T.);
#410=ORIENTED_EDGE('',*,*,#322,.T.);
#411=ORIENTED_EDGE('',*,*,#323,.F.);
#412=ORIENTED_EDGE('',*,*,#324,.F.);
#413=ORIENTED_EDGE('',*,*,#323,.T.);
#414=ORIENTED_EDGE('',*,*,#325,.T.);
#415=ORIENTED_EDGE('',*,*,#326,.F.);
#416=ORIENTED_EDGE('',*,*,#327,.F.);
#417=ORIENTED_EDGE('',*,*,#326,.T.);
#418=ORIENTED_EDGE('',*,*,#328,.T.);
#419=ORIENTED_EDGE('',*,*,#329,.F.);
#420=ORIENTED_EDGE('',*,*,#330,.F.);
#421=ORIENTED_EDGE('',*,*,#331,.T.);
#422=ORIENTED_EDGE('',*,*,#332,.T.);
#423=ORIENTED_EDGE('',*,*,#318,.F.);
#424=ORIENTED_EDGE('',*,*,#333,.F.);
#425=ORIENTED_EDGE('',*,*,#329,.T.);
#426=ORIENTED_EDGE('',*,*,#334,.T.);
#427=ORIENTED_EDGE('',*,*,#331,.F.);
#428=ORIENTED_EDGE('',*,*,#334,.F.);
#429=ORIENTED_EDGE('',*,*,#328,.F.);
#430=ORIENTED_EDGE('',*,*,#325,.F.);
#431=ORIENTED_EDGE('',*,*,#322,.F.);
#432=ORIENTED_EDGE('',*,*,#319,.F.);
#433=ORIENTED_EDGE('',*,*,#332,.F.);
#434=ORIENTED_EDGE('',*,*,#335,.F.);
#435=ORIENTED_EDGE('',*,*,#336,.F.);
#436=ORIENTED_EDGE('',*,*,#337,.T.);
#437=ORIENTED_EDGE('',*,*,#338,.T.);
#438=ORIENTED_EDGE('',*,*,#339,.F.);
#439=ORIENTED_EDGE('',*,*,#340,.F.);
#440=ORIENTED_EDGE('',*,*,#339,.T.);
#441=ORIENTED_EDGE('',*,*,#341,.T.);
#442=ORIENTED_EDGE('',*,*,#342,.F.);
#443=ORIENTED_EDGE('',*,*,#343,.F.);
#444=ORIENTED_EDGE('',*,*,#342,.T.);
#445=ORIENTED_EDGE('',*,*,#344,.T.);
#446=ORIENTED_EDGE('',*,*,#345,.F.);
#447=ORIENTED_EDGE('',*,*,#346,.F.);
#448=ORIENTED_EDGE('',*,*,#345,.T.);
#449=ORIENTED_EDGE('',*,*,#347,.T.);
#450=ORIENTED_EDGE('',*,*,#348,.F.);
#451=ORIENTED_EDGE('',*,*,#349,.F.);
#452=ORIENTED_EDGE('',*,*,#350,.T.);
#453=ORIENTED_EDGE('',*,*,#351,.T.);
#454=ORIENTED_EDGE('',*,*,#337,.F.);
#455=ORIENTED_EDGE('',*,*,#352,.F.);
#456=ORIENTED_EDGE('',*,*,#348,.T.);
#457=ORIENTED_EDGE('',*,*,#353,.T.);
#458=ORIENTED_EDGE('',*,*,#350,.F.);
#459=ORIENTED_EDGE('',*,*,#353,.F.);
#460=ORIENTED_EDGE('',*,*,#347,.F.);
#461=ORIENTED_EDGE('',*,*,#344,.F.);
#462=ORIENTED_EDGE('',*,*,#341,.F.);
#463=ORIENTED_EDGE('',*,*,#338,.F.);
#464=ORIENTED_EDGE('',*,*,#351,.F.);
#465=ORIENTED_EDGE('',*,*,#354,.F.);
#466=ORIENTED_EDGE('',*,*,#355,.F.);
#467=ORIENTED_EDGE('',*,*,#356,.T.);
#468=ORIENTED_EDGE('',*,*,#354,.T.);
#469=ORIENTED_EDGE('',*,*,#356,.F.);
#470=ORIENTED_EDGE('',*,*,#357,.F.);
#471=ORIENTED_EDGE('',*,*,#358,.T.);
#472=ORIENTED_EDGE('',*,*,#359,.F.);
#473=ORIENTED_EDGE('',*,*,#360,.F.);
#474=ORIENTED_EDGE('',*,*,#361,.T.);
#475=ORIENTED_EDGE('',*,*,#357,.T.);
#476=ORIENTED_EDGE('',*,*,#361,.F.);
#477=ORIENTED_EDGE('',*,*,#358,.F.);
#478=ORIENTED_EDGE('',*,*,#362,.T.);
#479=ORIENTED_EDGE('',*,*,#363,.F.);
#480=ORIENTED_EDGE('',*,*,#362,.F.);
#481=ORIENTED_EDGE('',*,*,#364,.F.);
#482=ORIENTED_EDGE('',*,*,#365,.T.);
#483=ORIENTED_EDGE('',*,*,#335,.T.);
#484=ORIENTED_EDGE('',*,*,#365,.F.);
#485=ORIENTED_EDGE('',*,*,#366,.F.);
#486=ORIENTED_EDGE('',*,*,#367,.T.);
#487=ORIENTED_EDGE('',*,*,#368,.F.);
#488=ORIENTED_EDGE('',*,*,#369,.F.);
#489=ORIENTED_EDGE('',*,*,#370,.T.);
#490=ORIENTED_EDGE('',*,*,#366,.T.);
#491=ORIENTED_EDGE('',*,*,#370,.F.);
#492=ORIENTED_EDGE('',*,*,#367,.F.);
#493=ORIENTED_EDGE('',*,*,#371,.T.);
#494=ORIENTED_EDGE('',*,*,#372,.F.);
#495=ORIENTED_EDGE('',*,*,#371,.F.);
#496=ORIENTED_EDGE('',*,*,#373,.F.);
#497=ORIENTED_EDGE('',*,*,#374,.F.);
#498=ORIENTED_EDGE('',*,*,#375,.F.);
#499=ORIENTED_EDGE('',*,*,#376,.T.);
#500=ORIENTED_EDGE('',*,*,#377,.F.);
#501=ORIENTED_EDGE('',*,*,#376,.F.);
#502=ORIENTED_EDGE('',*,*,#378,.F.);
#503=ORIENTED_EDGE('',*,*,#379,.T.);
#504=ORIENTED_EDGE('',*,*,#380,.F.);
#505=ORIENTED_EDGE('',*,*,#379,.F.);
#506=ORIENTED_EDGE('',*,*,#381,.F.);
#507=ORIENTED_EDGE('',*,*,#382,.T.);
#508=ORIENTED_EDGE('',*,*,#363,.T.);
#509=ORIENTED_EDGE('',*,*,#372,.T.);
#510=ORIENTED_EDGE('',*,*,#383,.F.);
#511=ORIENTED_EDGE('',*,*,#382,.F.);
#512=ORIENTED_EDGE('',*,*,#384,.F.);
#513=ORIENTED_EDGE('',*,*,#385,.T.);
#514=ORIENTED_EDGE('',*,*,#386,.F.);
#515=ORIENTED_EDGE('',*,*,#385,.F.);
#516=ORIENTED_EDGE('',*,*,#387,.F.);
#517=ORIENTED_EDGE('',*,*,#388,.T.);
#518=ORIENTED_EDGE('',*,*,#389,.F.);
#519=ORIENTED_EDGE('',*,*,#388,.F.);
#520=ORIENTED_EDGE('',*,*,#390,.F.);
#521=ORIENTED_EDGE('',*,*,#391,.T.);
#522=ORIENTED_EDGE('',*,*,#392,.F.);
#523=ORIENTED_EDGE('',*,*,#391,.F.);
#524=ORIENTED_EDGE('',*,*,#393,.F.);
#525=ORIENTED_EDGE('',*,*,#394,.T.);
#526=ORIENTED_EDGE('',*,*,#355,.T.);
#527=ORIENTED_EDGE('',*,*,#364,.T.);
#528=ORIENTED_EDGE('',*,*,#395,.F.);
#529=ORIENTED_EDGE('',*,*,#394,.F.);
#530=ORIENTED_EDGE('',*,*,#396,.F.);
#531=ORIENTED_EDGE('',*,*,#374,.T.);
#532=ORIENTED_EDGE('',*,*,#397,.T.);
#533=ORIENTED_EDGE('',*,*,#398,.T.);
#534=ORIENTED_EDGE('',*,*,#397,.F.);
#535=ORIENTED_EDGE('',*,*,#399,.T.);
#536=ORIENTED_EDGE('',*,*,#399,.F.);
#537=ORIENTED_EDGE('',*,*,#400,.T.);
#538=ORIENTED_EDGE('',*,*,#401,.F.);
#539=ORIENTED_EDGE('',*,*,#400,.F.);
#540=ORIENTED_EDGE('',*,*,#327,.T.);
#541=ORIENTED_EDGE('',*,*,#333,.T.);
#542=ORIENTED_EDGE('',*,*,#330,.T.);
#543=ORIENTED_EDGE('',*,*,#317,.T.);
#544=ORIENTED_EDGE('',*,*,#321,.T.);
#545=ORIENTED_EDGE('',*,*,#324,.T.);
#546=ORIENTED_EDGE('',*,*,#346,.T.);
#547=ORIENTED_EDGE('',*,*,#352,.T.);
#548=ORIENTED_EDGE('',*,*,#349,.T.);
#549=ORIENTED_EDGE('',*,*,#336,.T.);
#550=ORIENTED_EDGE('',*,*,#340,.T.);
#551=ORIENTED_EDGE('',*,*,#343,.T.);
#552=ORIENTED_EDGE('',*,*,#359,.T.);
#553=ORIENTED_EDGE('',*,*,#360,.T.);
#554=ORIENTED_EDGE('',*,*,#368,.T.);
#555=ORIENTED_EDGE('',*,*,#369,.T.);
#556=ORIENTED_EDGE('',*,*,#398,.F.);
#557=ORIENTED_EDGE('',*,*,#375,.T.);
#558=ORIENTED_EDGE('',*,*,#396,.T.);
#559=ORIENTED_EDGE('',*,*,#393,.T.);
#560=ORIENTED_EDGE('',*,*,#390,.T.);
#561=ORIENTED_EDGE('',*,*,#387,.T.);
#562=ORIENTED_EDGE('',*,*,#384,.T.);
#563=ORIENTED_EDGE('',*,*,#381,.T.);
#564=ORIENTED_EDGE('',*,*,#378,.T.);
#565=ORIENTED_EDGE('',*,*,#402,.T.);
#566=ORIENTED_EDGE('',*,*,#401,.T.);
#567=ORIENTED_EDGE('',*,*,#402,.F.);
#568=ORIENTED_EDGE('',*,*,#403,.T.);
#569=ORIENTED_EDGE('',*,*,#403,.F.);
#570=ORIENTED_EDGE('',*,*,#373,.T.);
#571=ORIENTED_EDGE('',*,*,#377,.T.);
#572=ORIENTED_EDGE('',*,*,#380,.T.);
#573=ORIENTED_EDGE('',*,*,#383,.T.);
#574=ORIENTED_EDGE('',*,*,#386,.T.);
#575=ORIENTED_EDGE('',*,*,#389,.T.);
#576=ORIENTED_EDGE('',*,*,#392,.T.);
#577=ORIENTED_EDGE('',*,*,#395,.T.);
#578=PLANE('',#649);
#579=PLANE('',#650);
#580=PLANE('',#651);
#581=PLANE('',#652);
#582=PLANE('',#653);
#583=PLANE('',#654);
#584=PLANE('',#655);
#585=PLANE('',#657);
#586=PLANE('',#658);
#587=PLANE('',#659);
#588=PLANE('',#660);
#589=PLANE('',#661);
#590=PLANE('',#662);
#591=PLANE('',#663);
#592=PLANE('',#667);
#593=PLANE('',#675);
#594=PLANE('',#681);
#595=PLANE('',#685);
#596=PLANE('',#689);
#597=PLANE('',#693);
#598=PLANE('',#698);
#599=PLANE('',#700);
#600=ADVANCED_FACE('',(#62),#578,.F.);
#601=ADVANCED_FACE('',(#63),#579,.F.);
#602=ADVANCED_FACE('',(#64),#580,.F.);
#603=ADVANCED_FACE('',(#65),#581,.F.);
#604=ADVANCED_FACE('',(#66),#582,.F.);
#605=ADVANCED_FACE('',(#67),#583,.F.);
#606=ADVANCED_FACE('',(#68,#28),#584,.F.);
#607=ADVANCED_FACE('',(#69),#585,.F.);
#608=ADVANCED_FACE('',(#70),#586,.F.);
#609=ADVANCED_FACE('',(#71),#587,.F.);
#610=ADVANCED_FACE('',(#72),#588,.F.);
#611=ADVANCED_FACE('',(#73),#589,.F.);
#612=ADVANCED_FACE('',(#74),#590,.F.);
#613=ADVANCED_FACE('',(#75,#29),#591,.F.);
#614=ADVANCED_FACE('',(#76),#18,.F.);
#615=ADVANCED_FACE('',(#77,#30),#592,.F.);
#616=ADVANCED_FACE('',(#78),#19,.F.);
#617=ADVANCED_FACE('',(#79),#20,.F.);
#618=ADVANCED_FACE('',(#80),#21,.F.);
#619=ADVANCED_FACE('',(#81,#31),#593,.F.);
#620=ADVANCED_FACE('',(#82),#22,.F.);
#621=ADVANCED_FACE('',(#83),#23,.F.);
#622=ADVANCED_FACE('',(#84),#594,.F.);
#623=ADVANCED_FACE('',(#85),#24,.F.);
#624=ADVANCED_FACE('',(#86,#32,#33),#595,.F.);
#625=ADVANCED_FACE('',(#87),#25,.F.);
#626=ADVANCED_FACE('',(#88),#596,.F.);
#627=ADVANCED_FACE('',(#89),#26,.F.);
#628=ADVANCED_FACE('',(#90,#34,#35),#597,.F.);
#629=ADVANCED_FACE('',(#91),#27,.F.);
#630=ADVANCED_FACE('',(#92),#15,.F.);
#631=ADVANCED_FACE('',(#93,#36,#37,#38,#39),#16,.T.);
#632=ADVANCED_FACE('',(#94,#40),#598,.F.);
#633=ADVANCED_FACE('',(#95),#17,.F.);
#634=ADVANCED_FACE('',(#96,#41),#599,.T.);
#635=CLOSED_SHELL('',(#600,#601,#602,#603,#604,#605,#606,#607,#608,#609,
#610,#611,#612,#613,#614,#615,#616,#617,#618,#619,#620,#621,#622,#623,#624,
#625,#626,#627,#628,#629,#630,#631,#632,#633,#634));
#636=DERIVED_UNIT_ELEMENT(#638,1.);
#637=DERIVED_UNIT_ELEMENT(#2461,-3.);
#638=(
MASS_UNIT()
NAMED_UNIT(*)
SI_UNIT(.KILO.,.GRAM.)
);
#639=DERIVED_UNIT((#636,#637));
#640=MEASURE_REPRESENTATION_ITEM('density measure',
POSITIVE_RATIO_MEASURE(7850.),#639);
#641=PROPERTY_DEFINITION_REPRESENTATION(#646,#643);
#642=PROPERTY_DEFINITION_REPRESENTATION(#647,#644);
#643=REPRESENTATION('material name',(#645),#2458);
#644=REPRESENTATION('density',(#640),#2458);
#645=DESCRIPTIVE_REPRESENTATION_ITEM('Steel','Steel');
#646=PROPERTY_DEFINITION('material property','material name',#2468);
#647=PROPERTY_DEFINITION('material property','density of part',#2468);
#648=AXIS2_PLACEMENT_3D('',#853,#701,#702);
#649=AXIS2_PLACEMENT_3D('',#854,#703,#704);
#650=AXIS2_PLACEMENT_3D('',#866,#708,#709);
#651=AXIS2_PLACEMENT_3D('',#877,#712,#713);
#652=AXIS2_PLACEMENT_3D('',#886,#716,#717);
#653=AXIS2_PLACEMENT_3D('',#895,#720,#721);
#654=AXIS2_PLACEMENT_3D('',#906,#724,#725);
#655=AXIS2_PLACEMENT_3D('',#912,#727,#728);
#656=AXIS2_PLACEMENT_3D('',#914,#729,#730);
#657=AXIS2_PLACEMENT_3D('',#915,#731,#732);
#658=AXIS2_PLACEMENT_3D('',#927,#736,#737);
#659=AXIS2_PLACEMENT_3D('',#936,#740,#741);
#660=AXIS2_PLACEMENT_3D('',#945,#744,#745);
#661=AXIS2_PLACEMENT_3D('',#956,#748,#749);
#662=AXIS2_PLACEMENT_3D('',#965,#752,#753);
#663=AXIS2_PLACEMENT_3D('',#973,#755,#756);
#664=AXIS2_PLACEMENT_3D('',#975,#757,#758);
#665=AXIS2_PLACEMENT_3D('',#976,#759,#760);
#666=AXIS2_PLACEMENT_3D('',#978,#761,#762);
#667=AXIS2_PLACEMENT_3D('',#980,#764,#765);
#668=AXIS2_PLACEMENT_3D('',#982,#766,#767);
#669=AXIS2_PLACEMENT_3D('',#984,#768,#769);
#670=AXIS2_PLACEMENT_3D('',#985,#770,#771);
#671=AXIS2_PLACEMENT_3D('',#1035,#773,#774);
#672=AXIS2_PLACEMENT_3D('',#1038,#776,#777);
#673=AXIS2_PLACEMENT_3D('',#1039,#778,#779);
#674=AXIS2_PLACEMENT_3D('',#1041,#780,#781);
#675=AXIS2_PLACEMENT_3D('',#1043,#783,#784);
#676=AXIS2_PLACEMENT_3D('',#1045,#785,#786);
#677=AXIS2_PLACEMENT_3D('',#1047,#787,#788);
#678=AXIS2_PLACEMENT_3D('',#1048,#789,#790);
#679=AXIS2_PLACEMENT_3D('',#1094,#792,#793);
#680=AXIS2_PLACEMENT_3D('',#1097,#795,#796);
#681=AXIS2_PLACEMENT_3D('',#1098,#797,#798);
#682=AXIS2_PLACEMENT_3D('',#1107,#803,#804);
#683=AXIS2_PLACEMENT_3D('',#1109,#805,#806);
#684=AXIS2_PLACEMENT_3D('',#1111,#807,#808);
#685=AXIS2_PLACEMENT_3D('',#1113,#810,#811);
#686=AXIS2_PLACEMENT_3D('',#1119,#815,#816);
#687=AXIS2_PLACEMENT_3D('',#1121,#817,#818);
#688=AXIS2_PLACEMENT_3D('',#1123,#819,#820);
#689=AXIS2_PLACEMENT_3D('',#1125,#822,#823);
#690=AXIS2_PLACEMENT_3D('',#1131,#827,#828);
#691=AXIS2_PLACEMENT_3D('',#1133,#829,#830);
#692=AXIS2_PLACEMENT_3D('',#1135,#831,#832);
#693=AXIS2_PLACEMENT_3D('',#1137,#834,#835);
#694=AXIS2_PLACEMENT_3D('',#1143,#839,#840);
#695=AXIS2_PLACEMENT_3D('',#1144,#841,#842);
#696=AXIS2_PLACEMENT_3D('',#1145,#843,#844);
#697=AXIS2_PLACEMENT_3D('',#1302,#845,#846);
#698=AXIS2_PLACEMENT_3D('',#2333,#847,#848);
#699=AXIS2_PLACEMENT_3D('',#2437,#849,#850);
#700=AXIS2_PLACEMENT_3D('',#2455,#851,#852);
#701=DIRECTION('axis',(0.,0.,1.));
#702=DIRECTION('refdir',(1.,0.,0.));
#703=DIRECTION('center_axis',(0.500000000000001,0.866025403784438,0.));
#704=DIRECTION('ref_axis',(-0.866025403784438,0.500000000000001,0.));
#705=DIRECTION('',(0.,0.,1.));
#706=DIRECTION('',(-0.866025403784438,0.500000000000001,0.));
#707=DIRECTION('',(0.,0.,1.));
#708=DIRECTION('center_axis',(-0.5,0.866025403784439,0.));
#709=DIRECTION('ref_axis',(-0.866025403784439,-0.5,0.));
#710=DIRECTION('',(-0.866025403784439,-0.5,0.));
#711=DIRECTION('',(0.,0.,1.));
#712=DIRECTION('center_axis',(-1.,4.69015289361846E-16,0.));
#713=DIRECTION('ref_axis',(-4.69015289361846E-16,-1.,0.));
#714=DIRECTION('',(-4.69015289361846E-16,-1.,0.));
#715=DIRECTION('',(0.,0.,1.));
#716=DIRECTION('center_axis',(-0.5,-0.866025403784438,0.));
#717=DIRECTION('ref_axis',(0.866025403784438,-0.5,0.));
#718=DIRECTION('',(0.866025403784438,-0.5,0.));
#719=DIRECTION('',(0.,0.,1.));
#720=DIRECTION('center_axis',(1.,-5.86269111702307E-17,0.));
#721=DIRECTION('ref_axis',(5.86269111702307E-17,1.,0.));
#722=DIRECTION('',(0.,0.,1.));
#723=DIRECTION('',(5.86269111702307E-17,1.,0.));
#724=DIRECTION('center_axis',(0.499999999999999,-0.866025403784439,0.));
#725=DIRECTION('ref_axis',(0.866025403784439,0.499999999999999,0.));
#726=DIRECTION('',(0.866025403784439,0.499999999999999,0.));
#727=DIRECTION('center_axis',(0.,0.,1.));
#728=DIRECTION('ref_axis',(1.,0.,0.));
#729=DIRECTION('center_axis',(0.,0.,-1.));
#730=DIRECTION('ref_axis',(1.,0.,0.));
#731=DIRECTION('center_axis',(-0.500000000000004,0.866025403784436,0.));
#732=DIRECTION('ref_axis',(-0.866025403784436,-0.500000000000004,0.));
#733=DIRECTION('',(0.,0.,1.));
#734=DIRECTION('',(-0.866025403784436,-0.500000000000004,0.));
#735=DIRECTION('',(0.,0.,1.));
#736=DIRECTION('center_axis',(-1.,0.,0.));
#737=DIRECTION('ref_axis',(0.,-1.,0.));
#738=DIRECTION('',(0.,-1.,0.));
#739=DIRECTION('',(0.,0.,1.));
#740=DIRECTION('center_axis',(-0.5,-0.866025403784439,0.));
#741=DIRECTION('ref_axis',(0.866025403784439,-0.499999999999999,0.));
#742=DIRECTION('',(0.866025403784439,-0.499999999999999,0.));
#743=DIRECTION('',(0.,0.,1.));
#744=DIRECTION('center_axis',(0.5,-0.866025403784439,0.));
#745=DIRECTION('ref_axis',(0.866025403784439,0.5,0.));
#746=DIRECTION('',(0.866025403784439,0.5,0.));
#747=DIRECTION('',(0.,0.,1.));
#748=DIRECTION('center_axis',(0.499999999999998,0.86602540378444,0.));
#749=DIRECTION('ref_axis',(-0.86602540378444,0.499999999999998,0.));
#750=DIRECTION('',(0.,0.,1.));
#751=DIRECTION('',(-0.86602540378444,0.499999999999998,0.));
#752=DIRECTION('center_axis',(1.,0.,0.));
#753=DIRECTION('ref_axis',(0.,1.,0.));
#754=DIRECTION('',(0.,1.,0.));
#755=DIRECTION('center_axis',(0.,0.,1.));
#756=DIRECTION('ref_axis',(1.,0.,0.));
#757=DIRECTION('center_axis',(0.,0.,-1.));
#758=DIRECTION('ref_axis',(1.,0.,0.));
#759=DIRECTION('center_axis',(0.,0.,-1.));
#760=DIRECTION('ref_axis',(1.,0.,0.));
#761=DIRECTION('center_axis',(0.,0.,-1.));
#762=DIRECTION('ref_axis',(1.,0.,0.));
#763=DIRECTION('',(0.,0.,-1.));
#764=DIRECTION('center_axis',(0.,0.,-1.));
#765=DIRECTION('ref_axis',(1.,0.,0.));
#766=DIRECTION('center_axis',(0.,0.,-1.));
#767=DIRECTION('ref_axis',(1.,0.,0.));
#768=DIRECTION('center_axis',(0.,0.,-1.));
#769=DIRECTION('ref_axis',(1.,0.,0.));
#770=DIRECTION('center_axis',(0.,0.,-1.));
#771=DIRECTION('ref_axis',(1.,0.,0.));
#772=DIRECTION('',(0.,0.,-1.));
#773=DIRECTION('center_axis',(0.,0.,-1.));
#774=DIRECTION('ref_axis',(1.,0.,0.));
#775=DIRECTION('',(0.,0.,-1.));
#776=DIRECTION('center_axis',(0.,0.,1.));
#777=DIRECTION('ref_axis',(1.,0.,0.));
#778=DIRECTION('center_axis',(0.,0.,-1.));
#779=DIRECTION('ref_axis',(1.,0.,0.));
#780=DIRECTION('center_axis',(0.,0.,-1.));
#781=DIRECTION('ref_axis',(1.,0.,0.));
#782=DIRECTION('',(0.,0.,-1.));
#783=DIRECTION('center_axis',(0.,0.,-1.));
#784=DIRECTION('ref_axis',(1.,0.,0.));
#785=DIRECTION('center_axis',(0.,0.,-1.));
#786=DIRECTION('ref_axis',(1.,0.,0.));
#787=DIRECTION('center_axis',(0.,0.,-1.));
#788=DIRECTION('ref_axis',(1.,0.,0.));
#789=DIRECTION('center_axis',(0.,0.,-1.));
#790=DIRECTION('ref_axis',(1.,0.,0.));
#791=DIRECTION('',(0.,0.,-1.));
#792=DIRECTION('center_axis',(0.,0.,-1.));
#793=DIRECTION('ref_axis',(1.,0.,0.));
#794=DIRECTION('',(0.,0.,-1.));
#795=DIRECTION('center_axis',(0.,0.,1.));
#796=DIRECTION('ref_axis',(1.,0.,0.));
#797=DIRECTION('center_axis',(1.,0.,0.));
#798=DIRECTION('ref_axis',(0.,0.,-1.));
#799=DIRECTION('',(0.,0.,1.));
#800=DIRECTION('',(0.,1.,0.));
#801=DIRECTION('',(0.,0.,-1.));
#802=DIRECTION('',(0.,1.,0.));
#803=DIRECTION('center_axis',(0.,1.,0.));
#804=DIRECTION('ref_axis',(1.,0.,0.));
#805=DIRECTION('center_axis',(0.,-1.,0.));
#806=DIRECTION('ref_axis',(1.,0.,0.));
#807=DIRECTION('center_axis',(0.,1.,0.));
#808=DIRECTION('ref_axis',(1.,0.,0.));
#809=DIRECTION('',(0.,1.,0.));
#810=DIRECTION('center_axis',(0.,0.,1.));
#811=DIRECTION('ref_axis',(1.,0.,0.));
#812=DIRECTION('',(-1.,0.,0.));
#813=DIRECTION('',(1.,0.,0.));
#814=DIRECTION('',(0.,1.,0.));
#815=DIRECTION('center_axis',(0.,1.,0.));
#816=DIRECTION('ref_axis',(-2.22044604925031E-15,0.,1.));
#817=DIRECTION('center_axis',(0.,-1.,0.));
#818=DIRECTION('ref_axis',(-2.22044604925031E-15,0.,1.));
#819=DIRECTION('center_axis',(0.,1.,0.));
#820=DIRECTION('ref_axis',(-2.22044604925031E-15,0.,1.));
#821=DIRECTION('',(0.,1.,0.));
#822=DIRECTION('center_axis',(-1.,0.,0.));
#823=DIRECTION('ref_axis',(0.,0.,1.));
#824=DIRECTION('',(0.,0.,-1.));
#825=DIRECTION('',(0.,0.,1.));
#826=DIRECTION('',(0.,1.,0.));
#827=DIRECTION('center_axis',(0.,1.,0.));
#828=DIRECTION('ref_axis',(-1.,0.,-2.22044604925032E-15));
#829=DIRECTION('center_axis',(0.,-1.,0.));
#830=DIRECTION('ref_axis',(-1.,0.,-2.22044604925032E-15));
#831=DIRECTION('center_axis',(0.,1.,0.));
#832=DIRECTION('ref_axis',(-1.,0.,-2.22044604925032E-15));
#833=DIRECTION('',(0.,1.,0.));
#834=DIRECTION('center_axis',(0.,0.,-1.));
#835=DIRECTION('ref_axis',(-1.,0.,0.));
#836=DIRECTION('',(1.,0.,0.));
#837=DIRECTION('',(-1.,0.,0.));
#838=DIRECTION('',(0.,1.,0.));
#839=DIRECTION('center_axis',(0.,1.,0.));
#840=DIRECTION('ref_axis',(0.,0.,-1.));
#841=DIRECTION('center_axis',(0.,-1.,0.));
#842=DIRECTION('ref_axis',(0.,0.,-1.));
#843=DIRECTION('center_axis',(0.,1.,0.));
#844=DIRECTION('ref_axis',(0.,0.,-1.));
#845=DIRECTION('center_axis',(-3.83667215407428E-16,0.,-1.));
#846=DIRECTION('ref_axis',(0.707106781186549,0.707106781186546,-2.71293689733553E-16));
#847=DIRECTION('center_axis',(0.,1.,0.));
#848=DIRECTION('ref_axis',(0.,0.,1.));
#849=DIRECTION('center_axis',(4.32097452546923E-16,0.,-1.));
#850=DIRECTION('ref_axis',(0.,1.,0.));
#851=DIRECTION('center_axis',(0.,1.,0.));
#852=DIRECTION('ref_axis',(0.,0.,1.));
#853=CARTESIAN_POINT('',(0.,0.,0.));
#854=CARTESIAN_POINT('Origin',(0.125384745072621,32.3671361036775,-21.1000000000006));
#855=CARTESIAN_POINT('',(0.125384745072621,32.3671361036775,-19.3420139488716));
#856=CARTESIAN_POINT('',(-3.97461525492738,34.7342722073549,-20.2123902739683));
#857=CARTESIAN_POINT('Ctrl Pts',(0.125384745072623,32.3671361036775,-19.3420139488716));
#858=CARTESIAN_POINT('Ctrl Pts',(-1.20862771294408,33.1373285554157,-19.7183093541857));
#859=CARTESIAN_POINT('Ctrl Pts',(-2.61393766368314,33.9486846337698,-20.0145839686056));
#860=CARTESIAN_POINT('Ctrl Pts',(-3.97461525492738,34.7342722073549,-20.2123902739683));
#861=CARTESIAN_POINT('',(0.125384745072621,32.3671361036775,-15.1000000000006));
#862=CARTESIAN_POINT('',(0.125384745072621,32.3671361036775,-21.1000000000006));
#863=CARTESIAN_POINT('',(-3.97461525492738,34.7342722073549,-15.1000000000006));
#864=CARTESIAN_POINT('',(0.125384745072621,32.3671361036775,-15.1000000000006));
#865=CARTESIAN_POINT('',(-3.97461525492738,34.7342722073549,-21.1000000000006));
#866=CARTESIAN_POINT('Origin',(-3.97461525492738,34.7342722073549,-21.1000000000006));
#867=CARTESIAN_POINT('',(-8.07461525492737,32.3671361036775,-20.3600673859135));
#868=CARTESIAN_POINT('Ctrl Pts',(-3.97461525492737,34.7342722073549,-20.2123902739683));
#869=CARTESIAN_POINT('Ctrl Pts',(-4.62464597948718,34.3589767935488,-20.3778739079721));
#870=CARTESIAN_POINT('Ctrl Pts',(-5.28242738400447,33.9792065225828,-20.469072055618));
#871=CARTESIAN_POINT('Ctrl Pts',(-6.6612358085064,33.1831511075357,-20.5191253323459));
#872=CARTESIAN_POINT('Ctrl Pts',(-7.37176864740099,32.7729247817318,-20.4688176617263));
#873=CARTESIAN_POINT('Ctrl Pts',(-8.07461525492738,32.3671361036775,-20.3600673859135));
#874=CARTESIAN_POINT('',(-8.07461525492737,32.3671361036775,-15.1000000000006));
#875=CARTESIAN_POINT('',(-3.97461525492738,34.7342722073549,-15.1000000000006));
#876=CARTESIAN_POINT('',(-8.07461525492737,32.3671361036775,-21.1000000000006));
#877=CARTESIAN_POINT('Origin',(-8.07461525492737,32.3671361036775,-21.1000000000006));
#878=CARTESIAN_POINT('',(-8.07461525492738,27.6328638963225,-20.2350636753452));
#879=CARTESIAN_POINT('Ctrl Pts',(-8.07461525492737,32.3671361036775,-20.3600673859135));
#880=CARTESIAN_POINT('Ctrl Pts',(-8.07461525492737,31.0843773413611,-20.3059763064771));
#881=CARTESIAN_POINT('Ctrl Pts',(-8.07461525492737,29.5465289882989,-20.2469111813558));
#882=CARTESIAN_POINT('Ctrl Pts',(-8.07461525492737,27.6328638963225,-20.2350636753452));
#883=CARTESIAN_POINT('',(-8.07461525492738,27.6328638963225,-15.1000000000006));
#884=CARTESIAN_POINT('',(-8.07461525492737,32.3671361036775,-15.1000000000006));
#885=CARTESIAN_POINT('',(-8.07461525492738,27.6328638963225,-21.1000000000006));
#886=CARTESIAN_POINT('Origin',(-8.07461525492738,27.6328638963225,-21.1000000000006));
#887=CARTESIAN_POINT('',(-3.97461525492738,25.2657277926451,-20.4691892378826));
#888=CARTESIAN_POINT('Ctrl Pts',(-8.07461525492737,27.6328638963225,-20.2350636753452));
#889=CARTESIAN_POINT('Ctrl Pts',(-6.72346858586848,26.8527790032267,-20.4610637160945));
#890=CARTESIAN_POINT('Ctrl Pts',(-5.33138882877818,26.0490613807372,-20.5537655319507));
#891=CARTESIAN_POINT('Ctrl Pts',(-3.97461525492738,25.2657277926451,-20.4691892378826));
#892=CARTESIAN_POINT('',(-3.97461525492738,25.2657277926451,-15.1000000000006));
#893=CARTESIAN_POINT('',(-8.07461525492738,27.6328638963225,-15.1000000000006));
#894=CARTESIAN_POINT('',(-3.97461525492738,25.2657277926451,-21.1000000000006));
#895=CARTESIAN_POINT('Origin',(0.12538474507262,27.6328638963225,-21.1000000000006));
#896=CARTESIAN_POINT('',(0.12538474507262,27.6328638963225,-19.7911715844746));
#897=CARTESIAN_POINT('Ctrl Pts',(0.125384745072612,27.6328638963225,-19.7911715844746));
#898=CARTESIAN_POINT('Ctrl Pts',(0.125384745072612,28.4236149283278,-19.7804923111694));
#899=CARTESIAN_POINT('Ctrl Pts',(0.125384745072623,29.2552361413445,-19.7455680628863));
#900=CARTESIAN_POINT('Ctrl Pts',(0.125384745072623,30.8413101418962,-19.6021283065754));
#901=CARTESIAN_POINT('Ctrl Pts',(0.12538474507262,31.5951784144039,-19.4960461487373));
#902=CARTESIAN_POINT('Ctrl Pts',(0.12538474507262,32.3671361036775,-19.3420139488716));
#903=CARTESIAN_POINT('',(0.12538474507262,27.6328638963225,-15.1000000000006));
#904=CARTESIAN_POINT('',(0.12538474507262,27.6328638963225,-21.1000000000006));
#905=CARTESIAN_POINT('',(0.12538474507262,27.6328638963225,-15.1000000000006));
#906=CARTESIAN_POINT('Origin',(-3.97461525492738,25.2657277926451,-21.1000000000006));
#907=CARTESIAN_POINT('Ctrl Pts',(-3.97461525492739,25.2657277926451,-20.4691892378826));
#908=CARTESIAN_POINT('Ctrl Pts',(-2.59586688963751,26.0617485324899,-20.3944013333425));
#909=CARTESIAN_POINT('Ctrl Pts',(-1.20600882397092,26.8641834608379,-20.1800319827197));
#910=CARTESIAN_POINT('Ctrl Pts',(0.125384745072633,27.6328638963225,-19.7911715844746));
#911=CARTESIAN_POINT('',(-3.97461525492738,25.2657277926451,-15.1000000000006));
#912=CARTESIAN_POINT('Origin',(-3.97461525492738,30.,-15.1000000000006));
#913=CARTESIAN_POINT('',(-6.17461525492738,30.,-15.1000000000006));
#914=CARTESIAN_POINT('Origin',(-3.97461525492738,30.,-15.1000000000006));
#915=CARTESIAN_POINT('Origin',(-3.97461525492737,94.7342722073552,-21.1000000000006));
#916=CARTESIAN_POINT('',(-3.97461525492737,94.7342722073552,-19.8405349781184));
#917=CARTESIAN_POINT('',(-8.07461525492759,92.3671361036776,-20.4989427820134));
#918=CARTESIAN_POINT('Ctrl Pts',(-3.97461525492737,94.7342722073552,-19.8405349781184));
#919=CARTESIAN_POINT('Ctrl Pts',(-5.39664422791296,93.9132633970065,-20.2652849545553));
#920=CARTESIAN_POINT('Ctrl Pts',(-6.72282938519899,93.1475900394521,-20.5185104722048));
#921=CARTESIAN_POINT('Ctrl Pts',(-8.07461525492758,92.3671361036776,-20.4989427820134));
#922=CARTESIAN_POINT('',(-3.97461525492737,94.7342722073552,-15.1000000000006));
#923=CARTESIAN_POINT('',(-3.97461525492737,94.7342722073552,-21.1000000000006));
#924=CARTESIAN_POINT('',(-8.07461525492759,92.3671361036776,-15.1000000000006));
#925=CARTESIAN_POINT('',(-3.97461525492737,94.7342722073552,-15.1000000000006));
#926=CARTESIAN_POINT('',(-8.07461525492759,92.3671361036776,-21.1000000000006));
#927=CARTESIAN_POINT('Origin',(-8.07461525492759,92.3671361036776,-21.1000000000006));
#928=CARTESIAN_POINT('',(-8.07461525492759,87.6328638963224,-20.3913804913812));
#929=CARTESIAN_POINT('Ctrl Pts',(-8.07461525492759,92.3671361036776,-20.4989427820134));
#930=CARTESIAN_POINT('Ctrl Pts',(-8.07461525492759,90.0928907741389,-20.4925838845221));
#931=CARTESIAN_POINT('Ctrl Pts',(-8.07461525492759,89.5037711830958,-20.4650582819692));
#932=CARTESIAN_POINT('Ctrl Pts',(-8.07461525492759,87.6328638963224,-20.3913804913812));
#933=CARTESIAN_POINT('',(-8.07461525492759,87.6328638963224,-15.1000000000006));
#934=CARTESIAN_POINT('',(-8.07461525492759,92.3671361036776,-15.1000000000006));
#935=CARTESIAN_POINT('',(-8.07461525492759,87.6328638963224,-21.1000000000006));
#936=CARTESIAN_POINT('Origin',(-8.07461525492759,87.6328638963224,-21.1000000000006));
#937=CARTESIAN_POINT('',(-3.97461525492735,85.2657277926448,-20.4295970093872));
#938=CARTESIAN_POINT('Ctrl Pts',(-8.07461525492759,87.6328638963224,-20.3913804913812));
#939=CARTESIAN_POINT('Ctrl Pts',(-6.72041200937169,86.8510142879632,-20.5225486773076));
#940=CARTESIAN_POINT('Ctrl Pts',(-5.33275482472316,86.0498500388635,-20.5345614291352));
#941=CARTESIAN_POINT('Ctrl Pts',(-3.97461525492734,85.2657277926448,-20.4295970093872));
#942=CARTESIAN_POINT('',(-3.97461525492735,85.2657277926448,-15.1000000000006));
#943=CARTESIAN_POINT('',(-8.07461525492759,87.6328638963224,-15.1000000000006));
#944=CARTESIAN_POINT('',(-3.97461525492735,85.2657277926448,-21.1000000000006));
#945=CARTESIAN_POINT('Origin',(-3.97461525492735,85.2657277926448,-21.1000000000006));
#946=CARTESIAN_POINT('',(0.125384745072883,87.6328638963224,-19.0357932945292));
#947=CARTESIAN_POINT('Ctrl Pts',(-3.97461525492735,85.2657277926448,-20.4295970093872));
#948=CARTESIAN_POINT('Ctrl Pts',(-3.22602922132315,85.6979241406578,-20.34948779848));
#949=CARTESIAN_POINT('Ctrl Pts',(-2.48451723752561,86.1260362841106,-20.1963693928398));
#950=CARTESIAN_POINT('Ctrl Pts',(-1.1002039851875,86.9252699129908,-19.7187071015229));
#951=CARTESIAN_POINT('Ctrl Pts',(-0.473514704856573,87.2870891376881,-19.4169019861711));
#952=CARTESIAN_POINT('Ctrl Pts',(0.125384745072885,87.6328638963224,-19.0357932945292));
#953=CARTESIAN_POINT('',(0.125384745072883,87.6328638963224,-15.1000000000006));
#954=CARTESIAN_POINT('',(-3.97461525492735,85.2657277926448,-15.1000000000006));
#955=CARTESIAN_POINT('',(0.125384745072883,87.6328638963224,-21.1000000000006));
#956=CARTESIAN_POINT('Origin',(0.125384745072883,92.3671361036776,-21.1000000000006));
#957=CARTESIAN_POINT('',(0.125384745072883,92.3671361036776,-17.7488446344302));
#958=CARTESIAN_POINT('Ctrl Pts',(0.125384745072884,92.3671361036776,-17.7488446344302));
#959=CARTESIAN_POINT('Ctrl Pts',(-1.50958413261671,93.3110858253283,-18.8284490200687));
#960=CARTESIAN_POINT('Ctrl Pts',(-2.87033279088056,94.0967144294764,-19.4580457573521));
#961=CARTESIAN_POINT('Ctrl Pts',(-3.97461525492737,94.7342722073552,-19.8405349781184));
#962=CARTESIAN_POINT('',(0.125384745072883,92.3671361036776,-15.1000000000006));
#963=CARTESIAN_POINT('',(0.125384745072883,92.3671361036776,-21.1000000000006));
#964=CARTESIAN_POINT('',(0.125384745072883,92.3671361036776,-15.1000000000006));
#965=CARTESIAN_POINT('Origin',(0.125384745072883,87.6328638963224,-21.1000000000006));
#966=CARTESIAN_POINT('Ctrl Pts',(0.125384745072885,87.6328638963224,-19.0357932945292));
#967=CARTESIAN_POINT('Ctrl Pts',(0.125384745072885,88.5863918712253,-18.7872196499119));
#968=CARTESIAN_POINT('Ctrl Pts',(0.12538474507288,89.4244728625175,-18.5063044028269));
#969=CARTESIAN_POINT('Ctrl Pts',(0.12538474507288,90.9646290429944,-18.039105368423));
#970=CARTESIAN_POINT('Ctrl Pts',(0.125384745072882,91.657425089734,-17.851011429468));
#971=CARTESIAN_POINT('Ctrl Pts',(0.125384745072882,92.3671361036776,-17.7488446344302));
#972=CARTESIAN_POINT('',(0.125384745072883,87.6328638963224,-15.1000000000006));
#973=CARTESIAN_POINT('Origin',(-3.97461525492735,90.,-15.1000000000006));
#974=CARTESIAN_POINT('',(-6.17461525492738,90.,-15.1000000000006));
#975=CARTESIAN_POINT('Origin',(-3.97461525492738,90.,-15.1000000000006));
#976=CARTESIAN_POINT('Origin',(-3.97461525492738,90.,-2.01520405995414));
#977=CARTESIAN_POINT('',(-6.17461525492738,90.,-10.1000000000006));
#978=CARTESIAN_POINT('Origin',(-3.97461525492738,90.,-10.1000000000006));
#979=CARTESIAN_POINT('',(-6.17461525492738,90.,-2.01520405995414));
#980=CARTESIAN_POINT('Origin',(-3.97461525492738,90.,13.8999999999994));
#981=CARTESIAN_POINT('',(-8.42461525492738,90.,13.8999999999994));
#982=CARTESIAN_POINT('Origin',(-3.97461525492738,90.,13.8999999999994));
#983=CARTESIAN_POINT('',(-6.17461525492738,90.,13.8999999999994));
#984=CARTESIAN_POINT('Origin',(-3.97461525492738,90.,13.8999999999994));
#985=CARTESIAN_POINT('Origin',(-3.97461525492738,90.,17.3999999999994));
#986=CARTESIAN_POINT('',(-1.55401873474301,93.7340611251654,18.7553812943244));
#987=CARTESIAN_POINT('',(-8.42461525492738,90.,20.4428306599142));
#988=CARTESIAN_POINT('Ctrl Pts',(-1.55401873474301,93.7340611251654,18.7553812943244));
#989=CARTESIAN_POINT('Ctrl Pts',(-1.40309082919611,93.63622245817,18.6707138278463));
#990=CARTESIAN_POINT('Ctrl Pts',(-1.25765880660275,93.5289479152179,18.5863969314956));
#991=CARTESIAN_POINT('Ctrl Pts',(-0.818895110235391,93.1617676635816,18.3289104726591));
#992=CARTESIAN_POINT('Ctrl Pts',(-0.545850147881028,92.8658485231062,18.1633629573776));
#993=CARTESIAN_POINT('Ctrl Pts',(-0.167009100471937,92.3175583362692,17.9662855789709));
#994=CARTESIAN_POINT('Ctrl Pts',(-0.0370927173639054,92.0902612925642,17.9083588686046));
#995=CARTESIAN_POINT('Ctrl Pts',(0.174644555901664,91.6265179143022,17.8470984589272));
#996=CARTESIAN_POINT('Ctrl Pts',(0.25710625354167,91.3980612139322,17.840356130107));
#997=CARTESIAN_POINT('Ctrl Pts',(0.412548896337347,90.8237077057123,17.8806187664596));
#998=CARTESIAN_POINT('Ctrl Pts',(0.461493156772852,90.4852106422892,17.9516040670935));
#999=CARTESIAN_POINT('Ctrl Pts',(0.491241534174891,89.607615892941,18.2180753383966));
#1000=CARTESIAN_POINT('Ctrl Pts',(0.410002311163361,89.0638783593107,18.4657257918483));
#1001=CARTESIAN_POINT('Ctrl Pts',(0.0547615465708942,88.035307530394,18.9752048574713));
#1002=CARTESIAN_POINT('Ctrl Pts',(-0.22964165837062,87.5141222280627,19.2537310567689));
#1003=CARTESIAN_POINT('Ctrl Pts',(-0.997302299101813,86.6520310748037,19.712421134129));
#1004=CARTESIAN_POINT('Ctrl Pts',(-1.41375248882654,86.3211581002484,19.8888744499117));
#1005=CARTESIAN_POINT('Ctrl Pts',(-2.33871431545924,85.8304022416125,20.1678933781092));
#1006=CARTESIAN_POINT('Ctrl Pts',(-2.83050848693557,85.6683759024055,20.2712294055161));
#1007=CARTESIAN_POINT('Ctrl Pts',(-3.9064267549237,85.5144412931862,20.4270576363857));
#1008=CARTESIAN_POINT('Ctrl Pts',(-4.48010469952376,85.5421031734698,20.4715357345214));
#1009=CARTESIAN_POINT('Ctrl Pts',(-5.47245409822134,85.7854657884482,20.5041096124808));
#1010=CARTESIAN_POINT('Ctrl Pts',(-5.89057922125055,85.9585511782169,20.5019252106213));
#1011=CARTESIAN_POINT('Ctrl Pts',(-6.61504498441456,86.3960596321744,20.4831935885758));
#1012=CARTESIAN_POINT('Ctrl Pts',(-6.92527581275874,86.6455241931166,20.4685692125333));
#1013=CARTESIAN_POINT('Ctrl Pts',(-7.46635047201359,87.2139892921677,20.4411730594583));
#1014=CARTESIAN_POINT('Ctrl Pts',(-7.69614500939213,87.5295126676484,20.4286465417263));
#1015=CARTESIAN_POINT('Ctrl Pts',(-8.09959392664201,88.2696807598202,20.413398759969));
#1016=CARTESIAN_POINT('Ctrl Pts',(-8.25424451606512,88.6990065636723,20.413137080067));
#1017=CARTESIAN_POINT('Ctrl Pts',(-8.39696338123116,89.4267791139462,20.4257275967692));
#1018=CARTESIAN_POINT('Ctrl Pts',(-8.42461525492738,89.7135843129337,20.4336168717494));
#1019=CARTESIAN_POINT('Ctrl Pts',(-8.42461525492738,90.,20.4428306599142));
#1020=CARTESIAN_POINT('Ctrl Pts',(-8.42461525492738,90.,20.4428306599142));
#1021=CARTESIAN_POINT('Ctrl Pts',(-8.42461525492738,90.2972972547876,20.4523945003437));
#1022=CARTESIAN_POINT('Ctrl Pts',(-8.3948189344491,90.5941760293775,20.4633483760053));
#1023=CARTESIAN_POINT('Ctrl Pts',(-8.22004451259638,91.4543049487923,20.4921772081851));
#1024=CARTESIAN_POINT('Ctrl Pts',(-7.99488658983888,91.9934675930708,20.5059296657695));
#1025=CARTESIAN_POINT('Ctrl Pts',(-7.36523757831913,92.9349393127341,20.4891438743136));
#1026=CARTESIAN_POINT('Ctrl Pts',(-6.97488433865836,93.3320731170538,20.4608803159472));
#1027=CARTESIAN_POINT('Ctrl Pts',(-6.062149541814,93.970288191893,20.3427504437836));
#1028=CARTESIAN_POINT('Ctrl Pts',(-5.54830924133723,94.1987532142845,20.2527032627743));
#1029=CARTESIAN_POINT('Ctrl Pts',(-4.4369801152572,94.4653186968208,19.9856268143742));
#1030=CARTESIAN_POINT('Ctrl Pts',(-3.85528657345707,94.4842676319918,19.8060329456132));
#1031=CARTESIAN_POINT('Ctrl Pts',(-2.62652357472976,94.2946304734382,19.326205048037));
#1032=CARTESIAN_POINT('Ctrl Pts',(-2.04065957242766,94.0495249268531,19.0283768458244));
#1033=CARTESIAN_POINT('Ctrl Pts',(-1.55401873474301,93.7340611251654,18.7553812943244));
#1034=CARTESIAN_POINT('',(-8.42461525492738,90.,17.3999999999994));
#1035=CARTESIAN_POINT('Origin',(-3.97461525492738,90.,-2.01520405995414));
#1036=CARTESIAN_POINT('',(-6.17461525492738,90.,10.0999999999994));
#1037=CARTESIAN_POINT('',(-6.17461525492738,90.,-2.01520405995414));
#1038=CARTESIAN_POINT('Origin',(-3.97461525492738,90.,10.0999999999994));
#1039=CARTESIAN_POINT('Origin',(-3.97461525492738,30.,-2.01520405995414));
#1040=CARTESIAN_POINT('',(-6.17461525492738,30.,-10.1000000000006));
#1041=CARTESIAN_POINT('Origin',(-3.97461525492738,30.,-10.1000000000006));
#1042=CARTESIAN_POINT('',(-6.17461525492738,30.,-2.01520405995414));
#1043=CARTESIAN_POINT('Origin',(-3.97461525492738,30.,13.8999999999994));
#1044=CARTESIAN_POINT('',(-8.42461525492738,30.,13.8999999999994));
#1045=CARTESIAN_POINT('Origin',(-3.97461525492738,30.,13.8999999999994));
#1046=CARTESIAN_POINT('',(-6.17461525492738,30.,13.8999999999994));
#1047=CARTESIAN_POINT('Origin',(-3.97461525492738,30.,13.8999999999994));
#1048=CARTESIAN_POINT('Origin',(-3.97461525492738,30.,17.3999999999994));
#1049=CARTESIAN_POINT('',(-0.0306612204886658,32.0610013523127,19.4596929790691));
#1050=CARTESIAN_POINT('',(-8.42461525492738,30.,20.2148268137965));
#1051=CARTESIAN_POINT('Ctrl Pts',(-0.0306612204886636,32.0610013523127,
19.4596929790691));
#1052=CARTESIAN_POINT('Ctrl Pts',(0.235704731289251,31.5512806435063,19.4511081403671));
#1053=CARTESIAN_POINT('Ctrl Pts',(0.400354355603507,30.9952726252455,19.4794100378153));
#1054=CARTESIAN_POINT('Ctrl Pts',(0.511778222293372,29.8333931038509,19.5748104029351));
#1055=CARTESIAN_POINT('Ctrl Pts',(0.449326069944617,29.2375278094425,19.6417484796732));
#1056=CARTESIAN_POINT('Ctrl Pts',(0.105681362792484,28.1377982027472,19.7927572872575));
#1057=CARTESIAN_POINT('Ctrl Pts',(-0.160677882276033,27.6402779691504,19.875751732775));
#1058=CARTESIAN_POINT('Ctrl Pts',(-0.886050906180173,26.7412767381801,20.0564629667826));
#1059=CARTESIAN_POINT('Ctrl Pts',(-1.35054517467262,26.3566783181719,20.1530888079164));
#1060=CARTESIAN_POINT('Ctrl Pts',(-2.30202607945815,25.8483079401346,20.3085154818325));
#1061=CARTESIAN_POINT('Ctrl Pts',(-2.76173656245422,25.6911947194579,20.3698180989389));
#1062=CARTESIAN_POINT('Ctrl Pts',(-3.72808525092714,25.5292688394522,20.461626029586));
#1063=CARTESIAN_POINT('Ctrl Pts',(-4.22787992990693,25.5293967970948,20.4902415793466));
#1064=CARTESIAN_POINT('Ctrl Pts',(-5.25656579098303,25.7038836334923,20.5062101173182));
#1065=CARTESIAN_POINT('Ctrl Pts',(-5.77184065667255,25.8928566676484,20.4889438791245));
#1066=CARTESIAN_POINT('Ctrl Pts',(-6.7274521944027,26.4581295278298,20.4206300066688));
#1067=CARTESIAN_POINT('Ctrl Pts',(-7.15479699586694,26.8364159161184,20.3695446227302));
#1068=CARTESIAN_POINT('Ctrl Pts',(-7.8375768862746,27.7226041471151,20.2767904024132));
#1069=CARTESIAN_POINT('Ctrl Pts',(-8.09125887300723,28.2210996704904,20.2363755081757));
#1070=CARTESIAN_POINT('Ctrl Pts',(-8.36497827606037,29.1600062265961,20.2035055740886));
#1071=CARTESIAN_POINT('Ctrl Pts',(-8.42461525492738,29.5790490310426,20.2021601114387));
#1072=CARTESIAN_POINT('Ctrl Pts',(-8.42461525492738,30.,20.2148268137965));
#1073=CARTESIAN_POINT('Ctrl Pts',(-8.42461525492738,30.,20.2148268137965));
#1074=CARTESIAN_POINT('Ctrl Pts',(-8.42461525492738,30.1059112988301,20.2180137571642));
#1075=CARTESIAN_POINT('Ctrl Pts',(-8.42083466201298,30.2119442854313,20.2220584167959));
#1076=CARTESIAN_POINT('Ctrl Pts',(-8.37419969322591,30.8630471188818,20.2519079810933));
#1077=CARTESIAN_POINT('Ctrl Pts',(-8.2352148682588,31.3948325762462,20.2991609233113));
#1078=CARTESIAN_POINT('Ctrl Pts',(-7.76129435786825,32.406770898128,20.4028710267653));
#1079=CARTESIAN_POINT('Ctrl Pts',(-7.41936616812224,32.8753960025917,20.4574248883784));
#1080=CARTESIAN_POINT('Ctrl Pts',(-6.60160188925028,33.6319410180094,20.5079702255961));
#1081=CARTESIAN_POINT('Ctrl Pts',(-6.14481327601632,33.9219962557895,20.5062884531715));
#1082=CARTESIAN_POINT('Ctrl Pts',(-5.14228836731169,34.3283766021455,20.4301177505591));
#1083=CARTESIAN_POINT('Ctrl Pts',(-4.61020806559928,34.436860516306,20.3559487086152));
#1084=CARTESIAN_POINT('Ctrl Pts',(-3.51918763673702,34.4613370009195,20.1549907635016));
#1085=CARTESIAN_POINT('Ctrl Pts',(-2.96885644612827,34.3696998248642,20.0285633539064));
#1086=CARTESIAN_POINT('Ctrl Pts',(-2.10422113641756,34.0547055444927,19.8252376309012));
#1087=CARTESIAN_POINT('Ctrl Pts',(-1.7727438962398,33.8849789141631,19.7463334091322));
#1088=CARTESIAN_POINT('Ctrl Pts',(-1.2015179363693,33.4948949656989,19.6215358659561));
#1089=CARTESIAN_POINT('Ctrl Pts',(-0.956992775402792,33.2863968960103,19.5729559574914));
#1090=CARTESIAN_POINT('Ctrl Pts',(-0.457133976502712,32.7559110202028,19.4909833471428));
#1091=CARTESIAN_POINT('Ctrl Pts',(-0.220000673393584,32.4233233363933,19.4657952930183));
#1092=CARTESIAN_POINT('Ctrl Pts',(-0.0306612204886692,32.0610013523127,
19.4596929790691));
#1093=CARTESIAN_POINT('',(-8.42461525492738,30.,17.3999999999994));
#1094=CARTESIAN_POINT('Origin',(-3.97461525492738,30.,-2.01520405995414));
#1095=CARTESIAN_POINT('',(-6.17461525492738,30.,10.0999999999994));
#1096=CARTESIAN_POINT('',(-6.17461525492738,30.,-2.01520405995414));
#1097=CARTESIAN_POINT('Origin',(-3.97461525492738,30.,10.0999999999994));
#1098=CARTESIAN_POINT('Origin',(6.12538474507263,0.,9.09999999999943));
#1099=CARTESIAN_POINT('',(6.12538474507263,120.,-9.10000000000056));
#1100=CARTESIAN_POINT('',(6.12538474507263,120.,9.09999999999943));
#1101=CARTESIAN_POINT('',(6.12538474507263,120.,4.54999999999971));
#1102=CARTESIAN_POINT('',(6.12538474507263,0.,-9.10000000000056));
#1103=CARTESIAN_POINT('',(6.12538474507263,0.,-9.10000000000056));
#1104=CARTESIAN_POINT('',(6.12538474507263,0.,9.09999999999943));
#1105=CARTESIAN_POINT('',(6.12538474507263,0.,4.54999999999971));
#1106=CARTESIAN_POINT('',(6.12538474507263,0.,9.09999999999943));
#1107=CARTESIAN_POINT('Origin',(5.12538474507262,0.,9.09999999999943));
#1108=CARTESIAN_POINT('',(5.12538474507262,120.,10.0999999999994));
#1109=CARTESIAN_POINT('Origin',(5.12538474507262,120.,9.09999999999943));
#1110=CARTESIAN_POINT('',(5.12538474507262,0.,10.0999999999994));
#1111=CARTESIAN_POINT('Origin',(5.12538474507262,0.,9.09999999999943));
#1112=CARTESIAN_POINT('',(5.12538474507262,0.,10.0999999999994));
#1113=CARTESIAN_POINT('Origin',(-13.0746152549274,0.,10.0999999999994));
#1114=CARTESIAN_POINT('',(-13.0746152549274,120.,10.0999999999994));
#1115=CARTESIAN_POINT('',(-7.78730762746369,120.,10.0999999999994));
#1116=CARTESIAN_POINT('',(-13.0746152549274,0.,10.0999999999994));
#1117=CARTESIAN_POINT('',(-7.78730762746369,0.,10.0999999999994));
#1118=CARTESIAN_POINT('',(-13.0746152549274,0.,10.0999999999994));
#1119=CARTESIAN_POINT('Origin',(-13.0746152549274,0.,9.09999999999943));
#1120=CARTESIAN_POINT('',(-14.0746152549274,120.,9.09999999999943));
#1121=CARTESIAN_POINT('Origin',(-13.0746152549274,120.,9.09999999999943));
#1122=CARTESIAN_POINT('',(-14.0746152549274,0.,9.09999999999943));
#1123=CARTESIAN_POINT('Origin',(-13.0746152549274,0.,9.09999999999943));
#1124=CARTESIAN_POINT('',(-14.0746152549274,0.,9.09999999999943));
#1125=CARTESIAN_POINT('Origin',(-14.0746152549274,0.,-9.10000000000057));
#1126=CARTESIAN_POINT('',(-14.0746152549274,120.,-9.10000000000057));
#1127=CARTESIAN_POINT('',(-14.0746152549274,120.,-4.55000000000028));
#1128=CARTESIAN_POINT('',(-14.0746152549274,0.,-9.10000000000057));
#1129=CARTESIAN_POINT('',(-14.0746152549274,0.,-4.55000000000028));
#1130=CARTESIAN_POINT('',(-14.0746152549274,0.,-9.10000000000057));
#1131=CARTESIAN_POINT('Origin',(-13.0746152549274,0.,-9.10000000000057));
#1132=CARTESIAN_POINT('',(-13.0746152549274,120.,-10.1000000000006));
#1133=CARTESIAN_POINT('Origin',(-13.0746152549274,120.,-9.10000000000057));
#1134=CARTESIAN_POINT('',(-13.0746152549274,0.,-10.1000000000006));
#1135=CARTESIAN_POINT('Origin',(-13.0746152549274,0.,-9.10000000000057));
#1136=CARTESIAN_POINT('',(-13.0746152549274,0.,-10.1000000000006));
#1137=CARTESIAN_POINT('Origin',(5.12538474507262,0.,-10.1000000000006));
#1138=CARTESIAN_POINT('',(5.12538474507262,120.,-10.1000000000006));
#1139=CARTESIAN_POINT('',(1.31269237253631,120.,-10.1000000000006));
#1140=CARTESIAN_POINT('',(5.12538474507262,0.,-10.1000000000006));
#1141=CARTESIAN_POINT('',(1.31269237253631,0.,-10.1000000000006));
#1142=CARTESIAN_POINT('',(5.12538474507262,0.,-10.1000000000006));
#1143=CARTESIAN_POINT('Origin',(5.12538474507262,0.,-9.10000000000056));
#1144=CARTESIAN_POINT('Origin',(5.12538474507262,120.,-9.10000000000056));
#1145=CARTESIAN_POINT('Origin',(5.12538474507262,0.,-9.10000000000056));
#1146=CARTESIAN_POINT('Ctrl Pts',(13.1715728752538,0.,1.66533453693773E-15));
#1147=CARTESIAN_POINT('Ctrl Pts',(13.1715728752538,0.,-2.33682264049691));
#1148=CARTESIAN_POINT('Ctrl Pts',(12.4100363987635,0.,-7.01329575140896));
#1149=CARTESIAN_POINT('Ctrl Pts',(9.30459535583141,0.,-12.5440106812655));
#1150=CARTESIAN_POINT('Ctrl Pts',(5.1666347210017,0.,-16.1840870742034));
#1151=CARTESIAN_POINT('Ctrl Pts',(1.57883036620889,0.,-17.8100083508633));
#1152=CARTESIAN_POINT('Ctrl Pts',(-1.48366968850589,0.,-18.4286834432554));
#1153=CARTESIAN_POINT('Ctrl Pts',(-5.38464373592438,0.,-18.63732835805));
#1154=CARTESIAN_POINT('Ctrl Pts',(-10.8049421403458,0.,-17.3493586167617));
#1155=CARTESIAN_POINT('Ctrl Pts',(-16.554433092968,0.,-13.1023650621553));
#1156=CARTESIAN_POINT('Ctrl Pts',(-20.2757418515219,0.,-7.011789575068));
#1157=CARTESIAN_POINT('Ctrl Pts',(-21.5436192089929,0.,0.000238323963612713));
#1158=CARTESIAN_POINT('Ctrl Pts',(-20.2758839259492,0.,7.01140870714149));
#1159=CARTESIAN_POINT('Ctrl Pts',(-16.5541572012375,0.,13.1028667486972));
#1160=CARTESIAN_POINT('Ctrl Pts',(-10.8055882933696,0.,17.3488916025887));
#1161=CARTESIAN_POINT('Ctrl Pts',(-4.99578890055742,0.,18.7300182587409));
#1162=CARTESIAN_POINT('Ctrl Pts',(-0.314674815055124,0.,18.3085989028834));
#1163=CARTESIAN_POINT('Ctrl Pts',(4.17020447853342,0.,16.8714592979107));
#1164=CARTESIAN_POINT('Ctrl Pts',(8.92145050326853,0.,13.2394528430849));
#1165=CARTESIAN_POINT('Ctrl Pts',(12.4076041912101,0.,7.00975575790303));
#1166=CARTESIAN_POINT('Ctrl Pts',(13.1715728752538,0.,2.33681844414862));
#1167=CARTESIAN_POINT('Ctrl Pts',(13.1715728752538,0.,-2.77555756156289E-15));
#1168=CARTESIAN_POINT('Ctrl Pts',(13.6203718257666,0.,1.41413557454163E-15));
#1169=CARTESIAN_POINT('Ctrl Pts',(13.6201796882881,-1.22668274740221E-21,
-2.38567354770049));
#1170=CARTESIAN_POINT('Ctrl Pts',(12.8374801031058,2.360307015146E-21,-7.16139695175834));
#1171=CARTESIAN_POINT('Ctrl Pts',(9.63686074522418,-2.80830238512638E-21,
-12.8084483791498));
#1172=CARTESIAN_POINT('Ctrl Pts',(5.3698431870452,3.6195442417405E-21,-16.5046017920341));
#1173=CARTESIAN_POINT('Ctrl Pts',(1.68455055272348,-6.87799604901149E-21,
-18.1328977660535));
#1174=CARTESIAN_POINT('Ctrl Pts',(-1.44513935579911,9.24236784679639E-21,
-18.7396476049714));
#1175=CARTESIAN_POINT('Ctrl Pts',(-5.42104696348611,-2.32387229462862E-20,
-18.9259533431344));
#1176=CARTESIAN_POINT('Ctrl Pts',(-10.9229345824018,3.92337722911521E-20,
-17.5987991252099));
#1177=CARTESIAN_POINT('Ctrl Pts',(-16.7590099442377,-5.96643512560979E-20,
-13.2906586458818));
#1178=CARTESIAN_POINT('Ctrl Pts',(-20.5462634220967,1.20866805286392E-19,
-7.11532672993301));
#1179=CARTESIAN_POINT('Ctrl Pts',(-21.839644104318,-2.70409165259432E-19,
0.000297939883792434));
#1180=CARTESIAN_POINT('Ctrl Pts',(-20.5464225271575,5.40251049659009E-19,
7.11481616188359));
#1181=CARTESIAN_POINT('Ctrl Pts',(-16.7586901162385,-1.01264975081988E-18,
13.2913428737438));
#1182=CARTESIAN_POINT('Ctrl Pts',(-10.9236755473565,1.71359171050169E-18,
17.5980777642609));
#1183=CARTESIAN_POINT('Ctrl Pts',(-5.02613508235711,-3.45555314945372E-18,
19.0219808225752));
#1184=CARTESIAN_POINT('Ctrl Pts',(-0.253137286077828,3.74221790257538E-18,
18.6252179401135));
#1185=CARTESIAN_POINT('Ctrl Pts',(4.34222540538549,6.57675285598105E-17,
17.1991508206408));
#1186=CARTESIAN_POINT('Ctrl Pts',(9.24199861049855,-1.14823555627576E-16,
13.5193983820412));
#1187=CARTESIAN_POINT('Ctrl Pts',(12.8349060254827,6.05462875195347E-16,
7.15695419382888));
#1188=CARTESIAN_POINT('Ctrl Pts',(13.6202731239686,-2.091401070284E-16,
2.38622036295184));
#1189=CARTESIAN_POINT('Ctrl Pts',(13.6203718257666,0.,-2.59413608872126E-15));
#1190=CARTESIAN_POINT('Ctrl Pts',(14.5170078517085,0.314280027583714,9.12276024499931E-16));
#1191=CARTESIAN_POINT('Ctrl Pts',(14.5167019000358,0.314330989249494,-2.48304730062022));
#1192=CARTESIAN_POINT('Ctrl Pts',(13.6912516698624,0.305713689391464,-7.45733820918306));
#1193=CARTESIAN_POINT('Ctrl Pts',(10.3011360055644,0.268447457486292,-13.3370263811966));
#1194=CARTESIAN_POINT('Ctrl Pts',(5.77597336601576,0.214150698052087,-17.1451471540309));
#1195=CARTESIAN_POINT('Ctrl Pts',(1.89607540579633,0.173628773711425,-18.7786861433875));
#1196=CARTESIAN_POINT('Ctrl Pts',(-1.36823431345605,0.148643421998415,-19.3612764267126));
#1197=CARTESIAN_POINT('Ctrl Pts',(-5.49366791097682,0.124674561211816,-19.5033711807095));
#1198=CARTESIAN_POINT('Ctrl Pts',(-11.1589502883928,0.109975298744092,-18.0975885112712));
#1199=CARTESIAN_POINT('Ctrl Pts',(-17.1681035135113,0.11189158226755,-13.6672257120323));
#1200=CARTESIAN_POINT('Ctrl Pts',(-21.0872185321941,0.121962151349007,-7.32236113928587));
#1201=CARTESIAN_POINT('Ctrl Pts',(-22.4316587272625,0.127975137094231,0.000412628293395788));
#1202=CARTESIAN_POINT('Ctrl Pts',(-21.0873877979426,0.121984170698214,7.32163663161691));
#1203=CARTESIAN_POINT('Ctrl Pts',(-17.1677284165614,0.111862512030037,13.6681878267378));
#1204=CARTESIAN_POINT('Ctrl Pts',(-11.1597361101482,0.110017092829616,18.0964798220008));
#1205=CARTESIAN_POINT('Ctrl Pts',(-5.08713624585419,0.125595037471934,19.6056835583988));
#1206=CARTESIAN_POINT('Ctrl Pts',(-0.129826962064229,0.156565057305989,
19.2584503421299));
#1207=CARTESIAN_POINT('Ctrl Pts',(4.68580850923994,0.200521662316156,17.8540843687779));
#1208=CARTESIAN_POINT('Ctrl Pts',(9.88295844159576,0.26403912126094,14.0789882166198));
#1209=CARTESIAN_POINT('Ctrl Pts',(13.6888047496866,0.305767813392823,7.4513393448855));
#1210=CARTESIAN_POINT('Ctrl Pts',(14.5160393459579,0.313820555709669,2.48365335588721));
#1211=CARTESIAN_POINT('Ctrl Pts',(14.5170078517085,0.314280027583715,-2.2316819692467E-15));
#1212=CARTESIAN_POINT('Ctrl Pts',(15.2109256134295,1.41930686576725,5.23880682814373E-16));
#1213=CARTESIAN_POINT('Ctrl Pts',(15.2103364272157,1.41916196841005,-2.55862199409774));
#1214=CARTESIAN_POINT('Ctrl Pts',(14.3663150971656,1.38599059834568,-7.68593765402786));
#1215=CARTESIAN_POINT('Ctrl Pts',(10.8768854192565,1.23611377555388,-13.7836714163894));
#1216=CARTESIAN_POINT('Ctrl Pts',(6.17142029625521,1.00873399912219,-17.7553728365627));
#1217=CARTESIAN_POINT('Ctrl Pts',(2.11745217488768,0.830294058634473,-19.445167420852));
#1218=CARTESIAN_POINT('Ctrl Pts',(-1.28412490021656,0.718032737944329,-20.0323273647655));
#1219=CARTESIAN_POINT('Ctrl Pts',(-5.57256555729963,0.607938626942677,-20.1540629664681));
#1220=CARTESIAN_POINT('Ctrl Pts',(-11.4307539692196,0.539310743576754,-18.6737315754021));
#1221=CARTESIAN_POINT('Ctrl Pts',(-17.6394982400854,0.548281054439699,-14.0996398818271));
#1222=CARTESIAN_POINT('Ctrl Pts',(-21.6995100764501,0.595257836178195,-7.55512404521825));
#1223=CARTESIAN_POINT('Ctrl Pts',(-23.0938245477863,0.62304898284974,0.000552737407723027));
#1224=CARTESIAN_POINT('Ctrl Pts',(-21.6997511440684,0.595221723677456,7.55414716019211));
#1225=CARTESIAN_POINT('Ctrl Pts',(-17.6389408126212,0.548392929545008,14.1008760954663));
#1226=CARTESIAN_POINT('Ctrl Pts',(-11.4318734745944,0.539092087504865,18.672298116944));
#1227=CARTESIAN_POINT('Ctrl Pts',(-5.15156987848016,0.613219016949032,20.2623519682732));
#1228=CARTESIAN_POINT('Ctrl Pts',(0.00337209940333055,0.75335944533916,
19.9330923254052));
#1229=CARTESIAN_POINT('Ctrl Pts',(5.03325155811151,0.950862287631464,18.4954362778802));
#1230=CARTESIAN_POINT('Ctrl Pts',(10.4480001856821,1.21876661077321,14.5541338705172));
#1231=CARTESIAN_POINT('Ctrl Pts',(14.3625497246789,1.38526455134773,7.67860273370291));
#1232=CARTESIAN_POINT('Ctrl Pts',(15.2097516292923,1.41862043019549,2.56011732791397));
#1233=CARTESIAN_POINT('Ctrl Pts',(15.2109256134295,1.41930686576726,-1.9511742224738E-15));
#1234=CARTESIAN_POINT('Ctrl Pts',(15.1760385804046,2.57819924384302,5.43407436357179E-16));
#1235=CARTESIAN_POINT('Ctrl Pts',(15.1757539174216,2.5780219478242,-2.55495579051342));
#1236=CARTESIAN_POINT('Ctrl Pts',(14.358091715038,2.52990960170301,-7.67367271953961));
#1237=CARTESIAN_POINT('Ctrl Pts',(10.9641513302907,2.30590596553381,-13.8314311439725));
#1238=CARTESIAN_POINT('Ctrl Pts',(6.30975674341388,1.93959911365221,-17.9462911181908));
#1239=CARTESIAN_POINT('Ctrl Pts',(2.2218722425753,1.6307676475614,-19.7439723271869));
#1240=CARTESIAN_POINT('Ctrl Pts',(-1.23859968231441,1.42892895037233,-20.382188635232));
#1241=CARTESIAN_POINT('Ctrl Pts',(-5.614366424092,1.22637542870315,-20.5391647983888));
#1242=CARTESIAN_POINT('Ctrl Pts',(-11.601068008906,1.0957502001795,-19.0374277013112));
#1243=CARTESIAN_POINT('Ctrl Pts',(-17.9352776739175,1.11309231097705,-14.3685800357314));
#1244=CARTESIAN_POINT('Ctrl Pts',(-22.0659972346611,1.20176826609293,-7.6918745080066));
#1245=CARTESIAN_POINT('Ctrl Pts',(-23.4776603115033,1.25361231534858,0.000570290369099396));
#1246=CARTESIAN_POINT('Ctrl Pts',(-22.0663552829681,1.20163012235071,7.69093018782097));
#1247=CARTESIAN_POINT('Ctrl Pts',(-17.9344608702952,1.1134396669426,14.3696466750859));
#1248=CARTESIAN_POINT('Ctrl Pts',(-11.6026054889443,1.09512351204791,19.0363658402988));
#1249=CARTESIAN_POINT('Ctrl Pts',(-5.18334988031262,1.23692820147347,20.6481540230687));
#1250=CARTESIAN_POINT('Ctrl Pts',(0.0735497406553821,1.49311907908766,20.2710013560502));
#1251=CARTESIAN_POINT('Ctrl Pts',(5.17605409540882,1.84369739846688,18.72502442049));
#1252=CARTESIAN_POINT('Ctrl Pts',(10.549754094004,2.28112507091777,14.6084684485798));
#1253=CARTESIAN_POINT('Ctrl Pts',(14.3521728137282,2.52772361833166,7.66711112987065));
#1254=CARTESIAN_POINT('Ctrl Pts',(15.175810043223,2.57791939151392,2.55587695507026));
#1255=CARTESIAN_POINT('Ctrl Pts',(15.1760385804046,2.57819924384302,-1.96527687781027E-15));
#1256=CARTESIAN_POINT('Ctrl Pts',(14.8237980235997,3.17620197640033,7.40561334070429E-16));
#1257=CARTESIAN_POINT('Ctrl Pts',(14.8235280796172,3.176097307158,-2.51654431391214));
#1258=CARTESIAN_POINT('Ctrl Pts',(14.0396839130364,3.12946628103989,-7.55714525654467));
#1259=CARTESIAN_POINT('Ctrl Pts',(10.783404753634,2.90578964316087,-13.6712780855395));
#1260=CARTESIAN_POINT('Ctrl Pts',(6.26561035321832,2.50751801080493,-17.8549080630202));
#1261=CARTESIAN_POINT('Ctrl Pts',(2.2267793224261,2.14693111151753,-19.740901500739));
#1262=CARTESIAN_POINT('Ctrl Pts',(-1.2303990767329,1.90180798958291,-20.433728159138));
#1263=CARTESIAN_POINT('Ctrl Pts',(-5.62093158306065,1.65115635136631,-20.6408510557903));
#1264=CARTESIAN_POINT('Ctrl Pts',(-11.654634928912,1.48395771499891,-19.1541627909525));
#1265=CARTESIAN_POINT('Ctrl Pts',(-18.0285945173221,1.50650595061195,-14.4513397203445));
#1266=CARTESIAN_POINT('Ctrl Pts',(-22.1666741965912,1.61898247446901,-7.72727105924763));
#1267=CARTESIAN_POINT('Ctrl Pts',(-23.572281824766,1.68402964259435,0.000609423394223561));
#1268=CARTESIAN_POINT('Ctrl Pts',(-22.1670485608336,1.6188182974079,7.72634159639297));
#1269=CARTESIAN_POINT('Ctrl Pts',(-18.0277283427393,1.50693909641203,14.4522195181999));
#1270=CARTESIAN_POINT('Ctrl Pts',(-11.6562505103688,1.48318350658428,19.153471301916));
#1271=CARTESIAN_POINT('Ctrl Pts',(-5.18648322041133,1.66457569047143,20.7479628096384));
#1272=CARTESIAN_POINT('Ctrl Pts',(0.0849155861239568,1.98096682396333,20.3068528034777));
#1273=CARTESIAN_POINT('Ctrl Pts',(5.15963569420467,2.40004827674754,18.6592676851059));
#1274=CARTESIAN_POINT('Ctrl Pts',(10.3879240290877,2.88253332012,14.4409095692483));
#1275=CARTESIAN_POINT('Ctrl Pts',(14.0324762923929,3.1263012619641,7.55194169097463));
#1276=CARTESIAN_POINT('Ctrl Pts',(14.8231392779087,3.17567744311129,2.51728362725041));
#1277=CARTESIAN_POINT('Ctrl Pts',(14.8237980235997,3.17620197640033,-2.1076658039365E-15));
#1278=CARTESIAN_POINT('Ctrl Pts',(14.5857864376269,3.41421356237309,8.73779701373412E-16));
#1279=CARTESIAN_POINT('Ctrl Pts',(14.5857864376269,3.41421356237309,-2.49064500521079));
#1280=CARTESIAN_POINT('Ctrl Pts',(13.8202712938901,3.37173084928722,-7.47842703556808));
#1281=CARTESIAN_POINT('Ctrl Pts',(10.6433713134553,3.16346358183317,-13.5522041900503));
#1282=CARTESIAN_POINT('Ctrl Pts',(6.21327904986931,2.76983416264076,-17.7609748794617));
#1283=CARTESIAN_POINT('Ctrl Pts',(2.2144129149596,2.39599792592786,-19.6935556143795));
#1284=CARTESIAN_POINT('Ctrl Pts',(-1.23124165235049,2.13575979128445,-20.4180778777384));
#1285=CARTESIAN_POINT('Ctrl Pts',(-5.6195004336069,1.86620567413609,-20.6565967857411));
#1286=CARTESIAN_POINT('Ctrl Pts',(-11.6679435134356,1.68297676194303,-19.1844256797502));
#1287=CARTESIAN_POINT('Ctrl Pts',(-18.052041867199,1.70788400644133,-14.4711044801605));
#1288=CARTESIAN_POINT('Ctrl Pts',(-22.1845749922321,1.83060113801684,-7.73229846727438));
#1289=CARTESIAN_POINT('Ctrl Pts',(-23.5830483738635,1.90109757478574,0.000559358231755633));
#1290=CARTESIAN_POINT('Ctrl Pts',(-22.1849836503177,1.83039050079887,7.73149913030571));
#1291=CARTESIAN_POINT('Ctrl Pts',(-18.0511141203893,1.70841776813639,14.4717539423466));
#1292=CARTESIAN_POINT('Ctrl Pts',(-11.6696454128478,1.68204298611737,19.184124682687));
#1293=CARTESIAN_POINT('Ctrl Pts',(-5.18380783248348,1.88112641009296,20.7618457719075));
#1294=CARTESIAN_POINT('Ctrl Pts',(0.0824636219474984,2.22045262685305,20.2818655981799));
#1295=CARTESIAN_POINT('Ctrl Pts',(5.12625330256909,2.66152254593588,18.5770791418975));
#1296=CARTESIAN_POINT('Ctrl Pts',(10.2584988822236,3.14287198957532,14.3155230568885));
#1297=CARTESIAN_POINT('Ctrl Pts',(13.8124129618572,3.36787818010838,7.47441716710546));
#1298=CARTESIAN_POINT('Ctrl Pts',(14.5857864376269,3.4142135623731,2.4906405326362));
#1299=CARTESIAN_POINT('Ctrl Pts',(14.5857864376269,3.4142135623731,-2.20387906921088E-15));
#1300=CARTESIAN_POINT('',(14.5857864376269,3.41421356237309,1.12274715747063E-15));
#1301=CARTESIAN_POINT('',(13.1715728752538,0.,1.66533453693773E-15));
#1302=CARTESIAN_POINT('Origin',(13.1715728752538,2.,1.66533453693773E-15));
#1303=CARTESIAN_POINT('Ctrl Pts',(13.1715728752538,0.,1.66533453693773E-15));
#1304=CARTESIAN_POINT('Ctrl Pts',(13.1715728752538,0.,-2.33682264049691));
#1305=CARTESIAN_POINT('Ctrl Pts',(12.4100363987635,0.,-7.01329575140896));
#1306=CARTESIAN_POINT('Ctrl Pts',(9.30459535583141,0.,-12.5440106812655));
#1307=CARTESIAN_POINT('Ctrl Pts',(5.1666347210017,0.,-16.1840870742034));
#1308=CARTESIAN_POINT('Ctrl Pts',(1.57883036620889,0.,-17.8100083508633));
#1309=CARTESIAN_POINT('Ctrl Pts',(-1.48366968850589,0.,-18.4286834432554));
#1310=CARTESIAN_POINT('Ctrl Pts',(-5.38464373592438,0.,-18.63732835805));
#1311=CARTESIAN_POINT('Ctrl Pts',(-10.8049421403458,0.,-17.3493586167617));
#1312=CARTESIAN_POINT('Ctrl Pts',(-16.554433092968,0.,-13.1023650621553));
#1313=CARTESIAN_POINT('Ctrl Pts',(-20.2757418515219,0.,-7.011789575068));
#1314=CARTESIAN_POINT('Ctrl Pts',(-21.5436192089929,0.,0.000238323963612713));
#1315=CARTESIAN_POINT('Ctrl Pts',(-20.2758839259492,0.,7.01140870714149));
#1316=CARTESIAN_POINT('Ctrl Pts',(-16.5541572012375,0.,13.1028667486972));
#1317=CARTESIAN_POINT('Ctrl Pts',(-10.8055882933696,0.,17.3488916025887));
#1318=CARTESIAN_POINT('Ctrl Pts',(-4.99578890055742,0.,18.7300182587409));
#1319=CARTESIAN_POINT('Ctrl Pts',(-0.314674815055124,0.,18.3085989028834));
#1320=CARTESIAN_POINT('Ctrl Pts',(4.17020447853342,0.,16.8714592979107));
#1321=CARTESIAN_POINT('Ctrl Pts',(8.92145050326853,0.,13.2394528430849));
#1322=CARTESIAN_POINT('Ctrl Pts',(12.4076041912101,0.,7.00975575790303));
#1323=CARTESIAN_POINT('Ctrl Pts',(13.1715728752538,0.,2.33681844414862));
#1324=CARTESIAN_POINT('Ctrl Pts',(13.1715728752538,0.,-2.77555756156289E-15));
#1325=CARTESIAN_POINT('Ctrl Pts',(14.5857864376269,3.4142135623731,-2.20387906921088E-15));
#1326=CARTESIAN_POINT('Ctrl Pts',(14.5857864376269,3.4142135623731,2.4906405326362));
#1327=CARTESIAN_POINT('Ctrl Pts',(13.8124129618572,3.36787818010838,7.47441716710546));
#1328=CARTESIAN_POINT('Ctrl Pts',(10.2584988822236,3.14287198957532,14.3155230568885));
#1329=CARTESIAN_POINT('Ctrl Pts',(5.12625330256909,2.66152254593588,18.5770791418975));
#1330=CARTESIAN_POINT('Ctrl Pts',(0.0824636219474984,2.22045262685305,20.2818655981799));
#1331=CARTESIAN_POINT('Ctrl Pts',(-5.18380783248348,1.88112641009296,20.7618457719075));
#1332=CARTESIAN_POINT('Ctrl Pts',(-11.6696454128478,1.68204298611737,19.184124682687));
#1333=CARTESIAN_POINT('Ctrl Pts',(-18.0511141203893,1.70841776813639,14.4717539423466));
#1334=CARTESIAN_POINT('Ctrl Pts',(-22.1849836503177,1.83039050079887,7.73149913030571));
#1335=CARTESIAN_POINT('Ctrl Pts',(-23.5830483738635,1.90109757478574,0.000559358231755633));
#1336=CARTESIAN_POINT('Ctrl Pts',(-22.1845749922321,1.83060113801684,-7.73229846727438));
#1337=CARTESIAN_POINT('Ctrl Pts',(-18.052041867199,1.70788400644133,-14.4711044801605));
#1338=CARTESIAN_POINT('Ctrl Pts',(-11.6679435134356,1.68297676194303,-19.1844256797502));
#1339=CARTESIAN_POINT('Ctrl Pts',(-5.6195004336069,1.86620567413609,-20.6565967857411));
#1340=CARTESIAN_POINT('Ctrl Pts',(-1.23124165235049,2.13575979128445,-20.4180778777384));
#1341=CARTESIAN_POINT('Ctrl Pts',(2.2144129149596,2.39599792592786,-19.6935556143795));
#1342=CARTESIAN_POINT('Ctrl Pts',(6.21327904986931,2.76983416264076,-17.7609748794617));
#1343=CARTESIAN_POINT('Ctrl Pts',(10.6433713134553,3.16346358183317,-13.5522041900503));
#1344=CARTESIAN_POINT('Ctrl Pts',(13.8202712938901,3.37173084928722,-7.47842703556808));
#1345=CARTESIAN_POINT('Ctrl Pts',(14.5857864376269,3.41421356237309,-2.49064500521079));
#1346=CARTESIAN_POINT('Ctrl Pts',(14.5857864376269,3.41421356237309,8.73779701373412E-16));
#1347=CARTESIAN_POINT('Ctrl Pts',(16.4330375271385,1.56696247286154,0.));
#1348=CARTESIAN_POINT('Ctrl Pts',(15.288691684759,2.71130831524103,0.));
#1349=CARTESIAN_POINT('Ctrl Pts',(14.1443132996607,3.85564184252515,0.));
#1350=CARTESIAN_POINT('Ctrl Pts',(12.2482644707556,5.75205251511985,0.));
#1351=CARTESIAN_POINT('Ctrl Pts',(10.7325181208188,7.36020973170184,0.));
#1352=CARTESIAN_POINT('Ctrl Pts',(8.76927448873284,10.0622119050311,0.));
#1353=CARTESIAN_POINT('Ctrl Pts',(7.77503358805229,12.9728015052579,0.));
#1354=CARTESIAN_POINT('Ctrl Pts',(8.3578260684709,16.9746006979917,0.));
#1355=CARTESIAN_POINT('Ctrl Pts',(10.9948963551277,20.2914451919865,0.));
#1356=CARTESIAN_POINT('Ctrl Pts',(12.7494059932528,22.616042947418,0.));
#1357=CARTESIAN_POINT('Ctrl Pts',(13.699812439172,24.0384976255241,0.));
#1358=CARTESIAN_POINT('Ctrl Pts',(14.3871357312324,25.5808029393936,0.));
#1359=CARTESIAN_POINT('Ctrl Pts',(14.5792196534203,27.2319320322035,0.));
#1360=CARTESIAN_POINT('Ctrl Pts',(14.2724105581197,28.9217536311983,0.));
#1361=CARTESIAN_POINT('Ctrl Pts',(13.1901969426586,30.867087826867,0.));
#1362=CARTESIAN_POINT('Ctrl Pts',(11.2663725206971,33.1963855859075,0.));
#1363=CARTESIAN_POINT('Ctrl Pts',(9.15718552109172,35.9018233201655,0.));
#1364=CARTESIAN_POINT('Ctrl Pts',(7.84692865420976,38.8636279738879,0.));
#1365=CARTESIAN_POINT('Ctrl Pts',(8.06139683747406,41.9020746057056,0.));
#1366=CARTESIAN_POINT('Ctrl Pts',(9.67208335856041,44.8159245612891,0.));
#1367=CARTESIAN_POINT('Ctrl Pts',(11.8211413401514,47.434970750468,0.));
#1368=CARTESIAN_POINT('Ctrl Pts',(13.5511506734275,49.6564900406966,0.));
#1369=CARTESIAN_POINT('Ctrl Pts',(14.3914591478005,51.5192403838749,0.));
#1370=CARTESIAN_POINT('Ctrl Pts',(14.6523153865575,53.7273030185154,0.));
#1371=CARTESIAN_POINT('Ctrl Pts',(13.8888577616098,56.0281517066242,0.));
#1372=CARTESIAN_POINT('Ctrl Pts',(11.3291783773768,59.107424262557,0.));
#1373=CARTESIAN_POINT('Ctrl Pts',(9.20859840201252,61.7911234802648,0.));
#1374=CARTESIAN_POINT('Ctrl Pts',(7.85934059419367,64.7541233658161,0.));
#1375=CARTESIAN_POINT('Ctrl Pts',(8.0903568227241,68.8506276462112,0.));
#1376=CARTESIAN_POINT('Ctrl Pts',(11.2043075833834,72.6720752891467,0.));
#1377=CARTESIAN_POINT('Ctrl Pts',(13.4972867664194,75.5792789884739,0.));
#1378=CARTESIAN_POINT('Ctrl Pts',(14.3251575603188,77.4031775275458,0.));
#1379=CARTESIAN_POINT('Ctrl Pts',(14.5646084850124,79.1121714042753,0.));
#1380=CARTESIAN_POINT('Ctrl Pts',(14.4425225960435,80.989432068753,0.));
#1381=CARTESIAN_POINT('Ctrl Pts',(13.6296508355022,83.1792583279493,0.));
#1382=CARTESIAN_POINT('Ctrl Pts',(11.2099079806293,86.5454213960333,0.));
#1383=CARTESIAN_POINT('Ctrl Pts',(7.91583449036607,90.3403777156948,0.));
#1384=CARTESIAN_POINT('Ctrl Pts',(7.91146366224512,93.9220971344981,0.));
#1385=CARTESIAN_POINT('Ctrl Pts',(9.52421972883892,96.5035998179938,0.));
#1386=CARTESIAN_POINT('Ctrl Pts',(11.7271381579438,99.1192416129475,0.));
#1387=CARTESIAN_POINT('Ctrl Pts',(12.726827683378,101.005852493614,0.));
#1388=CARTESIAN_POINT('Ctrl Pts',(14.4641159595535,107.290135355692,0.));
#1389=CARTESIAN_POINT('Ctrl Pts',(15.9385652505729,112.578834902063,0.));
#1390=CARTESIAN_POINT('Ctrl Pts',(17.4078478758594,117.868252353094,0.));
#1391=CARTESIAN_POINT('Ctrl Pts',(16.4330375271385,1.56696247286154,-2.68344372494128));
#1392=CARTESIAN_POINT('Ctrl Pts',(15.288691684759,2.71130831524103,-2.68344372494128));
#1393=CARTESIAN_POINT('Ctrl Pts',(14.1443132996607,3.85564184252515,-2.68344372494128));
#1394=CARTESIAN_POINT('Ctrl Pts',(12.2482644707556,5.75205251511985,-2.68344372494128));
#1395=CARTESIAN_POINT('Ctrl Pts',(10.7325181208188,7.36020973170184,-2.68344372494128));
#1396=CARTESIAN_POINT('Ctrl Pts',(8.76927448873284,10.0622119050311,-2.68344372494129));
#1397=CARTESIAN_POINT('Ctrl Pts',(7.77503358805229,12.9728015052579,-2.68344372494128));
#1398=CARTESIAN_POINT('Ctrl Pts',(8.3578260684709,16.9746006979917,-2.68344372494128));
#1399=CARTESIAN_POINT('Ctrl Pts',(10.9948963551277,20.2914451919865,-2.68344372494128));
#1400=CARTESIAN_POINT('Ctrl Pts',(12.7494059932528,22.616042947418,-2.68344372494128));
#1401=CARTESIAN_POINT('Ctrl Pts',(13.699812439172,24.0384976255241,-2.68344372494128));
#1402=CARTESIAN_POINT('Ctrl Pts',(14.3871357312324,25.5808029393936,-2.68344372494128));
#1403=CARTESIAN_POINT('Ctrl Pts',(14.5792196534203,27.2319320322035,-2.68344372494128));
#1404=CARTESIAN_POINT('Ctrl Pts',(14.2724105581197,28.9217536311983,-2.68344372494128));
#1405=CARTESIAN_POINT('Ctrl Pts',(13.1901969426586,30.867087826867,-2.68344372494128));
#1406=CARTESIAN_POINT('Ctrl Pts',(11.2663725206971,33.1963855859075,-2.68344372494128));
#1407=CARTESIAN_POINT('Ctrl Pts',(9.15718552109172,35.9018233201655,-2.68344372494128));
#1408=CARTESIAN_POINT('Ctrl Pts',(7.84692865420976,38.8636279738879,-2.68344372494128));
#1409=CARTESIAN_POINT('Ctrl Pts',(8.06139683747406,41.9020746057056,-2.68344372494128));
#1410=CARTESIAN_POINT('Ctrl Pts',(9.67208335856041,44.8159245612891,-2.68344372494128));
#1411=CARTESIAN_POINT('Ctrl Pts',(11.8211413401514,47.434970750468,-2.68344372494128));
#1412=CARTESIAN_POINT('Ctrl Pts',(13.5511506734275,49.6564900406966,-2.68344372494128));
#1413=CARTESIAN_POINT('Ctrl Pts',(14.3914591478005,51.5192403838749,-2.68344372494128));
#1414=CARTESIAN_POINT('Ctrl Pts',(14.6523153865575,53.7273030185154,-2.68344372494128));
#1415=CARTESIAN_POINT('Ctrl Pts',(13.8888577616098,56.0281517066242,-2.68344372494129));
#1416=CARTESIAN_POINT('Ctrl Pts',(11.3291783773768,59.107424262557,-2.68344372494128));
#1417=CARTESIAN_POINT('Ctrl Pts',(9.20859840201252,61.7911234802648,-2.68344372494128));
#1418=CARTESIAN_POINT('Ctrl Pts',(7.85934059419367,64.7541233658161,-2.68344372494128));
#1419=CARTESIAN_POINT('Ctrl Pts',(8.0903568227241,68.8506276462112,-2.68344372494128));
#1420=CARTESIAN_POINT('Ctrl Pts',(11.2043075833834,72.6720752891467,-2.68344372494128));
#1421=CARTESIAN_POINT('Ctrl Pts',(13.4972867664194,75.5792789884739,-2.68344372494128));
#1422=CARTESIAN_POINT('Ctrl Pts',(14.3251575603188,77.4031775275458,-2.68344372494128));
#1423=CARTESIAN_POINT('Ctrl Pts',(14.5646084850124,79.1121714042753,-2.68344372494128));
#1424=CARTESIAN_POINT('Ctrl Pts',(14.4425225960435,80.989432068753,-2.68344372494128));
#1425=CARTESIAN_POINT('Ctrl Pts',(13.6296508355022,83.1792583279493,-2.68344372494128));
#1426=CARTESIAN_POINT('Ctrl Pts',(11.2099079806293,86.5454213960333,-2.68344372494128));
#1427=CARTESIAN_POINT('Ctrl Pts',(7.91583449036607,90.3403777156948,-2.68344372494129));
#1428=CARTESIAN_POINT('Ctrl Pts',(7.91146366224512,93.9220971344981,-2.68344372494128));
#1429=CARTESIAN_POINT('Ctrl Pts',(9.52421972883892,96.5035998179938,-2.68344372494129));
#1430=CARTESIAN_POINT('Ctrl Pts',(11.7271381579438,99.1192416129475,-2.68344372494128));
#1431=CARTESIAN_POINT('Ctrl Pts',(12.726827683378,101.005852493614,-2.68344372494128));
#1432=CARTESIAN_POINT('Ctrl Pts',(14.4641159595535,107.290135355692,-2.68344372494128));
#1433=CARTESIAN_POINT('Ctrl Pts',(15.9385652505729,112.578834902063,-2.68344372494129));
#1434=CARTESIAN_POINT('Ctrl Pts',(17.4078478758594,117.868252353094,-2.68344372494128));
#1435=CARTESIAN_POINT('Ctrl Pts',(15.4122670109357,1.57197199855405,-8.05088346474307));
#1436=CARTESIAN_POINT('Ctrl Pts',(14.3013245408665,2.71998488331907,-8.05088346474308));
#1437=CARTESIAN_POINT('Ctrl Pts',(13.1901640168568,3.86795601217136,-8.05088346474306));
#1438=CARTESIAN_POINT('Ctrl Pts',(11.3498130062958,5.77045462588778,-8.05088346474307));
#1439=CARTESIAN_POINT('Ctrl Pts',(9.87835462826504,7.38011160159518,-8.05088346474307));
#1440=CARTESIAN_POINT('Ctrl Pts',(7.97232083322247,10.0754668730715,-8.05088346474307));
#1441=CARTESIAN_POINT('Ctrl Pts',(7.00502010117991,12.9727508155469,-8.05088346474308));
#1442=CARTESIAN_POINT('Ctrl Pts',(7.56436996673007,16.9531481246991,-8.05088346474306));
#1443=CARTESIAN_POINT('Ctrl Pts',(10.1147745557505,20.2571920888995,-8.05088346474308));
#1444=CARTESIAN_POINT('Ctrl Pts',(11.8110895676007,22.5865425184249,-8.05088346474307));
#1445=CARTESIAN_POINT('Ctrl Pts',(12.7296682262329,24.0165446010663,-8.05088346474307));
#1446=CARTESIAN_POINT('Ctrl Pts',(13.3929155415182,25.5752965465191,-8.05088346474307));
#1447=CARTESIAN_POINT('Ctrl Pts',(13.5760761456423,27.2526095337794,-8.05088346474307));
#1448=CARTESIAN_POINT('Ctrl Pts',(13.2761166518834,28.9673068870208,-8.05088346474307));
#1449=CARTESIAN_POINT('Ctrl Pts',(12.2251895276351,30.9295775679405,-8.05088346474307));
#1450=CARTESIAN_POINT('Ctrl Pts',(10.3589459259182,33.2638280681442,-8.05088346474308));
#1451=CARTESIAN_POINT('Ctrl Pts',(8.31361324121037,35.9624272152367,-8.05088346474307));
#1452=CARTESIAN_POINT('Ctrl Pts',(7.04250850347458,38.9093854857614,-8.05088346474307));
#1453=CARTESIAN_POINT('Ctrl Pts',(7.24855135266528,41.9306158141975,-8.05088346474307));
#1454=CARTESIAN_POINT('Ctrl Pts',(8.807388474502,44.8311007374114,-8.05088346474308));
#1455=CARTESIAN_POINT('Ctrl Pts',(10.8878014518505,47.4460737079589,-8.05088346474307));
#1456=CARTESIAN_POINT('Ctrl Pts',(12.5631473903607,49.6758563313315,-8.05088346474308));
#1457=CARTESIAN_POINT('Ctrl Pts',(13.3758853341098,51.5582367649053,-8.05088346474306));
#1458=CARTESIAN_POINT('Ctrl Pts',(13.6282314078043,53.8007702277331,-8.05088346474308));
#1459=CARTESIAN_POINT('Ctrl Pts',(12.8885305395943,56.1331713068369,-8.05088346474307));
#1460=CARTESIAN_POINT('Ctrl Pts',(10.4090328754378,59.2199273068408,-8.05088346474308));
#1461=CARTESIAN_POINT('Ctrl Pts',(8.35507390630748,61.8974816622263,-8.05088346474307));
#1462=CARTESIAN_POINT('Ctrl Pts',(7.04862164822717,64.8455357565745,-8.05088346474308));
#1463=CARTESIAN_POINT('Ctrl Pts',(7.27338753905003,68.9177727966676,-8.05088346474306));
#1464=CARTESIAN_POINT('Ctrl Pts',(10.291129384562,72.7235279199587,-8.05088346474308));
#1465=CARTESIAN_POINT('Ctrl Pts',(12.515192072383,75.6432615947503,-8.05088346474307));
#1466=CARTESIAN_POINT('Ctrl Pts',(13.3184873183421,77.4880513053386,-8.05088346474307));
#1467=CARTESIAN_POINT('Ctrl Pts',(13.5527907970515,79.2212344791382,-8.05088346474307));
#1468=CARTESIAN_POINT('Ctrl Pts',(13.4361983558749,81.1176620537007,-8.05088346474306));
#1469=CARTESIAN_POINT('Ctrl Pts',(12.6516279989587,83.3166476960723,-8.05088346474308));
#1470=CARTESIAN_POINT('Ctrl Pts',(10.3100506773457,86.6813921040418,-8.05088346474306));
#1471=CARTESIAN_POINT('Ctrl Pts',(7.12321163130811,90.4612958893618,-8.05088346474309));
#1472=CARTESIAN_POINT('Ctrl Pts',(7.12345228464647,94.0346585498166,-8.05088346474306));
#1473=CARTESIAN_POINT('Ctrl Pts',(8.68905346885424,96.6132300639425,-8.05088346474309));
#1474=CARTESIAN_POINT('Ctrl Pts',(10.8267244003199,99.2248309709347,-8.05088346474306));
#1475=CARTESIAN_POINT('Ctrl Pts',(11.7975067817525,101.104322218471,-8.05088346474308));
#1476=CARTESIAN_POINT('Ctrl Pts',(13.4888405793905,107.355964058063,-8.05088346474306));
#1477=CARTESIAN_POINT('Ctrl Pts',(14.924741273389,112.617290480154,-8.05088346474308));
#1478=CARTESIAN_POINT('Ctrl Pts',(16.3565165642748,117.87930174535,-8.05088346474307));
#1479=CARTESIAN_POINT('Ctrl Pts',(11.5085134518025,1.58867041752906,-14.1112916451325));
#1480=CARTESIAN_POINT('Ctrl Pts',(10.5087365374573,2.74888521404156,-14.1112916451325));
#1481=CARTESIAN_POINT('Ctrl Pts',(9.50876237856683,3.90903483409465,-14.1112916451325));
#1482=CARTESIAN_POINT('Ctrl Pts',(7.85346102899422,5.8317593629301,-14.1112916451324));
#1483=CARTESIAN_POINT('Ctrl Pts',(6.52994767322054,7.44655262328085,-14.1112916451325));
#1484=CARTESIAN_POINT('Ctrl Pts',(4.81434588698455,10.1195597368527,-14.1112916451325));
#1485=CARTESIAN_POINT('Ctrl Pts',(3.93700249334233,12.9726513779052,-14.1112916451325));
#1486=CARTESIAN_POINT('Ctrl Pts',(4.41833800369796,16.8816200221867,-14.1112916451324));
#1487=CARTESIAN_POINT('Ctrl Pts',(6.67997844225078,20.1425335741874,-14.1112916451325));
#1488=CARTESIAN_POINT('Ctrl Pts',(8.18230055078766,22.488522213524,-14.1112916451325));
#1489=CARTESIAN_POINT('Ctrl Pts',(8.99464701055273,23.9432070557151,-14.1112916451325));
#1490=CARTESIAN_POINT('Ctrl Pts',(9.57761177597279,25.5570768867779,-14.1112916451325));
#1491=CARTESIAN_POINT('Ctrl Pts',(9.73099216393806,27.3215002180769,-14.1112916451325));
#1492=CARTESIAN_POINT('Ctrl Pts',(9.45386975903721,29.119195448849,-14.1112916451325));
#1493=CARTESIAN_POINT('Ctrl Pts',(8.5072278871406,31.1378857972992,-14.1112916451325));
#1494=CARTESIAN_POINT('Ctrl Pts',(6.83344778166939,33.4885722815258,-14.1112916451325));
#1495=CARTESIAN_POINT('Ctrl Pts',(5.00080985609041,36.1643955576612,-14.1112916451325));
#1496=CARTESIAN_POINT('Ctrl Pts',(3.85993023010588,39.0618761096608,-14.1112916451325));
#1497=CARTESIAN_POINT('Ctrl Pts',(4.03797287374861,42.0256660039651,-14.1112916451325));
#1498=CARTESIAN_POINT('Ctrl Pts',(5.42409299634215,44.8816542159214,-14.1112916451325));
#1499=CARTESIAN_POINT('Ctrl Pts',(7.27629079224928,47.4829047956949,-14.1112916451325));
#1500=CARTESIAN_POINT('Ctrl Pts',(8.76837243874864,49.740302714327,-14.1112916451325));
#1501=CARTESIAN_POINT('Ctrl Pts',(9.49050747766466,51.6877987771523,-14.1112916451325));
#1502=CARTESIAN_POINT('Ctrl Pts',(9.71350775957633,54.0456007581608,-14.1112916451325));
#1503=CARTESIAN_POINT('Ctrl Pts',(9.05253838528254,56.4835895097961,-14.1112916451325));
#1504=CARTESIAN_POINT('Ctrl Pts',(6.84029305200467,59.5950600587566,-14.1112916451325));
#1505=CARTESIAN_POINT('Ctrl Pts',(5.00844940780948,62.2521148957727,-14.1112916451325));
#1506=CARTESIAN_POINT('Ctrl Pts',(3.84458679813714,65.1505153690146,-14.1112916451325));
#1507=CARTESIAN_POINT('Ctrl Pts',(4.04887467999647,69.1415366340938,-14.1112916451325));
#1508=CARTESIAN_POINT('Ctrl Pts',(6.74708612610936,72.8947104882669,-14.1112916451324));
#1509=CARTESIAN_POINT('Ctrl Pts',(8.73960686108396,75.8568087120043,-14.1112916451325));
#1510=CARTESIAN_POINT('Ctrl Pts',(9.46206851061593,77.7708000116631,-14.1112916451325));
#1511=CARTESIAN_POINT('Ctrl Pts',(9.67823404698351,79.5849116242734,-14.1112916451325));
#1512=CARTESIAN_POINT('Ctrl Pts',(9.58115114101732,81.5449352750324,-14.1112916451325));
#1513=CARTESIAN_POINT('Ctrl Pts',(8.88958112673721,83.7747594178892,-14.1112916451325));
#1514=CARTESIAN_POINT('Ctrl Pts',(6.81075634249613,87.134386312565,-14.1112916451325));
#1515=CARTESIAN_POINT('Ctrl Pts',(3.98020218209727,90.8643127378251,-14.1112916451325));
#1516=CARTESIAN_POINT('Ctrl Pts',(3.99517657993859,94.4099368214189,-14.1112916451325));
#1517=CARTESIAN_POINT('Ctrl Pts',(5.40387898218246,96.9786708971198,-14.1112916451325));
#1518=CARTESIAN_POINT('Ctrl Pts',(7.32393977361867,99.5768426996629,-14.1112916451325));
#1519=CARTESIAN_POINT('Ctrl Pts',(8.19875439744582,101.432532794902,-14.1112916451325));
#1520=CARTESIAN_POINT('Ctrl Pts',(9.7362208376996,107.575470866749,-14.1112916451325));
#1521=CARTESIAN_POINT('Ctrl Pts',(11.0439388743108,112.745501330094,-14.1112916451325));
#1522=CARTESIAN_POINT('Ctrl Pts',(12.3508936872023,117.916133052869,-14.1112916451325));
#1523=CARTESIAN_POINT('Ctrl Pts',(5.29507096998108,1.61371804599158,-19.0584606256411));
#1524=CARTESIAN_POINT('Ctrl Pts',(4.46181441426164,2.79220825044545,-19.0584606256411));
#1525=CARTESIAN_POINT('Ctrl Pts',(3.62920580512883,3.97069329561842,-19.0584606256411));
#1526=CARTESIAN_POINT('Ctrl Pts',(2.25070246943109,5.92367109195872,-19.0584606256411));
#1527=CARTESIAN_POINT('Ctrl Pts',(1.14951218274821,7.54634335623468,-19.0584606256411));
#1528=CARTESIAN_POINT('Ctrl Pts',(-0.280782177419156,10.1855839578852,-19.0584606256411));
#1529=CARTESIAN_POINT('Ctrl Pts',(-1.022989913503,12.972590763377,-19.0584606256411));
#1530=CARTESIAN_POINT('Ctrl Pts',(-0.658513320931297,16.7743030040718,-19.0584606256411));
#1531=CARTESIAN_POINT('Ctrl Pts',(1.17013562918021,19.9699326204476,-19.0584606256411));
#1532=CARTESIAN_POINT('Ctrl Pts',(2.38145460923337,22.3418922096767,-19.0584606256411));
#1533=CARTESIAN_POINT('Ctrl Pts',(3.03427502659315,23.8329959672522,-19.0584606256411));
#1534=CARTESIAN_POINT('Ctrl Pts',(3.49677866223655,25.5299192942546,-19.0584606256411));
#1535=CARTESIAN_POINT('Ctrl Pts',(3.60544310692354,27.424792537799,-19.0584606256411));
#1536=CARTESIAN_POINT('Ctrl Pts',(3.36258280927565,29.3470848028035,-19.0584606256411));
#1537=CARTESIAN_POINT('Ctrl Pts',(2.57236492966811,31.4503597203005,-19.0584606256411));
#1538=CARTESIAN_POINT('Ctrl Pts',(1.18795173353101,33.8256070221355,-19.0584606256411));
#1539=CARTESIAN_POINT('Ctrl Pts',(-0.325838839830155,36.4672912221154,-19.0584606256411));
#1540=CARTESIAN_POINT('Ctrl Pts',(-1.2717398982763,39.2905682181587,-19.0584606256411));
#1541=CARTESIAN_POINT('Ctrl Pts',(-1.13559028406453,42.1681302778099,-19.0584606256411));
#1542=CARTESIAN_POINT('Ctrl Pts',(-0.00840006243135858,44.9574414219262,
-19.0584606256411));
#1543=CARTESIAN_POINT('Ctrl Pts',(1.50224095300659,47.5379237682577,-19.0584606256411));
#1544=CARTESIAN_POINT('Ctrl Pts',(2.71808522746982,49.8368348570045,-19.0584606256411));
#1545=CARTESIAN_POINT('Ctrl Pts',(3.30596997399803,51.8815993932153,-19.0584606256411));
#1546=CARTESIAN_POINT('Ctrl Pts',(3.48370538196956,54.4127699329486,-19.0584606256411));
#1547=CARTESIAN_POINT('Ctrl Pts',(2.94025038720823,57.0096661823865,-19.0584606256411));
#1548=CARTESIAN_POINT('Ctrl Pts',(1.12885799249002,60.1579153195917,-19.0584606256411));
#1549=CARTESIAN_POINT('Ctrl Pts',(-0.369754970797796,62.7841996834604,-19.0584606256411));
#1550=CARTESIAN_POINT('Ctrl Pts',(-1.31985474643174,65.6083307173311,-19.0584606256411));
#1551=CARTESIAN_POINT('Ctrl Pts',(-1.14582994938371,69.4771144750822,-19.0584606256411));
#1552=CARTESIAN_POINT('Ctrl Pts',(1.07457074438593,73.1510689332995,-19.0584606256411));
#1553=CARTESIAN_POINT('Ctrl Pts',(2.71746044904871,76.1774754700446,-19.0584606256411));
#1554=CARTESIAN_POINT('Ctrl Pts',(3.32005328787953,78.1947143667599,-19.0584606256411));
#1555=CARTESIAN_POINT('Ctrl Pts',(3.50776417828065,80.1305974295709,-19.0584606256411));
#1556=CARTESIAN_POINT('Ctrl Pts',(3.44147124698554,82.1856412730165,-19.0584606256411));
#1557=CARTESIAN_POINT('Ctrl Pts',(2.88769826409527,84.4621144063228,-19.0584606256411));
#1558=CARTESIAN_POINT('Ctrl Pts',(1.20580488861908,87.8135701015343,-19.0584606256411));
#1559=CARTESIAN_POINT('Ctrl Pts',(-1.09180332286907,91.4687823211122,-19.0584606256411));
#1560=CARTESIAN_POINT('Ctrl Pts',(-1.05554060461916,94.9729478975103,-19.0584606256411));
#1561=CARTESIAN_POINT('Ctrl Pts',(0.118175493190455,97.526840653688,-19.0584606256411));
#1562=CARTESIAN_POINT('Ctrl Pts',(1.7116701922298,100.104920403242,-19.0584606256411));
#1563=CARTESIAN_POINT('Ctrl Pts',(2.44302905513341,101.924820847256,-19.0584606256411));
#1564=CARTESIAN_POINT('Ctrl Pts',(3.74882116131205,107.904830156782,-19.0584606256411));
#1565=CARTESIAN_POINT('Ctrl Pts',(4.86466338278614,112.937850192646,-19.0584606256411));
#1566=CARTESIAN_POINT('Ctrl Pts',(5.98464722847174,117.971380014149,-19.0584606256411));
#1567=CARTESIAN_POINT('Ctrl Pts',(-0.743944108708448,1.6370958325566,-20.7432489358163));
#1568=CARTESIAN_POINT('Ctrl Pts',(-1.42160558023073,2.83266429367133,-20.7432489358163));
#1569=CARTESIAN_POINT('Ctrl Pts',(-2.09845895795801,4.02821012133039,-20.7432489358163));
#1570=CARTESIAN_POINT('Ctrl Pts',(-3.21801774658828,6.0094904202166,-20.7432489358163));
#1571=CARTESIAN_POINT('Ctrl Pts',(-4.11201972892229,7.63938158210947,-20.7432489358163));
#1572=CARTESIAN_POINT('Ctrl Pts',(-5.27576409612297,10.2472954452865,-20.7432489358163));
#1573=CARTESIAN_POINT('Ctrl Pts',(-5.89199942369404,12.972465801987,-20.7432489358163));
#1574=CARTESIAN_POINT('Ctrl Pts',(-5.63671675462006,16.6741596585019,-20.7432489358163));
#1575=CARTESIAN_POINT('Ctrl Pts',(-4.21231270935515,19.8093120049081,-20.7432489358163));
#1576=CARTESIAN_POINT('Ctrl Pts',(-3.27258601086307,22.2047282379963,-20.7432489358163));
#1577=CARTESIAN_POINT('Ctrl Pts',(-2.76851928080265,23.7302904448392,-20.7432489358163));
#1578=CARTESIAN_POINT('Ctrl Pts',(-2.41841721941095,25.5044394383932,-20.7432489358163));
#1579=CARTESIAN_POINT('Ctrl Pts',(-2.35145241998014,27.5212324609793,-20.7432489358163));
#1580=CARTESIAN_POINT('Ctrl Pts',(-2.56233975120662,29.5597378851516,-20.7432489358163));
#1581=CARTESIAN_POINT('Ctrl Pts',(-3.20655890303317,31.7419931051002,-20.7432489358163));
#1582=CARTESIAN_POINT('Ctrl Pts',(-4.32141509627768,34.1402357902093,-20.7432489358163));
#1583=CARTESIAN_POINT('Ctrl Pts',(-5.53746435880672,36.750037751323,-20.7432489358163));
#1584=CARTESIAN_POINT('Ctrl Pts',(-6.30110805992372,39.5040480373661,-20.7432489358163));
#1585=CARTESIAN_POINT('Ctrl Pts',(-6.20414146635506,42.3011826756883,-20.7432489358163));
#1586=CARTESIAN_POINT('Ctrl Pts',(-5.31873160888357,45.0282093688622,-20.7432489358163));
#1587=CARTESIAN_POINT('Ctrl Pts',(-4.12746855691252,47.5894506481208,-20.7432489358163));
#1588=CARTESIAN_POINT('Ctrl Pts',(-3.1684101219265,49.927037672796,-20.7432489358163));
#1589=CARTESIAN_POINT('Ctrl Pts',(-2.70710321138157,52.0628989077441,-20.7432489358163));
#1590=CARTESIAN_POINT('Ctrl Pts',(-2.570652492399,54.7555203430021,-20.7432489358163));
#1591=CARTESIAN_POINT('Ctrl Pts',(-3.00397721039735,57.5003239947902,-20.7432489358163));
#1592=CARTESIAN_POINT('Ctrl Pts',(-4.44122045554641,60.6831263027276,-20.7432489358163));
#1593=CARTESIAN_POINT('Ctrl Pts',(-5.62886267784,63.2807079293326,-20.7432489358163));
#1594=CARTESIAN_POINT('Ctrl Pts',(-6.37935652409625,66.0353578540168,-20.7432489358163));
#1595=CARTESIAN_POINT('Ctrl Pts',(-6.23392787730171,69.7903729161641,-20.7432489358163));
#1596=CARTESIAN_POINT('Ctrl Pts',(-4.46063074848719,73.390657666834,-20.7432489358163));
#1597=CARTESIAN_POINT('Ctrl Pts',(-3.14227288884623,76.476497138016,-20.7432489358163));
#1598=CARTESIAN_POINT('Ctrl Pts',(-2.65262471152458,78.5905289635016,-20.7432489358163));
#1599=CARTESIAN_POINT('Ctrl Pts',(-2.49050776976232,80.6397728092884,-20.7432489358163));
#1600=CARTESIAN_POINT('Ctrl Pts',(-2.52924178653621,82.783790974682,-20.7432489358163));
#1601=CARTESIAN_POINT('Ctrl Pts',(-2.95308847456832,85.1035009808399,-20.7432489358163));
#1602=CARTESIAN_POINT('Ctrl Pts',(-4.26667720349503,88.4477124958273,-20.7432489358163));
#1603=CARTESIAN_POINT('Ctrl Pts',(-6.06572501122654,92.0329969454462,-20.7432489358163));
#1604=CARTESIAN_POINT('Ctrl Pts',(-6.00896579421051,95.4983525542411,-20.7432489358163));
#1605=CARTESIAN_POINT('Ctrl Pts',(-5.05484974643493,98.0384591893527,-20.7432489358163));
#1606=CARTESIAN_POINT('Ctrl Pts',(-3.76603352877644,100.597746498572,-20.7432489358163));
#1607=CARTESIAN_POINT('Ctrl Pts',(-3.16894971265006,102.384311177719,-20.7432489358163));
#1608=CARTESIAN_POINT('Ctrl Pts',(-2.0787124688969,108.212155635928,-20.7432489358163));
#1609=CARTESIAN_POINT('Ctrl Pts',(-1.14226187997463,113.11735062772,-20.7432489358163));
#1610=CARTESIAN_POINT('Ctrl Pts',(-0.196984895332917,118.022943844676,-20.7432489358163));
#1611=CARTESIAN_POINT('Ctrl Pts',(-5.92919289136058,1.65713393532662,-20.3836085857544));
#1612=CARTESIAN_POINT('Ctrl Pts',(-6.47360602829659,2.86732658295166,-20.3836085857544));
#1613=CARTESIAN_POINT('Ctrl Pts',(-7.01664934373143,4.07753123538987,-20.3836085857544));
#1614=CARTESIAN_POINT('Ctrl Pts',(-7.91466056756242,6.0830261822669,-20.3836085857544));
#1615=CARTESIAN_POINT('Ctrl Pts',(-8.63086110299341,7.7191960060629,-20.3836085857544));
#1616=CARTESIAN_POINT('Ctrl Pts',(-9.56631165114403,10.3001309987832,-20.3836085857544));
#1617=CARTESIAN_POINT('Ctrl Pts',(-10.0744665185537,12.972404863541,-20.3836085857544));
#1618=CARTESIAN_POINT('Ctrl Pts',(-9.91269384338694,16.588309539327,-20.3836085857544));
#1619=CARTESIAN_POINT('Ctrl Pts',(-8.83470474113709,19.6713174402138,-20.3836085857544));
#1620=CARTESIAN_POINT('Ctrl Pts',(-8.12777860921393,22.0873679409817,-20.3836085857544));
#1621=CARTESIAN_POINT('Ctrl Pts',(-7.75130772661789,23.6421503597677,-20.3836085857544));
#1622=CARTESIAN_POINT('Ctrl Pts',(-7.49756932488283,25.4826891998618,-20.3836085857544));
#1623=CARTESIAN_POINT('Ctrl Pts',(-7.46637086715696,27.60387246085,-20.3836085857544));
#1624=CARTESIAN_POINT('Ctrl Pts',(-7.64984942266183,29.7420414242254,-20.3836085857544));
#1625=CARTESIAN_POINT('Ctrl Pts',(-8.16892883434736,31.9919706157832,-20.3836085857544));
#1626=CARTESIAN_POINT('Ctrl Pts',(-9.05238591973823,34.4098750507678,-20.3836085857544));
#1627=CARTESIAN_POINT('Ctrl Pts',(-10.013329918294,36.9923622744865,-20.3836085857544));
#1628=CARTESIAN_POINT('Ctrl Pts',(-10.620940284719,39.6870078852145,-20.3836085857544));
#1629=CARTESIAN_POINT('Ctrl Pts',(-10.5575031954749,42.4151697001597,-20.3836085857544));
#1630=CARTESIAN_POINT('Ctrl Pts',(-9.87925772626459,45.0888451800641,-20.3836085857544));
#1631=CARTESIAN_POINT('Ctrl Pts',(-8.96134777830591,47.6334978294462,-20.3836085857544));
#1632=CARTESIAN_POINT('Ctrl Pts',(-8.22309073852783,50.0042827064791,-20.3836085857544));
#1633=CARTESIAN_POINT('Ctrl Pts',(-7.86941658282728,52.2180156490502,-20.3836085857544));
#1634=CARTESIAN_POINT('Ctrl Pts',(-7.76900257978525,55.0492664538444,-20.3836085857544));
#1635=CARTESIAN_POINT('Ctrl Pts',(-8.10823385815451,57.9211221627265,-20.3836085857544));
#1636=CARTESIAN_POINT('Ctrl Pts',(-9.22479115966213,61.1333885629323,-20.3836085857544));
#1637=CARTESIAN_POINT('Ctrl Pts',(-10.1458569475209,63.7063567905998,-20.3836085857544));
#1638=CARTESIAN_POINT('Ctrl Pts',(-10.7253234271477,66.4015615034484,-20.3836085857544));
#1639=CARTESIAN_POINT('Ctrl Pts',(-10.6041690594302,70.0588447361587,-20.3836085857544));
#1640=CARTESIAN_POINT('Ctrl Pts',(-9.21332926551068,73.595802818952,-20.3836085857544));
#1641=CARTESIAN_POINT('Ctrl Pts',(-8.17435036199139,76.7329818937884,-20.3836085857544));
#1642=CARTESIAN_POINT('Ctrl Pts',(-7.78079145003293,78.9296897862954,-20.3836085857544));
#1643=CARTESIAN_POINT('Ctrl Pts',(-7.64126282447618,81.076297543384,-20.3836085857544));
#1644=CARTESIAN_POINT('Ctrl Pts',(-7.65557933354101,83.2963844271302,-20.3836085857544));
#1645=CARTESIAN_POINT('Ctrl Pts',(-7.96894892861068,85.6533586269425,-20.3836085857544));
#1646=CARTESIAN_POINT('Ctrl Pts',(-8.96538650769921,88.9911027573056,-20.3836085857544));
#1647=CARTESIAN_POINT('Ctrl Pts',(-10.3378693106861,92.5165804406402,-20.3836085857544));
#1648=CARTESIAN_POINT('Ctrl Pts',(-10.2639652484081,95.948748247595,-20.3836085857544));
#1649=CARTESIAN_POINT('Ctrl Pts',(-9.49788911401358,98.4769937987596,-20.3836085857544));
#1650=CARTESIAN_POINT('Ctrl Pts',(-8.47030455991596,101.020200211376,-20.3836085857544));
#1651=CARTESIAN_POINT('Ctrl Pts',(-7.98805506045437,102.778145529328,-20.3836085857544));
#1652=CARTESIAN_POINT('Ctrl Pts',(-7.08303451969061,108.475629140159,-20.3836085857544));
#1653=CARTESIAN_POINT('Ctrl Pts',(-6.30014055594288,113.271225136739,-20.3836085857544));
#1654=CARTESIAN_POINT('Ctrl Pts',(-5.50447685951231,118.0671414137,-20.3836085857544));
#1655=CARTESIAN_POINT('Ctrl Pts',(-11.0270659550679,1.67689373111371,-19.3418550704526));
#1656=CARTESIAN_POINT('Ctrl Pts',(-11.4400907199555,2.90150633241567,-19.3418550704526));
#1657=CARTESIAN_POINT('Ctrl Pts',(-11.8511585634014,4.12616897351295,-19.3418550704526));
#1658=CARTESIAN_POINT('Ctrl Pts',(-12.5307309176458,6.15553876494721,-19.3418550704526));
#1659=CARTESIAN_POINT('Ctrl Pts',(-13.0715829429201,7.797907161973,-19.3418550704526));
#1660=CARTESIAN_POINT('Ctrl Pts',(-13.7819243002929,10.3522280352282,-19.3418550704526));
#1661=CARTESIAN_POINT('Ctrl Pts',(-14.1834916882177,12.9723483800295,-19.3418550704526));
#1662=CARTESIAN_POINT('Ctrl Pts',(-14.1139236295934,16.5036507695606,-19.3418550704526));
#1663=CARTESIAN_POINT('Ctrl Pts',(-13.3775318453175,19.5352144761951,-19.3418550704526));
#1664=CARTESIAN_POINT('Ctrl Pts',(-12.9001735001068,21.9716539687588,-19.3418550704526));
#1665=CARTESIAN_POINT('Ctrl Pts',(-12.6495335444696,23.5552260970313,-19.3418550704526));
#1666=CARTESIAN_POINT('Ctrl Pts',(-12.4908219386109,25.4612480537214,-19.3418550704526));
#1667=CARTESIAN_POINT('Ctrl Pts',(-12.494894927069,27.6853629016571,-19.3418550704526));
#1668=CARTESIAN_POINT('Ctrl Pts',(-12.6513451204434,29.9218152728413,-19.3418550704526));
#1669=CARTESIAN_POINT('Ctrl Pts',(-13.0470230023197,32.2384766885015,-19.3418550704526));
#1670=CARTESIAN_POINT('Ctrl Pts',(-13.7022674823407,34.6757659967879,-19.3418550704526));
#1671=CARTESIAN_POINT('Ctrl Pts',(-14.4116572842018,37.2313188623582,-19.3418550704526));
#1672=CARTESIAN_POINT('Ctrl Pts',(-14.8654160808724,39.8674248378613,-19.3418550704526));
#1673=CARTESIAN_POINT('Ctrl Pts',(-14.8350384361923,42.527569047217,-19.3418550704526));
#1674=CARTESIAN_POINT('Ctrl Pts',(-14.3610741381633,45.1486370742575,-19.3418550704526));
#1675=CARTESIAN_POINT('Ctrl Pts',(-13.7126895049846,47.6769239660155,-19.3418550704526));
#1676=CARTESIAN_POINT('Ctrl Pts',(-13.192221824752,50.0804492913754,-19.3418550704526));
#1677=CARTESIAN_POINT('Ctrl Pts',(-12.9446181123496,52.3709558853162,-19.3418550704526));
#1678=CARTESIAN_POINT('Ctrl Pts',(-12.8797911041983,55.3389296348735,-19.3418550704526));
#1679=CARTESIAN_POINT('Ctrl Pts',(-13.1262595510484,58.336094225869,-19.3418550704526));
#1680=CARTESIAN_POINT('Ctrl Pts',(-13.9265859219722,61.5774035439048,-19.3418550704526));
#1681=CARTESIAN_POINT('Ctrl Pts',(-14.5847753745492,64.1260993615615,-19.3418550704526));
#1682=CARTESIAN_POINT('Ctrl Pts',(-14.9955948250744,66.7626930896043,-19.3418550704526));
#1683=CARTESIAN_POINT('Ctrl Pts',(-14.898359093599,70.3235850129623,-19.3418550704526));
#1684=CARTESIAN_POINT('Ctrl Pts',(-13.8846042115338,73.7980818027254,-19.3418550704526));
#1685=CARTESIAN_POINT('Ctrl Pts',(-13.1212184761296,76.9859184660236,-19.3418550704526));
#1686=CARTESIAN_POINT('Ctrl Pts',(-12.8223579493161,79.2641315362626,-19.3418550704526));
#1687=CARTESIAN_POINT('Ctrl Pts',(-12.7051547652603,81.5067663659485,-19.3418550704526));
#1688=CARTESIAN_POINT('Ctrl Pts',(-12.6953307192102,83.8018502187233,-19.3418550704526));
#1689=CARTESIAN_POINT('Ctrl Pts',(-12.8998270516009,86.1955869990995,-19.3418550704526));
#1690=CARTESIAN_POINT('Ctrl Pts',(-13.5834041365715,89.5269333985445,-19.3418550704526));
#1691=CARTESIAN_POINT('Ctrl Pts',(-14.5353068230725,92.9934452287535,-19.3418550704526));
#1692=CARTESIAN_POINT('Ctrl Pts',(-14.4445291438942,96.3928922627182,-19.3418550704526));
#1693=CARTESIAN_POINT('Ctrl Pts',(-13.8638665092996,98.9094379964011,-19.3418550704526));
#1694=CARTESIAN_POINT('Ctrl Pts',(-13.093891550493,101.436788961332,-19.3418550704526));
#1695=CARTESIAN_POINT('Ctrl Pts',(-12.7248612369983,103.166508825883,-19.3418550704526));
#1696=CARTESIAN_POINT('Ctrl Pts',(-12.0025205366768,108.735447328093,-19.3418550704526));
#1697=CARTESIAN_POINT('Ctrl Pts',(-11.3710342395587,113.422963827924,-19.3418550704526));
#1698=CARTESIAN_POINT('Ctrl Pts',(-10.7228952827812,118.110725127598,-19.3418550704526));
#1699=CARTESIAN_POINT('Ctrl Pts',(-17.2123218343181,1.7013847456104,-15.637265256136));
#1700=CARTESIAN_POINT('Ctrl Pts',(-17.4624525447773,2.94387556586114,-15.637265256136));
#1701=CARTESIAN_POINT('Ctrl Pts',(-17.7100646684377,4.18644416275087,-15.637265256136));
#1702=CARTESIAN_POINT('Ctrl Pts',(-18.1187375286174,6.24542276969927,-15.637265256136));
#1703=CARTESIAN_POINT('Ctrl Pts',(-18.4423388967984,7.89543830100733,-15.637265256136));
#1704=CARTESIAN_POINT('Ctrl Pts',(-18.8736022181136,10.4168224790526,-15.637265256136));
#1705=CARTESIAN_POINT('Ctrl Pts',(-19.1431018986814,12.9722603144749,-15.637265256136));
#1706=CARTESIAN_POINT('Ctrl Pts',(-19.1878487830768,16.3987266611294,-15.637265256136));
#1707=CARTESIAN_POINT('Ctrl Pts',(-18.8748767820257,19.3666485348246,-15.637265256136));
#1708=CARTESIAN_POINT('Ctrl Pts',(-18.6820503493135,21.828152163062,-15.637265256136));
#1709=CARTESIAN_POINT('Ctrl Pts',(-18.5873336021454,23.4475307448777,-15.637265256136));
#1710=CARTESIAN_POINT('Ctrl Pts',(-18.5463940787285,25.4346380542081,-15.637265256136));
#1711=CARTESIAN_POINT('Ctrl Pts',(-18.5941744853716,27.786374051986,-15.637265256136));
#1712=CARTESIAN_POINT('Ctrl Pts',(-18.7171260572935,30.1446220388169,-15.637265256136));
#1713=CARTESIAN_POINT('Ctrl Pts',(-18.9598547716102,32.5440029805219,-15.637265256136));
#1714=CARTESIAN_POINT('Ctrl Pts',(-19.3323811752068,35.0053376099867,-15.637265256136));
#1715=CARTESIAN_POINT('Ctrl Pts',(-19.7299457678111,37.527502002084,-15.637265256136));
#1716=CARTESIAN_POINT('Ctrl Pts',(-19.9929420577027,40.0910491542268,-15.637265256136));
#1717=CARTESIAN_POINT('Ctrl Pts',(-20.0035613784025,42.6669035542634,-15.637265256136));
#1718=CARTESIAN_POINT('Ctrl Pts',(-19.782820338845,45.2227541095832,-15.637265256136));
#1719=CARTESIAN_POINT('Ctrl Pts',(-19.4686514721089,47.7307943402085,-15.637265256136));
#1720=CARTESIAN_POINT('Ctrl Pts',(-19.2178464206145,50.1748809746394,-15.637265256136));
#1721=CARTESIAN_POINT('Ctrl Pts',(-19.1020476407279,52.560626235852,-15.637265256136));
#1722=CARTESIAN_POINT('Ctrl Pts',(-19.0810743018401,55.6979644153839,-15.637265256136));
#1723=CARTESIAN_POINT('Ctrl Pts',(-19.2124502257968,58.8503341500038,-15.637265256136));
#1724=CARTESIAN_POINT('Ctrl Pts',(-19.6208231886509,62.1277001282468,-15.637265256136));
#1725=CARTESIAN_POINT('Ctrl Pts',(-19.9532058512135,64.6463161548555,-15.637265256136));
#1726=CARTESIAN_POINT('Ctrl Pts',(-20.1549731902961,67.2102222508629,-15.637265256136));
#1727=CARTESIAN_POINT('Ctrl Pts',(-20.0874756696517,70.6517276578079,-15.637265256136));
#1728=CARTESIAN_POINT('Ctrl Pts',(-19.5413964654552,74.0488785035259,-15.6372652561359));
#1729=CARTESIAN_POINT('Ctrl Pts',(-19.1191182260467,77.2993467338555,-15.637265256136));
#1730=CARTESIAN_POINT('Ctrl Pts',(-18.9379121148883,79.6786934528749,-15.637265256136));
#1731=CARTESIAN_POINT('Ctrl Pts',(-18.8481254298507,82.0402704995038,-15.637265256136));
#1732=CARTESIAN_POINT('Ctrl Pts',(-18.8086918512823,84.4283846020825,-15.637265256136));
#1733=CARTESIAN_POINT('Ctrl Pts',(-18.8778992556082,86.8676064790534,-15.637265256136));
#1734=CARTESIAN_POINT('Ctrl Pts',(-19.1742771684593,90.1911242356844,-15.637265256136));
#1735=CARTESIAN_POINT('Ctrl Pts',(-19.6045953348143,93.584500267458,-15.637265256136));
#1736=CARTESIAN_POINT('Ctrl Pts',(-19.4927382119052,96.9433615160851,-15.637265256136));
#1737=CARTESIAN_POINT('Ctrl Pts',(-19.1419576605874,99.4454234360099,-15.637265256136));
#1738=CARTESIAN_POINT('Ctrl Pts',(-18.69124269584,101.953112054064,-15.637265256136));
#1739=CARTESIAN_POINT('Ctrl Pts',(-18.4626415195816,103.647866189611,-15.637265256136));
#1740=CARTESIAN_POINT('Ctrl Pts',(-17.9665427970747,109.057455298275,-15.637265256136));
#1741=CARTESIAN_POINT('Ctrl Pts',(-17.5227979120737,113.611027672269,-15.637265256136));
#1742=CARTESIAN_POINT('Ctrl Pts',(-17.0575594950092,118.164744378627,-15.637265256136));
#1743=CARTESIAN_POINT('Ctrl Pts',(-22.0845840160404,1.72225776932917,-8.04780120533357));
#1744=CARTESIAN_POINT('Ctrl Pts',(-22.1958842054645,2.97998575148605,-8.04780120533357));
#1745=CARTESIAN_POINT('Ctrl Pts',(-22.3041884050012,4.2378149989653,-8.04780120533356));
#1746=CARTESIAN_POINT('Ctrl Pts',(-22.4819797849629,6.32202852742372,-8.04780120533357));
#1747=CARTESIAN_POINT('Ctrl Pts',(-22.6204249853093,7.9785612262702,-8.04780120533357));
#1748=CARTESIAN_POINT('Ctrl Pts',(-22.8138371683733,10.4718747440845,-8.04780120533357));
#1749=CARTESIAN_POINT('Ctrl Pts',(-22.970779459964,12.9721851183936,-8.04780120533357));
#1750=CARTESIAN_POINT('Ctrl Pts',(-23.1129541101245,16.3093027444542,-8.04780120533356));
#1751=CARTESIAN_POINT('Ctrl Pts',(-23.1608514875386,19.2229853512541,-8.04780120533358));
#1752=CARTESIAN_POINT('Ctrl Pts',(-23.2105238220765,21.7058488536123,-8.04780120533357));
#1753=CARTESIAN_POINT('Ctrl Pts',(-23.2486958915679,23.3557452576484,-8.04780120533357));
#1754=CARTESIAN_POINT('Ctrl Pts',(-23.3081302429759,25.4119588051418,-8.04780120533357));
#1755=CARTESIAN_POINT('Ctrl Pts',(-23.3931612178773,27.8724631697738,-8.04780120533357));
#1756=CARTESIAN_POINT('Ctrl Pts',(-23.4875628385858,30.334514079421,-8.04780120533357));
#1757=CARTESIAN_POINT('Ctrl Pts',(-23.5999371425782,32.8043946883397,-8.04780120533357));
#1758=CARTESIAN_POINT('Ctrl Pts',(-23.7315117037496,35.2862226367848,-8.04780120533357));
#1759=CARTESIAN_POINT('Ctrl Pts',(-23.8633158663731,37.779930904374,-8.04780120533358));
#1760=CARTESIAN_POINT('Ctrl Pts',(-23.9637299056963,40.281638129623,-8.04780120533357));
#1761=CARTESIAN_POINT('Ctrl Pts',(-24.0092899917723,42.7856547303786,-8.04780120533357));
#1762=CARTESIAN_POINT('Ctrl Pts',(-24.0043644598834,45.2859221055291,-8.04780120533358));
#1763=CARTESIAN_POINT('Ctrl Pts',(-23.9750397889004,47.7767069514516,-8.04780120533357));
#1764=CARTESIAN_POINT('Ctrl Pts',(-23.9540587180022,50.2553627405066,-8.04780120533358));
#1765=CARTESIAN_POINT('Ctrl Pts',(-23.9505963067207,52.7222779617096,-8.04780120533357));
#1766=CARTESIAN_POINT('Ctrl Pts',(-23.9669962807332,56.0039600882885,-8.04780120533357));
#1767=CARTESIAN_POINT('Ctrl Pts',(-24.000281063322,59.2886061010197,-8.04780120533358));
#1768=CARTESIAN_POINT('Ctrl Pts',(-24.0746027856445,62.5967026517477,-8.04780120533357));
#1769=CARTESIAN_POINT('Ctrl Pts',(-24.1293092980785,65.0896825263686,-8.04780120533357));
#1770=CARTESIAN_POINT('Ctrl Pts',(-24.1529070313785,67.5916386018644,-8.04780120533357));
#1771=CARTESIAN_POINT('Ctrl Pts',(-24.110755295604,70.9313947922122,-8.04780120533356));
#1772=CARTESIAN_POINT('Ctrl Pts',(-23.9632656681994,74.2626263495283,-8.04780120533358));
#1773=CARTESIAN_POINT('Ctrl Pts',(-23.8317003738571,77.566472550445,-8.04780120533356));
#1774=CARTESIAN_POINT('Ctrl Pts',(-23.7507701002181,80.0320135986643,-8.04780120533357));
#1775=CARTESIAN_POINT('Ctrl Pts',(-23.6843477737187,82.4949612530773,-8.04780120533357));
#1776=CARTESIAN_POINT('Ctrl Pts',(-23.6196812141023,84.9623630925004,-8.04780120533357));
#1777=CARTESIAN_POINT('Ctrl Pts',(-23.5735828571792,87.440350057247,-8.04780120533357));
#1778=CARTESIAN_POINT('Ctrl Pts',(-23.5399659136842,90.7571964588638,-8.04780120533356));
#1779=CARTESIAN_POINT('Ctrl Pts',(-23.525749472706,94.0882404454502,-8.04780120533358));
#1780=CARTESIAN_POINT('Ctrl Pts',(-23.3959256284835,97.4125112996023,-8.04780120533357));
#1781=CARTESIAN_POINT('Ctrl Pts',(-23.2410678802697,99.9022291949326,-8.04780120533358));
#1782=CARTESIAN_POINT('Ctrl Pts',(-23.0624492624378,102.393160049272,-8.04780120533356));
#1783=CARTESIAN_POINT('Ctrl Pts',(-22.9535327952061,104.058113986829,-8.04780120533357));
#1784=CARTESIAN_POINT('Ctrl Pts',(-22.6502525572398,109.331893752331,-8.04780120533356));
#1785=CARTESIAN_POINT('Ctrl Pts',(-22.3665151880914,113.771309306185,-8.04780120533358));
#1786=CARTESIAN_POINT('Ctrl Pts',(-22.0571583241557,118.210783513026,-8.04780120533357));
#1787=CARTESIAN_POINT('Ctrl Pts',(-23.6197996783009,1.72977205786792,-2.6238482986978E-15));
#1788=CARTESIAN_POINT('Ctrl Pts',(-23.6811181594462,2.99298574602122,-5.2476965973956E-15));
#1789=CARTESIAN_POINT('Ctrl Pts',(-23.7392784997834,4.25630801990458,1.53057817424038E-15));
#1790=CARTESIAN_POINT('Ctrl Pts',(-23.8339432802024,6.34960714173863,-3.9357724480467E-15));
#1791=CARTESIAN_POINT('Ctrl Pts',(-23.9057370998856,8.00848393745695,-1.53057817424038E-15));
#1792=CARTESIAN_POINT('Ctrl Pts',(-24.0135188085332,10.4916949328235,-1.3119241493489E-15));
#1793=CARTESIAN_POINT('Ctrl Pts',(-24.1299428227611,12.9721569911242,-1.3119241493489E-15));
#1794=CARTESIAN_POINT('Ctrl Pts',(-24.3071934092823,16.277110431188,-4.37308049782966E-15));
#1795=CARTESIAN_POINT('Ctrl Pts',(-24.4850056096142,19.1712739230212,8.74616099565933E-16));
#1796=CARTESIAN_POINT('Ctrl Pts',(-24.6219773359859,21.6618148831052,-1.3119241493489E-15));
#1797=CARTESIAN_POINT('Ctrl Pts',(-24.7079872582353,23.3227049260238,-3.06115634848077E-15));
#1798=CARTESIAN_POINT('Ctrl Pts',(-24.8035557593739,25.4037922240181,-8.74616099565933E-16));
#1799=CARTESIAN_POINT('Ctrl Pts',(-24.9019963944201,27.9034557737836,0.));
#1800=CARTESIAN_POINT('Ctrl Pts',(-24.9861201099537,30.4028745396206,-6.5596207467445E-16));
#1801=CARTESIAN_POINT('Ctrl Pts',(-25.0515667798501,32.8981355649681,-1.74923219913187E-15));
#1802=CARTESIAN_POINT('Ctrl Pts',(-25.096406693554,35.3873422200204,-2.6238482986978E-15));
#1803=CARTESIAN_POINT('Ctrl Pts',(-25.1325347767574,37.8708059876498,-1.74923219913187E-15));
#1804=CARTESIAN_POINT('Ctrl Pts',(-25.1744149202921,40.3502506838115,-2.84250232358928E-15));
#1805=CARTESIAN_POINT('Ctrl Pts',(-25.2325549621948,42.8284064786088,-2.18654024891483E-15));
#1806=CARTESIAN_POINT('Ctrl Pts',(-25.3053247506657,45.308663097382,-8.74616099565933E-16));
#1807=CARTESIAN_POINT('Ctrl Pts',(-25.3785531316767,47.793238208435,-2.18654024891483E-15));
#1808=CARTESIAN_POINT('Ctrl Pts',(-25.4402926907751,50.284337816362,-2.18654024891483E-15));
#1809=CARTESIAN_POINT('Ctrl Pts',(-25.4772911121856,52.7804790561734,-2.18654024891483E-15));
#1810=CARTESIAN_POINT('Ctrl Pts',(-25.5071306065659,56.1141194449453,-3.06115634848077E-15));
#1811=CARTESIAN_POINT('Ctrl Pts',(-25.5050956222597,59.4463786405215,-3.9357724480467E-15));
#1812=CARTESIAN_POINT('Ctrl Pts',(-25.4591585929786,62.765541696881,-6.5596207467445E-16));
#1813=CARTESIAN_POINT('Ctrl Pts',(-25.4139023798939,65.2492928097394,-4.37308049782966E-15));
#1814=CARTESIAN_POINT('Ctrl Pts',(-25.3733576034492,67.7289443598201,-8.74616099565933E-16));
#1815=CARTESIAN_POINT('Ctrl Pts',(-25.3403357675176,71.0320757711129,-3.71711842315522E-15));
#1816=CARTESIAN_POINT('Ctrl Pts',(-25.3363561082643,74.339580531658,-3.06115634848077E-15));
#1817=CARTESIAN_POINT('Ctrl Pts',(-25.3094198093894,77.6626337141923,-2.6238482986978E-15));
#1818=CARTESIAN_POINT('Ctrl Pts',(-25.2646053254011,80.1592113418751,-2.18654024891483E-15));
#1819=CARTESIAN_POINT('Ctrl Pts',(-25.2065792772465,82.6586478944989,-4.37308049782966E-16));
#1820=CARTESIAN_POINT('Ctrl Pts',(-25.1328470521751,85.1545977816534,-1.3119241493489E-15));
#1821=CARTESIAN_POINT('Ctrl Pts',(-25.0452182914457,87.6465355088534,-2.40519427380632E-15));
#1822=CARTESIAN_POINT('Ctrl Pts',(-24.892836646578,90.9609861292691,-1.53057817424038E-15));
#1823=CARTESIAN_POINT('Ctrl Pts',(-24.7185700678321,94.2695875741377,-4.37308049782966E-16));
#1824=CARTESIAN_POINT('Ctrl Pts',(-24.5822685098035,97.5814041038046,-2.18654024891483E-15));
#1825=CARTESIAN_POINT('Ctrl Pts',(-24.49794728933,100.066679166623,-2.84250232358928E-15));
#1826=CARTESIAN_POINT('Ctrl Pts',(-24.4172815557226,102.551576610175,-3.71711842315522E-15));
#1827=CARTESIAN_POINT('Ctrl Pts',(-24.3514575016338,104.205803525747,-2.18654024891483E-15));
#1828=CARTESIAN_POINT('Ctrl Pts',(-24.1175814959609,109.430690413383,1.3119241493489E-15));
#1829=CARTESIAN_POINT('Ctrl Pts',(-23.8914515843839,113.829010305487,-3.27981037337225E-15));
#1830=CARTESIAN_POINT('Ctrl Pts',(-23.6382151794889,118.22735760141,-3.06115634848077E-15));
#1831=CARTESIAN_POINT('Ctrl Pts',(-22.0845840160404,1.72225776932917,8.04780120533357));
#1832=CARTESIAN_POINT('Ctrl Pts',(-22.1958842054645,2.97998575148605,8.04780120533357));
#1833=CARTESIAN_POINT('Ctrl Pts',(-22.3041884050013,4.2378149989653,8.04780120533356));
#1834=CARTESIAN_POINT('Ctrl Pts',(-22.4819797849629,6.32202852742372,8.04780120533357));
#1835=CARTESIAN_POINT('Ctrl Pts',(-22.6204249853093,7.97856122627021,8.04780120533356));
#1836=CARTESIAN_POINT('Ctrl Pts',(-22.8138371683733,10.4718747440845,8.04780120533358));
#1837=CARTESIAN_POINT('Ctrl Pts',(-22.970779459964,12.9721851183936,8.04780120533357));
#1838=CARTESIAN_POINT('Ctrl Pts',(-23.1129541101245,16.3093027444542,8.04780120533357));
#1839=CARTESIAN_POINT('Ctrl Pts',(-23.1608514875386,19.2229853512541,8.04780120533357));
#1840=CARTESIAN_POINT('Ctrl Pts',(-23.2105238220765,21.7058488536123,8.04780120533357));
#1841=CARTESIAN_POINT('Ctrl Pts',(-23.2486958915679,23.3557452576484,8.04780120533357));
#1842=CARTESIAN_POINT('Ctrl Pts',(-23.3081302429759,25.4119588051418,8.04780120533357));
#1843=CARTESIAN_POINT('Ctrl Pts',(-23.3931612178773,27.8724631697738,8.04780120533357));
#1844=CARTESIAN_POINT('Ctrl Pts',(-23.4875628385858,30.3345140794211,8.04780120533357));
#1845=CARTESIAN_POINT('Ctrl Pts',(-23.5999371425783,32.8043946883397,8.04780120533357));
#1846=CARTESIAN_POINT('Ctrl Pts',(-23.7315117037496,35.2862226367848,8.04780120533357));
#1847=CARTESIAN_POINT('Ctrl Pts',(-23.8633158663731,37.779930904374,8.04780120533358));
#1848=CARTESIAN_POINT('Ctrl Pts',(-23.9637299056963,40.2816381296231,8.04780120533356));
#1849=CARTESIAN_POINT('Ctrl Pts',(-24.0092899917723,42.7856547303786,8.04780120533357));
#1850=CARTESIAN_POINT('Ctrl Pts',(-24.0043644598834,45.2859221055291,8.04780120533357));
#1851=CARTESIAN_POINT('Ctrl Pts',(-23.9750397889004,47.7767069514517,8.04780120533357));
#1852=CARTESIAN_POINT('Ctrl Pts',(-23.9540587180022,50.2553627405066,8.04780120533357));
#1853=CARTESIAN_POINT('Ctrl Pts',(-23.9505963067207,52.7222779617096,8.04780120533357));
#1854=CARTESIAN_POINT('Ctrl Pts',(-23.9669962807332,56.0039600882885,8.04780120533357));
#1855=CARTESIAN_POINT('Ctrl Pts',(-24.0002810633221,59.2886061010197,8.04780120533357));
#1856=CARTESIAN_POINT('Ctrl Pts',(-24.0746027856445,62.5967026517477,8.04780120533357));
#1857=CARTESIAN_POINT('Ctrl Pts',(-24.1293092980785,65.0896825263686,8.04780120533357));
#1858=CARTESIAN_POINT('Ctrl Pts',(-24.1529070313785,67.5916386018645,8.04780120533358));
#1859=CARTESIAN_POINT('Ctrl Pts',(-24.110755295604,70.9313947922122,8.04780120533356));
#1860=CARTESIAN_POINT('Ctrl Pts',(-23.9632656681994,74.2626263495284,8.04780120533357));
#1861=CARTESIAN_POINT('Ctrl Pts',(-23.8317003738572,77.566472550445,8.04780120533357));
#1862=CARTESIAN_POINT('Ctrl Pts',(-23.7507701002181,80.0320135986643,8.04780120533357));
#1863=CARTESIAN_POINT('Ctrl Pts',(-23.6843477737187,82.4949612530774,8.04780120533357));
#1864=CARTESIAN_POINT('Ctrl Pts',(-23.6196812141023,84.9623630925005,8.04780120533356));
#1865=CARTESIAN_POINT('Ctrl Pts',(-23.5735828571792,87.440350057247,8.04780120533358));
#1866=CARTESIAN_POINT('Ctrl Pts',(-23.5399659136842,90.7571964588639,8.04780120533355));
#1867=CARTESIAN_POINT('Ctrl Pts',(-23.525749472706,94.0882404454502,8.04780120533358));
#1868=CARTESIAN_POINT('Ctrl Pts',(-23.3959256284835,97.4125112996023,8.04780120533356));
#1869=CARTESIAN_POINT('Ctrl Pts',(-23.2410678802697,99.9022291949327,8.04780120533358));
#1870=CARTESIAN_POINT('Ctrl Pts',(-23.0624492624378,102.393160049272,8.04780120533356));
#1871=CARTESIAN_POINT('Ctrl Pts',(-22.9535327952061,104.058113986829,8.04780120533357));
#1872=CARTESIAN_POINT('Ctrl Pts',(-22.6502525572398,109.331893752331,8.04780120533356));
#1873=CARTESIAN_POINT('Ctrl Pts',(-22.3665151880914,113.771309306185,8.04780120533358));
#1874=CARTESIAN_POINT('Ctrl Pts',(-22.0571583241557,118.210783513026,8.04780120533357));
#1875=CARTESIAN_POINT('Ctrl Pts',(-17.2123218343181,1.7013847456104,15.6372652561359));
#1876=CARTESIAN_POINT('Ctrl Pts',(-17.4624525447773,2.94387556586114,15.6372652561359));
#1877=CARTESIAN_POINT('Ctrl Pts',(-17.7100646684377,4.18644416275087,15.637265256136));
#1878=CARTESIAN_POINT('Ctrl Pts',(-18.1187375286174,6.24542276969927,15.6372652561359));
#1879=CARTESIAN_POINT('Ctrl Pts',(-18.4423388967985,7.89543830100732,15.637265256136));
#1880=CARTESIAN_POINT('Ctrl Pts',(-18.8736022181136,10.4168224790526,15.637265256136));
#1881=CARTESIAN_POINT('Ctrl Pts',(-19.1431018986814,12.9722603144749,15.637265256136));
#1882=CARTESIAN_POINT('Ctrl Pts',(-19.1878487830768,16.3987266611294,15.637265256136));
#1883=CARTESIAN_POINT('Ctrl Pts',(-18.8748767820257,19.3666485348246,15.637265256136));
#1884=CARTESIAN_POINT('Ctrl Pts',(-18.6820503493135,21.828152163062,15.637265256136));
#1885=CARTESIAN_POINT('Ctrl Pts',(-18.5873336021454,23.4475307448777,15.637265256136));
#1886=CARTESIAN_POINT('Ctrl Pts',(-18.5463940787285,25.4346380542081,15.637265256136));
#1887=CARTESIAN_POINT('Ctrl Pts',(-18.5941744853716,27.786374051986,15.637265256136));
#1888=CARTESIAN_POINT('Ctrl Pts',(-18.7171260572935,30.1446220388169,15.637265256136));
#1889=CARTESIAN_POINT('Ctrl Pts',(-18.9598547716102,32.5440029805219,15.637265256136));
#1890=CARTESIAN_POINT('Ctrl Pts',(-19.3323811752068,35.0053376099867,15.637265256136));
#1891=CARTESIAN_POINT('Ctrl Pts',(-19.7299457678111,37.527502002084,15.637265256136));
#1892=CARTESIAN_POINT('Ctrl Pts',(-19.9929420577027,40.0910491542268,15.637265256136));
#1893=CARTESIAN_POINT('Ctrl Pts',(-20.0035613784025,42.6669035542634,15.637265256136));
#1894=CARTESIAN_POINT('Ctrl Pts',(-19.782820338845,45.2227541095832,15.637265256136));
#1895=CARTESIAN_POINT('Ctrl Pts',(-19.4686514721089,47.7307943402085,15.637265256136));
#1896=CARTESIAN_POINT('Ctrl Pts',(-19.2178464206145,50.1748809746394,15.637265256136));
#1897=CARTESIAN_POINT('Ctrl Pts',(-19.1020476407279,52.560626235852,15.637265256136));
#1898=CARTESIAN_POINT('Ctrl Pts',(-19.0810743018401,55.6979644153839,15.637265256136));
#1899=CARTESIAN_POINT('Ctrl Pts',(-19.2124502257968,58.8503341500038,15.637265256136));
#1900=CARTESIAN_POINT('Ctrl Pts',(-19.6208231886509,62.1277001282468,15.637265256136));
#1901=CARTESIAN_POINT('Ctrl Pts',(-19.9532058512135,64.6463161548555,15.637265256136));
#1902=CARTESIAN_POINT('Ctrl Pts',(-20.1549731902961,67.2102222508629,15.637265256136));
#1903=CARTESIAN_POINT('Ctrl Pts',(-20.0874756696517,70.6517276578078,15.637265256136));
#1904=CARTESIAN_POINT('Ctrl Pts',(-19.5413964654552,74.0488785035259,15.6372652561359));
#1905=CARTESIAN_POINT('Ctrl Pts',(-19.1191182260467,77.2993467338555,15.637265256136));
#1906=CARTESIAN_POINT('Ctrl Pts',(-18.9379121148883,79.6786934528749,15.6372652561359));
#1907=CARTESIAN_POINT('Ctrl Pts',(-18.8481254298507,82.0402704995039,15.637265256136));
#1908=CARTESIAN_POINT('Ctrl Pts',(-18.8086918512823,84.4283846020825,15.6372652561359));
#1909=CARTESIAN_POINT('Ctrl Pts',(-18.8778992556082,86.8676064790534,15.637265256136));
#1910=CARTESIAN_POINT('Ctrl Pts',(-19.1742771684593,90.1911242356844,15.637265256136));
#1911=CARTESIAN_POINT('Ctrl Pts',(-19.6045953348144,93.584500267458,15.637265256136));
#1912=CARTESIAN_POINT('Ctrl Pts',(-19.4927382119052,96.9433615160851,15.637265256136));
#1913=CARTESIAN_POINT('Ctrl Pts',(-19.1419576605874,99.4454234360099,15.637265256136));
#1914=CARTESIAN_POINT('Ctrl Pts',(-18.69124269584,101.953112054064,15.6372652561359));
#1915=CARTESIAN_POINT('Ctrl Pts',(-18.4626415195816,103.647866189611,15.6372652561359));
#1916=CARTESIAN_POINT('Ctrl Pts',(-17.9665427970747,109.057455298275,15.637265256136));
#1917=CARTESIAN_POINT('Ctrl Pts',(-17.5227979120737,113.611027672269,15.6372652561359));
#1918=CARTESIAN_POINT('Ctrl Pts',(-17.0575594950092,118.164744378627,15.6372652561359));
#1919=CARTESIAN_POINT('Ctrl Pts',(-11.0270659550679,1.67689373111372,19.3418550704526));
#1920=CARTESIAN_POINT('Ctrl Pts',(-11.4400907199555,2.90150633241567,19.3418550704526));
#1921=CARTESIAN_POINT('Ctrl Pts',(-11.8511585634014,4.12616897351295,19.3418550704526));
#1922=CARTESIAN_POINT('Ctrl Pts',(-12.5307309176458,6.15553876494721,19.3418550704526));
#1923=CARTESIAN_POINT('Ctrl Pts',(-13.0715829429201,7.79790716197301,19.3418550704526));
#1924=CARTESIAN_POINT('Ctrl Pts',(-13.7819243002929,10.3522280352282,19.3418550704526));
#1925=CARTESIAN_POINT('Ctrl Pts',(-14.1834916882177,12.9723483800295,19.3418550704526));
#1926=CARTESIAN_POINT('Ctrl Pts',(-14.1139236295934,16.5036507695606,19.3418550704526));
#1927=CARTESIAN_POINT('Ctrl Pts',(-13.3775318453175,19.5352144761951,19.3418550704526));
#1928=CARTESIAN_POINT('Ctrl Pts',(-12.9001735001068,21.9716539687588,19.3418550704526));
#1929=CARTESIAN_POINT('Ctrl Pts',(-12.6495335444696,23.5552260970313,19.3418550704526));
#1930=CARTESIAN_POINT('Ctrl Pts',(-12.4908219386109,25.4612480537214,19.3418550704526));
#1931=CARTESIAN_POINT('Ctrl Pts',(-12.494894927069,27.6853629016571,19.3418550704526));
#1932=CARTESIAN_POINT('Ctrl Pts',(-12.6513451204434,29.9218152728413,19.3418550704526));
#1933=CARTESIAN_POINT('Ctrl Pts',(-13.0470230023197,32.2384766885015,19.3418550704526));
#1934=CARTESIAN_POINT('Ctrl Pts',(-13.7022674823407,34.6757659967879,19.3418550704526));
#1935=CARTESIAN_POINT('Ctrl Pts',(-14.4116572842018,37.2313188623582,19.3418550704526));
#1936=CARTESIAN_POINT('Ctrl Pts',(-14.8654160808724,39.8674248378613,19.3418550704526));
#1937=CARTESIAN_POINT('Ctrl Pts',(-14.8350384361923,42.5275690472171,19.3418550704526));
#1938=CARTESIAN_POINT('Ctrl Pts',(-14.3610741381633,45.1486370742575,19.3418550704526));
#1939=CARTESIAN_POINT('Ctrl Pts',(-13.7126895049846,47.6769239660156,19.3418550704526));
#1940=CARTESIAN_POINT('Ctrl Pts',(-13.1922218247519,50.0804492913754,19.3418550704526));
#1941=CARTESIAN_POINT('Ctrl Pts',(-12.9446181123496,52.3709558853162,19.3418550704526));
#1942=CARTESIAN_POINT('Ctrl Pts',(-12.8797911041983,55.3389296348735,19.3418550704526));
#1943=CARTESIAN_POINT('Ctrl Pts',(-13.1262595510484,58.3360942258691,19.3418550704526));
#1944=CARTESIAN_POINT('Ctrl Pts',(-13.9265859219722,61.5774035439048,19.3418550704526));
#1945=CARTESIAN_POINT('Ctrl Pts',(-14.5847753745492,64.1260993615615,19.3418550704526));
#1946=CARTESIAN_POINT('Ctrl Pts',(-14.9955948250744,66.7626930896043,19.3418550704526));
#1947=CARTESIAN_POINT('Ctrl Pts',(-14.898359093599,70.3235850129623,19.3418550704526));
#1948=CARTESIAN_POINT('Ctrl Pts',(-13.8846042115338,73.7980818027255,19.3418550704526));
#1949=CARTESIAN_POINT('Ctrl Pts',(-13.1212184761296,76.9859184660236,19.3418550704526));
#1950=CARTESIAN_POINT('Ctrl Pts',(-12.8223579493161,79.2641315362626,19.3418550704526));
#1951=CARTESIAN_POINT('Ctrl Pts',(-12.7051547652603,81.5067663659485,19.3418550704526));
#1952=CARTESIAN_POINT('Ctrl Pts',(-12.6953307192102,83.8018502187233,19.3418550704526));
#1953=CARTESIAN_POINT('Ctrl Pts',(-12.8998270516009,86.1955869990995,19.3418550704526));
#1954=CARTESIAN_POINT('Ctrl Pts',(-13.5834041365715,89.5269333985445,19.3418550704526));
#1955=CARTESIAN_POINT('Ctrl Pts',(-14.5353068230725,92.9934452287535,19.3418550704526));
#1956=CARTESIAN_POINT('Ctrl Pts',(-14.4445291438942,96.3928922627183,19.3418550704526));
#1957=CARTESIAN_POINT('Ctrl Pts',(-13.8638665092996,98.9094379964011,19.3418550704526));
#1958=CARTESIAN_POINT('Ctrl Pts',(-13.093891550493,101.436788961332,19.3418550704526));
#1959=CARTESIAN_POINT('Ctrl Pts',(-12.7248612369982,103.166508825884,19.3418550704526));
#1960=CARTESIAN_POINT('Ctrl Pts',(-12.0025205366768,108.735447328093,19.3418550704526));
#1961=CARTESIAN_POINT('Ctrl Pts',(-11.3710342395587,113.422963827924,19.3418550704526));
#1962=CARTESIAN_POINT('Ctrl Pts',(-10.7228952827812,118.110725127598,19.3418550704526));
#1963=CARTESIAN_POINT('Ctrl Pts',(-5.92919289136059,1.65713393532662,20.3836085857544));
#1964=CARTESIAN_POINT('Ctrl Pts',(-6.47360602829659,2.86732658295166,20.3836085857544));
#1965=CARTESIAN_POINT('Ctrl Pts',(-7.01664934373143,4.07753123538987,20.3836085857544));
#1966=CARTESIAN_POINT('Ctrl Pts',(-7.91466056756242,6.08302618226691,20.3836085857544));
#1967=CARTESIAN_POINT('Ctrl Pts',(-8.63086110299341,7.71919600606291,20.3836085857544));
#1968=CARTESIAN_POINT('Ctrl Pts',(-9.56631165114403,10.3001309987832,20.3836085857544));
#1969=CARTESIAN_POINT('Ctrl Pts',(-10.0744665185537,12.972404863541,20.3836085857544));
#1970=CARTESIAN_POINT('Ctrl Pts',(-9.91269384338693,16.588309539327,20.3836085857544));
#1971=CARTESIAN_POINT('Ctrl Pts',(-8.83470474113709,19.6713174402138,20.3836085857544));
#1972=CARTESIAN_POINT('Ctrl Pts',(-8.12777860921392,22.0873679409817,20.3836085857544));
#1973=CARTESIAN_POINT('Ctrl Pts',(-7.75130772661789,23.6421503597677,20.3836085857544));
#1974=CARTESIAN_POINT('Ctrl Pts',(-7.49756932488283,25.4826891998618,20.3836085857544));
#1975=CARTESIAN_POINT('Ctrl Pts',(-7.46637086715696,27.60387246085,20.3836085857544));
#1976=CARTESIAN_POINT('Ctrl Pts',(-7.64984942266183,29.7420414242254,20.3836085857544));
#1977=CARTESIAN_POINT('Ctrl Pts',(-8.16892883434736,31.9919706157832,20.3836085857544));
#1978=CARTESIAN_POINT('Ctrl Pts',(-9.05238591973823,34.4098750507678,20.3836085857544));
#1979=CARTESIAN_POINT('Ctrl Pts',(-10.013329918294,36.9923622744865,20.3836085857544));
#1980=CARTESIAN_POINT('Ctrl Pts',(-10.620940284719,39.6870078852146,20.3836085857544));
#1981=CARTESIAN_POINT('Ctrl Pts',(-10.5575031954749,42.4151697001597,20.3836085857544));
#1982=CARTESIAN_POINT('Ctrl Pts',(-9.87925772626459,45.0888451800641,20.3836085857544));
#1983=CARTESIAN_POINT('Ctrl Pts',(-8.96134777830592,47.6334978294463,20.3836085857544));
#1984=CARTESIAN_POINT('Ctrl Pts',(-8.22309073852782,50.0042827064791,20.3836085857544));
#1985=CARTESIAN_POINT('Ctrl Pts',(-7.86941658282728,52.2180156490502,20.3836085857544));
#1986=CARTESIAN_POINT('Ctrl Pts',(-7.76900257978524,55.0492664538444,20.3836085857544));
#1987=CARTESIAN_POINT('Ctrl Pts',(-8.10823385815451,57.9211221627265,20.3836085857544));
#1988=CARTESIAN_POINT('Ctrl Pts',(-9.22479115966213,61.1333885629324,20.3836085857544));
#1989=CARTESIAN_POINT('Ctrl Pts',(-10.1458569475209,63.7063567905998,20.3836085857544));
#1990=CARTESIAN_POINT('Ctrl Pts',(-10.7253234271477,66.4015615034484,20.3836085857544));
#1991=CARTESIAN_POINT('Ctrl Pts',(-10.6041690594302,70.0588447361587,20.3836085857544));
#1992=CARTESIAN_POINT('Ctrl Pts',(-9.21332926551068,73.595802818952,20.3836085857544));
#1993=CARTESIAN_POINT('Ctrl Pts',(-8.1743503619914,76.7329818937884,20.3836085857544));
#1994=CARTESIAN_POINT('Ctrl Pts',(-7.78079145003293,78.9296897862954,20.3836085857544));
#1995=CARTESIAN_POINT('Ctrl Pts',(-7.64126282447618,81.076297543384,20.3836085857544));
#1996=CARTESIAN_POINT('Ctrl Pts',(-7.65557933354102,83.2963844271302,20.3836085857544));
#1997=CARTESIAN_POINT('Ctrl Pts',(-7.96894892861069,85.6533586269425,20.3836085857544));
#1998=CARTESIAN_POINT('Ctrl Pts',(-8.96538650769922,88.9911027573056,20.3836085857544));
#1999=CARTESIAN_POINT('Ctrl Pts',(-10.3378693106861,92.5165804406402,20.3836085857544));
#2000=CARTESIAN_POINT('Ctrl Pts',(-10.2639652484081,95.948748247595,20.3836085857544));
#2001=CARTESIAN_POINT('Ctrl Pts',(-9.49788911401359,98.4769937987596,20.3836085857544));
#2002=CARTESIAN_POINT('Ctrl Pts',(-8.47030455991595,101.020200211376,20.3836085857544));
#2003=CARTESIAN_POINT('Ctrl Pts',(-7.98805506045437,102.778145529328,20.3836085857544));
#2004=CARTESIAN_POINT('Ctrl Pts',(-7.08303451969061,108.475629140159,20.3836085857544));
#2005=CARTESIAN_POINT('Ctrl Pts',(-6.30014055594288,113.271225136739,20.3836085857544));
#2006=CARTESIAN_POINT('Ctrl Pts',(-5.50447685951231,118.0671414137,20.3836085857544));
#2007=CARTESIAN_POINT('Ctrl Pts',(-0.743944108708452,1.6370958325566,20.7432489358163));
#2008=CARTESIAN_POINT('Ctrl Pts',(-1.42160558023073,2.83266429367133,20.7432489358163));
#2009=CARTESIAN_POINT('Ctrl Pts',(-2.09845895795801,4.02821012133039,20.7432489358163));
#2010=CARTESIAN_POINT('Ctrl Pts',(-3.21801774658828,6.0094904202166,20.7432489358163));
#2011=CARTESIAN_POINT('Ctrl Pts',(-4.1120197289223,7.63938158210948,20.7432489358163));
#2012=CARTESIAN_POINT('Ctrl Pts',(-5.27576409612297,10.2472954452865,20.7432489358163));
#2013=CARTESIAN_POINT('Ctrl Pts',(-5.89199942369405,12.972465801987,20.7432489358163));
#2014=CARTESIAN_POINT('Ctrl Pts',(-5.63671675462006,16.6741596585019,20.7432489358163));
#2015=CARTESIAN_POINT('Ctrl Pts',(-4.21231270935515,19.8093120049081,20.7432489358163));
#2016=CARTESIAN_POINT('Ctrl Pts',(-3.27258601086308,22.2047282379963,20.7432489358163));
#2017=CARTESIAN_POINT('Ctrl Pts',(-2.76851928080265,23.7302904448392,20.7432489358163));
#2018=CARTESIAN_POINT('Ctrl Pts',(-2.41841721941094,25.5044394383932,20.7432489358163));
#2019=CARTESIAN_POINT('Ctrl Pts',(-2.35145241998014,27.5212324609793,20.7432489358163));
#2020=CARTESIAN_POINT('Ctrl Pts',(-2.56233975120662,29.5597378851516,20.7432489358163));
#2021=CARTESIAN_POINT('Ctrl Pts',(-3.20655890303317,31.7419931051002,20.7432489358163));
#2022=CARTESIAN_POINT('Ctrl Pts',(-4.32141509627768,34.1402357902093,20.7432489358163));
#2023=CARTESIAN_POINT('Ctrl Pts',(-5.53746435880672,36.750037751323,20.7432489358163));
#2024=CARTESIAN_POINT('Ctrl Pts',(-6.30110805992372,39.5040480373661,20.7432489358163));
#2025=CARTESIAN_POINT('Ctrl Pts',(-6.20414146635506,42.3011826756883,20.7432489358163));
#2026=CARTESIAN_POINT('Ctrl Pts',(-5.31873160888358,45.0282093688622,20.7432489358163));
#2027=CARTESIAN_POINT('Ctrl Pts',(-4.12746855691253,47.5894506481208,20.7432489358163));
#2028=CARTESIAN_POINT('Ctrl Pts',(-3.1684101219265,49.927037672796,20.7432489358163));
#2029=CARTESIAN_POINT('Ctrl Pts',(-2.70710321138158,52.0628989077441,20.7432489358163));
#2030=CARTESIAN_POINT('Ctrl Pts',(-2.57065249239899,54.7555203430021,20.7432489358163));
#2031=CARTESIAN_POINT('Ctrl Pts',(-3.00397721039736,57.5003239947902,20.7432489358163));
#2032=CARTESIAN_POINT('Ctrl Pts',(-4.44122045554641,60.6831263027276,20.7432489358163));
#2033=CARTESIAN_POINT('Ctrl Pts',(-5.62886267784001,63.2807079293326,20.7432489358163));
#2034=CARTESIAN_POINT('Ctrl Pts',(-6.37935652409625,66.0353578540168,20.7432489358163));
#2035=CARTESIAN_POINT('Ctrl Pts',(-6.23392787730171,69.7903729161642,20.7432489358163));
#2036=CARTESIAN_POINT('Ctrl Pts',(-4.46063074848719,73.390657666834,20.7432489358163));
#2037=CARTESIAN_POINT('Ctrl Pts',(-3.14227288884624,76.476497138016,20.7432489358163));
#2038=CARTESIAN_POINT('Ctrl Pts',(-2.65262471152458,78.5905289635017,20.7432489358163));
#2039=CARTESIAN_POINT('Ctrl Pts',(-2.49050776976232,80.6397728092884,20.7432489358163));
#2040=CARTESIAN_POINT('Ctrl Pts',(-2.52924178653622,82.783790974682,20.7432489358163));
#2041=CARTESIAN_POINT('Ctrl Pts',(-2.95308847456833,85.1035009808399,20.7432489358163));
#2042=CARTESIAN_POINT('Ctrl Pts',(-4.26667720349503,88.4477124958274,20.7432489358163));
#2043=CARTESIAN_POINT('Ctrl Pts',(-6.06572501122654,92.0329969454462,20.7432489358163));
#2044=CARTESIAN_POINT('Ctrl Pts',(-6.00896579421051,95.4983525542411,20.7432489358163));
#2045=CARTESIAN_POINT('Ctrl Pts',(-5.05484974643494,98.0384591893527,20.7432489358163));
#2046=CARTESIAN_POINT('Ctrl Pts',(-3.76603352877643,100.597746498572,20.7432489358163));
#2047=CARTESIAN_POINT('Ctrl Pts',(-3.16894971265006,102.384311177719,20.7432489358163));
#2048=CARTESIAN_POINT('Ctrl Pts',(-2.07871246889689,108.212155635928,20.7432489358163));
#2049=CARTESIAN_POINT('Ctrl Pts',(-1.14226187997463,113.11735062772,20.7432489358163));
#2050=CARTESIAN_POINT('Ctrl Pts',(-0.196984895332918,118.022943844676,20.7432489358163));
#2051=CARTESIAN_POINT('Ctrl Pts',(5.29507096998107,1.61371804599158,19.0584606256411));
#2052=CARTESIAN_POINT('Ctrl Pts',(4.46181441426163,2.79220825044545,19.0584606256411));
#2053=CARTESIAN_POINT('Ctrl Pts',(3.62920580512882,3.97069329561842,19.0584606256411));
#2054=CARTESIAN_POINT('Ctrl Pts',(2.25070246943109,5.92367109195872,19.0584606256411));
#2055=CARTESIAN_POINT('Ctrl Pts',(1.14951218274821,7.54634335623468,19.0584606256411));
#2056=CARTESIAN_POINT('Ctrl Pts',(-0.28078217741916,10.1855839578852,19.0584606256411));
#2057=CARTESIAN_POINT('Ctrl Pts',(-1.02298991350301,12.972590763377,19.0584606256411));
#2058=CARTESIAN_POINT('Ctrl Pts',(-0.658513320931294,16.7743030040718,19.0584606256411));
#2059=CARTESIAN_POINT('Ctrl Pts',(1.1701356291802,19.9699326204476,19.0584606256411));
#2060=CARTESIAN_POINT('Ctrl Pts',(2.38145460923337,22.3418922096767,19.0584606256411));
#2061=CARTESIAN_POINT('Ctrl Pts',(3.03427502659314,23.8329959672522,19.0584606256411));
#2062=CARTESIAN_POINT('Ctrl Pts',(3.49677866223655,25.5299192942546,19.0584606256411));
#2063=CARTESIAN_POINT('Ctrl Pts',(3.60544310692354,27.424792537799,19.0584606256411));
#2064=CARTESIAN_POINT('Ctrl Pts',(3.36258280927566,29.3470848028035,19.0584606256411));
#2065=CARTESIAN_POINT('Ctrl Pts',(2.5723649296681,31.4503597203005,19.0584606256411));
#2066=CARTESIAN_POINT('Ctrl Pts',(1.18795173353102,33.8256070221355,19.0584606256411));
#2067=CARTESIAN_POINT('Ctrl Pts',(-0.325838839830159,36.4672912221154,19.0584606256411));
#2068=CARTESIAN_POINT('Ctrl Pts',(-1.27173989827631,39.2905682181587,19.0584606256411));
#2069=CARTESIAN_POINT('Ctrl Pts',(-1.13559028406454,42.1681302778099,19.0584606256411));
#2070=CARTESIAN_POINT('Ctrl Pts',(-0.00840006243136344,44.9574414219261,
19.0584606256411));
#2071=CARTESIAN_POINT('Ctrl Pts',(1.50224095300659,47.5379237682577,19.0584606256411));
#2072=CARTESIAN_POINT('Ctrl Pts',(2.71808522746981,49.8368348570045,19.0584606256411));
#2073=CARTESIAN_POINT('Ctrl Pts',(3.30596997399803,51.8815993932153,19.0584606256411));
#2074=CARTESIAN_POINT('Ctrl Pts',(3.48370538196955,54.4127699329486,19.0584606256411));
#2075=CARTESIAN_POINT('Ctrl Pts',(2.94025038720824,57.0096661823865,19.0584606256411));
#2076=CARTESIAN_POINT('Ctrl Pts',(1.12885799249001,60.1579153195917,19.0584606256411));
#2077=CARTESIAN_POINT('Ctrl Pts',(-0.369754970797792,62.7841996834604,19.0584606256411));
#2078=CARTESIAN_POINT('Ctrl Pts',(-1.31985474643174,65.6083307173311,19.0584606256411));
#2079=CARTESIAN_POINT('Ctrl Pts',(-1.14582994938371,69.4771144750822,19.0584606256411));
#2080=CARTESIAN_POINT('Ctrl Pts',(1.07457074438592,73.1510689332995,19.0584606256411));
#2081=CARTESIAN_POINT('Ctrl Pts',(2.71746044904872,76.1774754700446,19.0584606256411));
#2082=CARTESIAN_POINT('Ctrl Pts',(3.32005328787952,78.19471436676,19.0584606256411));
#2083=CARTESIAN_POINT('Ctrl Pts',(3.50776417828065,80.1305974295709,19.0584606256411));
#2084=CARTESIAN_POINT('Ctrl Pts',(3.44147124698553,82.1856412730165,19.0584606256411));
#2085=CARTESIAN_POINT('Ctrl Pts',(2.88769826409527,84.4621144063228,19.0584606256411));
#2086=CARTESIAN_POINT('Ctrl Pts',(1.20580488861908,87.8135701015343,19.0584606256411));
#2087=CARTESIAN_POINT('Ctrl Pts',(-1.09180332286908,91.4687823211122,19.0584606256411));
#2088=CARTESIAN_POINT('Ctrl Pts',(-1.05554060461916,94.9729478975103,19.0584606256411));
#2089=CARTESIAN_POINT('Ctrl Pts',(0.118175493190451,97.5268406536881,19.0584606256411));
#2090=CARTESIAN_POINT('Ctrl Pts',(1.7116701922298,100.104920403242,19.0584606256411));
#2091=CARTESIAN_POINT('Ctrl Pts',(2.44302905513341,101.924820847256,19.0584606256411));
#2092=CARTESIAN_POINT('Ctrl Pts',(3.74882116131204,107.904830156782,19.0584606256411));
#2093=CARTESIAN_POINT('Ctrl Pts',(4.86466338278615,112.937850192646,19.0584606256411));
#2094=CARTESIAN_POINT('Ctrl Pts',(5.98464722847174,117.971380014149,19.0584606256411));
#2095=CARTESIAN_POINT('Ctrl Pts',(11.5085134518025,1.58867041752906,14.1112916451325));
#2096=CARTESIAN_POINT('Ctrl Pts',(10.5087365374573,2.74888521404156,14.1112916451325));
#2097=CARTESIAN_POINT('Ctrl Pts',(9.50876237856683,3.90903483409465,14.1112916451325));
#2098=CARTESIAN_POINT('Ctrl Pts',(7.85346102899422,5.83175936293011,14.1112916451325));
#2099=CARTESIAN_POINT('Ctrl Pts',(6.52994767322054,7.44655262328085,14.1112916451325));
#2100=CARTESIAN_POINT('Ctrl Pts',(4.81434588698454,10.1195597368527,14.1112916451325));
#2101=CARTESIAN_POINT('Ctrl Pts',(3.93700249334233,12.9726513779052,14.1112916451325));
#2102=CARTESIAN_POINT('Ctrl Pts',(4.41833800369796,16.8816200221867,14.1112916451325));
#2103=CARTESIAN_POINT('Ctrl Pts',(6.67997844225078,20.1425335741874,14.1112916451325));
#2104=CARTESIAN_POINT('Ctrl Pts',(8.18230055078766,22.488522213524,14.1112916451325));
#2105=CARTESIAN_POINT('Ctrl Pts',(8.99464701055274,23.9432070557151,14.1112916451325));
#2106=CARTESIAN_POINT('Ctrl Pts',(9.57761177597279,25.5570768867779,14.1112916451325));
#2107=CARTESIAN_POINT('Ctrl Pts',(9.73099216393806,27.3215002180769,14.1112916451325));
#2108=CARTESIAN_POINT('Ctrl Pts',(9.45386975903721,29.119195448849,14.1112916451325));
#2109=CARTESIAN_POINT('Ctrl Pts',(8.5072278871406,31.1378857972992,14.1112916451325));
#2110=CARTESIAN_POINT('Ctrl Pts',(6.83344778166939,33.4885722815259,14.1112916451325));
#2111=CARTESIAN_POINT('Ctrl Pts',(5.00080985609041,36.1643955576612,14.1112916451325));
#2112=CARTESIAN_POINT('Ctrl Pts',(3.85993023010588,39.0618761096608,14.1112916451325));
#2113=CARTESIAN_POINT('Ctrl Pts',(4.03797287374861,42.0256660039651,14.1112916451325));
#2114=CARTESIAN_POINT('Ctrl Pts',(5.42409299634215,44.8816542159214,14.1112916451325));
#2115=CARTESIAN_POINT('Ctrl Pts',(7.27629079224927,47.482904795695,14.1112916451325));
#2116=CARTESIAN_POINT('Ctrl Pts',(8.76837243874865,49.740302714327,14.1112916451325));
#2117=CARTESIAN_POINT('Ctrl Pts',(9.49050747766466,51.6877987771523,14.1112916451325));
#2118=CARTESIAN_POINT('Ctrl Pts',(9.71350775957633,54.0456007581608,14.1112916451325));
#2119=CARTESIAN_POINT('Ctrl Pts',(9.05253838528253,56.4835895097961,14.1112916451325));
#2120=CARTESIAN_POINT('Ctrl Pts',(6.84029305200468,59.5950600587566,14.1112916451325));
#2121=CARTESIAN_POINT('Ctrl Pts',(5.00844940780947,62.2521148957727,14.1112916451325));
#2122=CARTESIAN_POINT('Ctrl Pts',(3.84458679813714,65.1505153690146,14.1112916451325));
#2123=CARTESIAN_POINT('Ctrl Pts',(4.04887467999646,69.1415366340939,14.1112916451325));
#2124=CARTESIAN_POINT('Ctrl Pts',(6.74708612610937,72.8947104882669,14.1112916451325));
#2125=CARTESIAN_POINT('Ctrl Pts',(8.73960686108395,75.8568087120043,14.1112916451325));
#2126=CARTESIAN_POINT('Ctrl Pts',(9.46206851061593,77.7708000116632,14.1112916451325));
#2127=CARTESIAN_POINT('Ctrl Pts',(9.6782340469835,79.5849116242734,14.1112916451325));
#2128=CARTESIAN_POINT('Ctrl Pts',(9.58115114101732,81.5449352750324,14.1112916451325));
#2129=CARTESIAN_POINT('Ctrl Pts',(8.8895811267372,83.7747594178892,14.1112916451325));
#2130=CARTESIAN_POINT('Ctrl Pts',(6.81075634249612,87.1343863125651,14.1112916451325));
#2131=CARTESIAN_POINT('Ctrl Pts',(3.98020218209726,90.8643127378251,14.1112916451325));
#2132=CARTESIAN_POINT('Ctrl Pts',(3.99517657993859,94.4099368214189,14.1112916451325));
#2133=CARTESIAN_POINT('Ctrl Pts',(5.40387898218245,96.9786708971198,14.1112916451325));
#2134=CARTESIAN_POINT('Ctrl Pts',(7.32393977361867,99.5768426996629,14.1112916451325));
#2135=CARTESIAN_POINT('Ctrl Pts',(8.19875439744581,101.432532794902,14.1112916451325));
#2136=CARTESIAN_POINT('Ctrl Pts',(9.7362208376996,107.575470866749,14.1112916451325));
#2137=CARTESIAN_POINT('Ctrl Pts',(11.0439388743108,112.745501330094,14.1112916451325));
#2138=CARTESIAN_POINT('Ctrl Pts',(12.3508936872023,117.916133052869,14.1112916451325));
#2139=CARTESIAN_POINT('Ctrl Pts',(15.4122670109357,1.57197199855405,8.05088346474307));
#2140=CARTESIAN_POINT('Ctrl Pts',(14.3013245408665,2.71998488331907,8.05088346474308));
#2141=CARTESIAN_POINT('Ctrl Pts',(13.1901640168568,3.86795601217136,8.05088346474306));
#2142=CARTESIAN_POINT('Ctrl Pts',(11.3498130062958,5.77045462588778,8.05088346474308));
#2143=CARTESIAN_POINT('Ctrl Pts',(9.87835462826504,7.38011160159518,8.05088346474306));
#2144=CARTESIAN_POINT('Ctrl Pts',(7.97232083322246,10.0754668730715,8.05088346474308));
#2145=CARTESIAN_POINT('Ctrl Pts',(7.0050201011799,12.9727508155469,8.05088346474308));
#2146=CARTESIAN_POINT('Ctrl Pts',(7.56436996673007,16.9531481246991,8.05088346474307));
#2147=CARTESIAN_POINT('Ctrl Pts',(10.1147745557505,20.2571920888995,8.05088346474307));
#2148=CARTESIAN_POINT('Ctrl Pts',(11.8110895676007,22.5865425184249,8.05088346474308));
#2149=CARTESIAN_POINT('Ctrl Pts',(12.7296682262329,24.0165446010663,8.05088346474307));
#2150=CARTESIAN_POINT('Ctrl Pts',(13.3929155415182,25.5752965465191,8.05088346474308));
#2151=CARTESIAN_POINT('Ctrl Pts',(13.5760761456423,27.2526095337794,8.05088346474307));
#2152=CARTESIAN_POINT('Ctrl Pts',(13.2761166518834,28.9673068870208,8.05088346474308));
#2153=CARTESIAN_POINT('Ctrl Pts',(12.2251895276351,30.9295775679405,8.05088346474307));
#2154=CARTESIAN_POINT('Ctrl Pts',(10.3589459259182,33.2638280681442,8.05088346474308));
#2155=CARTESIAN_POINT('Ctrl Pts',(8.31361324121037,35.9624272152367,8.05088346474308));
#2156=CARTESIAN_POINT('Ctrl Pts',(7.04250850347458,38.9093854857614,8.05088346474308));
#2157=CARTESIAN_POINT('Ctrl Pts',(7.24855135266528,41.9306158141975,8.05088346474308));
#2158=CARTESIAN_POINT('Ctrl Pts',(8.807388474502,44.8311007374114,8.05088346474308));
#2159=CARTESIAN_POINT('Ctrl Pts',(10.8878014518505,47.4460737079589,8.05088346474307));
#2160=CARTESIAN_POINT('Ctrl Pts',(12.5631473903607,49.6758563313315,8.05088346474308));
#2161=CARTESIAN_POINT('Ctrl Pts',(13.3758853341098,51.5582367649052,8.05088346474307));
#2162=CARTESIAN_POINT('Ctrl Pts',(13.6282314078043,53.8007702277331,8.05088346474309));
#2163=CARTESIAN_POINT('Ctrl Pts',(12.8885305395943,56.1331713068369,8.05088346474306));
#2164=CARTESIAN_POINT('Ctrl Pts',(10.4090328754378,59.2199273068408,8.05088346474309));
#2165=CARTESIAN_POINT('Ctrl Pts',(8.35507390630747,61.8974816622263,8.05088346474307));
#2166=CARTESIAN_POINT('Ctrl Pts',(7.04862164822716,64.8455357565745,8.05088346474309));
#2167=CARTESIAN_POINT('Ctrl Pts',(7.27338753905003,68.9177727966676,8.05088346474306));
#2168=CARTESIAN_POINT('Ctrl Pts',(10.291129384562,72.7235279199587,8.05088346474309));
#2169=CARTESIAN_POINT('Ctrl Pts',(12.515192072383,75.6432615947503,8.05088346474307));
#2170=CARTESIAN_POINT('Ctrl Pts',(13.3184873183421,77.4880513053386,8.05088346474308));
#2171=CARTESIAN_POINT('Ctrl Pts',(13.5527907970515,79.2212344791382,8.05088346474307));
#2172=CARTESIAN_POINT('Ctrl Pts',(13.4361983558749,81.1176620537007,8.05088346474306));
#2173=CARTESIAN_POINT('Ctrl Pts',(12.6516279989587,83.3166476960723,8.05088346474309));
#2174=CARTESIAN_POINT('Ctrl Pts',(10.3100506773457,86.6813921040418,8.05088346474306));
#2175=CARTESIAN_POINT('Ctrl Pts',(7.12321163130811,90.4612958893618,8.05088346474309));
#2176=CARTESIAN_POINT('Ctrl Pts',(7.12345228464646,94.0346585498166,8.05088346474307));
#2177=CARTESIAN_POINT('Ctrl Pts',(8.68905346885424,96.6132300639425,8.05088346474308));
#2178=CARTESIAN_POINT('Ctrl Pts',(10.8267244003199,99.2248309709347,8.05088346474306));
#2179=CARTESIAN_POINT('Ctrl Pts',(11.7975067817525,101.104322218471,8.05088346474308));
#2180=CARTESIAN_POINT('Ctrl Pts',(13.4888405793905,107.355964058063,8.05088346474307));
#2181=CARTESIAN_POINT('Ctrl Pts',(14.924741273389,112.617290480154,8.05088346474308));
#2182=CARTESIAN_POINT('Ctrl Pts',(16.3565165642748,117.87930174535,8.05088346474307));
#2183=CARTESIAN_POINT('Ctrl Pts',(16.4330375271385,1.56696247286154,2.68344372494129));
#2184=CARTESIAN_POINT('Ctrl Pts',(15.288691684759,2.71130831524103,2.68344372494129));
#2185=CARTESIAN_POINT('Ctrl Pts',(14.1443132996607,3.85564184252515,2.68344372494129));
#2186=CARTESIAN_POINT('Ctrl Pts',(12.2482644707556,5.75205251511985,2.68344372494128));
#2187=CARTESIAN_POINT('Ctrl Pts',(10.7325181208188,7.36020973170184,2.68344372494128));
#2188=CARTESIAN_POINT('Ctrl Pts',(8.76927448873284,10.0622119050311,2.68344372494129));
#2189=CARTESIAN_POINT('Ctrl Pts',(7.77503358805229,12.9728015052579,2.68344372494129));
#2190=CARTESIAN_POINT('Ctrl Pts',(8.3578260684709,16.9746006979917,2.68344372494129));
#2191=CARTESIAN_POINT('Ctrl Pts',(10.9948963551277,20.2914451919865,2.68344372494128));
#2192=CARTESIAN_POINT('Ctrl Pts',(12.7494059932528,22.616042947418,2.68344372494129));
#2193=CARTESIAN_POINT('Ctrl Pts',(13.699812439172,24.0384976255241,2.68344372494129));
#2194=CARTESIAN_POINT('Ctrl Pts',(14.3871357312324,25.5808029393936,2.68344372494129));
#2195=CARTESIAN_POINT('Ctrl Pts',(14.5792196534203,27.2319320322035,2.68344372494129));
#2196=CARTESIAN_POINT('Ctrl Pts',(14.2724105581197,28.9217536311983,2.68344372494128));
#2197=CARTESIAN_POINT('Ctrl Pts',(13.1901969426586,30.867087826867,2.68344372494129));
#2198=CARTESIAN_POINT('Ctrl Pts',(11.2663725206971,33.1963855859075,2.68344372494128));
#2199=CARTESIAN_POINT('Ctrl Pts',(9.15718552109172,35.9018233201655,2.68344372494129));
#2200=CARTESIAN_POINT('Ctrl Pts',(7.84692865420976,38.8636279738879,2.68344372494128));
#2201=CARTESIAN_POINT('Ctrl Pts',(8.06139683747405,41.9020746057056,2.68344372494129));
#2202=CARTESIAN_POINT('Ctrl Pts',(9.67208335856041,44.8159245612891,2.68344372494129));
#2203=CARTESIAN_POINT('Ctrl Pts',(11.8211413401514,47.434970750468,2.68344372494129));
#2204=CARTESIAN_POINT('Ctrl Pts',(13.5511506734275,49.6564900406966,2.68344372494129));
#2205=CARTESIAN_POINT('Ctrl Pts',(14.3914591478005,51.5192403838749,2.68344372494129));
#2206=CARTESIAN_POINT('Ctrl Pts',(14.6523153865575,53.7273030185154,2.68344372494128));
#2207=CARTESIAN_POINT('Ctrl Pts',(13.8888577616098,56.0281517066242,2.68344372494129));
#2208=CARTESIAN_POINT('Ctrl Pts',(11.3291783773768,59.107424262557,2.68344372494128));
#2209=CARTESIAN_POINT('Ctrl Pts',(9.20859840201252,61.7911234802648,2.68344372494129));
#2210=CARTESIAN_POINT('Ctrl Pts',(7.85934059419367,64.7541233658161,2.68344372494129));
#2211=CARTESIAN_POINT('Ctrl Pts',(8.0903568227241,68.8506276462112,2.68344372494129));
#2212=CARTESIAN_POINT('Ctrl Pts',(11.2043075833834,72.6720752891467,2.68344372494129));
#2213=CARTESIAN_POINT('Ctrl Pts',(13.4972867664194,75.5792789884739,2.68344372494129));
#2214=CARTESIAN_POINT('Ctrl Pts',(14.3251575603188,77.4031775275458,2.68344372494129));
#2215=CARTESIAN_POINT('Ctrl Pts',(14.5646084850124,79.1121714042753,2.68344372494128));
#2216=CARTESIAN_POINT('Ctrl Pts',(14.4425225960435,80.989432068753,2.68344372494129));
#2217=CARTESIAN_POINT('Ctrl Pts',(13.6296508355022,83.1792583279493,2.68344372494129));
#2218=CARTESIAN_POINT('Ctrl Pts',(11.2099079806293,86.5454213960333,2.68344372494128));
#2219=CARTESIAN_POINT('Ctrl Pts',(7.91583449036606,90.3403777156948,2.68344372494129));
#2220=CARTESIAN_POINT('Ctrl Pts',(7.91146366224512,93.9220971344981,2.68344372494128));
#2221=CARTESIAN_POINT('Ctrl Pts',(9.52421972883891,96.5035998179938,2.68344372494129));
#2222=CARTESIAN_POINT('Ctrl Pts',(11.7271381579438,99.1192416129475,2.68344372494128));
#2223=CARTESIAN_POINT('Ctrl Pts',(12.726827683378,101.005852493614,2.68344372494129));
#2224=CARTESIAN_POINT('Ctrl Pts',(14.4641159595535,107.290135355692,2.68344372494128));
#2225=CARTESIAN_POINT('Ctrl Pts',(15.9385652505729,112.578834902063,2.68344372494129));
#2226=CARTESIAN_POINT('Ctrl Pts',(17.4078478758594,117.868252353094,2.68344372494129));
#2227=CARTESIAN_POINT('Ctrl Pts',(16.4330375271385,1.56696247286154,5.02105187650415E-15));
#2228=CARTESIAN_POINT('Ctrl Pts',(15.288691684759,2.71130831524103,5.02105187650415E-15));
#2229=CARTESIAN_POINT('Ctrl Pts',(14.1443132996607,3.85564184252515,5.02105187650415E-15));
#2230=CARTESIAN_POINT('Ctrl Pts',(12.2482644707556,5.75205251511985,5.02105187650415E-15));
#2231=CARTESIAN_POINT('Ctrl Pts',(10.7325181208188,7.36020973170184,5.02105187650415E-15));
#2232=CARTESIAN_POINT('Ctrl Pts',(8.76927448873284,10.0622119050311,5.02105187650415E-15));
#2233=CARTESIAN_POINT('Ctrl Pts',(7.77503358805229,12.9728015052579,5.02105187650415E-15));
#2234=CARTESIAN_POINT('Ctrl Pts',(8.3578260684709,16.9746006979917,5.02105187650415E-15));
#2235=CARTESIAN_POINT('Ctrl Pts',(10.9948963551277,20.2914451919865,5.02105187650415E-15));
#2236=CARTESIAN_POINT('Ctrl Pts',(12.7494059932528,22.616042947418,5.02105187650415E-15));
#2237=CARTESIAN_POINT('Ctrl Pts',(13.699812439172,24.0384976255241,5.02105187650415E-15));
#2238=CARTESIAN_POINT('Ctrl Pts',(14.3871357312324,25.5808029393936,5.02105187650415E-15));
#2239=CARTESIAN_POINT('Ctrl Pts',(14.5792196534203,27.2319320322035,5.02105187650415E-15));
#2240=CARTESIAN_POINT('Ctrl Pts',(14.2724105581197,28.9217536311983,5.02105187650415E-15));
#2241=CARTESIAN_POINT('Ctrl Pts',(13.1901969426586,30.867087826867,5.02105187650415E-15));
#2242=CARTESIAN_POINT('Ctrl Pts',(11.2663725206971,33.1963855859075,5.02105187650415E-15));
#2243=CARTESIAN_POINT('Ctrl Pts',(9.15718552109172,35.9018233201655,5.02105187650415E-15));
#2244=CARTESIAN_POINT('Ctrl Pts',(7.84692865420976,38.8636279738879,5.02105187650415E-15));
#2245=CARTESIAN_POINT('Ctrl Pts',(8.06139683747406,41.9020746057056,5.02105187650415E-15));
#2246=CARTESIAN_POINT('Ctrl Pts',(9.67208335856041,44.8159245612891,5.02105187650415E-15));
#2247=CARTESIAN_POINT('Ctrl Pts',(11.8211413401514,47.434970750468,5.02105187650415E-15));
#2248=CARTESIAN_POINT('Ctrl Pts',(13.5511506734275,49.6564900406966,5.02105187650415E-15));
#2249=CARTESIAN_POINT('Ctrl Pts',(14.3914591478005,51.5192403838749,5.02105187650415E-15));
#2250=CARTESIAN_POINT('Ctrl Pts',(14.6523153865575,53.7273030185154,5.02105187650415E-15));
#2251=CARTESIAN_POINT('Ctrl Pts',(13.8888577616098,56.0281517066242,5.02105187650415E-15));
#2252=CARTESIAN_POINT('Ctrl Pts',(11.3291783773768,59.107424262557,5.02105187650415E-15));
#2253=CARTESIAN_POINT('Ctrl Pts',(9.20859840201252,61.7911234802648,5.02105187650415E-15));
#2254=CARTESIAN_POINT('Ctrl Pts',(7.85934059419367,64.7541233658161,5.02105187650415E-15));
#2255=CARTESIAN_POINT('Ctrl Pts',(8.0903568227241,68.8506276462112,5.02105187650415E-15));
#2256=CARTESIAN_POINT('Ctrl Pts',(11.2043075833834,72.6720752891467,5.02105187650415E-15));
#2257=CARTESIAN_POINT('Ctrl Pts',(13.4972867664194,75.5792789884739,5.02105187650415E-15));
#2258=CARTESIAN_POINT('Ctrl Pts',(14.3251575603188,77.4031775275458,5.02105187650415E-15));
#2259=CARTESIAN_POINT('Ctrl Pts',(14.5646084850124,79.1121714042753,5.02105187650415E-15));
#2260=CARTESIAN_POINT('Ctrl Pts',(14.4425225960435,80.989432068753,5.02105187650415E-15));
#2261=CARTESIAN_POINT('Ctrl Pts',(13.6296508355022,83.1792583279493,5.02105187650415E-15));
#2262=CARTESIAN_POINT('Ctrl Pts',(11.2099079806293,86.5454213960333,5.02105187650415E-15));
#2263=CARTESIAN_POINT('Ctrl Pts',(7.91583449036607,90.3403777156948,5.02105187650415E-15));
#2264=CARTESIAN_POINT('Ctrl Pts',(7.91146366224512,93.9220971344981,5.02105187650415E-15));
#2265=CARTESIAN_POINT('Ctrl Pts',(9.52421972883892,96.5035998179938,5.02105187650415E-15));
#2266=CARTESIAN_POINT('Ctrl Pts',(11.7271381579438,99.1192416129475,5.02105187650415E-15));
#2267=CARTESIAN_POINT('Ctrl Pts',(12.726827683378,101.005852493614,5.02105187650415E-15));
#2268=CARTESIAN_POINT('Ctrl Pts',(14.4641159595535,107.290135355692,5.02105187650415E-15));
#2269=CARTESIAN_POINT('Ctrl Pts',(15.9385652505729,112.578834902063,5.02105187650415E-15));
#2270=CARTESIAN_POINT('Ctrl Pts',(17.4078478758594,117.868252353094,5.02105187650415E-15));
#2271=CARTESIAN_POINT('',(17.2957534090077,117.464712272428,1.11022302462516E-15));
#2272=CARTESIAN_POINT('Ctrl Pts',(14.5857978154033,3.41421121555897,5.02105187650415E-15));
#2273=CARTESIAN_POINT('Ctrl Pts',(14.0572201920194,3.94280774104317,5.02105187650415E-15));
#2274=CARTESIAN_POINT('Ctrl Pts',(13.5286648407242,4.47140779237561,5.02105187650415E-15));
#2275=CARTESIAN_POINT('Ctrl Pts',(12.2482644707556,5.75205251511985,5.02105187650415E-15));
#2276=CARTESIAN_POINT('Ctrl Pts',(10.7325181208188,7.36020973170184,5.02105187650415E-15));
#2277=CARTESIAN_POINT('Ctrl Pts',(8.76927448873284,10.0622119050311,5.02105187650415E-15));
#2278=CARTESIAN_POINT('Ctrl Pts',(7.77503358805229,12.9728015052579,5.02105187650415E-15));
#2279=CARTESIAN_POINT('Ctrl Pts',(8.3578260684709,16.9746006979917,5.02105187650415E-15));
#2280=CARTESIAN_POINT('Ctrl Pts',(10.9948963551277,20.2914451919865,5.02105187650415E-15));
#2281=CARTESIAN_POINT('Ctrl Pts',(12.7494059932528,22.616042947418,5.02105187650415E-15));
#2282=CARTESIAN_POINT('Ctrl Pts',(13.699812439172,24.0384976255241,5.02105187650415E-15));
#2283=CARTESIAN_POINT('Ctrl Pts',(14.3871357312324,25.5808029393936,5.02105187650415E-15));
#2284=CARTESIAN_POINT('Ctrl Pts',(14.5792196534203,27.2319320322035,5.02105187650415E-15));
#2285=CARTESIAN_POINT('Ctrl Pts',(14.2724105581197,28.9217536311983,5.02105187650415E-15));
#2286=CARTESIAN_POINT('Ctrl Pts',(13.1901969426586,30.867087826867,5.02105187650415E-15));
#2287=CARTESIAN_POINT('Ctrl Pts',(11.2663725206971,33.1963855859075,5.02105187650415E-15));
#2288=CARTESIAN_POINT('Ctrl Pts',(9.15718552109172,35.9018233201655,5.02105187650415E-15));
#2289=CARTESIAN_POINT('Ctrl Pts',(7.84692865420976,38.8636279738879,5.02105187650415E-15));
#2290=CARTESIAN_POINT('Ctrl Pts',(8.06139683747406,41.9020746057056,5.02105187650415E-15));
#2291=CARTESIAN_POINT('Ctrl Pts',(9.67208335856041,44.8159245612891,5.02105187650415E-15));
#2292=CARTESIAN_POINT('Ctrl Pts',(11.8211413401514,47.434970750468,5.02105187650415E-15));
#2293=CARTESIAN_POINT('Ctrl Pts',(13.5511506734275,49.6564900406966,5.02105187650415E-15));
#2294=CARTESIAN_POINT('Ctrl Pts',(14.3914591478005,51.5192403838749,5.02105187650415E-15));
#2295=CARTESIAN_POINT('Ctrl Pts',(14.6523153865575,53.7273030185154,5.02105187650415E-15));
#2296=CARTESIAN_POINT('Ctrl Pts',(13.8888577616098,56.0281517066242,5.02105187650415E-15));
#2297=CARTESIAN_POINT('Ctrl Pts',(11.3291783773768,59.107424262557,5.02105187650415E-15));
#2298=CARTESIAN_POINT('Ctrl Pts',(9.20859840201252,61.7911234802648,5.02105187650415E-15));
#2299=CARTESIAN_POINT('Ctrl Pts',(7.85934059419367,64.7541233658161,5.02105187650415E-15));
#2300=CARTESIAN_POINT('Ctrl Pts',(8.0903568227241,68.8506276462112,5.02105187650415E-15));
#2301=CARTESIAN_POINT('Ctrl Pts',(11.2043075833834,72.6720752891467,5.02105187650415E-15));
#2302=CARTESIAN_POINT('Ctrl Pts',(13.4972867664194,75.5792789884739,5.02105187650415E-15));
#2303=CARTESIAN_POINT('Ctrl Pts',(14.3251575603188,77.4031775275458,5.02105187650415E-15));
#2304=CARTESIAN_POINT('Ctrl Pts',(14.5646084850124,79.1121714042753,5.02105187650415E-15));
#2305=CARTESIAN_POINT('Ctrl Pts',(14.4425225960435,80.989432068753,5.02105187650415E-15));
#2306=CARTESIAN_POINT('Ctrl Pts',(13.6296508355022,83.1792583279493,5.02105187650415E-15));
#2307=CARTESIAN_POINT('Ctrl Pts',(11.2099079806293,86.5454213960333,5.02105187650415E-15));
#2308=CARTESIAN_POINT('Ctrl Pts',(7.91583449036607,90.3403777156948,5.02105187650415E-15));
#2309=CARTESIAN_POINT('Ctrl Pts',(7.91146366224512,93.9220971344981,5.02105187650415E-15));
#2310=CARTESIAN_POINT('Ctrl Pts',(9.52421972883892,96.5035998179938,5.02105187650415E-15));
#2311=CARTESIAN_POINT('Ctrl Pts',(11.7271381579438,99.1192416129475,5.02105187650415E-15));
#2312=CARTESIAN_POINT('Ctrl Pts',(12.726827683378,101.005852493614,5.02105187650415E-15));
#2313=CARTESIAN_POINT('Ctrl Pts',(14.4269233742053,107.15559883121,5.02105187650415E-15));
#2314=CARTESIAN_POINT('Ctrl Pts',(15.8635805440741,112.309843641828,5.02105187650415E-15));
#2315=CARTESIAN_POINT('Ctrl Pts',(17.2957436662114,117.464713626679,5.02105187650415E-15));
#2316=CARTESIAN_POINT('Ctrl Pts',(17.2957534090077,117.464712272428,0.));
#2317=CARTESIAN_POINT('Ctrl Pts',(17.2957534090077,117.464712272428,-4.24169968287029));
#2318=CARTESIAN_POINT('Ctrl Pts',(14.6615016360653,117.555385588688,-12.7411505503775));
#2319=CARTESIAN_POINT('Ctrl Pts',(5.69220867743212,117.825245365264,-19.4854335346864));
#2320=CARTESIAN_POINT('Ctrl Pts',(-2.87372311665474,118.007302321877,-20.8404547960786));
#2321=CARTESIAN_POINT('Ctrl Pts',(-11.4273672948176,118.132891723334,-19.4717128493776));
#2322=CARTESIAN_POINT('Ctrl Pts',(-20.4268811840919,118.155486672801,-12.7783231863144));
#2323=CARTESIAN_POINT('Ctrl Pts',(-23.1199495298649,118.121945112115,-4.25319841526519));
#2324=CARTESIAN_POINT('Ctrl Pts',(-23.1201144202541,118.122217579833,4.2550798858821));
#2325=CARTESIAN_POINT('Ctrl Pts',(-20.4319854340571,118.155030787892,12.7748861112683));
#2326=CARTESIAN_POINT('Ctrl Pts',(-9.6246368924904,118.129277310658,20.8181950391595));
#2327=CARTESIAN_POINT('Ctrl Pts',(1.62760877664609,117.923880472228,20.8350220495678));
#2328=CARTESIAN_POINT('Ctrl Pts',(9.29200930409003,117.71635461034,16.7953721554311));
#2329=CARTESIAN_POINT('Ctrl Pts',(13.7996147056784,117.579680700272,12.1570615648236));
#2330=CARTESIAN_POINT('Ctrl Pts',(16.648389804988,117.486572236862,6.36185037292013));
#2331=CARTESIAN_POINT('Ctrl Pts',(17.2957534090077,117.464712272428,2.1208358205115));
#2332=CARTESIAN_POINT('Ctrl Pts',(17.2957534090077,117.464712272428,-1.60982338570648E-14));
#2333=CARTESIAN_POINT('Origin',(-2.5,0.,0.));
#2334=CARTESIAN_POINT('Ctrl Pts',(17.2957534090077,117.464712272428,0.));
#2335=CARTESIAN_POINT('Ctrl Pts',(17.2957534090077,117.464712272428,-4.24169968287029));
#2336=CARTESIAN_POINT('Ctrl Pts',(14.6615016360653,117.555385588688,-12.7411505503775));
#2337=CARTESIAN_POINT('Ctrl Pts',(5.69220867743212,117.825245365264,-19.4854335346864));
#2338=CARTESIAN_POINT('Ctrl Pts',(-2.87372311665474,118.007302321877,-20.8404547960786));
#2339=CARTESIAN_POINT('Ctrl Pts',(-11.4273672948176,118.132891723334,-19.4717128493776));
#2340=CARTESIAN_POINT('Ctrl Pts',(-20.4268811840919,118.155486672801,-12.7783231863144));
#2341=CARTESIAN_POINT('Ctrl Pts',(-23.1199495298649,118.121945112115,-4.25319841526519));
#2342=CARTESIAN_POINT('Ctrl Pts',(-23.1201144202541,118.122217579833,4.2550798858821));
#2343=CARTESIAN_POINT('Ctrl Pts',(-20.4319854340571,118.155030787892,12.7748861112683));
#2344=CARTESIAN_POINT('Ctrl Pts',(-9.6246368924904,118.129277310658,20.8181950391595));
#2345=CARTESIAN_POINT('Ctrl Pts',(1.62760877664609,117.923880472228,20.8350220495678));
#2346=CARTESIAN_POINT('Ctrl Pts',(9.29200930409003,117.71635461034,16.7953721554311));
#2347=CARTESIAN_POINT('Ctrl Pts',(13.7996147056784,117.579680700272,12.1570615648236));
#2348=CARTESIAN_POINT('Ctrl Pts',(16.648389804988,117.486572236862,6.36185037292013));
#2349=CARTESIAN_POINT('Ctrl Pts',(17.2957534090077,117.464712272428,2.1208358205115));
#2350=CARTESIAN_POINT('Ctrl Pts',(17.2957534090077,117.464712272428,-1.60982338570648E-14));
#2351=CARTESIAN_POINT('Ctrl Pts',(17.3896450775848,117.802722279305,0.));
#2352=CARTESIAN_POINT('Ctrl Pts',(17.3911653753932,117.802504839833,-4.26105106907869));
#2353=CARTESIAN_POINT('Ctrl Pts',(14.7196111843231,117.890024893682,-12.7964630778472));
#2354=CARTESIAN_POINT('Ctrl Pts',(5.69717566622252,118.140711381767,-19.5128803330472));
#2355=CARTESIAN_POINT('Ctrl Pts',(-2.87553697396192,118.305962590597,-20.8389473686806));
#2356=CARTESIAN_POINT('Ctrl Pts',(-11.4214076229406,118.418919376507,-19.4527746478908));
#2357=CARTESIAN_POINT('Ctrl Pts',(-20.4065984410192,118.438902929241,-12.7650563590559));
#2358=CARTESIAN_POINT('Ctrl Pts',(-23.1024313404785,118.409018406003,-4.25007668720491));
#2359=CARTESIAN_POINT('Ctrl Pts',(-23.1027712988779,118.409239854167,4.25184577583668));
#2360=CARTESIAN_POINT('Ctrl Pts',(-20.4113665883017,118.438550210845,12.7621284495312));
#2361=CARTESIAN_POINT('Ctrl Pts',(-9.62195607540418,118.415698846601,20.7973391315218));
#2362=CARTESIAN_POINT('Ctrl Pts',(1.62327346150987,118.230880477957,20.8475536433913));
#2363=CARTESIAN_POINT('Ctrl Pts',(9.31788976598958,118.039721446005,16.8349319635454));
#2364=CARTESIAN_POINT('Ctrl Pts',(13.8569458522703,117.911849586115,12.2006050238761));
#2365=CARTESIAN_POINT('Ctrl Pts',(16.7349150322475,117.823623553841,6.39082895117633));
#2366=CARTESIAN_POINT('Ctrl Pts',(17.3895387362417,117.802703251329,2.13027509505726));
#2367=CARTESIAN_POINT('Ctrl Pts',(17.3896450775848,117.802722279305,-1.608121452009E-14));
#2368=CARTESIAN_POINT('Ctrl Pts',(17.394541792933,118.527147005817,2.6252577874003E-17));
#2369=CARTESIAN_POINT('Ctrl Pts',(17.3973875141075,118.526710870243,-4.26156014755045));
#2370=CARTESIAN_POINT('Ctrl Pts',(14.6863749152075,118.595737211474,-12.7953201195656));
#2371=CARTESIAN_POINT('Ctrl Pts',(5.6449997696975,118.782659450827,-19.4216110293844));
#2372=CARTESIAN_POINT('Ctrl Pts',(-2.8778992793431,118.901410655516,-20.6973984628628));
#2373=CARTESIAN_POINT('Ctrl Pts',(-11.3545691323173,118.981566778925,-19.2967317745626));
#2374=CARTESIAN_POINT('Ctrl Pts',(-20.2595459923143,118.995381837515,-12.6624543328961));
#2375=CARTESIAN_POINT('Ctrl Pts',(-22.9413375726274,118.974445334725,-4.21773821895852));
#2376=CARTESIAN_POINT('Ctrl Pts',(-22.9419114871103,118.974616803913,4.21934053797327));
#2377=CARTESIAN_POINT('Ctrl Pts',(-20.2637445111199,118.995095635088,12.6602618229849));
#2378=CARTESIAN_POINT('Ctrl Pts',(-9.57172895250203,118.979352149943,20.62939602717));
#2379=CARTESIAN_POINT('Ctrl Pts',(1.58622403802547,118.848177007452,20.7257110308488));
#2380=CARTESIAN_POINT('Ctrl Pts',(9.27232051581648,118.70749248053,16.7806172077021));
#2381=CARTESIAN_POINT('Ctrl Pts',(13.8284912841621,118.611223083921,12.1851144433048));
#2382=CARTESIAN_POINT('Ctrl Pts',(16.7324891959705,118.543366085622,6.39237366096828));
#2383=CARTESIAN_POINT('Ctrl Pts',(17.3942685933389,118.527151503812,2.13075241069062));
#2384=CARTESIAN_POINT('Ctrl Pts',(17.394541792933,118.527147005817,-1.47871641612273E-14));
#2385=CARTESIAN_POINT('Ctrl Pts',(16.765793351895,119.634017651455,1.51438206390428E-16));
#2386=CARTESIAN_POINT('Ctrl Pts',(16.7695957740177,119.633929784137,-4.13430744541704));
#2387=CARTESIAN_POINT('Ctrl Pts',(14.1208076397484,119.654454117494,-12.4044697393338));
#2388=CARTESIAN_POINT('Ctrl Pts',(5.35864998114014,119.706866983733,-18.7906360789432));
#2389=CARTESIAN_POINT('Ctrl Pts',(-2.87720149567189,119.739027024545,-20.0164647563664));
#2390=CARTESIAN_POINT('Ctrl Pts',(-11.0683656803656,119.760168524671,-18.6611218676082));
#2391=CARTESIAN_POINT('Ctrl Pts',(-19.6761719967704,119.763660817312,-12.2497772326338));
#2392=CARTESIAN_POINT('Ctrl Pts',(-22.2717306171416,119.758330692938,-4.08078216231078));
#2393=CARTESIAN_POINT('Ctrl Pts',(-22.2720963702944,119.758285438999,4.08228625133997));
#2394=CARTESIAN_POINT('Ctrl Pts',(-19.6807645648395,119.763797618151,12.2480151900643));
#2395=CARTESIAN_POINT('Ctrl Pts',(-9.34426542995519,119.759511873198,19.9485968142892));
#2396=CARTESIAN_POINT('Ctrl Pts',(1.4347361520427,119.724817377005,20.0455901896882));
#2397=CARTESIAN_POINT('Ctrl Pts',(8.87291269675783,119.685962574242,16.2457442334514));
#2398=CARTESIAN_POINT('Ctrl Pts',(13.2941620479013,119.658419907364,11.8074768817127));
#2399=CARTESIAN_POINT('Ctrl Pts',(16.1200930017154,119.638896198098,6.1999066813147));
#2400=CARTESIAN_POINT('Ctrl Pts',(16.765594670264,119.63393567784,2.06640972076392));
#2401=CARTESIAN_POINT('Ctrl Pts',(16.765793351895,119.634017651455,-8.73467769896457E-15));
#2402=CARTESIAN_POINT('Ctrl Pts',(15.8949299260716,120.,2.81479383864578E-16));
#2403=CARTESIAN_POINT('Ctrl Pts',(15.895970476763,120.,-3.95540724478482));
#2404=CARTESIAN_POINT('Ctrl Pts',(13.3893553710537,120.,-11.8712104935321));
#2405=CARTESIAN_POINT('Ctrl Pts',(5.03143356710979,120.,-18.0410098842109));
#2406=CARTESIAN_POINT('Ctrl Pts',(-2.87360970444968,120.,-19.2605631605275));
#2407=CARTESIAN_POINT('Ctrl Pts',(-10.7593090912102,120.,-17.9848863463179));
#2408=CARTESIAN_POINT('Ctrl Pts',(-19.060313971307,120.,-11.8119853078649));
#2409=CARTESIAN_POINT('Ctrl Pts',(-21.5549914356721,120.,-3.93357349443631));
#2410=CARTESIAN_POINT('Ctrl Pts',(-21.5550905346123,120.,3.93516111547846));
#2411=CARTESIAN_POINT('Ctrl Pts',(-19.0653891740821,120.,11.8098050682114));
#2412=CARTESIAN_POINT('Ctrl Pts',(-9.0957087466236,120.,19.2252488033714));
#2413=CARTESIAN_POINT('Ctrl Pts',(1.27353812297187,120.,19.2676102991488));
#2414=CARTESIAN_POINT('Ctrl Pts',(8.38342534200231,120.,15.5806283805013));
#2415=CARTESIAN_POINT('Ctrl Pts',(12.5967927214986,120.,11.3093657408676));
#2416=CARTESIAN_POINT('Ctrl Pts',(15.281753993914,120.,5.93258443975754));
#2417=CARTESIAN_POINT('Ctrl Pts',(15.894803251327,120.,1.97785588097007));
#2418=CARTESIAN_POINT('Ctrl Pts',(15.8949299260717,120.,-2.48690128840807E-15));
#2419=CARTESIAN_POINT('Ctrl Pts',(15.3687175897478,120.,3.51841851150029E-16));
#2420=CARTESIAN_POINT('Ctrl Pts',(15.3687175897478,120.,-3.84836231909774));
#2421=CARTESIAN_POINT('Ctrl Pts',(12.9473190916508,120.,-11.548435649257));
#2422=CARTESIAN_POINT('Ctrl Pts',(4.83452167818122,120.,-17.5893419029323));
#2423=CARTESIAN_POINT('Ctrl Pts',(-2.87136056752076,120.,-18.8054510174967));
#2424=CARTESIAN_POINT('Ctrl Pts',(-10.5733664334291,120.,-17.5777950536736));
#2425=CARTESIAN_POINT('Ctrl Pts',(-18.6895284978461,120.,-11.5485263188507));
#2426=CARTESIAN_POINT('Ctrl Pts',(-21.1235973221943,120.,-3.84492070600039));
#2427=CARTESIAN_POINT('Ctrl Pts',(-21.1234358319355,120.,3.84655758651761));
#2428=CARTESIAN_POINT('Ctrl Pts',(-18.6951130229522,120.,11.5461153539419));
#2429=CARTESIAN_POINT('Ctrl Pts',(-8.94600246366442,120.,18.7898274009814));
#2430=CARTESIAN_POINT('Ctrl Pts',(1.17655523934258,120.,18.7987817808548));
#2431=CARTESIAN_POINT('Ctrl Pts',(8.088131537827,120.,15.1796532367707));
#2432=CARTESIAN_POINT('Ctrl Pts',(12.1759042995466,120.,11.0084166360223));
#2433=CARTESIAN_POINT('Ctrl Pts',(14.7751925622181,120.,5.7712918402874));
#2434=CARTESIAN_POINT('Ctrl Pts',(15.3687175897478,120.,1.92416843880054));
#2435=CARTESIAN_POINT('Ctrl Pts',(15.3687175897478,120.,8.83664459633047E-16));
#2436=CARTESIAN_POINT('',(15.3687175897478,120.,-1.38777878078145E-14));
#2437=CARTESIAN_POINT('Origin',(15.3687175897478,118.,2.77555756156289E-16));
#2438=CARTESIAN_POINT('Ctrl Pts',(15.3687175897478,120.,8.83664459633047E-16));
#2439=CARTESIAN_POINT('Ctrl Pts',(15.3687175897478,120.,1.92416843880054));
#2440=CARTESIAN_POINT('Ctrl Pts',(14.7751925622181,120.,5.7712918402874));
#2441=CARTESIAN_POINT('Ctrl Pts',(12.1759042995466,120.,11.0084166360223));
#2442=CARTESIAN_POINT('Ctrl Pts',(8.088131537827,120.,15.1796532367707));
#2443=CARTESIAN_POINT('Ctrl Pts',(1.17655523934258,120.,18.7987817808548));
#2444=CARTESIAN_POINT('Ctrl Pts',(-8.94600246366442,120.,18.7898274009814));
#2445=CARTESIAN_POINT('Ctrl Pts',(-18.6951130229522,120.,11.5461153539419));
#2446=CARTESIAN_POINT('Ctrl Pts',(-21.1234358319355,120.,3.84655758651761));
#2447=CARTESIAN_POINT('Ctrl Pts',(-21.1235973221943,120.,-3.84492070600039));
#2448=CARTESIAN_POINT('Ctrl Pts',(-18.6895284978461,120.,-11.5485263188507));
#2449=CARTESIAN_POINT('Ctrl Pts',(-10.5733664334291,120.,-17.5777950536736));
#2450=CARTESIAN_POINT('Ctrl Pts',(-2.87136056752076,120.,-18.8054510174967));
#2451=CARTESIAN_POINT('Ctrl Pts',(4.83452167818122,120.,-17.5893419029323));
#2452=CARTESIAN_POINT('Ctrl Pts',(12.9473190916508,120.,-11.548435649257));
#2453=CARTESIAN_POINT('Ctrl Pts',(15.3687175897478,120.,-3.84836231909774));
#2454=CARTESIAN_POINT('Ctrl Pts',(15.3687175897478,120.,3.51841851150029E-16));
#2455=CARTESIAN_POINT('Origin',(-2.5,120.,0.));
#2456=UNCERTAINTY_MEASURE_WITH_UNIT(LENGTH_MEASURE(0.01),#2460,
'DISTANCE_ACCURACY_VALUE',
'Maximum model space distance between geometric entities at asserted c
onnectivities');
#2457=UNCERTAINTY_MEASURE_WITH_UNIT(LENGTH_MEASURE(0.01),#2460,
'DISTANCE_ACCURACY_VALUE',
'Maximum model space distance between geometric entities at asserted c
onnectivities');
#2458=(
GEOMETRIC_REPRESENTATION_CONTEXT(3)
GLOBAL_UNCERTAINTY_ASSIGNED_CONTEXT((#2456))
GLOBAL_UNIT_ASSIGNED_CONTEXT((#2460,#2462,#2463))
REPRESENTATION_CONTEXT('','3D')
);
#2459=(
GEOMETRIC_REPRESENTATION_CONTEXT(3)
GLOBAL_UNCERTAINTY_ASSIGNED_CONTEXT((#2457))
GLOBAL_UNIT_ASSIGNED_CONTEXT((#2460,#2462,#2463))
REPRESENTATION_CONTEXT('','3D')
);
#2460=(
LENGTH_UNIT()
NAMED_UNIT(*)
SI_UNIT(.MILLI.,.METRE.)
);
#2461=(
LENGTH_UNIT()
NAMED_UNIT(*)
SI_UNIT($,.METRE.)
);
#2462=(
NAMED_UNIT(*)
PLANE_ANGLE_UNIT()
SI_UNIT($,.RADIAN.)
);
#2463=(
NAMED_UNIT(*)
SI_UNIT($,.STERADIAN.)
SOLID_ANGLE_UNIT()
);
#2464=SHAPE_DEFINITION_REPRESENTATION(#2465,#2466);
#2465=PRODUCT_DEFINITION_SHAPE('',$,#2468);
#2466=SHAPE_REPRESENTATION('',(#648),#2458);
#2467=PRODUCT_DEFINITION_CONTEXT('part definition',#2472,'design');
#2468=PRODUCT_DEFINITION('2026-04-14-16-02-33-037','handles1',#2469,#2467);
#2469=PRODUCT_DEFINITION_FORMATION('',$,#2474);
#2470=PRODUCT_RELATED_PRODUCT_CATEGORY('handles1','handles1',(#2474));
#2471=APPLICATION_PROTOCOL_DEFINITION('international standard',
'automotive_design',2009,#2472);
#2472=APPLICATION_CONTEXT(
'Core Data for Automotive Mechanical Design Process');
#2473=PRODUCT_CONTEXT('part definition',#2472,'mechanical');
#2474=PRODUCT('2026-04-14-16-02-33-037','handles1',$,(#2473));
#2475=PRESENTATION_STYLE_ASSIGNMENT((#2476));
#2476=SURFACE_STYLE_USAGE(.BOTH.,#2477);
#2477=SURFACE_SIDE_STYLE('',(#2478));
#2478=SURFACE_STYLE_FILL_AREA(#2479);
#2479=FILL_AREA_STYLE('Steel - Satin',(#2480));
#2480=FILL_AREA_STYLE_COLOUR('Steel - Satin',#2481);
#2481=COLOUR_RGB('Steel - Satin',0.627450980392157,0.627450980392157,0.627450980392157);
ENDSEC;
END-ISO-10303-21;
