ISO-10303-21;
HEADER;
/* Generated by software containing ST-Developer
 * from STEP Tools, Inc. (www.steptools.com) 
 */

FILE_DESCRIPTION(
/* description */ (''),
/* implementation_level */ '2;1');

FILE_NAME(
/* name */ 'sensors_module_bottom.step',
/* time_stamp */ '2026-05-27T17:54:26+02:00',
/* author */ (''),
/* organization */ (''),
/* preprocessor_version */ 'ST-DEVELOPER v20.1',
/* originating_system */ 'Autodesk Translation Framework v15.8.0.0',
/* authorisation */ '');

FILE_SCHEMA (('AUTOMOTIVE_DESIGN { 1 0 10303 214 3 1 1 }'));
ENDSEC;

DATA;
#10=MECHANICAL_DESIGN_GEOMETRIC_PRESENTATION_REPRESENTATION('',(#13),#4420);
#11=SHAPE_REPRESENTATION_RELATIONSHIP('SRR','None',#4427,#12);
#12=ADVANCED_BREP_SHAPE_REPRESENTATION('',(#14),#4419);
#13=STYLED_ITEM('',(#4436),#14);
#14=MANIFOLD_SOLID_BREP('Body1',#2609);
#15=CONICAL_SURFACE('',#2727,1.45,0.785398163397448);
#16=CONICAL_SURFACE('',#2750,1.45,0.785398163397448);
#17=CONICAL_SURFACE('',#2755,1.45,0.785398163397448);
#18=CONICAL_SURFACE('',#2780,1.45,0.785398163397448);
#19=CONICAL_SURFACE('',#2793,2.3,0.785398163397448);
#20=CONICAL_SURFACE('',#2795,2.3,0.785398163397448);
#21=CONICAL_SURFACE('',#2797,2.3,0.785398163397448);
#22=CONICAL_SURFACE('',#2799,2.3,0.785398163397448);
#23=FACE_BOUND('',#385,.T.);
#24=FACE_BOUND('',#391,.T.);
#25=FACE_BOUND('',#410,.T.);
#26=FACE_BOUND('',#412,.T.);
#27=FACE_BOUND('',#413,.T.);
#28=FACE_BOUND('',#414,.T.);
#29=FACE_BOUND('',#415,.T.);
#30=FACE_BOUND('',#416,.T.);
#31=FACE_BOUND('',#417,.T.);
#32=FACE_BOUND('',#418,.T.);
#33=FACE_BOUND('',#419,.T.);
#34=FACE_BOUND('',#420,.T.);
#35=FACE_BOUND('',#466,.T.);
#36=FACE_BOUND('',#468,.T.);
#37=FACE_BOUND('',#476,.T.);
#38=FACE_BOUND('',#481,.T.);
#39=FACE_BOUND('',#486,.T.);
#40=FACE_BOUND('',#491,.T.);
#41=FACE_BOUND('',#527,.T.);
#42=FACE_BOUND('',#529,.T.);
#43=FACE_BOUND('',#530,.T.);
#44=FACE_BOUND('',#531,.T.);
#45=FACE_BOUND('',#532,.T.);
#46=FACE_BOUND('',#533,.T.);
#47=FACE_BOUND('',#534,.T.);
#48=FACE_BOUND('',#535,.T.);
#49=FACE_BOUND('',#536,.T.);
#50=FACE_BOUND('',#537,.T.);
#51=TOROIDAL_SURFACE('',#2655,6.,1.);
#52=TOROIDAL_SURFACE('',#2833,6.,1.);
#53=TOROIDAL_SURFACE('',#2880,6.,1.);
#54=CIRCLE('',#2625,2.99999999999997);
#55=CIRCLE('',#2626,2.99999999999997);
#56=CIRCLE('',#2629,2.99999999999997);
#57=CIRCLE('',#2630,2.99999999999997);
#58=CIRCLE('',#2633,2.99999999999998);
#59=CIRCLE('',#2634,2.99999999999998);
#60=CIRCLE('',#2637,2.99999999999998);
#61=CIRCLE('',#2638,2.99999999999998);
#62=CIRCLE('',#2641,2.99999999999997);
#63=CIRCLE('',#2642,2.99999999999997);
#64=CIRCLE('',#2645,2.99999999999998);
#65=CIRCLE('',#2646,2.99999999999998);
#66=CIRCLE('',#2649,2.99999999999998);
#67=CIRCLE('',#2650,2.99999999999998);
#68=CIRCLE('',#2653,2.99999999999998);
#69=CIRCLE('',#2654,2.99999999999998);
#70=CIRCLE('',#2656,5.);
#71=CIRCLE('',#2657,1.);
#72=CIRCLE('',#2658,6.);
#73=CIRCLE('',#2660,3.25);
#74=CIRCLE('',#2661,1.8);
#75=CIRCLE('',#2663,1.35);
#76=CIRCLE('',#2665,1.35);
#77=CIRCLE('',#2667,1.35);
#78=CIRCLE('',#2669,1.35);
#79=CIRCLE('',#2671,3.25);
#80=CIRCLE('',#2672,1.8);
#81=CIRCLE('',#2674,1.8);
#82=CIRCLE('',#2676,3.25);
#83=CIRCLE('',#2678,3.25);
#84=CIRCLE('',#2680,1.35);
#85=CIRCLE('',#2682,1.);
#86=CIRCLE('',#2683,15.);
#87=CIRCLE('',#2684,15.);
#88=CIRCLE('',#2685,1.);
#89=CIRCLE('',#2688,1.35);
#90=CIRCLE('',#2690,1.35);
#91=CIRCLE('',#2692,1.);
#92=CIRCLE('',#2693,15.);
#93=CIRCLE('',#2694,15.);
#94=CIRCLE('',#2695,1.);
#95=CIRCLE('',#2698,1.);
#96=CIRCLE('',#2699,15.);
#97=CIRCLE('',#2700,15.);
#98=CIRCLE('',#2701,1.);
#99=CIRCLE('',#2705,1.35);
#100=CIRCLE('',#2707,1.);
#101=CIRCLE('',#2708,15.);
#102=CIRCLE('',#2709,15.);
#103=CIRCLE('',#2710,1.);
#104=CIRCLE('',#2712,1.8);
#105=CIRCLE('',#2714,3.25);
#106=CIRCLE('',#2715,3.25);
#107=CIRCLE('',#2717,5.);
#108=CIRCLE('',#2719,15.);
#109=CIRCLE('',#2720,15.);
#110=CIRCLE('',#2721,15.);
#111=CIRCLE('',#2722,15.);
#112=CIRCLE('',#2723,2.4);
#113=CIRCLE('',#2724,2.4);
#114=CIRCLE('',#2725,2.4);
#115=CIRCLE('',#2726,2.4);
#116=CIRCLE('',#2728,1.54999999999999);
#117=CIRCLE('',#2731,1.);
#118=CIRCLE('',#2733,15.);
#119=CIRCLE('',#2735,1.);
#120=CIRCLE('',#2742,1.);
#121=CIRCLE('',#2744,15.);
#122=CIRCLE('',#2746,1.);
#123=CIRCLE('',#2751,1.54999999999999);
#124=CIRCLE('',#2756,1.54999999999999);
#125=CIRCLE('',#2761,1.);
#126=CIRCLE('',#2763,15.);
#127=CIRCLE('',#2765,1.);
#128=CIRCLE('',#2772,1.);
#129=CIRCLE('',#2774,15.);
#130=CIRCLE('',#2776,1.);
#131=CIRCLE('',#2781,1.54999999999999);
#132=CIRCLE('',#2788,5.);
#133=CIRCLE('',#2790,1.8);
#134=CIRCLE('',#2792,5.);
#135=CIRCLE('',#2794,2.2);
#136=CIRCLE('',#2796,2.2);
#137=CIRCLE('',#2798,2.2);
#138=CIRCLE('',#2800,2.2);
#139=CIRCLE('',#2803,1.);
#140=CIRCLE('',#2804,15.);
#141=CIRCLE('',#2805,1.);
#142=CIRCLE('',#2810,1.);
#143=CIRCLE('',#2811,15.);
#144=CIRCLE('',#2812,1.);
#145=CIRCLE('',#2817,1.);
#146=CIRCLE('',#2818,15.);
#147=CIRCLE('',#2819,1.);
#148=CIRCLE('',#2824,1.);
#149=CIRCLE('',#2825,15.);
#150=CIRCLE('',#2826,1.);
#151=CIRCLE('',#2830,5.);
#152=CIRCLE('',#2832,1.8);
#153=CIRCLE('',#2834,1.);
#154=CIRCLE('',#2835,6.);
#155=CIRCLE('',#2837,2.2);
#156=CIRCLE('',#2839,2.2);
#157=CIRCLE('',#2841,2.2);
#158=CIRCLE('',#2843,2.2);
#159=CIRCLE('',#2846,1.);
#160=CIRCLE('',#2848,15.);
#161=CIRCLE('',#2850,1.);
#162=CIRCLE('',#2855,1.);
#163=CIRCLE('',#2857,15.);
#164=CIRCLE('',#2859,1.);
#165=CIRCLE('',#2864,1.);
#166=CIRCLE('',#2866,15.);
#167=CIRCLE('',#2868,1.);
#168=CIRCLE('',#2873,1.);
#169=CIRCLE('',#2875,15.);
#170=CIRCLE('',#2877,1.);
#171=CIRCLE('',#2881,1.);
#172=CIRCLE('',#2882,6.);
#173=CIRCLE('',#2884,5.);
#174=CYLINDRICAL_SURFACE('',#2624,2.99999999999997);
#175=CYLINDRICAL_SURFACE('',#2628,2.99999999999997);
#176=CYLINDRICAL_SURFACE('',#2632,2.99999999999998);
#177=CYLINDRICAL_SURFACE('',#2636,2.99999999999998);
#178=CYLINDRICAL_SURFACE('',#2640,2.99999999999997);
#179=CYLINDRICAL_SURFACE('',#2644,2.99999999999998);
#180=CYLINDRICAL_SURFACE('',#2648,2.99999999999998);
#181=CYLINDRICAL_SURFACE('',#2652,2.99999999999998);
#182=CYLINDRICAL_SURFACE('',#2673,1.8);
#183=CYLINDRICAL_SURFACE('',#2675,3.25);
#184=CYLINDRICAL_SURFACE('',#2677,3.25);
#185=CYLINDRICAL_SURFACE('',#2679,1.35);
#186=CYLINDRICAL_SURFACE('',#2687,1.35);
#187=CYLINDRICAL_SURFACE('',#2689,1.35);
#188=CYLINDRICAL_SURFACE('',#2704,1.35);
#189=CYLINDRICAL_SURFACE('',#2711,1.8);
#190=CYLINDRICAL_SURFACE('',#2713,3.25);
#191=CYLINDRICAL_SURFACE('',#2730,1.);
#192=CYLINDRICAL_SURFACE('',#2732,15.);
#193=CYLINDRICAL_SURFACE('',#2734,1.);
#194=CYLINDRICAL_SURFACE('',#2741,1.);
#195=CYLINDRICAL_SURFACE('',#2743,15.);
#196=CYLINDRICAL_SURFACE('',#2745,1.);
#197=CYLINDRICAL_SURFACE('',#2760,1.);
#198=CYLINDRICAL_SURFACE('',#2762,15.);
#199=CYLINDRICAL_SURFACE('',#2764,1.);
#200=CYLINDRICAL_SURFACE('',#2771,1.);
#201=CYLINDRICAL_SURFACE('',#2773,15.);
#202=CYLINDRICAL_SURFACE('',#2775,1.);
#203=CYLINDRICAL_SURFACE('',#2791,5.);
#204=CYLINDRICAL_SURFACE('',#2829,5.);
#205=CYLINDRICAL_SURFACE('',#2831,1.8);
#206=CYLINDRICAL_SURFACE('',#2836,2.2);
#207=CYLINDRICAL_SURFACE('',#2838,2.2);
#208=CYLINDRICAL_SURFACE('',#2840,2.2);
#209=CYLINDRICAL_SURFACE('',#2842,2.2);
#210=CYLINDRICAL_SURFACE('',#2845,1.);
#211=CYLINDRICAL_SURFACE('',#2847,15.);
#212=CYLINDRICAL_SURFACE('',#2849,1.);
#213=CYLINDRICAL_SURFACE('',#2854,1.);
#214=CYLINDRICAL_SURFACE('',#2856,15.);
#215=CYLINDRICAL_SURFACE('',#2858,1.);
#216=CYLINDRICAL_SURFACE('',#2863,1.);
#217=CYLINDRICAL_SURFACE('',#2865,15.);
#218=CYLINDRICAL_SURFACE('',#2867,1.);
#219=CYLINDRICAL_SURFACE('',#2872,1.);
#220=CYLINDRICAL_SURFACE('',#2874,15.);
#221=CYLINDRICAL_SURFACE('',#2876,1.);
#222=CYLINDRICAL_SURFACE('',#2886,5.);
#223=FACE_OUTER_BOUND('',#367,.T.);
#224=FACE_OUTER_BOUND('',#368,.T.);
#225=FACE_OUTER_BOUND('',#369,.T.);
#226=FACE_OUTER_BOUND('',#370,.T.);
#227=FACE_OUTER_BOUND('',#371,.T.);
#228=FACE_OUTER_BOUND('',#372,.T.);
#229=FACE_OUTER_BOUND('',#373,.T.);
#230=FACE_OUTER_BOUND('',#374,.T.);
#231=FACE_OUTER_BOUND('',#375,.T.);
#232=FACE_OUTER_BOUND('',#376,.T.);
#233=FACE_OUTER_BOUND('',#377,.T.);
#234=FACE_OUTER_BOUND('',#378,.T.);
#235=FACE_OUTER_BOUND('',#379,.T.);
#236=FACE_OUTER_BOUND('',#380,.T.);
#237=FACE_OUTER_BOUND('',#381,.T.);
#238=FACE_OUTER_BOUND('',#382,.T.);
#239=FACE_OUTER_BOUND('',#383,.T.);
#240=FACE_OUTER_BOUND('',#384,.T.);
#241=FACE_OUTER_BOUND('',#386,.T.);
#242=FACE_OUTER_BOUND('',#387,.T.);
#243=FACE_OUTER_BOUND('',#388,.T.);
#244=FACE_OUTER_BOUND('',#389,.T.);
#245=FACE_OUTER_BOUND('',#390,.T.);
#246=FACE_OUTER_BOUND('',#392,.T.);
#247=FACE_OUTER_BOUND('',#393,.T.);
#248=FACE_OUTER_BOUND('',#394,.T.);
#249=FACE_OUTER_BOUND('',#395,.T.);
#250=FACE_OUTER_BOUND('',#396,.T.);
#251=FACE_OUTER_BOUND('',#397,.T.);
#252=FACE_OUTER_BOUND('',#398,.T.);
#253=FACE_OUTER_BOUND('',#399,.T.);
#254=FACE_OUTER_BOUND('',#400,.T.);
#255=FACE_OUTER_BOUND('',#401,.T.);
#256=FACE_OUTER_BOUND('',#402,.T.);
#257=FACE_OUTER_BOUND('',#403,.T.);
#258=FACE_OUTER_BOUND('',#404,.T.);
#259=FACE_OUTER_BOUND('',#405,.T.);
#260=FACE_OUTER_BOUND('',#406,.T.);
#261=FACE_OUTER_BOUND('',#407,.T.);
#262=FACE_OUTER_BOUND('',#408,.T.);
#263=FACE_OUTER_BOUND('',#409,.T.);
#264=FACE_OUTER_BOUND('',#411,.T.);
#265=FACE_OUTER_BOUND('',#421,.T.);
#266=FACE_OUTER_BOUND('',#422,.T.);
#267=FACE_OUTER_BOUND('',#423,.T.);
#268=FACE_OUTER_BOUND('',#424,.T.);
#269=FACE_OUTER_BOUND('',#425,.T.);
#270=FACE_OUTER_BOUND('',#426,.T.);
#271=FACE_OUTER_BOUND('',#427,.T.);
#272=FACE_OUTER_BOUND('',#428,.T.);
#273=FACE_OUTER_BOUND('',#429,.T.);
#274=FACE_OUTER_BOUND('',#430,.T.);
#275=FACE_OUTER_BOUND('',#431,.T.);
#276=FACE_OUTER_BOUND('',#432,.T.);
#277=FACE_OUTER_BOUND('',#433,.T.);
#278=FACE_OUTER_BOUND('',#434,.T.);
#279=FACE_OUTER_BOUND('',#435,.T.);
#280=FACE_OUTER_BOUND('',#436,.T.);
#281=FACE_OUTER_BOUND('',#437,.T.);
#282=FACE_OUTER_BOUND('',#438,.T.);
#283=FACE_OUTER_BOUND('',#439,.T.);
#284=FACE_OUTER_BOUND('',#440,.T.);
#285=FACE_OUTER_BOUND('',#441,.T.);
#286=FACE_OUTER_BOUND('',#442,.T.);
#287=FACE_OUTER_BOUND('',#443,.T.);
#288=FACE_OUTER_BOUND('',#444,.T.);
#289=FACE_OUTER_BOUND('',#445,.T.);
#290=FACE_OUTER_BOUND('',#446,.T.);
#291=FACE_OUTER_BOUND('',#447,.T.);
#292=FACE_OUTER_BOUND('',#448,.T.);
#293=FACE_OUTER_BOUND('',#449,.T.);
#294=FACE_OUTER_BOUND('',#450,.T.);
#295=FACE_OUTER_BOUND('',#451,.T.);
#296=FACE_OUTER_BOUND('',#452,.T.);
#297=FACE_OUTER_BOUND('',#453,.T.);
#298=FACE_OUTER_BOUND('',#454,.T.);
#299=FACE_OUTER_BOUND('',#455,.T.);
#300=FACE_OUTER_BOUND('',#456,.T.);
#301=FACE_OUTER_BOUND('',#457,.T.);
#302=FACE_OUTER_BOUND('',#458,.T.);
#303=FACE_OUTER_BOUND('',#459,.T.);
#304=FACE_OUTER_BOUND('',#460,.T.);
#305=FACE_OUTER_BOUND('',#461,.T.);
#306=FACE_OUTER_BOUND('',#462,.T.);
#307=FACE_OUTER_BOUND('',#463,.T.);
#308=FACE_OUTER_BOUND('',#464,.T.);
#309=FACE_OUTER_BOUND('',#465,.T.);
#310=FACE_OUTER_BOUND('',#467,.T.);
#311=FACE_OUTER_BOUND('',#469,.T.);
#312=FACE_OUTER_BOUND('',#470,.T.);
#313=FACE_OUTER_BOUND('',#471,.T.);
#314=FACE_OUTER_BOUND('',#472,.T.);
#315=FACE_OUTER_BOUND('',#473,.T.);
#316=FACE_OUTER_BOUND('',#474,.T.);
#317=FACE_OUTER_BOUND('',#475,.T.);
#318=FACE_OUTER_BOUND('',#477,.T.);
#319=FACE_OUTER_BOUND('',#478,.T.);
#320=FACE_OUTER_BOUND('',#479,.T.);
#321=FACE_OUTER_BOUND('',#480,.T.);
#322=FACE_OUTER_BOUND('',#482,.T.);
#323=FACE_OUTER_BOUND('',#483,.T.);
#324=FACE_OUTER_BOUND('',#484,.T.);
#325=FACE_OUTER_BOUND('',#485,.T.);
#326=FACE_OUTER_BOUND('',#487,.T.);
#327=FACE_OUTER_BOUND('',#488,.T.);
#328=FACE_OUTER_BOUND('',#489,.T.);
#329=FACE_OUTER_BOUND('',#490,.T.);
#330=FACE_OUTER_BOUND('',#492,.T.);
#331=FACE_OUTER_BOUND('',#493,.T.);
#332=FACE_OUTER_BOUND('',#494,.T.);
#333=FACE_OUTER_BOUND('',#495,.T.);
#334=FACE_OUTER_BOUND('',#496,.T.);
#335=FACE_OUTER_BOUND('',#497,.T.);
#336=FACE_OUTER_BOUND('',#498,.T.);
#337=FACE_OUTER_BOUND('',#499,.T.);
#338=FACE_OUTER_BOUND('',#500,.T.);
#339=FACE_OUTER_BOUND('',#501,.T.);
#340=FACE_OUTER_BOUND('',#502,.T.);
#341=FACE_OUTER_BOUND('',#503,.T.);
#342=FACE_OUTER_BOUND('',#504,.T.);
#343=FACE_OUTER_BOUND('',#505,.T.);
#344=FACE_OUTER_BOUND('',#506,.T.);
#345=FACE_OUTER_BOUND('',#507,.T.);
#346=FACE_OUTER_BOUND('',#508,.T.);
#347=FACE_OUTER_BOUND('',#509,.T.);
#348=FACE_OUTER_BOUND('',#510,.T.);
#349=FACE_OUTER_BOUND('',#511,.T.);
#350=FACE_OUTER_BOUND('',#512,.T.);
#351=FACE_OUTER_BOUND('',#513,.T.);
#352=FACE_OUTER_BOUND('',#514,.T.);
#353=FACE_OUTER_BOUND('',#515,.T.);
#354=FACE_OUTER_BOUND('',#516,.T.);
#355=FACE_OUTER_BOUND('',#517,.T.);
#356=FACE_OUTER_BOUND('',#518,.T.);
#357=FACE_OUTER_BOUND('',#519,.T.);
#358=FACE_OUTER_BOUND('',#520,.T.);
#359=FACE_OUTER_BOUND('',#521,.T.);
#360=FACE_OUTER_BOUND('',#522,.T.);
#361=FACE_OUTER_BOUND('',#523,.T.);
#362=FACE_OUTER_BOUND('',#524,.T.);
#363=FACE_OUTER_BOUND('',#525,.T.);
#364=FACE_OUTER_BOUND('',#526,.T.);
#365=FACE_OUTER_BOUND('',#528,.T.);
#366=FACE_OUTER_BOUND('',#538,.T.);
#367=EDGE_LOOP('',(#1643,#1644,#1645,#1646));
#368=EDGE_LOOP('',(#1647,#1648,#1649,#1650));
#369=EDGE_LOOP('',(#1651,#1652,#1653,#1654));
#370=EDGE_LOOP('',(#1655,#1656,#1657,#1658));
#371=EDGE_LOOP('',(#1659,#1660,#1661,#1662));
#372=EDGE_LOOP('',(#1663,#1664,#1665,#1666));
#373=EDGE_LOOP('',(#1667,#1668,#1669,#1670));
#374=EDGE_LOOP('',(#1671,#1672,#1673,#1674));
#375=EDGE_LOOP('',(#1675,#1676,#1677,#1678));
#376=EDGE_LOOP('',(#1679,#1680,#1681,#1682));
#377=EDGE_LOOP('',(#1683,#1684,#1685,#1686));
#378=EDGE_LOOP('',(#1687,#1688,#1689,#1690));
#379=EDGE_LOOP('',(#1691,#1692,#1693,#1694));
#380=EDGE_LOOP('',(#1695,#1696,#1697,#1698));
#381=EDGE_LOOP('',(#1699,#1700,#1701,#1702));
#382=EDGE_LOOP('',(#1703,#1704,#1705,#1706));
#383=EDGE_LOOP('',(#1707,#1708,#1709,#1710));
#384=EDGE_LOOP('',(#1711));
#385=EDGE_LOOP('',(#1712));
#386=EDGE_LOOP('',(#1713));
#387=EDGE_LOOP('',(#1714));
#388=EDGE_LOOP('',(#1715));
#389=EDGE_LOOP('',(#1716));
#390=EDGE_LOOP('',(#1717));
#391=EDGE_LOOP('',(#1718));
#392=EDGE_LOOP('',(#1719,#1720,#1721,#1722));
#393=EDGE_LOOP('',(#1723,#1724,#1725,#1726));
#394=EDGE_LOOP('',(#1727,#1728,#1729,#1730));
#395=EDGE_LOOP('',(#1731,#1732,#1733,#1734));
#396=EDGE_LOOP('',(#1735,#1736,#1737,#1738,#1739,#1740,#1741,#1742));
#397=EDGE_LOOP('',(#1743,#1744,#1745,#1746));
#398=EDGE_LOOP('',(#1747,#1748,#1749,#1750));
#399=EDGE_LOOP('',(#1751,#1752,#1753,#1754));
#400=EDGE_LOOP('',(#1755,#1756,#1757,#1758,#1759,#1760,#1761,#1762));
#401=EDGE_LOOP('',(#1763,#1764,#1765,#1766));
#402=EDGE_LOOP('',(#1767,#1768,#1769,#1770,#1771,#1772,#1773,#1774));
#403=EDGE_LOOP('',(#1775,#1776,#1777,#1778));
#404=EDGE_LOOP('',(#1779,#1780,#1781,#1782));
#405=EDGE_LOOP('',(#1783,#1784,#1785,#1786));
#406=EDGE_LOOP('',(#1787,#1788,#1789,#1790,#1791,#1792,#1793,#1794));
#407=EDGE_LOOP('',(#1795,#1796,#1797,#1798));
#408=EDGE_LOOP('',(#1799,#1800,#1801,#1802));
#409=EDGE_LOOP('',(#1803));
#410=EDGE_LOOP('',(#1804));
#411=EDGE_LOOP('',(#1805,#1806,#1807,#1808,#1809,#1810,#1811,#1812));
#412=EDGE_LOOP('',(#1813));
#413=EDGE_LOOP('',(#1814));
#414=EDGE_LOOP('',(#1815));
#415=EDGE_LOOP('',(#1816));
#416=EDGE_LOOP('',(#1817));
#417=EDGE_LOOP('',(#1818));
#418=EDGE_LOOP('',(#1819));
#419=EDGE_LOOP('',(#1820,#1821,#1822,#1823,#1824,#1825,#1826,#1827));
#420=EDGE_LOOP('',(#1828,#1829,#1830,#1831,#1832,#1833,#1834,#1835));
#421=EDGE_LOOP('',(#1836,#1837,#1838,#1839));
#422=EDGE_LOOP('',(#1840,#1841,#1842,#1843,#1844));
#423=EDGE_LOOP('',(#1845,#1846,#1847,#1848));
#424=EDGE_LOOP('',(#1849,#1850,#1851,#1852,#1853,#1854,#1855,#1856));
#425=EDGE_LOOP('',(#1857,#1858,#1859,#1860));
#426=EDGE_LOOP('',(#1861,#1862,#1863,#1864,#1865));
#427=EDGE_LOOP('',(#1866,#1867,#1868,#1869));
#428=EDGE_LOOP('',(#1870,#1871,#1872,#1873));
#429=EDGE_LOOP('',(#1874,#1875,#1876,#1877));
#430=EDGE_LOOP('',(#1878,#1879,#1880,#1881,#1882));
#431=EDGE_LOOP('',(#1883,#1884,#1885,#1886));
#432=EDGE_LOOP('',(#1887,#1888,#1889,#1890,#1891,#1892,#1893,#1894));
#433=EDGE_LOOP('',(#1895,#1896,#1897,#1898));
#434=EDGE_LOOP('',(#1899,#1900,#1901,#1902,#1903));
#435=EDGE_LOOP('',(#1904,#1905,#1906,#1907));
#436=EDGE_LOOP('',(#1908,#1909,#1910,#1911));
#437=EDGE_LOOP('',(#1912,#1913,#1914,#1915));
#438=EDGE_LOOP('',(#1916,#1917,#1918,#1919));
#439=EDGE_LOOP('',(#1920,#1921,#1922,#1923));
#440=EDGE_LOOP('',(#1924,#1925,#1926,#1927));
#441=EDGE_LOOP('',(#1928,#1929,#1930,#1931));
#442=EDGE_LOOP('',(#1932,#1933,#1934,#1935));
#443=EDGE_LOOP('',(#1936,#1937,#1938,#1939));
#444=EDGE_LOOP('',(#1940,#1941,#1942,#1943,#1944));
#445=EDGE_LOOP('',(#1945,#1946,#1947,#1948));
#446=EDGE_LOOP('',(#1949,#1950,#1951,#1952,#1953,#1954,#1955,#1956));
#447=EDGE_LOOP('',(#1957,#1958,#1959,#1960));
#448=EDGE_LOOP('',(#1961,#1962,#1963,#1964,#1965));
#449=EDGE_LOOP('',(#1966,#1967,#1968,#1969));
#450=EDGE_LOOP('',(#1970,#1971,#1972,#1973));
#451=EDGE_LOOP('',(#1974,#1975,#1976,#1977));
#452=EDGE_LOOP('',(#1978,#1979,#1980,#1981,#1982));
#453=EDGE_LOOP('',(#1983,#1984,#1985,#1986));
#454=EDGE_LOOP('',(#1987,#1988,#1989,#1990,#1991,#1992,#1993,#1994));
#455=EDGE_LOOP('',(#1995,#1996,#1997,#1998));
#456=EDGE_LOOP('',(#1999,#2000,#2001,#2002,#2003));
#457=EDGE_LOOP('',(#2004,#2005,#2006,#2007));
#458=EDGE_LOOP('',(#2008,#2009,#2010,#2011));
#459=EDGE_LOOP('',(#2012,#2013,#2014,#2015));
#460=EDGE_LOOP('',(#2016,#2017,#2018,#2019));
#461=EDGE_LOOP('',(#2020,#2021,#2022,#2023));
#462=EDGE_LOOP('',(#2024,#2025,#2026,#2027));
#463=EDGE_LOOP('',(#2028,#2029,#2030,#2031));
#464=EDGE_LOOP('',(#2032,#2033,#2034,#2035));
#465=EDGE_LOOP('',(#2036));
#466=EDGE_LOOP('',(#2037));
#467=EDGE_LOOP('',(#2038));
#468=EDGE_LOOP('',(#2039));
#469=EDGE_LOOP('',(#2040,#2041,#2042,#2043));
#470=EDGE_LOOP('',(#2044,#2045,#2046,#2047));
#471=EDGE_LOOP('',(#2048,#2049,#2050,#2051));
#472=EDGE_LOOP('',(#2052,#2053,#2054,#2055));
#473=EDGE_LOOP('',(#2056,#2057,#2058,#2059));
#474=EDGE_LOOP('',(#2060,#2061,#2062,#2063));
#475=EDGE_LOOP('',(#2064,#2065,#2066,#2067,#2068,#2069,#2070,#2071,#2072,
#2073,#2074,#2075,#2076,#2077,#2078,#2079));
#476=EDGE_LOOP('',(#2080));
#477=EDGE_LOOP('',(#2081,#2082,#2083,#2084));
#478=EDGE_LOOP('',(#2085,#2086,#2087,#2088,#2089,#2090,#2091,#2092));
#479=EDGE_LOOP('',(#2093,#2094,#2095,#2096));
#480=EDGE_LOOP('',(#2097,#2098,#2099,#2100,#2101,#2102,#2103,#2104,#2105,
#2106,#2107,#2108,#2109,#2110,#2111,#2112));
#481=EDGE_LOOP('',(#2113));
#482=EDGE_LOOP('',(#2114,#2115,#2116,#2117));
#483=EDGE_LOOP('',(#2118,#2119,#2120,#2121,#2122,#2123,#2124,#2125));
#484=EDGE_LOOP('',(#2126,#2127,#2128,#2129));
#485=EDGE_LOOP('',(#2130,#2131,#2132,#2133,#2134,#2135,#2136,#2137,#2138,
#2139,#2140,#2141,#2142,#2143,#2144,#2145));
#486=EDGE_LOOP('',(#2146));
#487=EDGE_LOOP('',(#2147,#2148,#2149,#2150));
#488=EDGE_LOOP('',(#2151,#2152,#2153,#2154,#2155,#2156,#2157,#2158));
#489=EDGE_LOOP('',(#2159,#2160,#2161,#2162));
#490=EDGE_LOOP('',(#2163,#2164,#2165,#2166,#2167,#2168,#2169,#2170,#2171,
#2172,#2173,#2174,#2175,#2176,#2177,#2178));
#491=EDGE_LOOP('',(#2179));
#492=EDGE_LOOP('',(#2180,#2181,#2182,#2183));
#493=EDGE_LOOP('',(#2184,#2185,#2186,#2187,#2188,#2189,#2190,#2191));
#494=EDGE_LOOP('',(#2192,#2193,#2194,#2195));
#495=EDGE_LOOP('',(#2196,#2197,#2198,#2199));
#496=EDGE_LOOP('',(#2200,#2201,#2202,#2203));
#497=EDGE_LOOP('',(#2204,#2205,#2206,#2207));
#498=EDGE_LOOP('',(#2208,#2209,#2210,#2211));
#499=EDGE_LOOP('',(#2212,#2213,#2214,#2215));
#500=EDGE_LOOP('',(#2216,#2217,#2218,#2219));
#501=EDGE_LOOP('',(#2220,#2221,#2222,#2223,#2224));
#502=EDGE_LOOP('',(#2225,#2226,#2227,#2228));
#503=EDGE_LOOP('',(#2229,#2230,#2231,#2232));
#504=EDGE_LOOP('',(#2233,#2234,#2235,#2236));
#505=EDGE_LOOP('',(#2237,#2238,#2239,#2240,#2241));
#506=EDGE_LOOP('',(#2242,#2243,#2244,#2245));
#507=EDGE_LOOP('',(#2246,#2247,#2248,#2249,#2250));
#508=EDGE_LOOP('',(#2251,#2252,#2253,#2254));
#509=EDGE_LOOP('',(#2255,#2256,#2257,#2258));
#510=EDGE_LOOP('',(#2259,#2260,#2261,#2262));
#511=EDGE_LOOP('',(#2263,#2264,#2265,#2266,#2267));
#512=EDGE_LOOP('',(#2268,#2269,#2270,#2271));
#513=EDGE_LOOP('',(#2272,#2273,#2274,#2275,#2276));
#514=EDGE_LOOP('',(#2277,#2278,#2279,#2280));
#515=EDGE_LOOP('',(#2281,#2282,#2283,#2284));
#516=EDGE_LOOP('',(#2285,#2286,#2287,#2288));
#517=EDGE_LOOP('',(#2289,#2290,#2291,#2292,#2293));
#518=EDGE_LOOP('',(#2294,#2295,#2296,#2297));
#519=EDGE_LOOP('',(#2298,#2299,#2300,#2301,#2302));
#520=EDGE_LOOP('',(#2303,#2304,#2305,#2306));
#521=EDGE_LOOP('',(#2307,#2308,#2309,#2310));
#522=EDGE_LOOP('',(#2311,#2312,#2313,#2314));
#523=EDGE_LOOP('',(#2315,#2316,#2317,#2318,#2319));
#524=EDGE_LOOP('',(#2320,#2321,#2322,#2323));
#525=EDGE_LOOP('',(#2324,#2325,#2326,#2327));
#526=EDGE_LOOP('',(#2328));
#527=EDGE_LOOP('',(#2329));
#528=EDGE_LOOP('',(#2330,#2331,#2332,#2333,#2334,#2335,#2336,#2337,#2338,
#2339,#2340,#2341,#2342,#2343,#2344,#2345,#2346,#2347,#2348,#2349,#2350,
#2351,#2352,#2353));
#529=EDGE_LOOP('',(#2354));
#530=EDGE_LOOP('',(#2355));
#531=EDGE_LOOP('',(#2356));
#532=EDGE_LOOP('',(#2357));
#533=EDGE_LOOP('',(#2358));
#534=EDGE_LOOP('',(#2359));
#535=EDGE_LOOP('',(#2360));
#536=EDGE_LOOP('',(#2361,#2362,#2363,#2364,#2365,#2366,#2367,#2368));
#537=EDGE_LOOP('',(#2369,#2370,#2371,#2372,#2373,#2374,#2375,#2376));
#538=EDGE_LOOP('',(#2377,#2378,#2379,#2380));
#539=LINE('',#3670,#788);
#540=LINE('',#3672,#789);
#541=LINE('',#3674,#790);
#542=LINE('',#3675,#791);
#543=LINE('',#3680,#792);
#544=LINE('',#3684,#793);
#545=LINE('',#3686,#794);
#546=LINE('',#3687,#795);
#547=LINE('',#3692,#796);
#548=LINE('',#3696,#797);
#549=LINE('',#3698,#798);
#550=LINE('',#3699,#799);
#551=LINE('',#3704,#800);
#552=LINE('',#3708,#801);
#553=LINE('',#3710,#802);
#554=LINE('',#3711,#803);
#555=LINE('',#3718,#804);
#556=LINE('',#3720,#805);
#557=LINE('',#3722,#806);
#558=LINE('',#3723,#807);
#559=LINE('',#3728,#808);
#560=LINE('',#3732,#809);
#561=LINE('',#3734,#810);
#562=LINE('',#3735,#811);
#563=LINE('',#3740,#812);
#564=LINE('',#3744,#813);
#565=LINE('',#3746,#814);
#566=LINE('',#3747,#815);
#567=LINE('',#3752,#816);
#568=LINE('',#3756,#817);
#569=LINE('',#3758,#818);
#570=LINE('',#3759,#819);
#571=LINE('',#3793,#820);
#572=LINE('',#3798,#821);
#573=LINE('',#3802,#822);
#574=LINE('',#3806,#823);
#575=LINE('',#3810,#824);
#576=LINE('',#3812,#825);
#577=LINE('',#3818,#826);
#578=LINE('',#3823,#827);
#579=LINE('',#3826,#828);
#580=LINE('',#3828,#829);
#581=LINE('',#3829,#830);
#582=LINE('',#3833,#831);
#583=LINE('',#3837,#832);
#584=LINE('',#3841,#833);
#585=LINE('',#3843,#834);
#586=LINE('',#3849,#835);
#587=LINE('',#3854,#836);
#588=LINE('',#3857,#837);
#589=LINE('',#3859,#838);
#590=LINE('',#3860,#839);
#591=LINE('',#3864,#840);
#592=LINE('',#3866,#841);
#593=LINE('',#3872,#842);
#594=LINE('',#3877,#843);
#595=LINE('',#3880,#844);
#596=LINE('',#3882,#845);
#597=LINE('',#3883,#846);
#598=LINE('',#3887,#847);
#599=LINE('',#3889,#848);
#600=LINE('',#3891,#849);
#601=LINE('',#3892,#850);
#602=LINE('',#3896,#851);
#603=LINE('',#3900,#852);
#604=LINE('',#3902,#853);
#605=LINE('',#3910,#854);
#606=LINE('',#3913,#855);
#607=LINE('',#3919,#856);
#608=LINE('',#3940,#857);
#609=LINE('',#3944,#858);
#610=LINE('',#3946,#859);
#611=LINE('',#3947,#860);
#612=LINE('',#3948,#861);
#613=LINE('',#3952,#862);
#614=LINE('',#3956,#863);
#615=LINE('',#3960,#864);
#616=LINE('',#3964,#865);
#617=LINE('',#3965,#866);
#618=LINE('',#3966,#867);
#619=LINE('',#3970,#868);
#620=LINE('',#3972,#869);
#621=LINE('',#3974,#870);
#622=LINE('',#3975,#871);
#623=LINE('',#3977,#872);
#624=LINE('',#3978,#873);
#625=LINE('',#3981,#874);
#626=LINE('',#3982,#875);
#627=LINE('',#3985,#876);
#628=LINE('',#3987,#877);
#629=LINE('',#3988,#878);
#630=LINE('',#3992,#879);
#631=LINE('',#3996,#880);
#632=LINE('',#4000,#881);
#633=LINE('',#4004,#882);
#634=LINE('',#4005,#883);
#635=LINE('',#4006,#884);
#636=LINE('',#4010,#885);
#637=LINE('',#4012,#886);
#638=LINE('',#4014,#887);
#639=LINE('',#4015,#888);
#640=LINE('',#4017,#889);
#641=LINE('',#4018,#890);
#642=LINE('',#4022,#891);
#643=LINE('',#4025,#892);
#644=LINE('',#4026,#893);
#645=LINE('',#4030,#894);
#646=LINE('',#4032,#895);
#647=LINE('',#4034,#896);
#648=LINE('',#4035,#897);
#649=LINE('',#4037,#898);
#650=LINE('',#4038,#899);
#651=LINE('',#4042,#900);
#652=LINE('',#4046,#901);
#653=LINE('',#4048,#902);
#654=LINE('',#4050,#903);
#655=LINE('',#4051,#904);
#656=LINE('',#4054,#905);
#657=LINE('',#4055,#906);
#658=LINE('',#4056,#907);
#659=LINE('',#4059,#908);
#660=LINE('',#4060,#909);
#661=LINE('',#4064,#910);
#662=LINE('',#4068,#911);
#663=LINE('',#4072,#912);
#664=LINE('',#4076,#913);
#665=LINE('',#4077,#914);
#666=LINE('',#4078,#915);
#667=LINE('',#4082,#916);
#668=LINE('',#4084,#917);
#669=LINE('',#4086,#918);
#670=LINE('',#4087,#919);
#671=LINE('',#4089,#920);
#672=LINE('',#4090,#921);
#673=LINE('',#4093,#922);
#674=LINE('',#4094,#923);
#675=LINE('',#4097,#924);
#676=LINE('',#4099,#925);
#677=LINE('',#4100,#926);
#678=LINE('',#4104,#927);
#679=LINE('',#4108,#928);
#680=LINE('',#4112,#929);
#681=LINE('',#4116,#930);
#682=LINE('',#4117,#931);
#683=LINE('',#4118,#932);
#684=LINE('',#4122,#933);
#685=LINE('',#4124,#934);
#686=LINE('',#4126,#935);
#687=LINE('',#4127,#936);
#688=LINE('',#4129,#937);
#689=LINE('',#4130,#938);
#690=LINE('',#4134,#939);
#691=LINE('',#4138,#940);
#692=LINE('',#4140,#941);
#693=LINE('',#4142,#942);
#694=LINE('',#4143,#943);
#695=LINE('',#4145,#944);
#696=LINE('',#4146,#945);
#697=LINE('',#4148,#946);
#698=LINE('',#4151,#947);
#699=LINE('',#4153,#948);
#700=LINE('',#4154,#949);
#701=LINE('',#4157,#950);
#702=LINE('',#4159,#951);
#703=LINE('',#4160,#952);
#704=LINE('',#4169,#953);
#705=LINE('',#4173,#954);
#706=LINE('',#4177,#955);
#707=LINE('',#4181,#956);
#708=LINE('',#4185,#957);
#709=LINE('',#4189,#958);
#710=LINE('',#4191,#959);
#711=LINE('',#4192,#960);
#712=LINE('',#4195,#961);
#713=LINE('',#4203,#962);
#714=LINE('',#4204,#963);
#715=LINE('',#4207,#964);
#716=LINE('',#4208,#965);
#717=LINE('',#4211,#966);
#718=LINE('',#4212,#967);
#719=LINE('',#4215,#968);
#720=LINE('',#4216,#969);
#721=LINE('',#4219,#970);
#722=LINE('',#4227,#971);
#723=LINE('',#4228,#972);
#724=LINE('',#4231,#973);
#725=LINE('',#4232,#974);
#726=LINE('',#4235,#975);
#727=LINE('',#4236,#976);
#728=LINE('',#4239,#977);
#729=LINE('',#4240,#978);
#730=LINE('',#4243,#979);
#731=LINE('',#4251,#980);
#732=LINE('',#4252,#981);
#733=LINE('',#4255,#982);
#734=LINE('',#4256,#983);
#735=LINE('',#4259,#984);
#736=LINE('',#4260,#985);
#737=LINE('',#4263,#986);
#738=LINE('',#4264,#987);
#739=LINE('',#4267,#988);
#740=LINE('',#4275,#989);
#741=LINE('',#4276,#990);
#742=LINE('',#4279,#991);
#743=LINE('',#4280,#992);
#744=LINE('',#4282,#993);
#745=LINE('',#4285,#994);
#746=LINE('',#4289,#995);
#747=LINE('',#4297,#996);
#748=LINE('',#4301,#997);
#749=LINE('',#4305,#998);
#750=LINE('',#4309,#999);
#751=LINE('',#4313,#1000);
#752=LINE('',#4315,#1001);
#753=LINE('',#4316,#1002);
#754=LINE('',#4320,#1003);
#755=LINE('',#4323,#1004);
#756=LINE('',#4328,#1005);
#757=LINE('',#4331,#1006);
#758=LINE('',#4332,#1007);
#759=LINE('',#4335,#1008);
#760=LINE('',#4336,#1009);
#761=LINE('',#4339,#1010);
#762=LINE('',#4340,#1011);
#763=LINE('',#4344,#1012);
#764=LINE('',#4347,#1013);
#765=LINE('',#4352,#1014);
#766=LINE('',#4355,#1015);
#767=LINE('',#4356,#1016);
#768=LINE('',#4359,#1017);
#769=LINE('',#4360,#1018);
#770=LINE('',#4363,#1019);
#771=LINE('',#4364,#1020);
#772=LINE('',#4368,#1021);
#773=LINE('',#4371,#1022);
#774=LINE('',#4376,#1023);
#775=LINE('',#4379,#1024);
#776=LINE('',#4380,#1025);
#777=LINE('',#4383,#1026);
#778=LINE('',#4384,#1027);
#779=LINE('',#4387,#1028);
#780=LINE('',#4388,#1029);
#781=LINE('',#4392,#1030);
#782=LINE('',#4395,#1031);
#783=LINE('',#4400,#1032);
#784=LINE('',#4403,#1033);
#785=LINE('',#4404,#1034);
#786=LINE('',#4406,#1035);
#787=LINE('',#4416,#1036);
#788=VECTOR('',#2891,10.);
#789=VECTOR('',#2892,10.);
#790=VECTOR('',#2893,10.);
#791=VECTOR('',#2894,10.);
#792=VECTOR('',#2899,10.);
#793=VECTOR('',#2904,10.);
#794=VECTOR('',#2905,10.);
#795=VECTOR('',#2906,10.);
#796=VECTOR('',#2911,10.);
#797=VECTOR('',#2916,10.);
#798=VECTOR('',#2917,10.);
#799=VECTOR('',#2918,10.);
#800=VECTOR('',#2923,10.);
#801=VECTOR('',#2928,10.);
#802=VECTOR('',#2929,10.);
#803=VECTOR('',#2930,10.);
#804=VECTOR('',#2939,10.);
#805=VECTOR('',#2940,10.);
#806=VECTOR('',#2941,10.);
#807=VECTOR('',#2942,10.);
#808=VECTOR('',#2947,10.);
#809=VECTOR('',#2952,10.);
#810=VECTOR('',#2953,10.);
#811=VECTOR('',#2954,10.);
#812=VECTOR('',#2959,10.);
#813=VECTOR('',#2964,10.);
#814=VECTOR('',#2965,10.);
#815=VECTOR('',#2966,10.);
#816=VECTOR('',#2971,10.);
#817=VECTOR('',#2976,10.);
#818=VECTOR('',#2977,10.);
#819=VECTOR('',#2978,10.);
#820=VECTOR('',#3023,1.8);
#821=VECTOR('',#3030,3.25);
#822=VECTOR('',#3035,3.25);
#823=VECTOR('',#3040,1.35);
#824=VECTOR('',#3043,10.);
#825=VECTOR('',#3044,10.);
#826=VECTOR('',#3049,10.);
#827=VECTOR('',#3054,10.);
#828=VECTOR('',#3057,10.);
#829=VECTOR('',#3058,10.);
#830=VECTOR('',#3059,10.);
#831=VECTOR('',#3064,1.35);
#832=VECTOR('',#3069,1.35);
#833=VECTOR('',#3072,10.);
#834=VECTOR('',#3073,10.);
#835=VECTOR('',#3078,10.);
#836=VECTOR('',#3083,10.);
#837=VECTOR('',#3086,10.);
#838=VECTOR('',#3087,10.);
#839=VECTOR('',#3088,10.);
#840=VECTOR('',#3091,10.);
#841=VECTOR('',#3092,10.);
#842=VECTOR('',#3097,10.);
#843=VECTOR('',#3102,10.);
#844=VECTOR('',#3105,10.);
#845=VECTOR('',#3106,10.);
#846=VECTOR('',#3107,10.);
#847=VECTOR('',#3110,10.);
#848=VECTOR('',#3111,10.);
#849=VECTOR('',#3112,10.);
#850=VECTOR('',#3113,10.);
#851=VECTOR('',#3118,1.35);
#852=VECTOR('',#3121,10.);
#853=VECTOR('',#3122,10.);
#854=VECTOR('',#3131,10.);
#855=VECTOR('',#3134,1.8);
#856=VECTOR('',#3141,3.25);
#857=VECTOR('',#3170,1.45);
#858=VECTOR('',#3173,10.);
#859=VECTOR('',#3174,10.);
#860=VECTOR('',#3175,10.);
#861=VECTOR('',#3176,10.);
#862=VECTOR('',#3181,10.);
#863=VECTOR('',#3186,10.);
#864=VECTOR('',#3191,10.);
#865=VECTOR('',#3194,10.);
#866=VECTOR('',#3195,10.);
#867=VECTOR('',#3196,10.);
#868=VECTOR('',#3199,10.);
#869=VECTOR('',#3200,10.);
#870=VECTOR('',#3201,10.);
#871=VECTOR('',#3202,10.);
#872=VECTOR('',#3205,10.);
#873=VECTOR('',#3206,10.);
#874=VECTOR('',#3209,10.);
#875=VECTOR('',#3210,10.);
#876=VECTOR('',#3213,10.);
#877=VECTOR('',#3214,10.);
#878=VECTOR('',#3215,10.);
#879=VECTOR('',#3220,10.);
#880=VECTOR('',#3225,10.);
#881=VECTOR('',#3230,10.);
#882=VECTOR('',#3233,10.);
#883=VECTOR('',#3234,10.);
#884=VECTOR('',#3235,10.);
#885=VECTOR('',#3238,10.);
#886=VECTOR('',#3239,10.);
#887=VECTOR('',#3240,10.);
#888=VECTOR('',#3241,10.);
#889=VECTOR('',#3244,10.);
#890=VECTOR('',#3245,10.);
#891=VECTOR('',#3250,1.45);
#892=VECTOR('',#3253,10.);
#893=VECTOR('',#3254,10.);
#894=VECTOR('',#3257,10.);
#895=VECTOR('',#3258,10.);
#896=VECTOR('',#3259,10.);
#897=VECTOR('',#3260,10.);
#898=VECTOR('',#3263,10.);
#899=VECTOR('',#3264,10.);
#900=VECTOR('',#3269,1.45);
#901=VECTOR('',#3272,10.);
#902=VECTOR('',#3273,10.);
#903=VECTOR('',#3274,10.);
#904=VECTOR('',#3275,10.);
#905=VECTOR('',#3278,10.);
#906=VECTOR('',#3279,10.);
#907=VECTOR('',#3280,10.);
#908=VECTOR('',#3283,10.);
#909=VECTOR('',#3284,10.);
#910=VECTOR('',#3289,10.);
#911=VECTOR('',#3294,10.);
#912=VECTOR('',#3299,10.);
#913=VECTOR('',#3302,10.);
#914=VECTOR('',#3303,10.);
#915=VECTOR('',#3304,10.);
#916=VECTOR('',#3307,10.);
#917=VECTOR('',#3308,10.);
#918=VECTOR('',#3309,10.);
#919=VECTOR('',#3310,10.);
#920=VECTOR('',#3313,10.);
#921=VECTOR('',#3314,10.);
#922=VECTOR('',#3317,10.);
#923=VECTOR('',#3318,10.);
#924=VECTOR('',#3321,10.);
#925=VECTOR('',#3322,10.);
#926=VECTOR('',#3323,10.);
#927=VECTOR('',#3328,10.);
#928=VECTOR('',#3333,10.);
#929=VECTOR('',#3338,10.);
#930=VECTOR('',#3341,10.);
#931=VECTOR('',#3342,10.);
#932=VECTOR('',#3343,10.);
#933=VECTOR('',#3346,10.);
#934=VECTOR('',#3347,10.);
#935=VECTOR('',#3348,10.);
#936=VECTOR('',#3349,10.);
#937=VECTOR('',#3352,10.);
#938=VECTOR('',#3353,10.);
#939=VECTOR('',#3358,1.45);
#940=VECTOR('',#3361,10.);
#941=VECTOR('',#3362,10.);
#942=VECTOR('',#3363,10.);
#943=VECTOR('',#3364,10.);
#944=VECTOR('',#3367,10.);
#945=VECTOR('',#3368,10.);
#946=VECTOR('',#3371,10.);
#947=VECTOR('',#3374,10.);
#948=VECTOR('',#3375,10.);
#949=VECTOR('',#3376,10.);
#950=VECTOR('',#3379,10.);
#951=VECTOR('',#3380,10.);
#952=VECTOR('',#3381,10.);
#953=VECTOR('',#3392,5.);
#954=VECTOR('',#3397,2.3);
#955=VECTOR('',#3402,2.3);
#956=VECTOR('',#3407,2.3);
#957=VECTOR('',#3412,2.3);
#958=VECTOR('',#3417,10.);
#959=VECTOR('',#3418,10.);
#960=VECTOR('',#3419,10.);
#961=VECTOR('',#3422,10.);
#962=VECTOR('',#3429,10.);
#963=VECTOR('',#3430,10.);
#964=VECTOR('',#3433,10.);
#965=VECTOR('',#3434,10.);
#966=VECTOR('',#3437,10.);
#967=VECTOR('',#3438,10.);
#968=VECTOR('',#3441,10.);
#969=VECTOR('',#3442,10.);
#970=VECTOR('',#3445,10.);
#971=VECTOR('',#3452,10.);
#972=VECTOR('',#3453,10.);
#973=VECTOR('',#3456,10.);
#974=VECTOR('',#3457,10.);
#975=VECTOR('',#3460,10.);
#976=VECTOR('',#3461,10.);
#977=VECTOR('',#3464,10.);
#978=VECTOR('',#3465,10.);
#979=VECTOR('',#3468,10.);
#980=VECTOR('',#3475,10.);
#981=VECTOR('',#3476,10.);
#982=VECTOR('',#3479,10.);
#983=VECTOR('',#3480,10.);
#984=VECTOR('',#3483,10.);
#985=VECTOR('',#3484,10.);
#986=VECTOR('',#3487,10.);
#987=VECTOR('',#3488,10.);
#988=VECTOR('',#3491,10.);
#989=VECTOR('',#3498,10.);
#990=VECTOR('',#3499,10.);
#991=VECTOR('',#3502,10.);
#992=VECTOR('',#3503,10.);
#993=VECTOR('',#3506,10.);
#994=VECTOR('',#3509,5.);
#995=VECTOR('',#3514,1.8);
#996=VECTOR('',#3525,2.2);
#997=VECTOR('',#3530,2.2);
#998=VECTOR('',#3535,2.2);
#999=VECTOR('',#3540,2.2);
#1000=VECTOR('',#3545,10.);
#1001=VECTOR('',#3546,10.);
#1002=VECTOR('',#3547,10.);
#1003=VECTOR('',#3552,10.);
#1004=VECTOR('',#3555,10.);
#1005=VECTOR('',#3562,10.);
#1006=VECTOR('',#3565,10.);
#1007=VECTOR('',#3566,10.);
#1008=VECTOR('',#3569,10.);
#1009=VECTOR('',#3570,10.);
#1010=VECTOR('',#3573,10.);
#1011=VECTOR('',#3574,10.);
#1012=VECTOR('',#3579,10.);
#1013=VECTOR('',#3582,10.);
#1014=VECTOR('',#3589,10.);
#1015=VECTOR('',#3592,10.);
#1016=VECTOR('',#3593,10.);
#1017=VECTOR('',#3596,10.);
#1018=VECTOR('',#3597,10.);
#1019=VECTOR('',#3600,10.);
#1020=VECTOR('',#3601,10.);
#1021=VECTOR('',#3606,10.);
#1022=VECTOR('',#3609,10.);
#1023=VECTOR('',#3616,10.);
#1024=VECTOR('',#3619,10.);
#1025=VECTOR('',#3620,10.);
#1026=VECTOR('',#3623,10.);
#1027=VECTOR('',#3624,10.);
#1028=VECTOR('',#3627,10.);
#1029=VECTOR('',#3628,10.);
#1030=VECTOR('',#3633,10.);
#1031=VECTOR('',#3636,10.);
#1032=VECTOR('',#3643,10.);
#1033=VECTOR('',#3646,10.);
#1034=VECTOR('',#3647,10.);
#1035=VECTOR('',#3650,10.);
#1036=VECTOR('',#3665,5.);
#1037=VERTEX_POINT('',#3668);
#1038=VERTEX_POINT('',#3669);
#1039=VERTEX_POINT('',#3671);
#1040=VERTEX_POINT('',#3673);
#1041=VERTEX_POINT('',#3677);
#1042=VERTEX_POINT('',#3679);
#1043=VERTEX_POINT('',#3683);
#1044=VERTEX_POINT('',#3685);
#1045=VERTEX_POINT('',#3689);
#1046=VERTEX_POINT('',#3691);
#1047=VERTEX_POINT('',#3695);
#1048=VERTEX_POINT('',#3697);
#1049=VERTEX_POINT('',#3701);
#1050=VERTEX_POINT('',#3703);
#1051=VERTEX_POINT('',#3707);
#1052=VERTEX_POINT('',#3709);
#1053=VERTEX_POINT('',#3716);
#1054=VERTEX_POINT('',#3717);
#1055=VERTEX_POINT('',#3719);
#1056=VERTEX_POINT('',#3721);
#1057=VERTEX_POINT('',#3725);
#1058=VERTEX_POINT('',#3727);
#1059=VERTEX_POINT('',#3731);
#1060=VERTEX_POINT('',#3733);
#1061=VERTEX_POINT('',#3737);
#1062=VERTEX_POINT('',#3739);
#1063=VERTEX_POINT('',#3743);
#1064=VERTEX_POINT('',#3745);
#1065=VERTEX_POINT('',#3749);
#1066=VERTEX_POINT('',#3751);
#1067=VERTEX_POINT('',#3755);
#1068=VERTEX_POINT('',#3757);
#1069=VERTEX_POINT('',#3764);
#1070=VERTEX_POINT('',#3766);
#1071=VERTEX_POINT('',#3770);
#1072=VERTEX_POINT('',#3772);
#1073=VERTEX_POINT('',#3775);
#1074=VERTEX_POINT('',#3778);
#1075=VERTEX_POINT('',#3781);
#1076=VERTEX_POINT('',#3784);
#1077=VERTEX_POINT('',#3787);
#1078=VERTEX_POINT('',#3789);
#1079=VERTEX_POINT('',#3792);
#1080=VERTEX_POINT('',#3796);
#1081=VERTEX_POINT('',#3800);
#1082=VERTEX_POINT('',#3804);
#1083=VERTEX_POINT('',#3808);
#1084=VERTEX_POINT('',#3809);
#1085=VERTEX_POINT('',#3811);
#1086=VERTEX_POINT('',#3813);
#1087=VERTEX_POINT('',#3815);
#1088=VERTEX_POINT('',#3817);
#1089=VERTEX_POINT('',#3819);
#1090=VERTEX_POINT('',#3821);
#1091=VERTEX_POINT('',#3825);
#1092=VERTEX_POINT('',#3827);
#1093=VERTEX_POINT('',#3831);
#1094=VERTEX_POINT('',#3835);
#1095=VERTEX_POINT('',#3839);
#1096=VERTEX_POINT('',#3840);
#1097=VERTEX_POINT('',#3842);
#1098=VERTEX_POINT('',#3844);
#1099=VERTEX_POINT('',#3846);
#1100=VERTEX_POINT('',#3848);
#1101=VERTEX_POINT('',#3850);
#1102=VERTEX_POINT('',#3852);
#1103=VERTEX_POINT('',#3856);
#1104=VERTEX_POINT('',#3858);
#1105=VERTEX_POINT('',#3862);
#1106=VERTEX_POINT('',#3863);
#1107=VERTEX_POINT('',#3865);
#1108=VERTEX_POINT('',#3867);
#1109=VERTEX_POINT('',#3869);
#1110=VERTEX_POINT('',#3871);
#1111=VERTEX_POINT('',#3873);
#1112=VERTEX_POINT('',#3875);
#1113=VERTEX_POINT('',#3879);
#1114=VERTEX_POINT('',#3881);
#1115=VERTEX_POINT('',#3885);
#1116=VERTEX_POINT('',#3886);
#1117=VERTEX_POINT('',#3888);
#1118=VERTEX_POINT('',#3890);
#1119=VERTEX_POINT('',#3894);
#1120=VERTEX_POINT('',#3898);
#1121=VERTEX_POINT('',#3899);
#1122=VERTEX_POINT('',#3901);
#1123=VERTEX_POINT('',#3903);
#1124=VERTEX_POINT('',#3906);
#1125=VERTEX_POINT('',#3908);
#1126=VERTEX_POINT('',#3912);
#1127=VERTEX_POINT('',#3916);
#1128=VERTEX_POINT('',#3918);
#1129=VERTEX_POINT('',#3922);
#1130=VERTEX_POINT('',#3929);
#1131=VERTEX_POINT('',#3931);
#1132=VERTEX_POINT('',#3933);
#1133=VERTEX_POINT('',#3935);
#1134=VERTEX_POINT('',#3938);
#1135=VERTEX_POINT('',#3942);
#1136=VERTEX_POINT('',#3943);
#1137=VERTEX_POINT('',#3945);
#1138=VERTEX_POINT('',#3950);
#1139=VERTEX_POINT('',#3954);
#1140=VERTEX_POINT('',#3958);
#1141=VERTEX_POINT('',#3962);
#1142=VERTEX_POINT('',#3963);
#1143=VERTEX_POINT('',#3968);
#1144=VERTEX_POINT('',#3969);
#1145=VERTEX_POINT('',#3971);
#1146=VERTEX_POINT('',#3973);
#1147=VERTEX_POINT('',#3980);
#1148=VERTEX_POINT('',#3984);
#1149=VERTEX_POINT('',#3986);
#1150=VERTEX_POINT('',#3990);
#1151=VERTEX_POINT('',#3994);
#1152=VERTEX_POINT('',#3998);
#1153=VERTEX_POINT('',#4002);
#1154=VERTEX_POINT('',#4003);
#1155=VERTEX_POINT('',#4008);
#1156=VERTEX_POINT('',#4009);
#1157=VERTEX_POINT('',#4011);
#1158=VERTEX_POINT('',#4013);
#1159=VERTEX_POINT('',#4020);
#1160=VERTEX_POINT('',#4024);
#1161=VERTEX_POINT('',#4028);
#1162=VERTEX_POINT('',#4029);
#1163=VERTEX_POINT('',#4031);
#1164=VERTEX_POINT('',#4033);
#1165=VERTEX_POINT('',#4040);
#1166=VERTEX_POINT('',#4044);
#1167=VERTEX_POINT('',#4045);
#1168=VERTEX_POINT('',#4047);
#1169=VERTEX_POINT('',#4049);
#1170=VERTEX_POINT('',#4053);
#1171=VERTEX_POINT('',#4058);
#1172=VERTEX_POINT('',#4062);
#1173=VERTEX_POINT('',#4066);
#1174=VERTEX_POINT('',#4070);
#1175=VERTEX_POINT('',#4074);
#1176=VERTEX_POINT('',#4075);
#1177=VERTEX_POINT('',#4080);
#1178=VERTEX_POINT('',#4081);
#1179=VERTEX_POINT('',#4083);
#1180=VERTEX_POINT('',#4085);
#1181=VERTEX_POINT('',#4092);
#1182=VERTEX_POINT('',#4096);
#1183=VERTEX_POINT('',#4098);
#1184=VERTEX_POINT('',#4102);
#1185=VERTEX_POINT('',#4106);
#1186=VERTEX_POINT('',#4110);
#1187=VERTEX_POINT('',#4114);
#1188=VERTEX_POINT('',#4115);
#1189=VERTEX_POINT('',#4120);
#1190=VERTEX_POINT('',#4121);
#1191=VERTEX_POINT('',#4123);
#1192=VERTEX_POINT('',#4125);
#1193=VERTEX_POINT('',#4132);
#1194=VERTEX_POINT('',#4136);
#1195=VERTEX_POINT('',#4137);
#1196=VERTEX_POINT('',#4139);
#1197=VERTEX_POINT('',#4141);
#1198=VERTEX_POINT('',#4150);
#1199=VERTEX_POINT('',#4152);
#1200=VERTEX_POINT('',#4156);
#1201=VERTEX_POINT('',#4158);
#1202=VERTEX_POINT('',#4162);
#1203=VERTEX_POINT('',#4165);
#1204=VERTEX_POINT('',#4168);
#1205=VERTEX_POINT('',#4172);
#1206=VERTEX_POINT('',#4176);
#1207=VERTEX_POINT('',#4180);
#1208=VERTEX_POINT('',#4184);
#1209=VERTEX_POINT('',#4188);
#1210=VERTEX_POINT('',#4190);
#1211=VERTEX_POINT('',#4194);
#1212=VERTEX_POINT('',#4196);
#1213=VERTEX_POINT('',#4198);
#1214=VERTEX_POINT('',#4200);
#1215=VERTEX_POINT('',#4202);
#1216=VERTEX_POINT('',#4206);
#1217=VERTEX_POINT('',#4210);
#1218=VERTEX_POINT('',#4214);
#1219=VERTEX_POINT('',#4218);
#1220=VERTEX_POINT('',#4220);
#1221=VERTEX_POINT('',#4222);
#1222=VERTEX_POINT('',#4224);
#1223=VERTEX_POINT('',#4226);
#1224=VERTEX_POINT('',#4230);
#1225=VERTEX_POINT('',#4234);
#1226=VERTEX_POINT('',#4238);
#1227=VERTEX_POINT('',#4242);
#1228=VERTEX_POINT('',#4244);
#1229=VERTEX_POINT('',#4246);
#1230=VERTEX_POINT('',#4248);
#1231=VERTEX_POINT('',#4250);
#1232=VERTEX_POINT('',#4254);
#1233=VERTEX_POINT('',#4258);
#1234=VERTEX_POINT('',#4262);
#1235=VERTEX_POINT('',#4266);
#1236=VERTEX_POINT('',#4268);
#1237=VERTEX_POINT('',#4270);
#1238=VERTEX_POINT('',#4272);
#1239=VERTEX_POINT('',#4274);
#1240=VERTEX_POINT('',#4278);
#1241=VERTEX_POINT('',#4284);
#1242=VERTEX_POINT('',#4288);
#1243=VERTEX_POINT('',#4292);
#1244=VERTEX_POINT('',#4296);
#1245=VERTEX_POINT('',#4300);
#1246=VERTEX_POINT('',#4304);
#1247=VERTEX_POINT('',#4308);
#1248=VERTEX_POINT('',#4312);
#1249=VERTEX_POINT('',#4314);
#1250=VERTEX_POINT('',#4318);
#1251=VERTEX_POINT('',#4322);
#1252=VERTEX_POINT('',#4326);
#1253=VERTEX_POINT('',#4330);
#1254=VERTEX_POINT('',#4334);
#1255=VERTEX_POINT('',#4338);
#1256=VERTEX_POINT('',#4342);
#1257=VERTEX_POINT('',#4346);
#1258=VERTEX_POINT('',#4350);
#1259=VERTEX_POINT('',#4354);
#1260=VERTEX_POINT('',#4358);
#1261=VERTEX_POINT('',#4362);
#1262=VERTEX_POINT('',#4366);
#1263=VERTEX_POINT('',#4370);
#1264=VERTEX_POINT('',#4374);
#1265=VERTEX_POINT('',#4378);
#1266=VERTEX_POINT('',#4382);
#1267=VERTEX_POINT('',#4386);
#1268=VERTEX_POINT('',#4390);
#1269=VERTEX_POINT('',#4394);
#1270=VERTEX_POINT('',#4398);
#1271=VERTEX_POINT('',#4402);
#1272=VERTEX_POINT('',#4408);
#1273=VERTEX_POINT('',#4412);
#1274=EDGE_CURVE('',#1037,#1038,#539,.T.);
#1275=EDGE_CURVE('',#1037,#1039,#540,.T.);
#1276=EDGE_CURVE('',#1040,#1039,#541,.T.);
#1277=EDGE_CURVE('',#1038,#1040,#542,.T.);
#1278=EDGE_CURVE('',#1041,#1037,#54,.T.);
#1279=EDGE_CURVE('',#1041,#1042,#543,.T.);
#1280=EDGE_CURVE('',#1039,#1042,#55,.T.);
#1281=EDGE_CURVE('',#1043,#1041,#544,.T.);
#1282=EDGE_CURVE('',#1043,#1044,#545,.T.);
#1283=EDGE_CURVE('',#1042,#1044,#546,.T.);
#1284=EDGE_CURVE('',#1045,#1043,#56,.T.);
#1285=EDGE_CURVE('',#1045,#1046,#547,.T.);
#1286=EDGE_CURVE('',#1044,#1046,#57,.T.);
#1287=EDGE_CURVE('',#1047,#1045,#548,.T.);
#1288=EDGE_CURVE('',#1047,#1048,#549,.T.);
#1289=EDGE_CURVE('',#1046,#1048,#550,.T.);
#1290=EDGE_CURVE('',#1049,#1047,#58,.T.);
#1291=EDGE_CURVE('',#1049,#1050,#551,.T.);
#1292=EDGE_CURVE('',#1048,#1050,#59,.T.);
#1293=EDGE_CURVE('',#1051,#1049,#552,.T.);
#1294=EDGE_CURVE('',#1051,#1052,#553,.T.);
#1295=EDGE_CURVE('',#1050,#1052,#554,.T.);
#1296=EDGE_CURVE('',#1038,#1051,#60,.T.);
#1297=EDGE_CURVE('',#1052,#1040,#61,.T.);
#1298=EDGE_CURVE('',#1053,#1054,#555,.T.);
#1299=EDGE_CURVE('',#1053,#1055,#556,.T.);
#1300=EDGE_CURVE('',#1056,#1055,#557,.T.);
#1301=EDGE_CURVE('',#1054,#1056,#558,.T.);
#1302=EDGE_CURVE('',#1057,#1053,#62,.T.);
#1303=EDGE_CURVE('',#1057,#1058,#559,.T.);
#1304=EDGE_CURVE('',#1055,#1058,#63,.T.);
#1305=EDGE_CURVE('',#1059,#1057,#560,.T.);
#1306=EDGE_CURVE('',#1059,#1060,#561,.T.);
#1307=EDGE_CURVE('',#1058,#1060,#562,.T.);
#1308=EDGE_CURVE('',#1061,#1059,#64,.T.);
#1309=EDGE_CURVE('',#1061,#1062,#563,.T.);
#1310=EDGE_CURVE('',#1060,#1062,#65,.T.);
#1311=EDGE_CURVE('',#1063,#1061,#564,.T.);
#1312=EDGE_CURVE('',#1063,#1064,#565,.T.);
#1313=EDGE_CURVE('',#1062,#1064,#566,.T.);
#1314=EDGE_CURVE('',#1065,#1063,#66,.T.);
#1315=EDGE_CURVE('',#1065,#1066,#567,.T.);
#1316=EDGE_CURVE('',#1064,#1066,#67,.T.);
#1317=EDGE_CURVE('',#1067,#1065,#568,.T.);
#1318=EDGE_CURVE('',#1067,#1068,#569,.T.);
#1319=EDGE_CURVE('',#1066,#1068,#570,.T.);
#1320=EDGE_CURVE('',#1054,#1067,#68,.T.);
#1321=EDGE_CURVE('',#1068,#1056,#69,.T.);
#1322=EDGE_CURVE('',#1069,#1069,#70,.T.);
#1323=EDGE_CURVE('',#1069,#1070,#71,.T.);
#1324=EDGE_CURVE('',#1070,#1070,#72,.T.);
#1325=EDGE_CURVE('',#1071,#1071,#73,.T.);
#1326=EDGE_CURVE('',#1072,#1072,#74,.T.);
#1327=EDGE_CURVE('',#1073,#1073,#75,.T.);
#1328=EDGE_CURVE('',#1074,#1074,#76,.T.);
#1329=EDGE_CURVE('',#1075,#1075,#77,.T.);
#1330=EDGE_CURVE('',#1076,#1076,#78,.T.);
#1331=EDGE_CURVE('',#1077,#1077,#79,.T.);
#1332=EDGE_CURVE('',#1078,#1078,#80,.T.);
#1333=EDGE_CURVE('',#1072,#1079,#571,.T.);
#1334=EDGE_CURVE('',#1079,#1079,#81,.T.);
#1335=EDGE_CURVE('',#1080,#1080,#82,.T.);
#1336=EDGE_CURVE('',#1080,#1077,#572,.T.);
#1337=EDGE_CURVE('',#1081,#1081,#83,.T.);
#1338=EDGE_CURVE('',#1081,#1071,#573,.T.);
#1339=EDGE_CURVE('',#1082,#1082,#84,.T.);
#1340=EDGE_CURVE('',#1082,#1073,#574,.T.);
#1341=EDGE_CURVE('',#1083,#1084,#575,.T.);
#1342=EDGE_CURVE('',#1084,#1085,#576,.T.);
#1343=EDGE_CURVE('',#1086,#1085,#85,.F.);
#1344=EDGE_CURVE('',#1086,#1087,#86,.T.);
#1345=EDGE_CURVE('',#1088,#1087,#577,.T.);
#1346=EDGE_CURVE('',#1088,#1089,#87,.T.);
#1347=EDGE_CURVE('',#1089,#1090,#88,.T.);
#1348=EDGE_CURVE('',#1090,#1083,#578,.T.);
#1349=EDGE_CURVE('',#1087,#1091,#579,.T.);
#1350=EDGE_CURVE('',#1092,#1091,#580,.T.);
#1351=EDGE_CURVE('',#1088,#1092,#581,.T.);
#1352=EDGE_CURVE('',#1093,#1093,#89,.T.);
#1353=EDGE_CURVE('',#1093,#1074,#582,.T.);
#1354=EDGE_CURVE('',#1094,#1094,#90,.T.);
#1355=EDGE_CURVE('',#1094,#1075,#583,.T.);
#1356=EDGE_CURVE('',#1095,#1096,#584,.T.);
#1357=EDGE_CURVE('',#1096,#1097,#585,.T.);
#1358=EDGE_CURVE('',#1098,#1097,#91,.F.);
#1359=EDGE_CURVE('',#1098,#1099,#92,.T.);
#1360=EDGE_CURVE('',#1099,#1100,#586,.T.);
#1361=EDGE_CURVE('',#1100,#1101,#93,.T.);
#1362=EDGE_CURVE('',#1101,#1102,#94,.T.);
#1363=EDGE_CURVE('',#1102,#1095,#587,.T.);
#1364=EDGE_CURVE('',#1099,#1103,#588,.T.);
#1365=EDGE_CURVE('',#1104,#1103,#589,.T.);
#1366=EDGE_CURVE('',#1100,#1104,#590,.T.);
#1367=EDGE_CURVE('',#1105,#1106,#591,.T.);
#1368=EDGE_CURVE('',#1106,#1107,#592,.T.);
#1369=EDGE_CURVE('',#1108,#1107,#95,.F.);
#1370=EDGE_CURVE('',#1108,#1109,#96,.T.);
#1371=EDGE_CURVE('',#1110,#1109,#593,.T.);
#1372=EDGE_CURVE('',#1110,#1111,#97,.T.);
#1373=EDGE_CURVE('',#1111,#1112,#98,.T.);
#1374=EDGE_CURVE('',#1112,#1105,#594,.T.);
#1375=EDGE_CURVE('',#1109,#1113,#595,.T.);
#1376=EDGE_CURVE('',#1114,#1113,#596,.T.);
#1377=EDGE_CURVE('',#1110,#1114,#597,.T.);
#1378=EDGE_CURVE('',#1115,#1116,#598,.T.);
#1379=EDGE_CURVE('',#1116,#1117,#599,.T.);
#1380=EDGE_CURVE('',#1118,#1117,#600,.T.);
#1381=EDGE_CURVE('',#1115,#1118,#601,.T.);
#1382=EDGE_CURVE('',#1119,#1119,#99,.T.);
#1383=EDGE_CURVE('',#1119,#1076,#602,.T.);
#1384=EDGE_CURVE('',#1120,#1121,#603,.T.);
#1385=EDGE_CURVE('',#1121,#1122,#604,.T.);
#1386=EDGE_CURVE('',#1123,#1122,#100,.F.);
#1387=EDGE_CURVE('',#1123,#1116,#101,.T.);
#1388=EDGE_CURVE('',#1115,#1124,#102,.T.);
#1389=EDGE_CURVE('',#1124,#1125,#103,.T.);
#1390=EDGE_CURVE('',#1125,#1120,#605,.T.);
#1391=EDGE_CURVE('',#1078,#1126,#606,.T.);
#1392=EDGE_CURVE('',#1126,#1126,#104,.T.);
#1393=EDGE_CURVE('',#1127,#1127,#105,.T.);
#1394=EDGE_CURVE('',#1127,#1128,#607,.T.);
#1395=EDGE_CURVE('',#1128,#1128,#106,.T.);
#1396=EDGE_CURVE('',#1129,#1129,#107,.T.);
#1397=EDGE_CURVE('',#1113,#1118,#108,.T.);
#1398=EDGE_CURVE('',#1117,#1092,#109,.T.);
#1399=EDGE_CURVE('',#1091,#1104,#110,.T.);
#1400=EDGE_CURVE('',#1103,#1114,#111,.T.);
#1401=EDGE_CURVE('',#1130,#1130,#112,.T.);
#1402=EDGE_CURVE('',#1131,#1131,#113,.T.);
#1403=EDGE_CURVE('',#1132,#1132,#114,.T.);
#1404=EDGE_CURVE('',#1133,#1133,#115,.T.);
#1405=EDGE_CURVE('',#1134,#1134,#116,.T.);
#1406=EDGE_CURVE('',#1134,#1082,#608,.T.);
#1407=EDGE_CURVE('',#1135,#1136,#609,.T.);
#1408=EDGE_CURVE('',#1137,#1136,#610,.T.);
#1409=EDGE_CURVE('',#1122,#1137,#611,.T.);
#1410=EDGE_CURVE('',#1121,#1135,#612,.T.);
#1411=EDGE_CURVE('',#1137,#1138,#117,.T.);
#1412=EDGE_CURVE('',#1138,#1123,#613,.T.);
#1413=EDGE_CURVE('',#1139,#1138,#118,.T.);
#1414=EDGE_CURVE('',#1089,#1139,#614,.T.);
#1415=EDGE_CURVE('',#1139,#1140,#119,.T.);
#1416=EDGE_CURVE('',#1140,#1090,#615,.T.);
#1417=EDGE_CURVE('',#1141,#1142,#616,.T.);
#1418=EDGE_CURVE('',#1083,#1142,#617,.T.);
#1419=EDGE_CURVE('',#1141,#1140,#618,.T.);
#1420=EDGE_CURVE('',#1143,#1144,#619,.T.);
#1421=EDGE_CURVE('',#1143,#1145,#620,.T.);
#1422=EDGE_CURVE('',#1145,#1146,#621,.T.);
#1423=EDGE_CURVE('',#1144,#1146,#622,.T.);
#1424=EDGE_CURVE('',#1144,#1141,#623,.T.);
#1425=EDGE_CURVE('',#1146,#1142,#624,.T.);
#1426=EDGE_CURVE('',#1147,#1142,#625,.T.);
#1427=EDGE_CURVE('',#1084,#1147,#626,.T.);
#1428=EDGE_CURVE('',#1147,#1148,#627,.T.);
#1429=EDGE_CURVE('',#1149,#1148,#628,.T.);
#1430=EDGE_CURVE('',#1085,#1149,#629,.T.);
#1431=EDGE_CURVE('',#1149,#1150,#120,.T.);
#1432=EDGE_CURVE('',#1150,#1086,#630,.T.);
#1433=EDGE_CURVE('',#1151,#1150,#121,.T.);
#1434=EDGE_CURVE('',#1101,#1151,#631,.T.);
#1435=EDGE_CURVE('',#1151,#1152,#122,.T.);
#1436=EDGE_CURVE('',#1152,#1102,#632,.T.);
#1437=EDGE_CURVE('',#1153,#1154,#633,.T.);
#1438=EDGE_CURVE('',#1095,#1154,#634,.T.);
#1439=EDGE_CURVE('',#1153,#1152,#635,.T.);
#1440=EDGE_CURVE('',#1155,#1156,#636,.T.);
#1441=EDGE_CURVE('',#1155,#1157,#637,.T.);
#1442=EDGE_CURVE('',#1157,#1158,#638,.T.);
#1443=EDGE_CURVE('',#1156,#1158,#639,.T.);
#1444=EDGE_CURVE('',#1148,#1155,#640,.T.);
#1445=EDGE_CURVE('',#1147,#1157,#641,.T.);
#1446=EDGE_CURVE('',#1159,#1159,#123,.T.);
#1447=EDGE_CURVE('',#1159,#1093,#642,.T.);
#1448=EDGE_CURVE('',#1160,#1096,#643,.T.);
#1449=EDGE_CURVE('',#1154,#1160,#644,.T.);
#1450=EDGE_CURVE('',#1161,#1162,#645,.T.);
#1451=EDGE_CURVE('',#1161,#1163,#646,.T.);
#1452=EDGE_CURVE('',#1163,#1164,#647,.T.);
#1453=EDGE_CURVE('',#1162,#1164,#648,.T.);
#1454=EDGE_CURVE('',#1162,#1153,#649,.T.);
#1455=EDGE_CURVE('',#1164,#1154,#650,.T.);
#1456=EDGE_CURVE('',#1165,#1165,#124,.T.);
#1457=EDGE_CURVE('',#1165,#1094,#651,.T.);
#1458=EDGE_CURVE('',#1166,#1167,#652,.T.);
#1459=EDGE_CURVE('',#1166,#1168,#653,.T.);
#1460=EDGE_CURVE('',#1168,#1169,#654,.T.);
#1461=EDGE_CURVE('',#1167,#1169,#655,.T.);
#1462=EDGE_CURVE('',#1170,#1166,#656,.T.);
#1463=EDGE_CURVE('',#1160,#1170,#657,.T.);
#1464=EDGE_CURVE('',#1160,#1168,#658,.T.);
#1465=EDGE_CURVE('',#1171,#1170,#659,.T.);
#1466=EDGE_CURVE('',#1097,#1171,#660,.T.);
#1467=EDGE_CURVE('',#1171,#1172,#125,.T.);
#1468=EDGE_CURVE('',#1172,#1098,#661,.T.);
#1469=EDGE_CURVE('',#1173,#1172,#126,.T.);
#1470=EDGE_CURVE('',#1111,#1173,#662,.T.);
#1471=EDGE_CURVE('',#1173,#1174,#127,.T.);
#1472=EDGE_CURVE('',#1174,#1112,#663,.T.);
#1473=EDGE_CURVE('',#1175,#1176,#664,.T.);
#1474=EDGE_CURVE('',#1105,#1176,#665,.T.);
#1475=EDGE_CURVE('',#1175,#1174,#666,.T.);
#1476=EDGE_CURVE('',#1177,#1178,#667,.T.);
#1477=EDGE_CURVE('',#1177,#1179,#668,.T.);
#1478=EDGE_CURVE('',#1179,#1180,#669,.T.);
#1479=EDGE_CURVE('',#1178,#1180,#670,.T.);
#1480=EDGE_CURVE('',#1178,#1175,#671,.T.);
#1481=EDGE_CURVE('',#1180,#1176,#672,.T.);
#1482=EDGE_CURVE('',#1181,#1106,#673,.T.);
#1483=EDGE_CURVE('',#1176,#1181,#674,.T.);
#1484=EDGE_CURVE('',#1181,#1182,#675,.T.);
#1485=EDGE_CURVE('',#1183,#1182,#676,.T.);
#1486=EDGE_CURVE('',#1107,#1183,#677,.T.);
#1487=EDGE_CURVE('',#1183,#1184,#128,.T.);
#1488=EDGE_CURVE('',#1184,#1108,#678,.T.);
#1489=EDGE_CURVE('',#1185,#1184,#129,.T.);
#1490=EDGE_CURVE('',#1124,#1185,#679,.T.);
#1491=EDGE_CURVE('',#1185,#1186,#130,.T.);
#1492=EDGE_CURVE('',#1186,#1125,#680,.T.);
#1493=EDGE_CURVE('',#1187,#1188,#681,.T.);
#1494=EDGE_CURVE('',#1120,#1188,#682,.T.);
#1495=EDGE_CURVE('',#1187,#1186,#683,.T.);
#1496=EDGE_CURVE('',#1189,#1190,#684,.T.);
#1497=EDGE_CURVE('',#1189,#1191,#685,.T.);
#1498=EDGE_CURVE('',#1191,#1192,#686,.T.);
#1499=EDGE_CURVE('',#1190,#1192,#687,.T.);
#1500=EDGE_CURVE('',#1182,#1189,#688,.T.);
#1501=EDGE_CURVE('',#1181,#1191,#689,.T.);
#1502=EDGE_CURVE('',#1193,#1193,#131,.T.);
#1503=EDGE_CURVE('',#1193,#1119,#690,.T.);
#1504=EDGE_CURVE('',#1194,#1195,#691,.T.);
#1505=EDGE_CURVE('',#1194,#1196,#692,.T.);
#1506=EDGE_CURVE('',#1196,#1197,#693,.T.);
#1507=EDGE_CURVE('',#1195,#1197,#694,.T.);
#1508=EDGE_CURVE('',#1195,#1187,#695,.T.);
#1509=EDGE_CURVE('',#1197,#1188,#696,.T.);
#1510=EDGE_CURVE('',#1135,#1188,#697,.T.);
#1511=EDGE_CURVE('',#1136,#1198,#698,.T.);
#1512=EDGE_CURVE('',#1135,#1199,#699,.T.);
#1513=EDGE_CURVE('',#1198,#1199,#700,.T.);
#1514=EDGE_CURVE('',#1198,#1200,#701,.T.);
#1515=EDGE_CURVE('',#1199,#1201,#702,.T.);
#1516=EDGE_CURVE('',#1200,#1201,#703,.T.);
#1517=EDGE_CURVE('',#1202,#1202,#132,.T.);
#1518=EDGE_CURVE('',#1203,#1203,#133,.T.);
#1519=EDGE_CURVE('',#1129,#1204,#704,.T.);
#1520=EDGE_CURVE('',#1204,#1204,#134,.T.);
#1521=EDGE_CURVE('',#1132,#1205,#705,.T.);
#1522=EDGE_CURVE('',#1205,#1205,#135,.T.);
#1523=EDGE_CURVE('',#1133,#1206,#706,.T.);
#1524=EDGE_CURVE('',#1206,#1206,#136,.T.);
#1525=EDGE_CURVE('',#1131,#1207,#707,.T.);
#1526=EDGE_CURVE('',#1207,#1207,#137,.T.);
#1527=EDGE_CURVE('',#1130,#1208,#708,.T.);
#1528=EDGE_CURVE('',#1208,#1208,#138,.T.);
#1529=EDGE_CURVE('',#1200,#1209,#709,.T.);
#1530=EDGE_CURVE('',#1201,#1210,#710,.T.);
#1531=EDGE_CURVE('',#1209,#1210,#711,.T.);
#1532=EDGE_CURVE('',#1209,#1211,#712,.T.);
#1533=EDGE_CURVE('',#1212,#1211,#139,.T.);
#1534=EDGE_CURVE('',#1212,#1213,#140,.T.);
#1535=EDGE_CURVE('',#1214,#1213,#141,.T.);
#1536=EDGE_CURVE('',#1214,#1215,#713,.T.);
#1537=EDGE_CURVE('',#1215,#1143,#714,.T.);
#1538=EDGE_CURVE('',#1216,#1215,#715,.T.);
#1539=EDGE_CURVE('',#1216,#1145,#716,.T.);
#1540=EDGE_CURVE('',#1217,#1216,#717,.T.);
#1541=EDGE_CURVE('',#1158,#1217,#718,.T.);
#1542=EDGE_CURVE('',#1156,#1218,#719,.T.);
#1543=EDGE_CURVE('',#1218,#1217,#720,.T.);
#1544=EDGE_CURVE('',#1218,#1219,#721,.T.);
#1545=EDGE_CURVE('',#1220,#1219,#142,.T.);
#1546=EDGE_CURVE('',#1220,#1221,#143,.T.);
#1547=EDGE_CURVE('',#1222,#1221,#144,.T.);
#1548=EDGE_CURVE('',#1222,#1223,#722,.T.);
#1549=EDGE_CURVE('',#1223,#1161,#723,.T.);
#1550=EDGE_CURVE('',#1224,#1223,#724,.T.);
#1551=EDGE_CURVE('',#1224,#1163,#725,.T.);
#1552=EDGE_CURVE('',#1224,#1225,#726,.T.);
#1553=EDGE_CURVE('',#1169,#1225,#727,.T.);
#1554=EDGE_CURVE('',#1167,#1226,#728,.T.);
#1555=EDGE_CURVE('',#1226,#1225,#729,.T.);
#1556=EDGE_CURVE('',#1226,#1227,#730,.T.);
#1557=EDGE_CURVE('',#1228,#1227,#145,.T.);
#1558=EDGE_CURVE('',#1228,#1229,#146,.T.);
#1559=EDGE_CURVE('',#1230,#1229,#147,.T.);
#1560=EDGE_CURVE('',#1230,#1231,#731,.T.);
#1561=EDGE_CURVE('',#1231,#1177,#732,.T.);
#1562=EDGE_CURVE('',#1232,#1231,#733,.T.);
#1563=EDGE_CURVE('',#1232,#1179,#734,.T.);
#1564=EDGE_CURVE('',#1192,#1233,#735,.T.);
#1565=EDGE_CURVE('',#1232,#1233,#736,.T.);
#1566=EDGE_CURVE('',#1190,#1234,#737,.T.);
#1567=EDGE_CURVE('',#1234,#1233,#738,.T.);
#1568=EDGE_CURVE('',#1234,#1235,#739,.T.);
#1569=EDGE_CURVE('',#1236,#1235,#148,.T.);
#1570=EDGE_CURVE('',#1236,#1237,#149,.T.);
#1571=EDGE_CURVE('',#1238,#1237,#150,.T.);
#1572=EDGE_CURVE('',#1238,#1239,#740,.T.);
#1573=EDGE_CURVE('',#1239,#1194,#741,.T.);
#1574=EDGE_CURVE('',#1240,#1239,#742,.T.);
#1575=EDGE_CURVE('',#1240,#1196,#743,.T.);
#1576=EDGE_CURVE('',#1210,#1240,#744,.T.);
#1577=EDGE_CURVE('',#1202,#1241,#745,.T.);
#1578=EDGE_CURVE('',#1241,#1241,#151,.T.);
#1579=EDGE_CURVE('',#1203,#1242,#746,.T.);
#1580=EDGE_CURVE('',#1242,#1242,#152,.T.);
#1581=EDGE_CURVE('',#1204,#1243,#153,.T.);
#1582=EDGE_CURVE('',#1243,#1243,#154,.T.);
#1583=EDGE_CURVE('',#1205,#1244,#747,.T.);
#1584=EDGE_CURVE('',#1244,#1244,#155,.T.);
#1585=EDGE_CURVE('',#1206,#1245,#748,.T.);
#1586=EDGE_CURVE('',#1245,#1245,#156,.T.);
#1587=EDGE_CURVE('',#1207,#1246,#749,.T.);
#1588=EDGE_CURVE('',#1246,#1246,#157,.T.);
#1589=EDGE_CURVE('',#1208,#1247,#750,.T.);
#1590=EDGE_CURVE('',#1247,#1247,#158,.T.);
#1591=EDGE_CURVE('',#1248,#1210,#751,.T.);
#1592=EDGE_CURVE('',#1249,#1248,#752,.T.);
#1593=EDGE_CURVE('',#1211,#1249,#753,.T.);
#1594=EDGE_CURVE('',#1249,#1250,#159,.F.);
#1595=EDGE_CURVE('',#1250,#1212,#754,.T.);
#1596=EDGE_CURVE('',#1213,#1251,#755,.T.);
#1597=EDGE_CURVE('',#1251,#1250,#160,.T.);
#1598=EDGE_CURVE('',#1251,#1252,#161,.F.);
#1599=EDGE_CURVE('',#1252,#1214,#756,.T.);
#1600=EDGE_CURVE('',#1253,#1252,#757,.T.);
#1601=EDGE_CURVE('',#1216,#1253,#758,.T.);
#1602=EDGE_CURVE('',#1254,#1253,#759,.T.);
#1603=EDGE_CURVE('',#1254,#1217,#760,.T.);
#1604=EDGE_CURVE('',#1255,#1254,#761,.T.);
#1605=EDGE_CURVE('',#1219,#1255,#762,.T.);
#1606=EDGE_CURVE('',#1255,#1256,#162,.F.);
#1607=EDGE_CURVE('',#1256,#1220,#763,.T.);
#1608=EDGE_CURVE('',#1221,#1257,#764,.T.);
#1609=EDGE_CURVE('',#1257,#1256,#163,.T.);
#1610=EDGE_CURVE('',#1257,#1258,#164,.F.);
#1611=EDGE_CURVE('',#1258,#1222,#765,.T.);
#1612=EDGE_CURVE('',#1259,#1258,#766,.T.);
#1613=EDGE_CURVE('',#1259,#1224,#767,.T.);
#1614=EDGE_CURVE('',#1260,#1225,#768,.T.);
#1615=EDGE_CURVE('',#1260,#1259,#769,.T.);
#1616=EDGE_CURVE('',#1261,#1260,#770,.T.);
#1617=EDGE_CURVE('',#1227,#1261,#771,.T.);
#1618=EDGE_CURVE('',#1261,#1262,#165,.F.);
#1619=EDGE_CURVE('',#1262,#1228,#772,.T.);
#1620=EDGE_CURVE('',#1229,#1263,#773,.T.);
#1621=EDGE_CURVE('',#1263,#1262,#166,.T.);
#1622=EDGE_CURVE('',#1263,#1264,#167,.F.);
#1623=EDGE_CURVE('',#1264,#1230,#774,.T.);
#1624=EDGE_CURVE('',#1265,#1264,#775,.T.);
#1625=EDGE_CURVE('',#1265,#1232,#776,.T.);
#1626=EDGE_CURVE('',#1266,#1233,#777,.T.);
#1627=EDGE_CURVE('',#1266,#1265,#778,.T.);
#1628=EDGE_CURVE('',#1267,#1266,#779,.T.);
#1629=EDGE_CURVE('',#1235,#1267,#780,.T.);
#1630=EDGE_CURVE('',#1267,#1268,#168,.F.);
#1631=EDGE_CURVE('',#1268,#1236,#781,.T.);
#1632=EDGE_CURVE('',#1237,#1269,#782,.T.);
#1633=EDGE_CURVE('',#1269,#1268,#169,.T.);
#1634=EDGE_CURVE('',#1269,#1270,#170,.F.);
#1635=EDGE_CURVE('',#1270,#1238,#783,.T.);
#1636=EDGE_CURVE('',#1271,#1270,#784,.T.);
#1637=EDGE_CURVE('',#1240,#1271,#785,.T.);
#1638=EDGE_CURVE('',#1248,#1271,#786,.T.);
#1639=EDGE_CURVE('',#1241,#1272,#171,.T.);
#1640=EDGE_CURVE('',#1272,#1272,#172,.T.);
#1641=EDGE_CURVE('',#1273,#1273,#173,.T.);
#1642=EDGE_CURVE('',#1273,#1069,#787,.T.);
#1643=ORIENTED_EDGE('',*,*,#1274,.F.);
#1644=ORIENTED_EDGE('',*,*,#1275,.T.);
#1645=ORIENTED_EDGE('',*,*,#1276,.F.);
#1646=ORIENTED_EDGE('',*,*,#1277,.F.);
#1647=ORIENTED_EDGE('',*,*,#1278,.F.);
#1648=ORIENTED_EDGE('',*,*,#1279,.T.);
#1649=ORIENTED_EDGE('',*,*,#1280,.F.);
#1650=ORIENTED_EDGE('',*,*,#1275,.F.);
#1651=ORIENTED_EDGE('',*,*,#1281,.F.);
#1652=ORIENTED_EDGE('',*,*,#1282,.T.);
#1653=ORIENTED_EDGE('',*,*,#1283,.F.);
#1654=ORIENTED_EDGE('',*,*,#1279,.F.);
#1655=ORIENTED_EDGE('',*,*,#1284,.F.);
#1656=ORIENTED_EDGE('',*,*,#1285,.T.);
#1657=ORIENTED_EDGE('',*,*,#1286,.F.);
#1658=ORIENTED_EDGE('',*,*,#1282,.F.);
#1659=ORIENTED_EDGE('',*,*,#1287,.F.);
#1660=ORIENTED_EDGE('',*,*,#1288,.T.);
#1661=ORIENTED_EDGE('',*,*,#1289,.F.);
#1662=ORIENTED_EDGE('',*,*,#1285,.F.);
#1663=ORIENTED_EDGE('',*,*,#1290,.F.);
#1664=ORIENTED_EDGE('',*,*,#1291,.T.);
#1665=ORIENTED_EDGE('',*,*,#1292,.F.);
#1666=ORIENTED_EDGE('',*,*,#1288,.F.);
#1667=ORIENTED_EDGE('',*,*,#1293,.F.);
#1668=ORIENTED_EDGE('',*,*,#1294,.T.);
#1669=ORIENTED_EDGE('',*,*,#1295,.F.);
#1670=ORIENTED_EDGE('',*,*,#1291,.F.);
#1671=ORIENTED_EDGE('',*,*,#1296,.F.);
#1672=ORIENTED_EDGE('',*,*,#1277,.T.);
#1673=ORIENTED_EDGE('',*,*,#1297,.F.);
#1674=ORIENTED_EDGE('',*,*,#1294,.F.);
#1675=ORIENTED_EDGE('',*,*,#1298,.F.);
#1676=ORIENTED_EDGE('',*,*,#1299,.T.);
#1677=ORIENTED_EDGE('',*,*,#1300,.F.);
#1678=ORIENTED_EDGE('',*,*,#1301,.F.);
#1679=ORIENTED_EDGE('',*,*,#1302,.F.);
#1680=ORIENTED_EDGE('',*,*,#1303,.T.);
#1681=ORIENTED_EDGE('',*,*,#1304,.F.);
#1682=ORIENTED_EDGE('',*,*,#1299,.F.);
#1683=ORIENTED_EDGE('',*,*,#1305,.F.);
#1684=ORIENTED_EDGE('',*,*,#1306,.T.);
#1685=ORIENTED_EDGE('',*,*,#1307,.F.);
#1686=ORIENTED_EDGE('',*,*,#1303,.F.);
#1687=ORIENTED_EDGE('',*,*,#1308,.F.);
#1688=ORIENTED_EDGE('',*,*,#1309,.T.);
#1689=ORIENTED_EDGE('',*,*,#1310,.F.);
#1690=ORIENTED_EDGE('',*,*,#1306,.F.);
#1691=ORIENTED_EDGE('',*,*,#1311,.F.);
#1692=ORIENTED_EDGE('',*,*,#1312,.T.);
#1693=ORIENTED_EDGE('',*,*,#1313,.F.);
#1694=ORIENTED_EDGE('',*,*,#1309,.F.);
#1695=ORIENTED_EDGE('',*,*,#1314,.F.);
#1696=ORIENTED_EDGE('',*,*,#1315,.T.);
#1697=ORIENTED_EDGE('',*,*,#1316,.F.);
#1698=ORIENTED_EDGE('',*,*,#1312,.F.);
#1699=ORIENTED_EDGE('',*,*,#1317,.F.);
#1700=ORIENTED_EDGE('',*,*,#1318,.T.);
#1701=ORIENTED_EDGE('',*,*,#1319,.F.);
#1702=ORIENTED_EDGE('',*,*,#1315,.F.);
#1703=ORIENTED_EDGE('',*,*,#1320,.F.);
#1704=ORIENTED_EDGE('',*,*,#1301,.T.);
#1705=ORIENTED_EDGE('',*,*,#1321,.F.);
#1706=ORIENTED_EDGE('',*,*,#1318,.F.);
#1707=ORIENTED_EDGE('',*,*,#1322,.T.);
#1708=ORIENTED_EDGE('',*,*,#1323,.T.);
#1709=ORIENTED_EDGE('',*,*,#1324,.T.);
#1710=ORIENTED_EDGE('',*,*,#1323,.F.);
#1711=ORIENTED_EDGE('',*,*,#1325,.F.);
#1712=ORIENTED_EDGE('',*,*,#1326,.F.);
#1713=ORIENTED_EDGE('',*,*,#1327,.F.);
#1714=ORIENTED_EDGE('',*,*,#1328,.F.);
#1715=ORIENTED_EDGE('',*,*,#1329,.F.);
#1716=ORIENTED_EDGE('',*,*,#1330,.F.);
#1717=ORIENTED_EDGE('',*,*,#1331,.F.);
#1718=ORIENTED_EDGE('',*,*,#1332,.F.);
#1719=ORIENTED_EDGE('',*,*,#1326,.T.);
#1720=ORIENTED_EDGE('',*,*,#1333,.T.);
#1721=ORIENTED_EDGE('',*,*,#1334,.F.);
#1722=ORIENTED_EDGE('',*,*,#1333,.F.);
#1723=ORIENTED_EDGE('',*,*,#1335,.F.);
#1724=ORIENTED_EDGE('',*,*,#1336,.T.);
#1725=ORIENTED_EDGE('',*,*,#1331,.T.);
#1726=ORIENTED_EDGE('',*,*,#1336,.F.);
#1727=ORIENTED_EDGE('',*,*,#1337,.F.);
#1728=ORIENTED_EDGE('',*,*,#1338,.T.);
#1729=ORIENTED_EDGE('',*,*,#1325,.T.);
#1730=ORIENTED_EDGE('',*,*,#1338,.F.);
#1731=ORIENTED_EDGE('',*,*,#1339,.F.);
#1732=ORIENTED_EDGE('',*,*,#1340,.T.);
#1733=ORIENTED_EDGE('',*,*,#1327,.T.);
#1734=ORIENTED_EDGE('',*,*,#1340,.F.);
#1735=ORIENTED_EDGE('',*,*,#1341,.T.);
#1736=ORIENTED_EDGE('',*,*,#1342,.T.);
#1737=ORIENTED_EDGE('',*,*,#1343,.F.);
#1738=ORIENTED_EDGE('',*,*,#1344,.T.);
#1739=ORIENTED_EDGE('',*,*,#1345,.F.);
#1740=ORIENTED_EDGE('',*,*,#1346,.T.);
#1741=ORIENTED_EDGE('',*,*,#1347,.T.);
#1742=ORIENTED_EDGE('',*,*,#1348,.T.);
#1743=ORIENTED_EDGE('',*,*,#1345,.T.);
#1744=ORIENTED_EDGE('',*,*,#1349,.T.);
#1745=ORIENTED_EDGE('',*,*,#1350,.F.);
#1746=ORIENTED_EDGE('',*,*,#1351,.F.);
#1747=ORIENTED_EDGE('',*,*,#1352,.F.);
#1748=ORIENTED_EDGE('',*,*,#1353,.T.);
#1749=ORIENTED_EDGE('',*,*,#1328,.T.);
#1750=ORIENTED_EDGE('',*,*,#1353,.F.);
#1751=ORIENTED_EDGE('',*,*,#1354,.F.);
#1752=ORIENTED_EDGE('',*,*,#1355,.T.);
#1753=ORIENTED_EDGE('',*,*,#1329,.T.);
#1754=ORIENTED_EDGE('',*,*,#1355,.F.);
#1755=ORIENTED_EDGE('',*,*,#1356,.T.);
#1756=ORIENTED_EDGE('',*,*,#1357,.T.);
#1757=ORIENTED_EDGE('',*,*,#1358,.F.);
#1758=ORIENTED_EDGE('',*,*,#1359,.T.);
#1759=ORIENTED_EDGE('',*,*,#1360,.T.);
#1760=ORIENTED_EDGE('',*,*,#1361,.T.);
#1761=ORIENTED_EDGE('',*,*,#1362,.T.);
#1762=ORIENTED_EDGE('',*,*,#1363,.T.);
#1763=ORIENTED_EDGE('',*,*,#1360,.F.);
#1764=ORIENTED_EDGE('',*,*,#1364,.T.);
#1765=ORIENTED_EDGE('',*,*,#1365,.F.);
#1766=ORIENTED_EDGE('',*,*,#1366,.F.);
#1767=ORIENTED_EDGE('',*,*,#1367,.T.);
#1768=ORIENTED_EDGE('',*,*,#1368,.T.);
#1769=ORIENTED_EDGE('',*,*,#1369,.F.);
#1770=ORIENTED_EDGE('',*,*,#1370,.T.);
#1771=ORIENTED_EDGE('',*,*,#1371,.F.);
#1772=ORIENTED_EDGE('',*,*,#1372,.T.);
#1773=ORIENTED_EDGE('',*,*,#1373,.T.);
#1774=ORIENTED_EDGE('',*,*,#1374,.T.);
#1775=ORIENTED_EDGE('',*,*,#1371,.T.);
#1776=ORIENTED_EDGE('',*,*,#1375,.T.);
#1777=ORIENTED_EDGE('',*,*,#1376,.F.);
#1778=ORIENTED_EDGE('',*,*,#1377,.F.);
#1779=ORIENTED_EDGE('',*,*,#1378,.T.);
#1780=ORIENTED_EDGE('',*,*,#1379,.T.);
#1781=ORIENTED_EDGE('',*,*,#1380,.F.);
#1782=ORIENTED_EDGE('',*,*,#1381,.F.);
#1783=ORIENTED_EDGE('',*,*,#1382,.F.);
#1784=ORIENTED_EDGE('',*,*,#1383,.T.);
#1785=ORIENTED_EDGE('',*,*,#1330,.T.);
#1786=ORIENTED_EDGE('',*,*,#1383,.F.);
#1787=ORIENTED_EDGE('',*,*,#1384,.T.);
#1788=ORIENTED_EDGE('',*,*,#1385,.T.);
#1789=ORIENTED_EDGE('',*,*,#1386,.F.);
#1790=ORIENTED_EDGE('',*,*,#1387,.T.);
#1791=ORIENTED_EDGE('',*,*,#1378,.F.);
#1792=ORIENTED_EDGE('',*,*,#1388,.T.);
#1793=ORIENTED_EDGE('',*,*,#1389,.T.);
#1794=ORIENTED_EDGE('',*,*,#1390,.T.);
#1795=ORIENTED_EDGE('',*,*,#1332,.T.);
#1796=ORIENTED_EDGE('',*,*,#1391,.T.);
#1797=ORIENTED_EDGE('',*,*,#1392,.F.);
#1798=ORIENTED_EDGE('',*,*,#1391,.F.);
#1799=ORIENTED_EDGE('',*,*,#1393,.F.);
#1800=ORIENTED_EDGE('',*,*,#1394,.T.);
#1801=ORIENTED_EDGE('',*,*,#1395,.T.);
#1802=ORIENTED_EDGE('',*,*,#1394,.F.);
#1803=ORIENTED_EDGE('',*,*,#1396,.T.);
#1804=ORIENTED_EDGE('',*,*,#1334,.T.);
#1805=ORIENTED_EDGE('',*,*,#1376,.T.);
#1806=ORIENTED_EDGE('',*,*,#1397,.T.);
#1807=ORIENTED_EDGE('',*,*,#1380,.T.);
#1808=ORIENTED_EDGE('',*,*,#1398,.T.);
#1809=ORIENTED_EDGE('',*,*,#1350,.T.);
#1810=ORIENTED_EDGE('',*,*,#1399,.T.);
#1811=ORIENTED_EDGE('',*,*,#1365,.T.);
#1812=ORIENTED_EDGE('',*,*,#1400,.T.);
#1813=ORIENTED_EDGE('',*,*,#1401,.F.);
#1814=ORIENTED_EDGE('',*,*,#1402,.F.);
#1815=ORIENTED_EDGE('',*,*,#1393,.T.);
#1816=ORIENTED_EDGE('',*,*,#1335,.T.);
#1817=ORIENTED_EDGE('',*,*,#1337,.T.);
#1818=ORIENTED_EDGE('',*,*,#1403,.F.);
#1819=ORIENTED_EDGE('',*,*,#1404,.F.);
#1820=ORIENTED_EDGE('',*,*,#1298,.T.);
#1821=ORIENTED_EDGE('',*,*,#1320,.T.);
#1822=ORIENTED_EDGE('',*,*,#1317,.T.);
#1823=ORIENTED_EDGE('',*,*,#1314,.T.);
#1824=ORIENTED_EDGE('',*,*,#1311,.T.);
#1825=ORIENTED_EDGE('',*,*,#1308,.T.);
#1826=ORIENTED_EDGE('',*,*,#1305,.T.);
#1827=ORIENTED_EDGE('',*,*,#1302,.T.);
#1828=ORIENTED_EDGE('',*,*,#1274,.T.);
#1829=ORIENTED_EDGE('',*,*,#1296,.T.);
#1830=ORIENTED_EDGE('',*,*,#1293,.T.);
#1831=ORIENTED_EDGE('',*,*,#1290,.T.);
#1832=ORIENTED_EDGE('',*,*,#1287,.T.);
#1833=ORIENTED_EDGE('',*,*,#1284,.T.);
#1834=ORIENTED_EDGE('',*,*,#1281,.T.);
#1835=ORIENTED_EDGE('',*,*,#1278,.T.);
#1836=ORIENTED_EDGE('',*,*,#1405,.T.);
#1837=ORIENTED_EDGE('',*,*,#1406,.T.);
#1838=ORIENTED_EDGE('',*,*,#1339,.T.);
#1839=ORIENTED_EDGE('',*,*,#1406,.F.);
#1840=ORIENTED_EDGE('',*,*,#1407,.T.);
#1841=ORIENTED_EDGE('',*,*,#1408,.F.);
#1842=ORIENTED_EDGE('',*,*,#1409,.F.);
#1843=ORIENTED_EDGE('',*,*,#1385,.F.);
#1844=ORIENTED_EDGE('',*,*,#1410,.T.);
#1845=ORIENTED_EDGE('',*,*,#1411,.T.);
#1846=ORIENTED_EDGE('',*,*,#1412,.T.);
#1847=ORIENTED_EDGE('',*,*,#1386,.T.);
#1848=ORIENTED_EDGE('',*,*,#1409,.T.);
#1849=ORIENTED_EDGE('',*,*,#1412,.F.);
#1850=ORIENTED_EDGE('',*,*,#1413,.F.);
#1851=ORIENTED_EDGE('',*,*,#1414,.F.);
#1852=ORIENTED_EDGE('',*,*,#1346,.F.);
#1853=ORIENTED_EDGE('',*,*,#1351,.T.);
#1854=ORIENTED_EDGE('',*,*,#1398,.F.);
#1855=ORIENTED_EDGE('',*,*,#1379,.F.);
#1856=ORIENTED_EDGE('',*,*,#1387,.F.);
#1857=ORIENTED_EDGE('',*,*,#1415,.T.);
#1858=ORIENTED_EDGE('',*,*,#1416,.T.);
#1859=ORIENTED_EDGE('',*,*,#1347,.F.);
#1860=ORIENTED_EDGE('',*,*,#1414,.T.);
#1861=ORIENTED_EDGE('',*,*,#1417,.T.);
#1862=ORIENTED_EDGE('',*,*,#1418,.F.);
#1863=ORIENTED_EDGE('',*,*,#1348,.F.);
#1864=ORIENTED_EDGE('',*,*,#1416,.F.);
#1865=ORIENTED_EDGE('',*,*,#1419,.F.);
#1866=ORIENTED_EDGE('',*,*,#1420,.F.);
#1867=ORIENTED_EDGE('',*,*,#1421,.T.);
#1868=ORIENTED_EDGE('',*,*,#1422,.T.);
#1869=ORIENTED_EDGE('',*,*,#1423,.F.);
#1870=ORIENTED_EDGE('',*,*,#1424,.F.);
#1871=ORIENTED_EDGE('',*,*,#1423,.T.);
#1872=ORIENTED_EDGE('',*,*,#1425,.T.);
#1873=ORIENTED_EDGE('',*,*,#1417,.F.);
#1874=ORIENTED_EDGE('',*,*,#1418,.T.);
#1875=ORIENTED_EDGE('',*,*,#1426,.F.);
#1876=ORIENTED_EDGE('',*,*,#1427,.F.);
#1877=ORIENTED_EDGE('',*,*,#1341,.F.);
#1878=ORIENTED_EDGE('',*,*,#1428,.T.);
#1879=ORIENTED_EDGE('',*,*,#1429,.F.);
#1880=ORIENTED_EDGE('',*,*,#1430,.F.);
#1881=ORIENTED_EDGE('',*,*,#1342,.F.);
#1882=ORIENTED_EDGE('',*,*,#1427,.T.);
#1883=ORIENTED_EDGE('',*,*,#1431,.T.);
#1884=ORIENTED_EDGE('',*,*,#1432,.T.);
#1885=ORIENTED_EDGE('',*,*,#1343,.T.);
#1886=ORIENTED_EDGE('',*,*,#1430,.T.);
#1887=ORIENTED_EDGE('',*,*,#1361,.F.);
#1888=ORIENTED_EDGE('',*,*,#1366,.T.);
#1889=ORIENTED_EDGE('',*,*,#1399,.F.);
#1890=ORIENTED_EDGE('',*,*,#1349,.F.);
#1891=ORIENTED_EDGE('',*,*,#1344,.F.);
#1892=ORIENTED_EDGE('',*,*,#1432,.F.);
#1893=ORIENTED_EDGE('',*,*,#1433,.F.);
#1894=ORIENTED_EDGE('',*,*,#1434,.F.);
#1895=ORIENTED_EDGE('',*,*,#1435,.T.);
#1896=ORIENTED_EDGE('',*,*,#1436,.T.);
#1897=ORIENTED_EDGE('',*,*,#1362,.F.);
#1898=ORIENTED_EDGE('',*,*,#1434,.T.);
#1899=ORIENTED_EDGE('',*,*,#1437,.T.);
#1900=ORIENTED_EDGE('',*,*,#1438,.F.);
#1901=ORIENTED_EDGE('',*,*,#1363,.F.);
#1902=ORIENTED_EDGE('',*,*,#1436,.F.);
#1903=ORIENTED_EDGE('',*,*,#1439,.F.);
#1904=ORIENTED_EDGE('',*,*,#1440,.F.);
#1905=ORIENTED_EDGE('',*,*,#1441,.T.);
#1906=ORIENTED_EDGE('',*,*,#1442,.T.);
#1907=ORIENTED_EDGE('',*,*,#1443,.F.);
#1908=ORIENTED_EDGE('',*,*,#1444,.F.);
#1909=ORIENTED_EDGE('',*,*,#1428,.F.);
#1910=ORIENTED_EDGE('',*,*,#1445,.T.);
#1911=ORIENTED_EDGE('',*,*,#1441,.F.);
#1912=ORIENTED_EDGE('',*,*,#1446,.T.);
#1913=ORIENTED_EDGE('',*,*,#1447,.T.);
#1914=ORIENTED_EDGE('',*,*,#1352,.T.);
#1915=ORIENTED_EDGE('',*,*,#1447,.F.);
#1916=ORIENTED_EDGE('',*,*,#1448,.T.);
#1917=ORIENTED_EDGE('',*,*,#1356,.F.);
#1918=ORIENTED_EDGE('',*,*,#1438,.T.);
#1919=ORIENTED_EDGE('',*,*,#1449,.T.);
#1920=ORIENTED_EDGE('',*,*,#1450,.F.);
#1921=ORIENTED_EDGE('',*,*,#1451,.T.);
#1922=ORIENTED_EDGE('',*,*,#1452,.T.);
#1923=ORIENTED_EDGE('',*,*,#1453,.F.);
#1924=ORIENTED_EDGE('',*,*,#1454,.F.);
#1925=ORIENTED_EDGE('',*,*,#1453,.T.);
#1926=ORIENTED_EDGE('',*,*,#1455,.T.);
#1927=ORIENTED_EDGE('',*,*,#1437,.F.);
#1928=ORIENTED_EDGE('',*,*,#1456,.T.);
#1929=ORIENTED_EDGE('',*,*,#1457,.T.);
#1930=ORIENTED_EDGE('',*,*,#1354,.T.);
#1931=ORIENTED_EDGE('',*,*,#1457,.F.);
#1932=ORIENTED_EDGE('',*,*,#1458,.F.);
#1933=ORIENTED_EDGE('',*,*,#1459,.T.);
#1934=ORIENTED_EDGE('',*,*,#1460,.T.);
#1935=ORIENTED_EDGE('',*,*,#1461,.F.);
#1936=ORIENTED_EDGE('',*,*,#1462,.F.);
#1937=ORIENTED_EDGE('',*,*,#1463,.F.);
#1938=ORIENTED_EDGE('',*,*,#1464,.T.);
#1939=ORIENTED_EDGE('',*,*,#1459,.F.);
#1940=ORIENTED_EDGE('',*,*,#1463,.T.);
#1941=ORIENTED_EDGE('',*,*,#1465,.F.);
#1942=ORIENTED_EDGE('',*,*,#1466,.F.);
#1943=ORIENTED_EDGE('',*,*,#1357,.F.);
#1944=ORIENTED_EDGE('',*,*,#1448,.F.);
#1945=ORIENTED_EDGE('',*,*,#1467,.T.);
#1946=ORIENTED_EDGE('',*,*,#1468,.T.);
#1947=ORIENTED_EDGE('',*,*,#1358,.T.);
#1948=ORIENTED_EDGE('',*,*,#1466,.T.);
#1949=ORIENTED_EDGE('',*,*,#1372,.F.);
#1950=ORIENTED_EDGE('',*,*,#1377,.T.);
#1951=ORIENTED_EDGE('',*,*,#1400,.F.);
#1952=ORIENTED_EDGE('',*,*,#1364,.F.);
#1953=ORIENTED_EDGE('',*,*,#1359,.F.);
#1954=ORIENTED_EDGE('',*,*,#1468,.F.);
#1955=ORIENTED_EDGE('',*,*,#1469,.F.);
#1956=ORIENTED_EDGE('',*,*,#1470,.F.);
#1957=ORIENTED_EDGE('',*,*,#1471,.T.);
#1958=ORIENTED_EDGE('',*,*,#1472,.T.);
#1959=ORIENTED_EDGE('',*,*,#1373,.F.);
#1960=ORIENTED_EDGE('',*,*,#1470,.T.);
#1961=ORIENTED_EDGE('',*,*,#1473,.T.);
#1962=ORIENTED_EDGE('',*,*,#1474,.F.);
#1963=ORIENTED_EDGE('',*,*,#1374,.F.);
#1964=ORIENTED_EDGE('',*,*,#1472,.F.);
#1965=ORIENTED_EDGE('',*,*,#1475,.F.);
#1966=ORIENTED_EDGE('',*,*,#1476,.F.);
#1967=ORIENTED_EDGE('',*,*,#1477,.T.);
#1968=ORIENTED_EDGE('',*,*,#1478,.T.);
#1969=ORIENTED_EDGE('',*,*,#1479,.F.);
#1970=ORIENTED_EDGE('',*,*,#1480,.F.);
#1971=ORIENTED_EDGE('',*,*,#1479,.T.);
#1972=ORIENTED_EDGE('',*,*,#1481,.T.);
#1973=ORIENTED_EDGE('',*,*,#1473,.F.);
#1974=ORIENTED_EDGE('',*,*,#1482,.T.);
#1975=ORIENTED_EDGE('',*,*,#1367,.F.);
#1976=ORIENTED_EDGE('',*,*,#1474,.T.);
#1977=ORIENTED_EDGE('',*,*,#1483,.T.);
#1978=ORIENTED_EDGE('',*,*,#1484,.T.);
#1979=ORIENTED_EDGE('',*,*,#1485,.F.);
#1980=ORIENTED_EDGE('',*,*,#1486,.F.);
#1981=ORIENTED_EDGE('',*,*,#1368,.F.);
#1982=ORIENTED_EDGE('',*,*,#1482,.F.);
#1983=ORIENTED_EDGE('',*,*,#1487,.T.);
#1984=ORIENTED_EDGE('',*,*,#1488,.T.);
#1985=ORIENTED_EDGE('',*,*,#1369,.T.);
#1986=ORIENTED_EDGE('',*,*,#1486,.T.);
#1987=ORIENTED_EDGE('',*,*,#1388,.F.);
#1988=ORIENTED_EDGE('',*,*,#1381,.T.);
#1989=ORIENTED_EDGE('',*,*,#1397,.F.);
#1990=ORIENTED_EDGE('',*,*,#1375,.F.);
#1991=ORIENTED_EDGE('',*,*,#1370,.F.);
#1992=ORIENTED_EDGE('',*,*,#1488,.F.);
#1993=ORIENTED_EDGE('',*,*,#1489,.F.);
#1994=ORIENTED_EDGE('',*,*,#1490,.F.);
#1995=ORIENTED_EDGE('',*,*,#1491,.T.);
#1996=ORIENTED_EDGE('',*,*,#1492,.T.);
#1997=ORIENTED_EDGE('',*,*,#1389,.F.);
#1998=ORIENTED_EDGE('',*,*,#1490,.T.);
#1999=ORIENTED_EDGE('',*,*,#1493,.T.);
#2000=ORIENTED_EDGE('',*,*,#1494,.F.);
#2001=ORIENTED_EDGE('',*,*,#1390,.F.);
#2002=ORIENTED_EDGE('',*,*,#1492,.F.);
#2003=ORIENTED_EDGE('',*,*,#1495,.F.);
#2004=ORIENTED_EDGE('',*,*,#1496,.F.);
#2005=ORIENTED_EDGE('',*,*,#1497,.T.);
#2006=ORIENTED_EDGE('',*,*,#1498,.T.);
#2007=ORIENTED_EDGE('',*,*,#1499,.F.);
#2008=ORIENTED_EDGE('',*,*,#1500,.F.);
#2009=ORIENTED_EDGE('',*,*,#1484,.F.);
#2010=ORIENTED_EDGE('',*,*,#1501,.T.);
#2011=ORIENTED_EDGE('',*,*,#1497,.F.);
#2012=ORIENTED_EDGE('',*,*,#1502,.T.);
#2013=ORIENTED_EDGE('',*,*,#1503,.T.);
#2014=ORIENTED_EDGE('',*,*,#1382,.T.);
#2015=ORIENTED_EDGE('',*,*,#1503,.F.);
#2016=ORIENTED_EDGE('',*,*,#1504,.F.);
#2017=ORIENTED_EDGE('',*,*,#1505,.T.);
#2018=ORIENTED_EDGE('',*,*,#1506,.T.);
#2019=ORIENTED_EDGE('',*,*,#1507,.F.);
#2020=ORIENTED_EDGE('',*,*,#1508,.F.);
#2021=ORIENTED_EDGE('',*,*,#1507,.T.);
#2022=ORIENTED_EDGE('',*,*,#1509,.T.);
#2023=ORIENTED_EDGE('',*,*,#1493,.F.);
#2024=ORIENTED_EDGE('',*,*,#1494,.T.);
#2025=ORIENTED_EDGE('',*,*,#1510,.F.);
#2026=ORIENTED_EDGE('',*,*,#1410,.F.);
#2027=ORIENTED_EDGE('',*,*,#1384,.F.);
#2028=ORIENTED_EDGE('',*,*,#1511,.F.);
#2029=ORIENTED_EDGE('',*,*,#1407,.F.);
#2030=ORIENTED_EDGE('',*,*,#1512,.T.);
#2031=ORIENTED_EDGE('',*,*,#1513,.F.);
#2032=ORIENTED_EDGE('',*,*,#1514,.F.);
#2033=ORIENTED_EDGE('',*,*,#1513,.T.);
#2034=ORIENTED_EDGE('',*,*,#1515,.T.);
#2035=ORIENTED_EDGE('',*,*,#1516,.F.);
#2036=ORIENTED_EDGE('',*,*,#1517,.T.);
#2037=ORIENTED_EDGE('',*,*,#1392,.T.);
#2038=ORIENTED_EDGE('',*,*,#1395,.F.);
#2039=ORIENTED_EDGE('',*,*,#1518,.F.);
#2040=ORIENTED_EDGE('',*,*,#1396,.F.);
#2041=ORIENTED_EDGE('',*,*,#1519,.T.);
#2042=ORIENTED_EDGE('',*,*,#1520,.F.);
#2043=ORIENTED_EDGE('',*,*,#1519,.F.);
#2044=ORIENTED_EDGE('',*,*,#1403,.T.);
#2045=ORIENTED_EDGE('',*,*,#1521,.T.);
#2046=ORIENTED_EDGE('',*,*,#1522,.T.);
#2047=ORIENTED_EDGE('',*,*,#1521,.F.);
#2048=ORIENTED_EDGE('',*,*,#1404,.T.);
#2049=ORIENTED_EDGE('',*,*,#1523,.T.);
#2050=ORIENTED_EDGE('',*,*,#1524,.T.);
#2051=ORIENTED_EDGE('',*,*,#1523,.F.);
#2052=ORIENTED_EDGE('',*,*,#1402,.T.);
#2053=ORIENTED_EDGE('',*,*,#1525,.T.);
#2054=ORIENTED_EDGE('',*,*,#1526,.T.);
#2055=ORIENTED_EDGE('',*,*,#1525,.F.);
#2056=ORIENTED_EDGE('',*,*,#1401,.T.);
#2057=ORIENTED_EDGE('',*,*,#1527,.T.);
#2058=ORIENTED_EDGE('',*,*,#1528,.T.);
#2059=ORIENTED_EDGE('',*,*,#1527,.F.);
#2060=ORIENTED_EDGE('',*,*,#1529,.F.);
#2061=ORIENTED_EDGE('',*,*,#1516,.T.);
#2062=ORIENTED_EDGE('',*,*,#1530,.T.);
#2063=ORIENTED_EDGE('',*,*,#1531,.F.);
#2064=ORIENTED_EDGE('',*,*,#1529,.T.);
#2065=ORIENTED_EDGE('',*,*,#1532,.T.);
#2066=ORIENTED_EDGE('',*,*,#1533,.F.);
#2067=ORIENTED_EDGE('',*,*,#1534,.T.);
#2068=ORIENTED_EDGE('',*,*,#1535,.F.);
#2069=ORIENTED_EDGE('',*,*,#1536,.T.);
#2070=ORIENTED_EDGE('',*,*,#1537,.T.);
#2071=ORIENTED_EDGE('',*,*,#1420,.T.);
#2072=ORIENTED_EDGE('',*,*,#1424,.T.);
#2073=ORIENTED_EDGE('',*,*,#1419,.T.);
#2074=ORIENTED_EDGE('',*,*,#1415,.F.);
#2075=ORIENTED_EDGE('',*,*,#1413,.T.);
#2076=ORIENTED_EDGE('',*,*,#1411,.F.);
#2077=ORIENTED_EDGE('',*,*,#1408,.T.);
#2078=ORIENTED_EDGE('',*,*,#1511,.T.);
#2079=ORIENTED_EDGE('',*,*,#1514,.T.);
#2080=ORIENTED_EDGE('',*,*,#1405,.F.);
#2081=ORIENTED_EDGE('',*,*,#1537,.F.);
#2082=ORIENTED_EDGE('',*,*,#1538,.F.);
#2083=ORIENTED_EDGE('',*,*,#1539,.T.);
#2084=ORIENTED_EDGE('',*,*,#1421,.F.);
#2085=ORIENTED_EDGE('',*,*,#1445,.F.);
#2086=ORIENTED_EDGE('',*,*,#1426,.T.);
#2087=ORIENTED_EDGE('',*,*,#1425,.F.);
#2088=ORIENTED_EDGE('',*,*,#1422,.F.);
#2089=ORIENTED_EDGE('',*,*,#1539,.F.);
#2090=ORIENTED_EDGE('',*,*,#1540,.F.);
#2091=ORIENTED_EDGE('',*,*,#1541,.F.);
#2092=ORIENTED_EDGE('',*,*,#1442,.F.);
#2093=ORIENTED_EDGE('',*,*,#1542,.F.);
#2094=ORIENTED_EDGE('',*,*,#1443,.T.);
#2095=ORIENTED_EDGE('',*,*,#1541,.T.);
#2096=ORIENTED_EDGE('',*,*,#1543,.F.);
#2097=ORIENTED_EDGE('',*,*,#1444,.T.);
#2098=ORIENTED_EDGE('',*,*,#1440,.T.);
#2099=ORIENTED_EDGE('',*,*,#1542,.T.);
#2100=ORIENTED_EDGE('',*,*,#1544,.T.);
#2101=ORIENTED_EDGE('',*,*,#1545,.F.);
#2102=ORIENTED_EDGE('',*,*,#1546,.T.);
#2103=ORIENTED_EDGE('',*,*,#1547,.F.);
#2104=ORIENTED_EDGE('',*,*,#1548,.T.);
#2105=ORIENTED_EDGE('',*,*,#1549,.T.);
#2106=ORIENTED_EDGE('',*,*,#1450,.T.);
#2107=ORIENTED_EDGE('',*,*,#1454,.T.);
#2108=ORIENTED_EDGE('',*,*,#1439,.T.);
#2109=ORIENTED_EDGE('',*,*,#1435,.F.);
#2110=ORIENTED_EDGE('',*,*,#1433,.T.);
#2111=ORIENTED_EDGE('',*,*,#1431,.F.);
#2112=ORIENTED_EDGE('',*,*,#1429,.T.);
#2113=ORIENTED_EDGE('',*,*,#1446,.F.);
#2114=ORIENTED_EDGE('',*,*,#1549,.F.);
#2115=ORIENTED_EDGE('',*,*,#1550,.F.);
#2116=ORIENTED_EDGE('',*,*,#1551,.T.);
#2117=ORIENTED_EDGE('',*,*,#1451,.F.);
#2118=ORIENTED_EDGE('',*,*,#1455,.F.);
#2119=ORIENTED_EDGE('',*,*,#1452,.F.);
#2120=ORIENTED_EDGE('',*,*,#1551,.F.);
#2121=ORIENTED_EDGE('',*,*,#1552,.T.);
#2122=ORIENTED_EDGE('',*,*,#1553,.F.);
#2123=ORIENTED_EDGE('',*,*,#1460,.F.);
#2124=ORIENTED_EDGE('',*,*,#1464,.F.);
#2125=ORIENTED_EDGE('',*,*,#1449,.F.);
#2126=ORIENTED_EDGE('',*,*,#1554,.F.);
#2127=ORIENTED_EDGE('',*,*,#1461,.T.);
#2128=ORIENTED_EDGE('',*,*,#1553,.T.);
#2129=ORIENTED_EDGE('',*,*,#1555,.F.);
#2130=ORIENTED_EDGE('',*,*,#1480,.T.);
#2131=ORIENTED_EDGE('',*,*,#1475,.T.);
#2132=ORIENTED_EDGE('',*,*,#1471,.F.);
#2133=ORIENTED_EDGE('',*,*,#1469,.T.);
#2134=ORIENTED_EDGE('',*,*,#1467,.F.);
#2135=ORIENTED_EDGE('',*,*,#1465,.T.);
#2136=ORIENTED_EDGE('',*,*,#1462,.T.);
#2137=ORIENTED_EDGE('',*,*,#1458,.T.);
#2138=ORIENTED_EDGE('',*,*,#1554,.T.);
#2139=ORIENTED_EDGE('',*,*,#1556,.T.);
#2140=ORIENTED_EDGE('',*,*,#1557,.F.);
#2141=ORIENTED_EDGE('',*,*,#1558,.T.);
#2142=ORIENTED_EDGE('',*,*,#1559,.F.);
#2143=ORIENTED_EDGE('',*,*,#1560,.T.);
#2144=ORIENTED_EDGE('',*,*,#1561,.T.);
#2145=ORIENTED_EDGE('',*,*,#1476,.T.);
#2146=ORIENTED_EDGE('',*,*,#1456,.F.);
#2147=ORIENTED_EDGE('',*,*,#1561,.F.);
#2148=ORIENTED_EDGE('',*,*,#1562,.F.);
#2149=ORIENTED_EDGE('',*,*,#1563,.T.);
#2150=ORIENTED_EDGE('',*,*,#1477,.F.);
#2151=ORIENTED_EDGE('',*,*,#1564,.F.);
#2152=ORIENTED_EDGE('',*,*,#1498,.F.);
#2153=ORIENTED_EDGE('',*,*,#1501,.F.);
#2154=ORIENTED_EDGE('',*,*,#1483,.F.);
#2155=ORIENTED_EDGE('',*,*,#1481,.F.);
#2156=ORIENTED_EDGE('',*,*,#1478,.F.);
#2157=ORIENTED_EDGE('',*,*,#1563,.F.);
#2158=ORIENTED_EDGE('',*,*,#1565,.T.);
#2159=ORIENTED_EDGE('',*,*,#1566,.F.);
#2160=ORIENTED_EDGE('',*,*,#1499,.T.);
#2161=ORIENTED_EDGE('',*,*,#1564,.T.);
#2162=ORIENTED_EDGE('',*,*,#1567,.F.);
#2163=ORIENTED_EDGE('',*,*,#1500,.T.);
#2164=ORIENTED_EDGE('',*,*,#1496,.T.);
#2165=ORIENTED_EDGE('',*,*,#1566,.T.);
#2166=ORIENTED_EDGE('',*,*,#1568,.T.);
#2167=ORIENTED_EDGE('',*,*,#1569,.F.);
#2168=ORIENTED_EDGE('',*,*,#1570,.T.);
#2169=ORIENTED_EDGE('',*,*,#1571,.F.);
#2170=ORIENTED_EDGE('',*,*,#1572,.T.);
#2171=ORIENTED_EDGE('',*,*,#1573,.T.);
#2172=ORIENTED_EDGE('',*,*,#1504,.T.);
#2173=ORIENTED_EDGE('',*,*,#1508,.T.);
#2174=ORIENTED_EDGE('',*,*,#1495,.T.);
#2175=ORIENTED_EDGE('',*,*,#1491,.F.);
#2176=ORIENTED_EDGE('',*,*,#1489,.T.);
#2177=ORIENTED_EDGE('',*,*,#1487,.F.);
#2178=ORIENTED_EDGE('',*,*,#1485,.T.);
#2179=ORIENTED_EDGE('',*,*,#1502,.F.);
#2180=ORIENTED_EDGE('',*,*,#1573,.F.);
#2181=ORIENTED_EDGE('',*,*,#1574,.F.);
#2182=ORIENTED_EDGE('',*,*,#1575,.T.);
#2183=ORIENTED_EDGE('',*,*,#1505,.F.);
#2184=ORIENTED_EDGE('',*,*,#1530,.F.);
#2185=ORIENTED_EDGE('',*,*,#1515,.F.);
#2186=ORIENTED_EDGE('',*,*,#1512,.F.);
#2187=ORIENTED_EDGE('',*,*,#1510,.T.);
#2188=ORIENTED_EDGE('',*,*,#1509,.F.);
#2189=ORIENTED_EDGE('',*,*,#1506,.F.);
#2190=ORIENTED_EDGE('',*,*,#1575,.F.);
#2191=ORIENTED_EDGE('',*,*,#1576,.F.);
#2192=ORIENTED_EDGE('',*,*,#1517,.F.);
#2193=ORIENTED_EDGE('',*,*,#1577,.T.);
#2194=ORIENTED_EDGE('',*,*,#1578,.F.);
#2195=ORIENTED_EDGE('',*,*,#1577,.F.);
#2196=ORIENTED_EDGE('',*,*,#1518,.T.);
#2197=ORIENTED_EDGE('',*,*,#1579,.T.);
#2198=ORIENTED_EDGE('',*,*,#1580,.F.);
#2199=ORIENTED_EDGE('',*,*,#1579,.F.);
#2200=ORIENTED_EDGE('',*,*,#1520,.T.);
#2201=ORIENTED_EDGE('',*,*,#1581,.T.);
#2202=ORIENTED_EDGE('',*,*,#1582,.T.);
#2203=ORIENTED_EDGE('',*,*,#1581,.F.);
#2204=ORIENTED_EDGE('',*,*,#1522,.F.);
#2205=ORIENTED_EDGE('',*,*,#1583,.T.);
#2206=ORIENTED_EDGE('',*,*,#1584,.F.);
#2207=ORIENTED_EDGE('',*,*,#1583,.F.);
#2208=ORIENTED_EDGE('',*,*,#1524,.F.);
#2209=ORIENTED_EDGE('',*,*,#1585,.T.);
#2210=ORIENTED_EDGE('',*,*,#1586,.F.);
#2211=ORIENTED_EDGE('',*,*,#1585,.F.);
#2212=ORIENTED_EDGE('',*,*,#1526,.F.);
#2213=ORIENTED_EDGE('',*,*,#1587,.T.);
#2214=ORIENTED_EDGE('',*,*,#1588,.F.);
#2215=ORIENTED_EDGE('',*,*,#1587,.F.);
#2216=ORIENTED_EDGE('',*,*,#1528,.F.);
#2217=ORIENTED_EDGE('',*,*,#1589,.T.);
#2218=ORIENTED_EDGE('',*,*,#1590,.F.);
#2219=ORIENTED_EDGE('',*,*,#1589,.F.);
#2220=ORIENTED_EDGE('',*,*,#1531,.T.);
#2221=ORIENTED_EDGE('',*,*,#1591,.F.);
#2222=ORIENTED_EDGE('',*,*,#1592,.F.);
#2223=ORIENTED_EDGE('',*,*,#1593,.F.);
#2224=ORIENTED_EDGE('',*,*,#1532,.F.);
#2225=ORIENTED_EDGE('',*,*,#1533,.T.);
#2226=ORIENTED_EDGE('',*,*,#1593,.T.);
#2227=ORIENTED_EDGE('',*,*,#1594,.T.);
#2228=ORIENTED_EDGE('',*,*,#1595,.T.);
#2229=ORIENTED_EDGE('',*,*,#1596,.F.);
#2230=ORIENTED_EDGE('',*,*,#1534,.F.);
#2231=ORIENTED_EDGE('',*,*,#1595,.F.);
#2232=ORIENTED_EDGE('',*,*,#1597,.F.);
#2233=ORIENTED_EDGE('',*,*,#1535,.T.);
#2234=ORIENTED_EDGE('',*,*,#1596,.T.);
#2235=ORIENTED_EDGE('',*,*,#1598,.T.);
#2236=ORIENTED_EDGE('',*,*,#1599,.T.);
#2237=ORIENTED_EDGE('',*,*,#1538,.T.);
#2238=ORIENTED_EDGE('',*,*,#1536,.F.);
#2239=ORIENTED_EDGE('',*,*,#1599,.F.);
#2240=ORIENTED_EDGE('',*,*,#1600,.F.);
#2241=ORIENTED_EDGE('',*,*,#1601,.F.);
#2242=ORIENTED_EDGE('',*,*,#1601,.T.);
#2243=ORIENTED_EDGE('',*,*,#1602,.F.);
#2244=ORIENTED_EDGE('',*,*,#1603,.T.);
#2245=ORIENTED_EDGE('',*,*,#1540,.T.);
#2246=ORIENTED_EDGE('',*,*,#1543,.T.);
#2247=ORIENTED_EDGE('',*,*,#1603,.F.);
#2248=ORIENTED_EDGE('',*,*,#1604,.F.);
#2249=ORIENTED_EDGE('',*,*,#1605,.F.);
#2250=ORIENTED_EDGE('',*,*,#1544,.F.);
#2251=ORIENTED_EDGE('',*,*,#1545,.T.);
#2252=ORIENTED_EDGE('',*,*,#1605,.T.);
#2253=ORIENTED_EDGE('',*,*,#1606,.T.);
#2254=ORIENTED_EDGE('',*,*,#1607,.T.);
#2255=ORIENTED_EDGE('',*,*,#1608,.F.);
#2256=ORIENTED_EDGE('',*,*,#1546,.F.);
#2257=ORIENTED_EDGE('',*,*,#1607,.F.);
#2258=ORIENTED_EDGE('',*,*,#1609,.F.);
#2259=ORIENTED_EDGE('',*,*,#1547,.T.);
#2260=ORIENTED_EDGE('',*,*,#1608,.T.);
#2261=ORIENTED_EDGE('',*,*,#1610,.T.);
#2262=ORIENTED_EDGE('',*,*,#1611,.T.);
#2263=ORIENTED_EDGE('',*,*,#1550,.T.);
#2264=ORIENTED_EDGE('',*,*,#1548,.F.);
#2265=ORIENTED_EDGE('',*,*,#1611,.F.);
#2266=ORIENTED_EDGE('',*,*,#1612,.F.);
#2267=ORIENTED_EDGE('',*,*,#1613,.T.);
#2268=ORIENTED_EDGE('',*,*,#1614,.T.);
#2269=ORIENTED_EDGE('',*,*,#1552,.F.);
#2270=ORIENTED_EDGE('',*,*,#1613,.F.);
#2271=ORIENTED_EDGE('',*,*,#1615,.F.);
#2272=ORIENTED_EDGE('',*,*,#1555,.T.);
#2273=ORIENTED_EDGE('',*,*,#1614,.F.);
#2274=ORIENTED_EDGE('',*,*,#1616,.F.);
#2275=ORIENTED_EDGE('',*,*,#1617,.F.);
#2276=ORIENTED_EDGE('',*,*,#1556,.F.);
#2277=ORIENTED_EDGE('',*,*,#1557,.T.);
#2278=ORIENTED_EDGE('',*,*,#1617,.T.);
#2279=ORIENTED_EDGE('',*,*,#1618,.T.);
#2280=ORIENTED_EDGE('',*,*,#1619,.T.);
#2281=ORIENTED_EDGE('',*,*,#1620,.F.);
#2282=ORIENTED_EDGE('',*,*,#1558,.F.);
#2283=ORIENTED_EDGE('',*,*,#1619,.F.);
#2284=ORIENTED_EDGE('',*,*,#1621,.F.);
#2285=ORIENTED_EDGE('',*,*,#1559,.T.);
#2286=ORIENTED_EDGE('',*,*,#1620,.T.);
#2287=ORIENTED_EDGE('',*,*,#1622,.T.);
#2288=ORIENTED_EDGE('',*,*,#1623,.T.);
#2289=ORIENTED_EDGE('',*,*,#1562,.T.);
#2290=ORIENTED_EDGE('',*,*,#1560,.F.);
#2291=ORIENTED_EDGE('',*,*,#1623,.F.);
#2292=ORIENTED_EDGE('',*,*,#1624,.F.);
#2293=ORIENTED_EDGE('',*,*,#1625,.T.);
#2294=ORIENTED_EDGE('',*,*,#1626,.T.);
#2295=ORIENTED_EDGE('',*,*,#1565,.F.);
#2296=ORIENTED_EDGE('',*,*,#1625,.F.);
#2297=ORIENTED_EDGE('',*,*,#1627,.F.);
#2298=ORIENTED_EDGE('',*,*,#1567,.T.);
#2299=ORIENTED_EDGE('',*,*,#1626,.F.);
#2300=ORIENTED_EDGE('',*,*,#1628,.F.);
#2301=ORIENTED_EDGE('',*,*,#1629,.F.);
#2302=ORIENTED_EDGE('',*,*,#1568,.F.);
#2303=ORIENTED_EDGE('',*,*,#1569,.T.);
#2304=ORIENTED_EDGE('',*,*,#1629,.T.);
#2305=ORIENTED_EDGE('',*,*,#1630,.T.);
#2306=ORIENTED_EDGE('',*,*,#1631,.T.);
#2307=ORIENTED_EDGE('',*,*,#1632,.F.);
#2308=ORIENTED_EDGE('',*,*,#1570,.F.);
#2309=ORIENTED_EDGE('',*,*,#1631,.F.);
#2310=ORIENTED_EDGE('',*,*,#1633,.F.);
#2311=ORIENTED_EDGE('',*,*,#1571,.T.);
#2312=ORIENTED_EDGE('',*,*,#1632,.T.);
#2313=ORIENTED_EDGE('',*,*,#1634,.T.);
#2314=ORIENTED_EDGE('',*,*,#1635,.T.);
#2315=ORIENTED_EDGE('',*,*,#1574,.T.);
#2316=ORIENTED_EDGE('',*,*,#1572,.F.);
#2317=ORIENTED_EDGE('',*,*,#1635,.F.);
#2318=ORIENTED_EDGE('',*,*,#1636,.F.);
#2319=ORIENTED_EDGE('',*,*,#1637,.F.);
#2320=ORIENTED_EDGE('',*,*,#1637,.T.);
#2321=ORIENTED_EDGE('',*,*,#1638,.F.);
#2322=ORIENTED_EDGE('',*,*,#1591,.T.);
#2323=ORIENTED_EDGE('',*,*,#1576,.T.);
#2324=ORIENTED_EDGE('',*,*,#1578,.T.);
#2325=ORIENTED_EDGE('',*,*,#1639,.T.);
#2326=ORIENTED_EDGE('',*,*,#1640,.T.);
#2327=ORIENTED_EDGE('',*,*,#1639,.F.);
#2328=ORIENTED_EDGE('',*,*,#1641,.T.);
#2329=ORIENTED_EDGE('',*,*,#1580,.T.);
#2330=ORIENTED_EDGE('',*,*,#1638,.T.);
#2331=ORIENTED_EDGE('',*,*,#1636,.T.);
#2332=ORIENTED_EDGE('',*,*,#1634,.F.);
#2333=ORIENTED_EDGE('',*,*,#1633,.T.);
#2334=ORIENTED_EDGE('',*,*,#1630,.F.);
#2335=ORIENTED_EDGE('',*,*,#1628,.T.);
#2336=ORIENTED_EDGE('',*,*,#1627,.T.);
#2337=ORIENTED_EDGE('',*,*,#1624,.T.);
#2338=ORIENTED_EDGE('',*,*,#1622,.F.);
#2339=ORIENTED_EDGE('',*,*,#1621,.T.);
#2340=ORIENTED_EDGE('',*,*,#1618,.F.);
#2341=ORIENTED_EDGE('',*,*,#1616,.T.);
#2342=ORIENTED_EDGE('',*,*,#1615,.T.);
#2343=ORIENTED_EDGE('',*,*,#1612,.T.);
#2344=ORIENTED_EDGE('',*,*,#1610,.F.);
#2345=ORIENTED_EDGE('',*,*,#1609,.T.);
#2346=ORIENTED_EDGE('',*,*,#1606,.F.);
#2347=ORIENTED_EDGE('',*,*,#1604,.T.);
#2348=ORIENTED_EDGE('',*,*,#1602,.T.);
#2349=ORIENTED_EDGE('',*,*,#1600,.T.);
#2350=ORIENTED_EDGE('',*,*,#1598,.F.);
#2351=ORIENTED_EDGE('',*,*,#1597,.T.);
#2352=ORIENTED_EDGE('',*,*,#1594,.F.);
#2353=ORIENTED_EDGE('',*,*,#1592,.T.);
#2354=ORIENTED_EDGE('',*,*,#1324,.F.);
#2355=ORIENTED_EDGE('',*,*,#1582,.F.);
#2356=ORIENTED_EDGE('',*,*,#1584,.T.);
#2357=ORIENTED_EDGE('',*,*,#1586,.T.);
#2358=ORIENTED_EDGE('',*,*,#1588,.T.);
#2359=ORIENTED_EDGE('',*,*,#1590,.T.);
#2360=ORIENTED_EDGE('',*,*,#1640,.F.);
#2361=ORIENTED_EDGE('',*,*,#1300,.T.);
#2362=ORIENTED_EDGE('',*,*,#1304,.T.);
#2363=ORIENTED_EDGE('',*,*,#1307,.T.);
#2364=ORIENTED_EDGE('',*,*,#1310,.T.);
#2365=ORIENTED_EDGE('',*,*,#1313,.T.);
#2366=ORIENTED_EDGE('',*,*,#1316,.T.);
#2367=ORIENTED_EDGE('',*,*,#1319,.T.);
#2368=ORIENTED_EDGE('',*,*,#1321,.T.);
#2369=ORIENTED_EDGE('',*,*,#1276,.T.);
#2370=ORIENTED_EDGE('',*,*,#1280,.T.);
#2371=ORIENTED_EDGE('',*,*,#1283,.T.);
#2372=ORIENTED_EDGE('',*,*,#1286,.T.);
#2373=ORIENTED_EDGE('',*,*,#1289,.T.);
#2374=ORIENTED_EDGE('',*,*,#1292,.T.);
#2375=ORIENTED_EDGE('',*,*,#1295,.T.);
#2376=ORIENTED_EDGE('',*,*,#1297,.T.);
#2377=ORIENTED_EDGE('',*,*,#1641,.F.);
#2378=ORIENTED_EDGE('',*,*,#1642,.T.);
#2379=ORIENTED_EDGE('',*,*,#1322,.F.);
#2380=ORIENTED_EDGE('',*,*,#1642,.F.);
#2381=PLANE('',#2623);
#2382=PLANE('',#2627);
#2383=PLANE('',#2631);
#2384=PLANE('',#2635);
#2385=PLANE('',#2639);
#2386=PLANE('',#2643);
#2387=PLANE('',#2647);
#2388=PLANE('',#2651);
#2389=PLANE('',#2659);
#2390=PLANE('',#2662);
#2391=PLANE('',#2664);
#2392=PLANE('',#2666);
#2393=PLANE('',#2668);
#2394=PLANE('',#2670);
#2395=PLANE('',#2681);
#2396=PLANE('',#2686);
#2397=PLANE('',#2691);
#2398=PLANE('',#2696);
#2399=PLANE('',#2697);
#2400=PLANE('',#2702);
#2401=PLANE('',#2703);
#2402=PLANE('',#2706);
#2403=PLANE('',#2716);
#2404=PLANE('',#2718);
#2405=PLANE('',#2729);
#2406=PLANE('',#2736);
#2407=PLANE('',#2737);
#2408=PLANE('',#2738);
#2409=PLANE('',#2739);
#2410=PLANE('',#2740);
#2411=PLANE('',#2747);
#2412=PLANE('',#2748);
#2413=PLANE('',#2749);
#2414=PLANE('',#2752);
#2415=PLANE('',#2753);
#2416=PLANE('',#2754);
#2417=PLANE('',#2757);
#2418=PLANE('',#2758);
#2419=PLANE('',#2759);
#2420=PLANE('',#2766);
#2421=PLANE('',#2767);
#2422=PLANE('',#2768);
#2423=PLANE('',#2769);
#2424=PLANE('',#2770);
#2425=PLANE('',#2777);
#2426=PLANE('',#2778);
#2427=PLANE('',#2779);
#2428=PLANE('',#2782);
#2429=PLANE('',#2783);
#2430=PLANE('',#2784);
#2431=PLANE('',#2785);
#2432=PLANE('',#2786);
#2433=PLANE('',#2787);
#2434=PLANE('',#2789);
#2435=PLANE('',#2801);
#2436=PLANE('',#2802);
#2437=PLANE('',#2806);
#2438=PLANE('',#2807);
#2439=PLANE('',#2808);
#2440=PLANE('',#2809);
#2441=PLANE('',#2813);
#2442=PLANE('',#2814);
#2443=PLANE('',#2815);
#2444=PLANE('',#2816);
#2445=PLANE('',#2820);
#2446=PLANE('',#2821);
#2447=PLANE('',#2822);
#2448=PLANE('',#2823);
#2449=PLANE('',#2827);
#2450=PLANE('',#2828);
#2451=PLANE('',#2844);
#2452=PLANE('',#2851);
#2453=PLANE('',#2852);
#2454=PLANE('',#2853);
#2455=PLANE('',#2860);
#2456=PLANE('',#2861);
#2457=PLANE('',#2862);
#2458=PLANE('',#2869);
#2459=PLANE('',#2870);
#2460=PLANE('',#2871);
#2461=PLANE('',#2878);
#2462=PLANE('',#2879);
#2463=PLANE('',#2883);
#2464=PLANE('',#2885);
#2465=ADVANCED_FACE('',(#223),#2381,.F.);
#2466=ADVANCED_FACE('',(#224),#174,.F.);
#2467=ADVANCED_FACE('',(#225),#2382,.F.);
#2468=ADVANCED_FACE('',(#226),#175,.F.);
#2469=ADVANCED_FACE('',(#227),#2383,.F.);
#2470=ADVANCED_FACE('',(#228),#176,.F.);
#2471=ADVANCED_FACE('',(#229),#2384,.F.);
#2472=ADVANCED_FACE('',(#230),#177,.F.);
#2473=ADVANCED_FACE('',(#231),#2385,.F.);
#2474=ADVANCED_FACE('',(#232),#178,.F.);
#2475=ADVANCED_FACE('',(#233),#2386,.F.);
#2476=ADVANCED_FACE('',(#234),#179,.F.);
#2477=ADVANCED_FACE('',(#235),#2387,.F.);
#2478=ADVANCED_FACE('',(#236),#180,.F.);
#2479=ADVANCED_FACE('',(#237),#2388,.F.);
#2480=ADVANCED_FACE('',(#238),#181,.F.);
#2481=ADVANCED_FACE('',(#239),#51,.F.);
#2482=ADVANCED_FACE('',(#240,#23),#2389,.T.);
#2483=ADVANCED_FACE('',(#241),#2390,.T.);
#2484=ADVANCED_FACE('',(#242),#2391,.T.);
#2485=ADVANCED_FACE('',(#243),#2392,.T.);
#2486=ADVANCED_FACE('',(#244),#2393,.T.);
#2487=ADVANCED_FACE('',(#245,#24),#2394,.T.);
#2488=ADVANCED_FACE('',(#246),#182,.F.);
#2489=ADVANCED_FACE('',(#247),#183,.F.);
#2490=ADVANCED_FACE('',(#248),#184,.F.);
#2491=ADVANCED_FACE('',(#249),#185,.F.);
#2492=ADVANCED_FACE('',(#250),#2395,.F.);
#2493=ADVANCED_FACE('',(#251),#2396,.T.);
#2494=ADVANCED_FACE('',(#252),#186,.F.);
#2495=ADVANCED_FACE('',(#253),#187,.F.);
#2496=ADVANCED_FACE('',(#254),#2397,.F.);
#2497=ADVANCED_FACE('',(#255),#2398,.T.);
#2498=ADVANCED_FACE('',(#256),#2399,.F.);
#2499=ADVANCED_FACE('',(#257),#2400,.T.);
#2500=ADVANCED_FACE('',(#258),#2401,.T.);
#2501=ADVANCED_FACE('',(#259),#188,.F.);
#2502=ADVANCED_FACE('',(#260),#2402,.F.);
#2503=ADVANCED_FACE('',(#261),#189,.F.);
#2504=ADVANCED_FACE('',(#262),#190,.F.);
#2505=ADVANCED_FACE('',(#263,#25),#2403,.T.);
#2506=ADVANCED_FACE('',(#264,#26,#27,#28,#29,#30,#31,#32,#33,#34),#2404,
 .T.);
#2507=ADVANCED_FACE('',(#265),#15,.F.);
#2508=ADVANCED_FACE('',(#266),#2405,.T.);
#2509=ADVANCED_FACE('',(#267),#191,.T.);
#2510=ADVANCED_FACE('',(#268),#192,.T.);
#2511=ADVANCED_FACE('',(#269),#193,.T.);
#2512=ADVANCED_FACE('',(#270),#2406,.T.);
#2513=ADVANCED_FACE('',(#271),#2407,.F.);
#2514=ADVANCED_FACE('',(#272),#2408,.F.);
#2515=ADVANCED_FACE('',(#273),#2409,.F.);
#2516=ADVANCED_FACE('',(#274),#2410,.T.);
#2517=ADVANCED_FACE('',(#275),#194,.T.);
#2518=ADVANCED_FACE('',(#276),#195,.T.);
#2519=ADVANCED_FACE('',(#277),#196,.T.);
#2520=ADVANCED_FACE('',(#278),#2411,.T.);
#2521=ADVANCED_FACE('',(#279),#2412,.F.);
#2522=ADVANCED_FACE('',(#280),#2413,.F.);
#2523=ADVANCED_FACE('',(#281),#16,.F.);
#2524=ADVANCED_FACE('',(#282),#2414,.F.);
#2525=ADVANCED_FACE('',(#283),#2415,.F.);
#2526=ADVANCED_FACE('',(#284),#2416,.F.);
#2527=ADVANCED_FACE('',(#285),#17,.F.);
#2528=ADVANCED_FACE('',(#286),#2417,.F.);
#2529=ADVANCED_FACE('',(#287),#2418,.F.);
#2530=ADVANCED_FACE('',(#288),#2419,.T.);
#2531=ADVANCED_FACE('',(#289),#197,.T.);
#2532=ADVANCED_FACE('',(#290),#198,.T.);
#2533=ADVANCED_FACE('',(#291),#199,.T.);
#2534=ADVANCED_FACE('',(#292),#2420,.T.);
#2535=ADVANCED_FACE('',(#293),#2421,.F.);
#2536=ADVANCED_FACE('',(#294),#2422,.F.);
#2537=ADVANCED_FACE('',(#295),#2423,.F.);
#2538=ADVANCED_FACE('',(#296),#2424,.T.);
#2539=ADVANCED_FACE('',(#297),#200,.T.);
#2540=ADVANCED_FACE('',(#298),#201,.T.);
#2541=ADVANCED_FACE('',(#299),#202,.T.);
#2542=ADVANCED_FACE('',(#300),#2425,.T.);
#2543=ADVANCED_FACE('',(#301),#2426,.F.);
#2544=ADVANCED_FACE('',(#302),#2427,.F.);
#2545=ADVANCED_FACE('',(#303),#18,.F.);
#2546=ADVANCED_FACE('',(#304),#2428,.F.);
#2547=ADVANCED_FACE('',(#305),#2429,.F.);
#2548=ADVANCED_FACE('',(#306),#2430,.F.);
#2549=ADVANCED_FACE('',(#307),#2431,.F.);
#2550=ADVANCED_FACE('',(#308),#2432,.F.);
#2551=ADVANCED_FACE('',(#309,#35),#2433,.T.);
#2552=ADVANCED_FACE('',(#310,#36),#2434,.T.);
#2553=ADVANCED_FACE('',(#311),#203,.T.);
#2554=ADVANCED_FACE('',(#312),#19,.F.);
#2555=ADVANCED_FACE('',(#313),#20,.F.);
#2556=ADVANCED_FACE('',(#314),#21,.F.);
#2557=ADVANCED_FACE('',(#315),#22,.F.);
#2558=ADVANCED_FACE('',(#316),#2435,.F.);
#2559=ADVANCED_FACE('',(#317,#37),#2436,.T.);
#2560=ADVANCED_FACE('',(#318),#2437,.F.);
#2561=ADVANCED_FACE('',(#319),#2438,.F.);
#2562=ADVANCED_FACE('',(#320),#2439,.F.);
#2563=ADVANCED_FACE('',(#321,#38),#2440,.T.);
#2564=ADVANCED_FACE('',(#322),#2441,.F.);
#2565=ADVANCED_FACE('',(#323),#2442,.F.);
#2566=ADVANCED_FACE('',(#324),#2443,.F.);
#2567=ADVANCED_FACE('',(#325,#39),#2444,.T.);
#2568=ADVANCED_FACE('',(#326),#2445,.F.);
#2569=ADVANCED_FACE('',(#327),#2446,.F.);
#2570=ADVANCED_FACE('',(#328),#2447,.F.);
#2571=ADVANCED_FACE('',(#329,#40),#2448,.T.);
#2572=ADVANCED_FACE('',(#330),#2449,.F.);
#2573=ADVANCED_FACE('',(#331),#2450,.F.);
#2574=ADVANCED_FACE('',(#332),#204,.T.);
#2575=ADVANCED_FACE('',(#333),#205,.F.);
#2576=ADVANCED_FACE('',(#334),#52,.F.);
#2577=ADVANCED_FACE('',(#335),#206,.F.);
#2578=ADVANCED_FACE('',(#336),#207,.F.);
#2579=ADVANCED_FACE('',(#337),#208,.F.);
#2580=ADVANCED_FACE('',(#338),#209,.F.);
#2581=ADVANCED_FACE('',(#339),#2451,.T.);
#2582=ADVANCED_FACE('',(#340),#210,.T.);
#2583=ADVANCED_FACE('',(#341),#211,.F.);
#2584=ADVANCED_FACE('',(#342),#212,.T.);
#2585=ADVANCED_FACE('',(#343),#2452,.T.);
#2586=ADVANCED_FACE('',(#344),#2453,.F.);
#2587=ADVANCED_FACE('',(#345),#2454,.T.);
#2588=ADVANCED_FACE('',(#346),#213,.T.);
#2589=ADVANCED_FACE('',(#347),#214,.F.);
#2590=ADVANCED_FACE('',(#348),#215,.T.);
#2591=ADVANCED_FACE('',(#349),#2455,.T.);
#2592=ADVANCED_FACE('',(#350),#2456,.F.);
#2593=ADVANCED_FACE('',(#351),#2457,.T.);
#2594=ADVANCED_FACE('',(#352),#216,.T.);
#2595=ADVANCED_FACE('',(#353),#217,.F.);
#2596=ADVANCED_FACE('',(#354),#218,.T.);
#2597=ADVANCED_FACE('',(#355),#2458,.T.);
#2598=ADVANCED_FACE('',(#356),#2459,.F.);
#2599=ADVANCED_FACE('',(#357),#2460,.T.);
#2600=ADVANCED_FACE('',(#358),#219,.T.);
#2601=ADVANCED_FACE('',(#359),#220,.F.);
#2602=ADVANCED_FACE('',(#360),#221,.T.);
#2603=ADVANCED_FACE('',(#361),#2461,.T.);
#2604=ADVANCED_FACE('',(#362),#2462,.F.);
#2605=ADVANCED_FACE('',(#363),#53,.F.);
#2606=ADVANCED_FACE('',(#364,#41),#2463,.T.);
#2607=ADVANCED_FACE('',(#365,#42,#43,#44,#45,#46,#47,#48,#49,#50),#2464,
 .F.);
#2608=ADVANCED_FACE('',(#366),#222,.T.);
#2609=CLOSED_SHELL('',(#2465,#2466,#2467,#2468,#2469,#2470,#2471,#2472,
#2473,#2474,#2475,#2476,#2477,#2478,#2479,#2480,#2481,#2482,#2483,#2484,
#2485,#2486,#2487,#2488,#2489,#2490,#2491,#2492,#2493,#2494,#2495,#2496,
#2497,#2498,#2499,#2500,#2501,#2502,#2503,#2504,#2505,#2506,#2507,#2508,
#2509,#2510,#2511,#2512,#2513,#2514,#2515,#2516,#2517,#2518,#2519,#2520,
#2521,#2522,#2523,#2524,#2525,#2526,#2527,#2528,#2529,#2530,#2531,#2532,
#2533,#2534,#2535,#2536,#2537,#2538,#2539,#2540,#2541,#2542,#2543,#2544,
#2545,#2546,#2547,#2548,#2549,#2550,#2551,#2552,#2553,#2554,#2555,#2556,
#2557,#2558,#2559,#2560,#2561,#2562,#2563,#2564,#2565,#2566,#2567,#2568,
#2569,#2570,#2571,#2572,#2573,#2574,#2575,#2576,#2577,#2578,#2579,#2580,
#2581,#2582,#2583,#2584,#2585,#2586,#2587,#2588,#2589,#2590,#2591,#2592,
#2593,#2594,#2595,#2596,#2597,#2598,#2599,#2600,#2601,#2602,#2603,#2604,
#2605,#2606,#2607,#2608));
#2610=DERIVED_UNIT_ELEMENT(#2612,1.);
#2611=DERIVED_UNIT_ELEMENT(#4422,-3.);
#2612=(
MASS_UNIT()
NAMED_UNIT(*)
SI_UNIT(.KILO.,.GRAM.)
);
#2613=DERIVED_UNIT((#2610,#2611));
#2614=MEASURE_REPRESENTATION_ITEM('density measure',
POSITIVE_RATIO_MEASURE(7850.),#2613);
#2615=PROPERTY_DEFINITION_REPRESENTATION(#2620,#2617);
#2616=PROPERTY_DEFINITION_REPRESENTATION(#2621,#2618);
#2617=REPRESENTATION('material name',(#2619),#4419);
#2618=REPRESENTATION('density',(#2614),#4419);
#2619=DESCRIPTIVE_REPRESENTATION_ITEM('Steel','Steel');
#2620=PROPERTY_DEFINITION('material property','material name',#4429);
#2621=PROPERTY_DEFINITION('material property','density of part',#4429);
#2622=AXIS2_PLACEMENT_3D('',#3666,#2887,#2888);
#2623=AXIS2_PLACEMENT_3D('',#3667,#2889,#2890);
#2624=AXIS2_PLACEMENT_3D('',#3676,#2895,#2896);
#2625=AXIS2_PLACEMENT_3D('',#3678,#2897,#2898);
#2626=AXIS2_PLACEMENT_3D('',#3681,#2900,#2901);
#2627=AXIS2_PLACEMENT_3D('',#3682,#2902,#2903);
#2628=AXIS2_PLACEMENT_3D('',#3688,#2907,#2908);
#2629=AXIS2_PLACEMENT_3D('',#3690,#2909,#2910);
#2630=AXIS2_PLACEMENT_3D('',#3693,#2912,#2913);
#2631=AXIS2_PLACEMENT_3D('',#3694,#2914,#2915);
#2632=AXIS2_PLACEMENT_3D('',#3700,#2919,#2920);
#2633=AXIS2_PLACEMENT_3D('',#3702,#2921,#2922);
#2634=AXIS2_PLACEMENT_3D('',#3705,#2924,#2925);
#2635=AXIS2_PLACEMENT_3D('',#3706,#2926,#2927);
#2636=AXIS2_PLACEMENT_3D('',#3712,#2931,#2932);
#2637=AXIS2_PLACEMENT_3D('',#3713,#2933,#2934);
#2638=AXIS2_PLACEMENT_3D('',#3714,#2935,#2936);
#2639=AXIS2_PLACEMENT_3D('',#3715,#2937,#2938);
#2640=AXIS2_PLACEMENT_3D('',#3724,#2943,#2944);
#2641=AXIS2_PLACEMENT_3D('',#3726,#2945,#2946);
#2642=AXIS2_PLACEMENT_3D('',#3729,#2948,#2949);
#2643=AXIS2_PLACEMENT_3D('',#3730,#2950,#2951);
#2644=AXIS2_PLACEMENT_3D('',#3736,#2955,#2956);
#2645=AXIS2_PLACEMENT_3D('',#3738,#2957,#2958);
#2646=AXIS2_PLACEMENT_3D('',#3741,#2960,#2961);
#2647=AXIS2_PLACEMENT_3D('',#3742,#2962,#2963);
#2648=AXIS2_PLACEMENT_3D('',#3748,#2967,#2968);
#2649=AXIS2_PLACEMENT_3D('',#3750,#2969,#2970);
#2650=AXIS2_PLACEMENT_3D('',#3753,#2972,#2973);
#2651=AXIS2_PLACEMENT_3D('',#3754,#2974,#2975);
#2652=AXIS2_PLACEMENT_3D('',#3760,#2979,#2980);
#2653=AXIS2_PLACEMENT_3D('',#3761,#2981,#2982);
#2654=AXIS2_PLACEMENT_3D('',#3762,#2983,#2984);
#2655=AXIS2_PLACEMENT_3D('',#3763,#2985,#2986);
#2656=AXIS2_PLACEMENT_3D('',#3765,#2987,#2988);
#2657=AXIS2_PLACEMENT_3D('',#3767,#2989,#2990);
#2658=AXIS2_PLACEMENT_3D('',#3768,#2991,#2992);
#2659=AXIS2_PLACEMENT_3D('',#3769,#2993,#2994);
#2660=AXIS2_PLACEMENT_3D('',#3771,#2995,#2996);
#2661=AXIS2_PLACEMENT_3D('',#3773,#2997,#2998);
#2662=AXIS2_PLACEMENT_3D('',#3774,#2999,#3000);
#2663=AXIS2_PLACEMENT_3D('',#3776,#3001,#3002);
#2664=AXIS2_PLACEMENT_3D('',#3777,#3003,#3004);
#2665=AXIS2_PLACEMENT_3D('',#3779,#3005,#3006);
#2666=AXIS2_PLACEMENT_3D('',#3780,#3007,#3008);
#2667=AXIS2_PLACEMENT_3D('',#3782,#3009,#3010);
#2668=AXIS2_PLACEMENT_3D('',#3783,#3011,#3012);
#2669=AXIS2_PLACEMENT_3D('',#3785,#3013,#3014);
#2670=AXIS2_PLACEMENT_3D('',#3786,#3015,#3016);
#2671=AXIS2_PLACEMENT_3D('',#3788,#3017,#3018);
#2672=AXIS2_PLACEMENT_3D('',#3790,#3019,#3020);
#2673=AXIS2_PLACEMENT_3D('',#3791,#3021,#3022);
#2674=AXIS2_PLACEMENT_3D('',#3794,#3024,#3025);
#2675=AXIS2_PLACEMENT_3D('',#3795,#3026,#3027);
#2676=AXIS2_PLACEMENT_3D('',#3797,#3028,#3029);
#2677=AXIS2_PLACEMENT_3D('',#3799,#3031,#3032);
#2678=AXIS2_PLACEMENT_3D('',#3801,#3033,#3034);
#2679=AXIS2_PLACEMENT_3D('',#3803,#3036,#3037);
#2680=AXIS2_PLACEMENT_3D('',#3805,#3038,#3039);
#2681=AXIS2_PLACEMENT_3D('',#3807,#3041,#3042);
#2682=AXIS2_PLACEMENT_3D('',#3814,#3045,#3046);
#2683=AXIS2_PLACEMENT_3D('',#3816,#3047,#3048);
#2684=AXIS2_PLACEMENT_3D('',#3820,#3050,#3051);
#2685=AXIS2_PLACEMENT_3D('',#3822,#3052,#3053);
#2686=AXIS2_PLACEMENT_3D('',#3824,#3055,#3056);
#2687=AXIS2_PLACEMENT_3D('',#3830,#3060,#3061);
#2688=AXIS2_PLACEMENT_3D('',#3832,#3062,#3063);
#2689=AXIS2_PLACEMENT_3D('',#3834,#3065,#3066);
#2690=AXIS2_PLACEMENT_3D('',#3836,#3067,#3068);
#2691=AXIS2_PLACEMENT_3D('',#3838,#3070,#3071);
#2692=AXIS2_PLACEMENT_3D('',#3845,#3074,#3075);
#2693=AXIS2_PLACEMENT_3D('',#3847,#3076,#3077);
#2694=AXIS2_PLACEMENT_3D('',#3851,#3079,#3080);
#2695=AXIS2_PLACEMENT_3D('',#3853,#3081,#3082);
#2696=AXIS2_PLACEMENT_3D('',#3855,#3084,#3085);
#2697=AXIS2_PLACEMENT_3D('',#3861,#3089,#3090);
#2698=AXIS2_PLACEMENT_3D('',#3868,#3093,#3094);
#2699=AXIS2_PLACEMENT_3D('',#3870,#3095,#3096);
#2700=AXIS2_PLACEMENT_3D('',#3874,#3098,#3099);
#2701=AXIS2_PLACEMENT_3D('',#3876,#3100,#3101);
#2702=AXIS2_PLACEMENT_3D('',#3878,#3103,#3104);
#2703=AXIS2_PLACEMENT_3D('',#3884,#3108,#3109);
#2704=AXIS2_PLACEMENT_3D('',#3893,#3114,#3115);
#2705=AXIS2_PLACEMENT_3D('',#3895,#3116,#3117);
#2706=AXIS2_PLACEMENT_3D('',#3897,#3119,#3120);
#2707=AXIS2_PLACEMENT_3D('',#3904,#3123,#3124);
#2708=AXIS2_PLACEMENT_3D('',#3905,#3125,#3126);
#2709=AXIS2_PLACEMENT_3D('',#3907,#3127,#3128);
#2710=AXIS2_PLACEMENT_3D('',#3909,#3129,#3130);
#2711=AXIS2_PLACEMENT_3D('',#3911,#3132,#3133);
#2712=AXIS2_PLACEMENT_3D('',#3914,#3135,#3136);
#2713=AXIS2_PLACEMENT_3D('',#3915,#3137,#3138);
#2714=AXIS2_PLACEMENT_3D('',#3917,#3139,#3140);
#2715=AXIS2_PLACEMENT_3D('',#3920,#3142,#3143);
#2716=AXIS2_PLACEMENT_3D('',#3921,#3144,#3145);
#2717=AXIS2_PLACEMENT_3D('',#3923,#3146,#3147);
#2718=AXIS2_PLACEMENT_3D('',#3924,#3148,#3149);
#2719=AXIS2_PLACEMENT_3D('',#3925,#3150,#3151);
#2720=AXIS2_PLACEMENT_3D('',#3926,#3152,#3153);
#2721=AXIS2_PLACEMENT_3D('',#3927,#3154,#3155);
#2722=AXIS2_PLACEMENT_3D('',#3928,#3156,#3157);
#2723=AXIS2_PLACEMENT_3D('',#3930,#3158,#3159);
#2724=AXIS2_PLACEMENT_3D('',#3932,#3160,#3161);
#2725=AXIS2_PLACEMENT_3D('',#3934,#3162,#3163);
#2726=AXIS2_PLACEMENT_3D('',#3936,#3164,#3165);
#2727=AXIS2_PLACEMENT_3D('',#3937,#3166,#3167);
#2728=AXIS2_PLACEMENT_3D('',#3939,#3168,#3169);
#2729=AXIS2_PLACEMENT_3D('',#3941,#3171,#3172);
#2730=AXIS2_PLACEMENT_3D('',#3949,#3177,#3178);
#2731=AXIS2_PLACEMENT_3D('',#3951,#3179,#3180);
#2732=AXIS2_PLACEMENT_3D('',#3953,#3182,#3183);
#2733=AXIS2_PLACEMENT_3D('',#3955,#3184,#3185);
#2734=AXIS2_PLACEMENT_3D('',#3957,#3187,#3188);
#2735=AXIS2_PLACEMENT_3D('',#3959,#3189,#3190);
#2736=AXIS2_PLACEMENT_3D('',#3961,#3192,#3193);
#2737=AXIS2_PLACEMENT_3D('',#3967,#3197,#3198);
#2738=AXIS2_PLACEMENT_3D('',#3976,#3203,#3204);
#2739=AXIS2_PLACEMENT_3D('',#3979,#3207,#3208);
#2740=AXIS2_PLACEMENT_3D('',#3983,#3211,#3212);
#2741=AXIS2_PLACEMENT_3D('',#3989,#3216,#3217);
#2742=AXIS2_PLACEMENT_3D('',#3991,#3218,#3219);
#2743=AXIS2_PLACEMENT_3D('',#3993,#3221,#3222);
#2744=AXIS2_PLACEMENT_3D('',#3995,#3223,#3224);
#2745=AXIS2_PLACEMENT_3D('',#3997,#3226,#3227);
#2746=AXIS2_PLACEMENT_3D('',#3999,#3228,#3229);
#2747=AXIS2_PLACEMENT_3D('',#4001,#3231,#3232);
#2748=AXIS2_PLACEMENT_3D('',#4007,#3236,#3237);
#2749=AXIS2_PLACEMENT_3D('',#4016,#3242,#3243);
#2750=AXIS2_PLACEMENT_3D('',#4019,#3246,#3247);
#2751=AXIS2_PLACEMENT_3D('',#4021,#3248,#3249);
#2752=AXIS2_PLACEMENT_3D('',#4023,#3251,#3252);
#2753=AXIS2_PLACEMENT_3D('',#4027,#3255,#3256);
#2754=AXIS2_PLACEMENT_3D('',#4036,#3261,#3262);
#2755=AXIS2_PLACEMENT_3D('',#4039,#3265,#3266);
#2756=AXIS2_PLACEMENT_3D('',#4041,#3267,#3268);
#2757=AXIS2_PLACEMENT_3D('',#4043,#3270,#3271);
#2758=AXIS2_PLACEMENT_3D('',#4052,#3276,#3277);
#2759=AXIS2_PLACEMENT_3D('',#4057,#3281,#3282);
#2760=AXIS2_PLACEMENT_3D('',#4061,#3285,#3286);
#2761=AXIS2_PLACEMENT_3D('',#4063,#3287,#3288);
#2762=AXIS2_PLACEMENT_3D('',#4065,#3290,#3291);
#2763=AXIS2_PLACEMENT_3D('',#4067,#3292,#3293);
#2764=AXIS2_PLACEMENT_3D('',#4069,#3295,#3296);
#2765=AXIS2_PLACEMENT_3D('',#4071,#3297,#3298);
#2766=AXIS2_PLACEMENT_3D('',#4073,#3300,#3301);
#2767=AXIS2_PLACEMENT_3D('',#4079,#3305,#3306);
#2768=AXIS2_PLACEMENT_3D('',#4088,#3311,#3312);
#2769=AXIS2_PLACEMENT_3D('',#4091,#3315,#3316);
#2770=AXIS2_PLACEMENT_3D('',#4095,#3319,#3320);
#2771=AXIS2_PLACEMENT_3D('',#4101,#3324,#3325);
#2772=AXIS2_PLACEMENT_3D('',#4103,#3326,#3327);
#2773=AXIS2_PLACEMENT_3D('',#4105,#3329,#3330);
#2774=AXIS2_PLACEMENT_3D('',#4107,#3331,#3332);
#2775=AXIS2_PLACEMENT_3D('',#4109,#3334,#3335);
#2776=AXIS2_PLACEMENT_3D('',#4111,#3336,#3337);
#2777=AXIS2_PLACEMENT_3D('',#4113,#3339,#3340);
#2778=AXIS2_PLACEMENT_3D('',#4119,#3344,#3345);
#2779=AXIS2_PLACEMENT_3D('',#4128,#3350,#3351);
#2780=AXIS2_PLACEMENT_3D('',#4131,#3354,#3355);
#2781=AXIS2_PLACEMENT_3D('',#4133,#3356,#3357);
#2782=AXIS2_PLACEMENT_3D('',#4135,#3359,#3360);
#2783=AXIS2_PLACEMENT_3D('',#4144,#3365,#3366);
#2784=AXIS2_PLACEMENT_3D('',#4147,#3369,#3370);
#2785=AXIS2_PLACEMENT_3D('',#4149,#3372,#3373);
#2786=AXIS2_PLACEMENT_3D('',#4155,#3377,#3378);
#2787=AXIS2_PLACEMENT_3D('',#4161,#3382,#3383);
#2788=AXIS2_PLACEMENT_3D('',#4163,#3384,#3385);
#2789=AXIS2_PLACEMENT_3D('',#4164,#3386,#3387);
#2790=AXIS2_PLACEMENT_3D('',#4166,#3388,#3389);
#2791=AXIS2_PLACEMENT_3D('',#4167,#3390,#3391);
#2792=AXIS2_PLACEMENT_3D('',#4170,#3393,#3394);
#2793=AXIS2_PLACEMENT_3D('',#4171,#3395,#3396);
#2794=AXIS2_PLACEMENT_3D('',#4174,#3398,#3399);
#2795=AXIS2_PLACEMENT_3D('',#4175,#3400,#3401);
#2796=AXIS2_PLACEMENT_3D('',#4178,#3403,#3404);
#2797=AXIS2_PLACEMENT_3D('',#4179,#3405,#3406);
#2798=AXIS2_PLACEMENT_3D('',#4182,#3408,#3409);
#2799=AXIS2_PLACEMENT_3D('',#4183,#3410,#3411);
#2800=AXIS2_PLACEMENT_3D('',#4186,#3413,#3414);
#2801=AXIS2_PLACEMENT_3D('',#4187,#3415,#3416);
#2802=AXIS2_PLACEMENT_3D('',#4193,#3420,#3421);
#2803=AXIS2_PLACEMENT_3D('',#4197,#3423,#3424);
#2804=AXIS2_PLACEMENT_3D('',#4199,#3425,#3426);
#2805=AXIS2_PLACEMENT_3D('',#4201,#3427,#3428);
#2806=AXIS2_PLACEMENT_3D('',#4205,#3431,#3432);
#2807=AXIS2_PLACEMENT_3D('',#4209,#3435,#3436);
#2808=AXIS2_PLACEMENT_3D('',#4213,#3439,#3440);
#2809=AXIS2_PLACEMENT_3D('',#4217,#3443,#3444);
#2810=AXIS2_PLACEMENT_3D('',#4221,#3446,#3447);
#2811=AXIS2_PLACEMENT_3D('',#4223,#3448,#3449);
#2812=AXIS2_PLACEMENT_3D('',#4225,#3450,#3451);
#2813=AXIS2_PLACEMENT_3D('',#4229,#3454,#3455);
#2814=AXIS2_PLACEMENT_3D('',#4233,#3458,#3459);
#2815=AXIS2_PLACEMENT_3D('',#4237,#3462,#3463);
#2816=AXIS2_PLACEMENT_3D('',#4241,#3466,#3467);
#2817=AXIS2_PLACEMENT_3D('',#4245,#3469,#3470);
#2818=AXIS2_PLACEMENT_3D('',#4247,#3471,#3472);
#2819=AXIS2_PLACEMENT_3D('',#4249,#3473,#3474);
#2820=AXIS2_PLACEMENT_3D('',#4253,#3477,#3478);
#2821=AXIS2_PLACEMENT_3D('',#4257,#3481,#3482);
#2822=AXIS2_PLACEMENT_3D('',#4261,#3485,#3486);
#2823=AXIS2_PLACEMENT_3D('',#4265,#3489,#3490);
#2824=AXIS2_PLACEMENT_3D('',#4269,#3492,#3493);
#2825=AXIS2_PLACEMENT_3D('',#4271,#3494,#3495);
#2826=AXIS2_PLACEMENT_3D('',#4273,#3496,#3497);
#2827=AXIS2_PLACEMENT_3D('',#4277,#3500,#3501);
#2828=AXIS2_PLACEMENT_3D('',#4281,#3504,#3505);
#2829=AXIS2_PLACEMENT_3D('',#4283,#3507,#3508);
#2830=AXIS2_PLACEMENT_3D('',#4286,#3510,#3511);
#2831=AXIS2_PLACEMENT_3D('',#4287,#3512,#3513);
#2832=AXIS2_PLACEMENT_3D('',#4290,#3515,#3516);
#2833=AXIS2_PLACEMENT_3D('',#4291,#3517,#3518);
#2834=AXIS2_PLACEMENT_3D('',#4293,#3519,#3520);
#2835=AXIS2_PLACEMENT_3D('',#4294,#3521,#3522);
#2836=AXIS2_PLACEMENT_3D('',#4295,#3523,#3524);
#2837=AXIS2_PLACEMENT_3D('',#4298,#3526,#3527);
#2838=AXIS2_PLACEMENT_3D('',#4299,#3528,#3529);
#2839=AXIS2_PLACEMENT_3D('',#4302,#3531,#3532);
#2840=AXIS2_PLACEMENT_3D('',#4303,#3533,#3534);
#2841=AXIS2_PLACEMENT_3D('',#4306,#3536,#3537);
#2842=AXIS2_PLACEMENT_3D('',#4307,#3538,#3539);
#2843=AXIS2_PLACEMENT_3D('',#4310,#3541,#3542);
#2844=AXIS2_PLACEMENT_3D('',#4311,#3543,#3544);
#2845=AXIS2_PLACEMENT_3D('',#4317,#3548,#3549);
#2846=AXIS2_PLACEMENT_3D('',#4319,#3550,#3551);
#2847=AXIS2_PLACEMENT_3D('',#4321,#3553,#3554);
#2848=AXIS2_PLACEMENT_3D('',#4324,#3556,#3557);
#2849=AXIS2_PLACEMENT_3D('',#4325,#3558,#3559);
#2850=AXIS2_PLACEMENT_3D('',#4327,#3560,#3561);
#2851=AXIS2_PLACEMENT_3D('',#4329,#3563,#3564);
#2852=AXIS2_PLACEMENT_3D('',#4333,#3567,#3568);
#2853=AXIS2_PLACEMENT_3D('',#4337,#3571,#3572);
#2854=AXIS2_PLACEMENT_3D('',#4341,#3575,#3576);
#2855=AXIS2_PLACEMENT_3D('',#4343,#3577,#3578);
#2856=AXIS2_PLACEMENT_3D('',#4345,#3580,#3581);
#2857=AXIS2_PLACEMENT_3D('',#4348,#3583,#3584);
#2858=AXIS2_PLACEMENT_3D('',#4349,#3585,#3586);
#2859=AXIS2_PLACEMENT_3D('',#4351,#3587,#3588);
#2860=AXIS2_PLACEMENT_3D('',#4353,#3590,#3591);
#2861=AXIS2_PLACEMENT_3D('',#4357,#3594,#3595);
#2862=AXIS2_PLACEMENT_3D('',#4361,#3598,#3599);
#2863=AXIS2_PLACEMENT_3D('',#4365,#3602,#3603);
#2864=AXIS2_PLACEMENT_3D('',#4367,#3604,#3605);
#2865=AXIS2_PLACEMENT_3D('',#4369,#3607,#3608);
#2866=AXIS2_PLACEMENT_3D('',#4372,#3610,#3611);
#2867=AXIS2_PLACEMENT_3D('',#4373,#3612,#3613);
#2868=AXIS2_PLACEMENT_3D('',#4375,#3614,#3615);
#2869=AXIS2_PLACEMENT_3D('',#4377,#3617,#3618);
#2870=AXIS2_PLACEMENT_3D('',#4381,#3621,#3622);
#2871=AXIS2_PLACEMENT_3D('',#4385,#3625,#3626);
#2872=AXIS2_PLACEMENT_3D('',#4389,#3629,#3630);
#2873=AXIS2_PLACEMENT_3D('',#4391,#3631,#3632);
#2874=AXIS2_PLACEMENT_3D('',#4393,#3634,#3635);
#2875=AXIS2_PLACEMENT_3D('',#4396,#3637,#3638);
#2876=AXIS2_PLACEMENT_3D('',#4397,#3639,#3640);
#2877=AXIS2_PLACEMENT_3D('',#4399,#3641,#3642);
#2878=AXIS2_PLACEMENT_3D('',#4401,#3644,#3645);
#2879=AXIS2_PLACEMENT_3D('',#4405,#3648,#3649);
#2880=AXIS2_PLACEMENT_3D('',#4407,#3651,#3652);
#2881=AXIS2_PLACEMENT_3D('',#4409,#3653,#3654);
#2882=AXIS2_PLACEMENT_3D('',#4410,#3655,#3656);
#2883=AXIS2_PLACEMENT_3D('',#4411,#3657,#3658);
#2884=AXIS2_PLACEMENT_3D('',#4413,#3659,#3660);
#2885=AXIS2_PLACEMENT_3D('',#4414,#3661,#3662);
#2886=AXIS2_PLACEMENT_3D('',#4415,#3663,#3664);
#2887=DIRECTION('axis',(0.,0.,1.));
#2888=DIRECTION('refdir',(1.,0.,0.));
#2889=DIRECTION('center_axis',(-1.,0.,0.));
#2890=DIRECTION('ref_axis',(0.,-1.,0.));
#2891=DIRECTION('',(0.,-1.,0.));
#2892=DIRECTION('',(0.,0.,1.));
#2893=DIRECTION('',(0.,1.,0.));
#2894=DIRECTION('',(0.,0.,1.));
#2895=DIRECTION('center_axis',(0.,0.,1.));
#2896=DIRECTION('ref_axis',(-1.,-8.88178419700134E-15,0.));
#2897=DIRECTION('center_axis',(0.,0.,1.));
#2898=DIRECTION('ref_axis',(-1.,-8.88178419700134E-15,0.));
#2899=DIRECTION('',(0.,0.,1.));
#2900=DIRECTION('center_axis',(0.,0.,-1.));
#2901=DIRECTION('ref_axis',(-1.,-8.88178419700134E-15,0.));
#2902=DIRECTION('center_axis',(0.,1.,0.));
#2903=DIRECTION('ref_axis',(-1.,0.,0.));
#2904=DIRECTION('',(-1.,0.,0.));
#2905=DIRECTION('',(0.,0.,1.));
#2906=DIRECTION('',(1.,0.,0.));
#2907=DIRECTION('center_axis',(0.,0.,1.));
#2908=DIRECTION('ref_axis',(-8.88178419700134E-15,1.,0.));
#2909=DIRECTION('center_axis',(0.,0.,1.));
#2910=DIRECTION('ref_axis',(-8.88178419700134E-15,1.,0.));
#2911=DIRECTION('',(0.,0.,1.));
#2912=DIRECTION('center_axis',(0.,0.,-1.));
#2913=DIRECTION('ref_axis',(-8.88178419700134E-15,1.,0.));
#2914=DIRECTION('center_axis',(1.,0.,0.));
#2915=DIRECTION('ref_axis',(0.,1.,0.));
#2916=DIRECTION('',(0.,1.,0.));
#2917=DIRECTION('',(0.,0.,1.));
#2918=DIRECTION('',(0.,-1.,0.));
#2919=DIRECTION('center_axis',(0.,0.,1.));
#2920=DIRECTION('ref_axis',(1.,4.44089209850066E-15,0.));
#2921=DIRECTION('center_axis',(0.,0.,1.));
#2922=DIRECTION('ref_axis',(1.,4.44089209850066E-15,0.));
#2923=DIRECTION('',(0.,0.,1.));
#2924=DIRECTION('center_axis',(0.,0.,-1.));
#2925=DIRECTION('ref_axis',(1.,4.44089209850066E-15,0.));
#2926=DIRECTION('center_axis',(0.,-1.,0.));
#2927=DIRECTION('ref_axis',(1.,0.,0.));
#2928=DIRECTION('',(1.,0.,0.));
#2929=DIRECTION('',(0.,0.,1.));
#2930=DIRECTION('',(-1.,0.,0.));
#2931=DIRECTION('center_axis',(0.,0.,1.));
#2932=DIRECTION('ref_axis',(5.92118946466753E-15,-1.,0.));
#2933=DIRECTION('center_axis',(0.,0.,1.));
#2934=DIRECTION('ref_axis',(5.92118946466753E-15,-1.,0.));
#2935=DIRECTION('center_axis',(0.,0.,-1.));
#2936=DIRECTION('ref_axis',(5.92118946466753E-15,-1.,0.));
#2937=DIRECTION('center_axis',(1.,0.,0.));
#2938=DIRECTION('ref_axis',(0.,1.,0.));
#2939=DIRECTION('',(0.,1.,0.));
#2940=DIRECTION('',(0.,0.,1.));
#2941=DIRECTION('',(0.,-1.,0.));
#2942=DIRECTION('',(0.,0.,1.));
#2943=DIRECTION('center_axis',(0.,0.,1.));
#2944=DIRECTION('ref_axis',(1.,1.18423789293351E-14,0.));
#2945=DIRECTION('center_axis',(0.,0.,1.));
#2946=DIRECTION('ref_axis',(1.,1.18423789293351E-14,0.));
#2947=DIRECTION('',(0.,0.,1.));
#2948=DIRECTION('center_axis',(0.,0.,-1.));
#2949=DIRECTION('ref_axis',(1.,1.18423789293351E-14,0.));
#2950=DIRECTION('center_axis',(0.,-1.,0.));
#2951=DIRECTION('ref_axis',(1.,0.,0.));
#2952=DIRECTION('',(1.,0.,0.));
#2953=DIRECTION('',(0.,0.,1.));
#2954=DIRECTION('',(-1.,0.,0.));
#2955=DIRECTION('center_axis',(0.,0.,1.));
#2956=DIRECTION('ref_axis',(1.18423789293351E-14,-1.,0.));
#2957=DIRECTION('center_axis',(0.,0.,1.));
#2958=DIRECTION('ref_axis',(1.18423789293351E-14,-1.,0.));
#2959=DIRECTION('',(0.,0.,1.));
#2960=DIRECTION('center_axis',(0.,0.,-1.));
#2961=DIRECTION('ref_axis',(1.18423789293351E-14,-1.,0.));
#2962=DIRECTION('center_axis',(-1.,0.,0.));
#2963=DIRECTION('ref_axis',(0.,-1.,0.));
#2964=DIRECTION('',(0.,-1.,0.));
#2965=DIRECTION('',(0.,0.,1.));
#2966=DIRECTION('',(0.,1.,0.));
#2967=DIRECTION('center_axis',(0.,0.,1.));
#2968=DIRECTION('ref_axis',(-1.,-4.44089209850066E-15,0.));
#2969=DIRECTION('center_axis',(0.,0.,1.));
#2970=DIRECTION('ref_axis',(-1.,-4.44089209850066E-15,0.));
#2971=DIRECTION('',(0.,0.,1.));
#2972=DIRECTION('center_axis',(0.,0.,-1.));
#2973=DIRECTION('ref_axis',(-1.,-4.44089209850066E-15,0.));
#2974=DIRECTION('center_axis',(0.,1.,0.));
#2975=DIRECTION('ref_axis',(-1.,0.,0.));
#2976=DIRECTION('',(-1.,0.,0.));
#2977=DIRECTION('',(0.,0.,1.));
#2978=DIRECTION('',(1.,0.,0.));
#2979=DIRECTION('center_axis',(0.,0.,1.));
#2980=DIRECTION('ref_axis',(-5.92118946466753E-15,1.,0.));
#2981=DIRECTION('center_axis',(0.,0.,1.));
#2982=DIRECTION('ref_axis',(-5.92118946466753E-15,1.,0.));
#2983=DIRECTION('center_axis',(0.,0.,-1.));
#2984=DIRECTION('ref_axis',(-5.92118946466753E-15,1.,0.));
#2985=DIRECTION('center_axis',(0.,0.,-1.));
#2986=DIRECTION('ref_axis',(-1.,0.,0.));
#2987=DIRECTION('center_axis',(0.,0.,-1.));
#2988=DIRECTION('ref_axis',(-1.,0.,0.));
#2989=DIRECTION('center_axis',(-1.58603289232165E-16,-1.,0.));
#2990=DIRECTION('ref_axis',(1.,-1.58603289232165E-16,0.));
#2991=DIRECTION('center_axis',(0.,0.,1.));
#2992=DIRECTION('ref_axis',(-1.,0.,0.));
#2993=DIRECTION('center_axis',(0.,0.,-1.));
#2994=DIRECTION('ref_axis',(1.,0.,0.));
#2995=DIRECTION('center_axis',(0.,0.,1.));
#2996=DIRECTION('ref_axis',(1.,0.,0.));
#2997=DIRECTION('center_axis',(0.,0.,-1.));
#2998=DIRECTION('ref_axis',(1.,0.,0.));
#2999=DIRECTION('center_axis',(0.,0.,1.));
#3000=DIRECTION('ref_axis',(-1.,0.,0.));
#3001=DIRECTION('center_axis',(0.,0.,-1.));
#3002=DIRECTION('ref_axis',(-1.,0.,0.));
#3003=DIRECTION('center_axis',(0.,0.,1.));
#3004=DIRECTION('ref_axis',(-1.,0.,0.));
#3005=DIRECTION('center_axis',(0.,0.,-1.));
#3006=DIRECTION('ref_axis',(-1.,0.,0.));
#3007=DIRECTION('center_axis',(0.,0.,1.));
#3008=DIRECTION('ref_axis',(-1.,0.,0.));
#3009=DIRECTION('center_axis',(0.,0.,-1.));
#3010=DIRECTION('ref_axis',(-1.,0.,0.));
#3011=DIRECTION('center_axis',(0.,0.,1.));
#3012=DIRECTION('ref_axis',(-1.,0.,0.));
#3013=DIRECTION('center_axis',(0.,0.,-1.));
#3014=DIRECTION('ref_axis',(-1.,0.,0.));
#3015=DIRECTION('center_axis',(0.,0.,-1.));
#3016=DIRECTION('ref_axis',(1.,0.,0.));
#3017=DIRECTION('center_axis',(0.,0.,1.));
#3018=DIRECTION('ref_axis',(1.,0.,0.));
#3019=DIRECTION('center_axis',(0.,0.,-1.));
#3020=DIRECTION('ref_axis',(1.,0.,0.));
#3021=DIRECTION('center_axis',(0.,0.,1.));
#3022=DIRECTION('ref_axis',(1.,0.,0.));
#3023=DIRECTION('',(0.,0.,1.));
#3024=DIRECTION('center_axis',(0.,0.,-1.));
#3025=DIRECTION('ref_axis',(-1.,0.,0.));
#3026=DIRECTION('center_axis',(0.,0.,1.));
#3027=DIRECTION('ref_axis',(1.,0.,0.));
#3028=DIRECTION('center_axis',(0.,0.,1.));
#3029=DIRECTION('ref_axis',(1.,0.,0.));
#3030=DIRECTION('',(0.,0.,1.));
#3031=DIRECTION('center_axis',(0.,0.,1.));
#3032=DIRECTION('ref_axis',(1.,0.,0.));
#3033=DIRECTION('center_axis',(0.,0.,1.));
#3034=DIRECTION('ref_axis',(1.,0.,0.));
#3035=DIRECTION('',(0.,0.,1.));
#3036=DIRECTION('center_axis',(0.,0.,-1.));
#3037=DIRECTION('ref_axis',(-1.,0.,0.));
#3038=DIRECTION('center_axis',(0.,0.,-1.));
#3039=DIRECTION('ref_axis',(-1.,0.,0.));
#3040=DIRECTION('',(0.,0.,-1.));
#3041=DIRECTION('center_axis',(0.,0.,-1.));
#3042=DIRECTION('ref_axis',(1.,0.,0.));
#3043=DIRECTION('',(-1.,0.,0.));
#3044=DIRECTION('',(0.,-1.,0.));
#3045=DIRECTION('center_axis',(0.,0.,-1.));
#3046=DIRECTION('ref_axis',(0.681385143869242,-0.731925054711404,0.));
#3047=DIRECTION('center_axis',(0.,0.,1.));
#3048=DIRECTION('ref_axis',(0.,-1.,0.));
#3049=DIRECTION('',(-1.,0.,0.));
#3050=DIRECTION('center_axis',(0.,0.,1.));
#3051=DIRECTION('ref_axis',(1.,0.,0.));
#3052=DIRECTION('center_axis',(0.,0.,-1.));
#3053=DIRECTION('ref_axis',(-0.681385143869242,-0.731925054711404,0.));
#3054=DIRECTION('',(0.,1.,0.));
#3055=DIRECTION('center_axis',(0.,-1.,0.));
#3056=DIRECTION('ref_axis',(-1.,0.,0.));
#3057=DIRECTION('',(0.,0.,-1.));
#3058=DIRECTION('',(-1.,0.,0.));
#3059=DIRECTION('',(0.,0.,-1.));
#3060=DIRECTION('center_axis',(0.,0.,-1.));
#3061=DIRECTION('ref_axis',(-1.,0.,0.));
#3062=DIRECTION('center_axis',(0.,0.,-1.));
#3063=DIRECTION('ref_axis',(-1.,0.,0.));
#3064=DIRECTION('',(0.,0.,-1.));
#3065=DIRECTION('center_axis',(0.,0.,-1.));
#3066=DIRECTION('ref_axis',(-1.,0.,0.));
#3067=DIRECTION('center_axis',(0.,0.,-1.));
#3068=DIRECTION('ref_axis',(-1.,0.,0.));
#3069=DIRECTION('',(0.,0.,-1.));
#3070=DIRECTION('center_axis',(0.,0.,-1.));
#3071=DIRECTION('ref_axis',(1.,0.,0.));
#3072=DIRECTION('',(0.,1.,0.));
#3073=DIRECTION('',(-1.,8.88178419700125E-16,0.));
#3074=DIRECTION('center_axis',(0.,0.,-1.));
#3075=DIRECTION('ref_axis',(-0.731925054711404,-0.681385143869243,0.));
#3076=DIRECTION('center_axis',(0.,0.,1.));
#3077=DIRECTION('ref_axis',(-1.,0.,0.));
#3078=DIRECTION('',(0.,-1.,0.));
#3079=DIRECTION('center_axis',(0.,0.,1.));
#3080=DIRECTION('ref_axis',(0.,-1.,0.));
#3081=DIRECTION('center_axis',(0.,0.,-1.));
#3082=DIRECTION('ref_axis',(-0.731925054711404,0.681385143869243,0.));
#3083=DIRECTION('',(1.,0.,0.));
#3084=DIRECTION('center_axis',(-1.,0.,0.));
#3085=DIRECTION('ref_axis',(0.,1.,0.));
#3086=DIRECTION('',(0.,0.,-1.));
#3087=DIRECTION('',(0.,1.,0.));
#3088=DIRECTION('',(0.,0.,-1.));
#3089=DIRECTION('center_axis',(0.,0.,-1.));
#3090=DIRECTION('ref_axis',(1.,0.,0.));
#3091=DIRECTION('',(1.,0.,0.));
#3092=DIRECTION('',(0.,1.,0.));
#3093=DIRECTION('center_axis',(0.,0.,-1.));
#3094=DIRECTION('ref_axis',(-0.681385143869242,0.731925054711404,0.));
#3095=DIRECTION('center_axis',(0.,0.,1.));
#3096=DIRECTION('ref_axis',(0.,1.,0.));
#3097=DIRECTION('',(1.,0.,0.));
#3098=DIRECTION('center_axis',(0.,0.,1.));
#3099=DIRECTION('ref_axis',(-1.,0.,0.));
#3100=DIRECTION('center_axis',(0.,0.,-1.));
#3101=DIRECTION('ref_axis',(0.681385143869242,0.731925054711404,0.));
#3102=DIRECTION('',(0.,-1.,0.));
#3103=DIRECTION('center_axis',(0.,1.,0.));
#3104=DIRECTION('ref_axis',(1.,0.,0.));
#3105=DIRECTION('',(0.,0.,-1.));
#3106=DIRECTION('',(1.,0.,0.));
#3107=DIRECTION('',(0.,0.,-1.));
#3108=DIRECTION('center_axis',(1.,0.,0.));
#3109=DIRECTION('ref_axis',(0.,-1.,0.));
#3110=DIRECTION('',(0.,-1.,0.));
#3111=DIRECTION('',(0.,0.,-1.));
#3112=DIRECTION('',(0.,-1.,0.));
#3113=DIRECTION('',(0.,0.,-1.));
#3114=DIRECTION('center_axis',(0.,0.,-1.));
#3115=DIRECTION('ref_axis',(-1.,0.,0.));
#3116=DIRECTION('center_axis',(0.,0.,-1.));
#3117=DIRECTION('ref_axis',(-1.,0.,0.));
#3118=DIRECTION('',(0.,0.,-1.));
#3119=DIRECTION('center_axis',(0.,0.,-1.));
#3120=DIRECTION('ref_axis',(1.,0.,0.));
#3121=DIRECTION('',(0.,-1.,0.));
#3122=DIRECTION('',(1.,0.,0.));
#3123=DIRECTION('center_axis',(0.,0.,-1.));
#3124=DIRECTION('ref_axis',(0.731925054711404,0.681385143869243,0.));
#3125=DIRECTION('center_axis',(0.,0.,1.));
#3126=DIRECTION('ref_axis',(1.,0.,0.));
#3127=DIRECTION('center_axis',(0.,0.,1.));
#3128=DIRECTION('ref_axis',(0.,1.,0.));
#3129=DIRECTION('center_axis',(0.,0.,-1.));
#3130=DIRECTION('ref_axis',(0.731925054711404,-0.681385143869243,0.));
#3131=DIRECTION('',(-1.,0.,0.));
#3132=DIRECTION('center_axis',(0.,0.,1.));
#3133=DIRECTION('ref_axis',(1.,0.,0.));
#3134=DIRECTION('',(0.,0.,1.));
#3135=DIRECTION('center_axis',(0.,0.,-1.));
#3136=DIRECTION('ref_axis',(-1.,0.,0.));
#3137=DIRECTION('center_axis',(0.,0.,1.));
#3138=DIRECTION('ref_axis',(1.,0.,0.));
#3139=DIRECTION('center_axis',(0.,0.,1.));
#3140=DIRECTION('ref_axis',(1.,0.,0.));
#3141=DIRECTION('',(0.,0.,1.));
#3142=DIRECTION('center_axis',(0.,0.,1.));
#3143=DIRECTION('ref_axis',(1.,0.,0.));
#3144=DIRECTION('center_axis',(0.,0.,1.));
#3145=DIRECTION('ref_axis',(-1.,0.,0.));
#3146=DIRECTION('center_axis',(0.,0.,1.));
#3147=DIRECTION('ref_axis',(-1.,0.,0.));
#3148=DIRECTION('center_axis',(0.,0.,-1.));
#3149=DIRECTION('ref_axis',(1.,0.,0.));
#3150=DIRECTION('center_axis',(0.,0.,-1.));
#3151=DIRECTION('ref_axis',(0.,1.,0.));
#3152=DIRECTION('center_axis',(0.,0.,-1.));
#3153=DIRECTION('ref_axis',(1.,0.,0.));
#3154=DIRECTION('center_axis',(0.,0.,-1.));
#3155=DIRECTION('ref_axis',(0.,-1.,0.));
#3156=DIRECTION('center_axis',(0.,0.,-1.));
#3157=DIRECTION('ref_axis',(-1.,0.,0.));
#3158=DIRECTION('center_axis',(0.,0.,-1.));
#3159=DIRECTION('ref_axis',(1.,0.,0.));
#3160=DIRECTION('center_axis',(0.,0.,-1.));
#3161=DIRECTION('ref_axis',(1.,0.,0.));
#3162=DIRECTION('center_axis',(0.,0.,-1.));
#3163=DIRECTION('ref_axis',(1.,0.,0.));
#3164=DIRECTION('center_axis',(0.,0.,-1.));
#3165=DIRECTION('ref_axis',(1.,0.,0.));
#3166=DIRECTION('center_axis',(0.,0.,1.));
#3167=DIRECTION('ref_axis',(-1.,0.,0.));
#3168=DIRECTION('center_axis',(0.,0.,1.));
#3169=DIRECTION('ref_axis',(-1.,0.,0.));
#3170=DIRECTION('',(-0.707106781186547,-8.65956056235493E-17,-0.707106781186547));
#3171=DIRECTION('center_axis',(0.,1.,0.));
#3172=DIRECTION('ref_axis',(-1.,0.,0.));
#3173=DIRECTION('',(0.,0.,1.));
#3174=DIRECTION('',(-1.,0.,0.));
#3175=DIRECTION('',(0.,0.,1.));
#3176=DIRECTION('',(-0.0499376169438911,0.,-0.998752338877845));
#3177=DIRECTION('center_axis',(0.,0.,1.));
#3178=DIRECTION('ref_axis',(0.731925054711404,0.681385143869243,0.));
#3179=DIRECTION('center_axis',(0.,0.,-1.));
#3180=DIRECTION('ref_axis',(0.731925054711404,0.681385143869243,0.));
#3181=DIRECTION('',(0.,0.,-1.));
#3182=DIRECTION('center_axis',(0.,0.,-1.));
#3183=DIRECTION('ref_axis',(1.,0.,0.));
#3184=DIRECTION('center_axis',(0.,0.,1.));
#3185=DIRECTION('ref_axis',(5.9211894646675E-16,-1.,0.));
#3186=DIRECTION('',(0.,0.,1.));
#3187=DIRECTION('center_axis',(0.,0.,1.));
#3188=DIRECTION('ref_axis',(-0.681385143869242,-0.731925054711404,0.));
#3189=DIRECTION('center_axis',(0.,0.,-1.));
#3190=DIRECTION('ref_axis',(-0.681385143869242,-0.731925054711404,0.));
#3191=DIRECTION('',(0.,0.,-1.));
#3192=DIRECTION('center_axis',(-1.,0.,0.));
#3193=DIRECTION('ref_axis',(0.,-1.,0.));
#3194=DIRECTION('',(0.,0.,-1.));
#3195=DIRECTION('',(0.,0.0499376169438911,-0.998752338877845));
#3196=DIRECTION('',(0.,-1.,0.));
#3197=DIRECTION('center_axis',(1.,0.,0.));
#3198=DIRECTION('ref_axis',(0.,-1.,0.));
#3199=DIRECTION('',(0.,-1.,0.));
#3200=DIRECTION('',(0.,0.,-1.));
#3201=DIRECTION('',(0.,-1.,0.));
#3202=DIRECTION('',(0.,0.,-1.));
#3203=DIRECTION('center_axis',(0.,-1.,0.));
#3204=DIRECTION('ref_axis',(-1.,0.,0.));
#3205=DIRECTION('',(-1.,0.,0.));
#3206=DIRECTION('',(-1.,0.,0.));
#3207=DIRECTION('center_axis',(0.,-0.998752338877845,-0.0499376169438911));
#3208=DIRECTION('ref_axis',(0.,0.0499376169438911,-0.998752338877845));
#3209=DIRECTION('',(1.,0.,0.));
#3210=DIRECTION('',(0.,0.0499376169438911,-0.998752338877845));
#3211=DIRECTION('center_axis',(1.,0.,0.));
#3212=DIRECTION('ref_axis',(0.,1.,0.));
#3213=DIRECTION('',(0.,0.,1.));
#3214=DIRECTION('',(0.,1.,0.));
#3215=DIRECTION('',(0.,0.,1.));
#3216=DIRECTION('center_axis',(0.,0.,1.));
#3217=DIRECTION('ref_axis',(0.681385143869242,-0.731925054711404,0.));
#3218=DIRECTION('center_axis',(0.,0.,-1.));
#3219=DIRECTION('ref_axis',(0.681385143869242,-0.731925054711404,0.));
#3220=DIRECTION('',(0.,0.,-1.));
#3221=DIRECTION('center_axis',(0.,0.,-1.));
#3222=DIRECTION('ref_axis',(0.,-1.,0.));
#3223=DIRECTION('center_axis',(0.,0.,1.));
#3224=DIRECTION('ref_axis',(-1.,-1.1842378929335E-15,0.));
#3225=DIRECTION('',(0.,0.,1.));
#3226=DIRECTION('center_axis',(0.,0.,1.));
#3227=DIRECTION('ref_axis',(-0.731925054711404,0.681385143869243,0.));
#3228=DIRECTION('center_axis',(0.,0.,-1.));
#3229=DIRECTION('ref_axis',(-0.731925054711404,0.681385143869243,0.));
#3230=DIRECTION('',(0.,0.,-1.));
#3231=DIRECTION('center_axis',(0.,1.,0.));
#3232=DIRECTION('ref_axis',(-1.,0.,0.));
#3233=DIRECTION('',(0.,0.,-1.));
#3234=DIRECTION('',(0.0499376169438823,0.,-0.998752338877845));
#3235=DIRECTION('',(-1.,0.,0.));
#3236=DIRECTION('center_axis',(-1.,0.,0.));
#3237=DIRECTION('ref_axis',(0.,1.,0.));
#3238=DIRECTION('',(0.,1.,0.));
#3239=DIRECTION('',(0.,0.,-1.));
#3240=DIRECTION('',(0.,1.,0.));
#3241=DIRECTION('',(0.,0.,-1.));
#3242=DIRECTION('center_axis',(0.,-1.,0.));
#3243=DIRECTION('ref_axis',(-1.,0.,0.));
#3244=DIRECTION('',(-1.,0.,0.));
#3245=DIRECTION('',(-1.,0.,0.));
#3246=DIRECTION('center_axis',(0.,0.,1.));
#3247=DIRECTION('ref_axis',(-1.,0.,0.));
#3248=DIRECTION('center_axis',(0.,0.,1.));
#3249=DIRECTION('ref_axis',(-1.,0.,0.));
#3250=DIRECTION('',(-0.707106781186547,-8.65956056235493E-17,-0.707106781186547));
#3251=DIRECTION('center_axis',(-0.998752338877845,0.,-0.0499376169438823));
#3252=DIRECTION('ref_axis',(-0.0499376169438823,0.,0.998752338877845));
#3253=DIRECTION('',(-0.0499376169438823,0.,0.998752338877845));
#3254=DIRECTION('',(0.,1.,0.));
#3255=DIRECTION('center_axis',(0.,-1.,0.));
#3256=DIRECTION('ref_axis',(-1.,0.,0.));
#3257=DIRECTION('',(-1.,0.,0.));
#3258=DIRECTION('',(0.,0.,-1.));
#3259=DIRECTION('',(-1.,0.,0.));
#3260=DIRECTION('',(0.,0.,-1.));
#3261=DIRECTION('center_axis',(-1.,0.,0.));
#3262=DIRECTION('ref_axis',(0.,1.,0.));
#3263=DIRECTION('',(0.,1.,0.));
#3264=DIRECTION('',(0.,1.,0.));
#3265=DIRECTION('center_axis',(0.,0.,1.));
#3266=DIRECTION('ref_axis',(-1.,0.,0.));
#3267=DIRECTION('center_axis',(0.,0.,1.));
#3268=DIRECTION('ref_axis',(-1.,0.,0.));
#3269=DIRECTION('',(-0.707106781186547,-8.65956056235493E-17,-0.707106781186547));
#3270=DIRECTION('center_axis',(0.,1.,0.));
#3271=DIRECTION('ref_axis',(1.,0.,0.));
#3272=DIRECTION('',(1.,0.,0.));
#3273=DIRECTION('',(0.,0.,-1.));
#3274=DIRECTION('',(1.,0.,0.));
#3275=DIRECTION('',(0.,0.,-1.));
#3276=DIRECTION('center_axis',(-1.,0.,0.));
#3277=DIRECTION('ref_axis',(0.,1.,0.));
#3278=DIRECTION('',(0.,1.,0.));
#3279=DIRECTION('',(0.,0.,1.));
#3280=DIRECTION('',(0.,1.,0.));
#3281=DIRECTION('center_axis',(-8.88178419700125E-16,-1.,0.));
#3282=DIRECTION('ref_axis',(1.,-8.88178419700125E-16,0.));
#3283=DIRECTION('',(1.,-8.88178419700125E-16,0.));
#3284=DIRECTION('',(0.,0.,1.));
#3285=DIRECTION('center_axis',(0.,0.,1.));
#3286=DIRECTION('ref_axis',(-0.731925054711404,-0.681385143869243,0.));
#3287=DIRECTION('center_axis',(0.,0.,-1.));
#3288=DIRECTION('ref_axis',(-0.731925054711404,-0.681385143869243,0.));
#3289=DIRECTION('',(0.,0.,-1.));
#3290=DIRECTION('center_axis',(0.,0.,-1.));
#3291=DIRECTION('ref_axis',(-1.,0.,0.));
#3292=DIRECTION('center_axis',(0.,0.,1.));
#3293=DIRECTION('ref_axis',(0.,1.,0.));
#3294=DIRECTION('',(0.,0.,1.));
#3295=DIRECTION('center_axis',(0.,0.,1.));
#3296=DIRECTION('ref_axis',(0.681385143869242,0.731925054711404,0.));
#3297=DIRECTION('center_axis',(0.,0.,-1.));
#3298=DIRECTION('ref_axis',(0.681385143869242,0.731925054711404,0.));
#3299=DIRECTION('',(0.,0.,-1.));
#3300=DIRECTION('center_axis',(1.,0.,0.));
#3301=DIRECTION('ref_axis',(0.,1.,0.));
#3302=DIRECTION('',(0.,0.,-1.));
#3303=DIRECTION('',(0.,-0.0499376169438911,-0.998752338877845));
#3304=DIRECTION('',(0.,1.,0.));
#3305=DIRECTION('center_axis',(-1.,0.,0.));
#3306=DIRECTION('ref_axis',(0.,1.,0.));
#3307=DIRECTION('',(0.,1.,0.));
#3308=DIRECTION('',(0.,0.,-1.));
#3309=DIRECTION('',(0.,1.,0.));
#3310=DIRECTION('',(0.,0.,-1.));
#3311=DIRECTION('center_axis',(0.,1.,0.));
#3312=DIRECTION('ref_axis',(1.,0.,0.));
#3313=DIRECTION('',(1.,0.,0.));
#3314=DIRECTION('',(1.,0.,0.));
#3315=DIRECTION('center_axis',(0.,0.998752338877845,-0.0499376169438911));
#3316=DIRECTION('ref_axis',(0.,0.0499376169438911,0.998752338877845));
#3317=DIRECTION('',(0.,0.0499376169438911,0.998752338877845));
#3318=DIRECTION('',(1.,0.,0.));
#3319=DIRECTION('center_axis',(-1.,0.,0.));
#3320=DIRECTION('ref_axis',(0.,-1.,0.));
#3321=DIRECTION('',(0.,0.,1.));
#3322=DIRECTION('',(0.,-1.,0.));
#3323=DIRECTION('',(0.,0.,1.));
#3324=DIRECTION('center_axis',(0.,0.,1.));
#3325=DIRECTION('ref_axis',(-0.681385143869242,0.731925054711404,0.));
#3326=DIRECTION('center_axis',(0.,0.,-1.));
#3327=DIRECTION('ref_axis',(-0.681385143869242,0.731925054711404,0.));
#3328=DIRECTION('',(0.,0.,-1.));
#3329=DIRECTION('center_axis',(0.,0.,-1.));
#3330=DIRECTION('ref_axis',(0.,1.,0.));
#3331=DIRECTION('center_axis',(0.,0.,1.));
#3332=DIRECTION('ref_axis',(1.,5.9211894646675E-16,0.));
#3333=DIRECTION('',(0.,0.,1.));
#3334=DIRECTION('center_axis',(0.,0.,1.));
#3335=DIRECTION('ref_axis',(0.731925054711404,-0.681385143869243,0.));
#3336=DIRECTION('center_axis',(0.,0.,-1.));
#3337=DIRECTION('ref_axis',(0.731925054711404,-0.681385143869243,0.));
#3338=DIRECTION('',(0.,0.,-1.));
#3339=DIRECTION('center_axis',(0.,-1.,0.));
#3340=DIRECTION('ref_axis',(1.,0.,0.));
#3341=DIRECTION('',(0.,0.,-1.));
#3342=DIRECTION('',(-0.0499376169438911,0.,-0.998752338877845));
#3343=DIRECTION('',(1.,0.,0.));
#3344=DIRECTION('center_axis',(1.,0.,0.));
#3345=DIRECTION('ref_axis',(0.,-1.,0.));
#3346=DIRECTION('',(0.,-1.,0.));
#3347=DIRECTION('',(0.,0.,-1.));
#3348=DIRECTION('',(0.,-1.,0.));
#3349=DIRECTION('',(0.,0.,-1.));
#3350=DIRECTION('center_axis',(0.,1.,0.));
#3351=DIRECTION('ref_axis',(1.,0.,0.));
#3352=DIRECTION('',(1.,0.,0.));
#3353=DIRECTION('',(1.,0.,0.));
#3354=DIRECTION('center_axis',(0.,0.,1.));
#3355=DIRECTION('ref_axis',(-1.,0.,0.));
#3356=DIRECTION('center_axis',(0.,0.,1.));
#3357=DIRECTION('ref_axis',(-1.,0.,0.));
#3358=DIRECTION('',(-0.707106781186547,-8.65956056235493E-17,-0.707106781186547));
#3359=DIRECTION('center_axis',(0.,1.,0.));
#3360=DIRECTION('ref_axis',(1.,0.,0.));
#3361=DIRECTION('',(1.,0.,0.));
#3362=DIRECTION('',(0.,0.,-1.));
#3363=DIRECTION('',(1.,0.,0.));
#3364=DIRECTION('',(0.,0.,-1.));
#3365=DIRECTION('center_axis',(1.,0.,0.));
#3366=DIRECTION('ref_axis',(0.,-1.,0.));
#3367=DIRECTION('',(0.,-1.,0.));
#3368=DIRECTION('',(0.,-1.,0.));
#3369=DIRECTION('center_axis',(0.998752338877845,0.,-0.0499376169438911));
#3370=DIRECTION('ref_axis',(-0.0499376169438911,0.,-0.998752338877845));
#3371=DIRECTION('',(0.,1.,0.));
#3372=DIRECTION('center_axis',(1.,0.,0.));
#3373=DIRECTION('ref_axis',(0.,-1.,0.));
#3374=DIRECTION('',(0.,-1.,0.));
#3375=DIRECTION('',(0.,-1.,0.));
#3376=DIRECTION('',(0.,0.,-1.));
#3377=DIRECTION('center_axis',(0.,-1.,0.));
#3378=DIRECTION('ref_axis',(-1.,0.,0.));
#3379=DIRECTION('',(-1.,0.,0.));
#3380=DIRECTION('',(-1.,0.,0.));
#3381=DIRECTION('',(0.,0.,-1.));
#3382=DIRECTION('center_axis',(0.,0.,1.));
#3383=DIRECTION('ref_axis',(-1.,0.,0.));
#3384=DIRECTION('center_axis',(0.,0.,1.));
#3385=DIRECTION('ref_axis',(-1.,0.,0.));
#3386=DIRECTION('center_axis',(0.,0.,-1.));
#3387=DIRECTION('ref_axis',(1.,0.,0.));
#3388=DIRECTION('center_axis',(0.,0.,-1.));
#3389=DIRECTION('ref_axis',(1.,0.,0.));
#3390=DIRECTION('center_axis',(0.,0.,1.));
#3391=DIRECTION('ref_axis',(-1.,0.,0.));
#3392=DIRECTION('',(0.,0.,-1.));
#3393=DIRECTION('center_axis',(0.,0.,-1.));
#3394=DIRECTION('ref_axis',(-1.,0.,0.));
#3395=DIRECTION('center_axis',(0.,0.,-1.));
#3396=DIRECTION('ref_axis',(1.,0.,0.));
#3397=DIRECTION('',(0.707106781186548,-8.65956056235493E-17,0.707106781186548));
#3398=DIRECTION('center_axis',(0.,0.,1.));
#3399=DIRECTION('ref_axis',(1.,0.,0.));
#3400=DIRECTION('center_axis',(0.,0.,-1.));
#3401=DIRECTION('ref_axis',(1.,0.,0.));
#3402=DIRECTION('',(0.707106781186548,-8.65956056235493E-17,0.707106781186548));
#3403=DIRECTION('center_axis',(0.,0.,1.));
#3404=DIRECTION('ref_axis',(1.,0.,0.));
#3405=DIRECTION('center_axis',(0.,0.,-1.));
#3406=DIRECTION('ref_axis',(1.,0.,0.));
#3407=DIRECTION('',(0.707106781186548,-8.65956056235493E-17,0.707106781186548));
#3408=DIRECTION('center_axis',(0.,0.,1.));
#3409=DIRECTION('ref_axis',(1.,0.,0.));
#3410=DIRECTION('center_axis',(0.,0.,-1.));
#3411=DIRECTION('ref_axis',(1.,0.,0.));
#3412=DIRECTION('',(0.707106781186548,-8.65956056235493E-17,0.707106781186548));
#3413=DIRECTION('center_axis',(0.,0.,1.));
#3414=DIRECTION('ref_axis',(1.,0.,0.));
#3415=DIRECTION('center_axis',(-1.,0.,0.));
#3416=DIRECTION('ref_axis',(0.,1.,0.));
#3417=DIRECTION('',(0.,1.,0.));
#3418=DIRECTION('',(0.,1.,0.));
#3419=DIRECTION('',(0.,0.,-1.));
#3420=DIRECTION('center_axis',(0.,0.,1.));
#3421=DIRECTION('ref_axis',(-1.,0.,0.));
#3422=DIRECTION('',(-1.,0.,0.));
#3423=DIRECTION('center_axis',(0.,0.,-1.));
#3424=DIRECTION('ref_axis',(-0.474085828725789,0.880478635175994,0.));
#3425=DIRECTION('center_axis',(0.,0.,-1.));
#3426=DIRECTION('ref_axis',(0.520517604269609,-0.853850937602944,0.));
#3427=DIRECTION('center_axis',(0.,0.,-1.));
#3428=DIRECTION('ref_axis',(-0.880478635175992,0.474085828725793,0.));
#3429=DIRECTION('',(0.,-1.,0.));
#3430=DIRECTION('',(1.,0.,0.));
#3431=DIRECTION('center_axis',(0.,1.,0.));
#3432=DIRECTION('ref_axis',(1.,0.,0.));
#3433=DIRECTION('',(0.,0.,1.));
#3434=DIRECTION('',(1.,0.,0.));
#3435=DIRECTION('center_axis',(0.,0.,-1.));
#3436=DIRECTION('ref_axis',(-1.,0.,0.));
#3437=DIRECTION('',(1.,0.,0.));
#3438=DIRECTION('',(1.,0.,0.));
#3439=DIRECTION('center_axis',(0.,1.,0.));
#3440=DIRECTION('ref_axis',(1.,0.,0.));
#3441=DIRECTION('',(1.,0.,0.));
#3442=DIRECTION('',(0.,0.,-1.));
#3443=DIRECTION('center_axis',(0.,0.,1.));
#3444=DIRECTION('ref_axis',(-1.,0.,0.));
#3445=DIRECTION('',(0.,1.,0.));
#3446=DIRECTION('center_axis',(0.,0.,-1.));
#3447=DIRECTION('ref_axis',(0.880478635175992,0.474085828725793,0.));
#3448=DIRECTION('center_axis',(0.,0.,-1.));
#3449=DIRECTION('ref_axis',(-0.853850937602943,-0.520517604269611,0.));
#3450=DIRECTION('center_axis',(0.,0.,-1.));
#3451=DIRECTION('ref_axis',(0.474085828725789,0.880478635175994,0.));
#3452=DIRECTION('',(-1.,0.,0.));
#3453=DIRECTION('',(0.,-1.,0.));
#3454=DIRECTION('center_axis',(1.,0.,0.));
#3455=DIRECTION('ref_axis',(0.,-1.,0.));
#3456=DIRECTION('',(0.,0.,1.));
#3457=DIRECTION('',(0.,-1.,0.));
#3458=DIRECTION('center_axis',(0.,0.,-1.));
#3459=DIRECTION('ref_axis',(-1.,0.,0.));
#3460=DIRECTION('',(0.,1.,0.));
#3461=DIRECTION('',(0.,-1.,0.));
#3462=DIRECTION('center_axis',(1.,0.,0.));
#3463=DIRECTION('ref_axis',(0.,-1.,0.));
#3464=DIRECTION('',(0.,-1.,0.));
#3465=DIRECTION('',(0.,0.,-1.));
#3466=DIRECTION('center_axis',(0.,0.,1.));
#3467=DIRECTION('ref_axis',(-1.,0.,0.));
#3468=DIRECTION('',(1.,-8.88178419700125E-16,0.));
#3469=DIRECTION('center_axis',(0.,0.,-1.));
#3470=DIRECTION('ref_axis',(0.474085828725793,-0.880478635175992,0.));
#3471=DIRECTION('center_axis',(0.,0.,-1.));
#3472=DIRECTION('ref_axis',(-0.52051760426961,0.853850937602944,0.));
#3473=DIRECTION('center_axis',(0.,0.,-1.));
#3474=DIRECTION('ref_axis',(0.880478635175992,-0.474085828725793,0.));
#3475=DIRECTION('',(0.,1.,0.));
#3476=DIRECTION('',(-1.,0.,0.));
#3477=DIRECTION('center_axis',(0.,-1.,0.));
#3478=DIRECTION('ref_axis',(-1.,0.,0.));
#3479=DIRECTION('',(0.,0.,1.));
#3480=DIRECTION('',(-1.,0.,0.));
#3481=DIRECTION('center_axis',(0.,0.,-1.));
#3482=DIRECTION('ref_axis',(-1.,0.,0.));
#3483=DIRECTION('',(-1.,0.,0.));
#3484=DIRECTION('',(1.,0.,0.));
#3485=DIRECTION('center_axis',(0.,-1.,0.));
#3486=DIRECTION('ref_axis',(-1.,0.,0.));
#3487=DIRECTION('',(-1.,0.,0.));
#3488=DIRECTION('',(0.,0.,-1.));
#3489=DIRECTION('center_axis',(0.,0.,1.));
#3490=DIRECTION('ref_axis',(-1.,0.,0.));
#3491=DIRECTION('',(0.,-1.,0.));
#3492=DIRECTION('center_axis',(0.,0.,-1.));
#3493=DIRECTION('ref_axis',(-0.880478635175992,-0.474085828725793,0.));
#3494=DIRECTION('center_axis',(0.,0.,-1.));
#3495=DIRECTION('ref_axis',(0.853850937602943,0.520517604269611,0.));
#3496=DIRECTION('center_axis',(0.,0.,-1.));
#3497=DIRECTION('ref_axis',(-0.474085828725789,-0.880478635175994,0.));
#3498=DIRECTION('',(1.,0.,0.));
#3499=DIRECTION('',(0.,1.,0.));
#3500=DIRECTION('center_axis',(-1.,0.,0.));
#3501=DIRECTION('ref_axis',(0.,1.,0.));
#3502=DIRECTION('',(0.,0.,1.));
#3503=DIRECTION('',(0.,1.,0.));
#3504=DIRECTION('center_axis',(0.,0.,-1.));
#3505=DIRECTION('ref_axis',(-1.,0.,0.));
#3506=DIRECTION('',(0.,1.,0.));
#3507=DIRECTION('center_axis',(0.,0.,1.));
#3508=DIRECTION('ref_axis',(-1.,0.,0.));
#3509=DIRECTION('',(0.,0.,-1.));
#3510=DIRECTION('center_axis',(0.,0.,-1.));
#3511=DIRECTION('ref_axis',(-1.,0.,0.));
#3512=DIRECTION('center_axis',(0.,0.,1.));
#3513=DIRECTION('ref_axis',(1.,0.,0.));
#3514=DIRECTION('',(0.,0.,1.));
#3515=DIRECTION('center_axis',(0.,0.,-1.));
#3516=DIRECTION('ref_axis',(-1.,0.,0.));
#3517=DIRECTION('center_axis',(0.,0.,-1.));
#3518=DIRECTION('ref_axis',(-1.,0.,0.));
#3519=DIRECTION('center_axis',(-1.58603289232165E-16,-1.,0.));
#3520=DIRECTION('ref_axis',(1.,-1.58603289232165E-16,0.));
#3521=DIRECTION('center_axis',(0.,0.,1.));
#3522=DIRECTION('ref_axis',(-1.,0.,0.));
#3523=DIRECTION('center_axis',(0.,0.,1.));
#3524=DIRECTION('ref_axis',(1.,0.,0.));
#3525=DIRECTION('',(0.,0.,1.));
#3526=DIRECTION('center_axis',(0.,0.,-1.));
#3527=DIRECTION('ref_axis',(1.,0.,0.));
#3528=DIRECTION('center_axis',(0.,0.,1.));
#3529=DIRECTION('ref_axis',(1.,0.,0.));
#3530=DIRECTION('',(0.,0.,1.));
#3531=DIRECTION('center_axis',(0.,0.,-1.));
#3532=DIRECTION('ref_axis',(1.,0.,0.));
#3533=DIRECTION('center_axis',(0.,0.,1.));
#3534=DIRECTION('ref_axis',(1.,0.,0.));
#3535=DIRECTION('',(0.,0.,1.));
#3536=DIRECTION('center_axis',(0.,0.,-1.));
#3537=DIRECTION('ref_axis',(1.,0.,0.));
#3538=DIRECTION('center_axis',(0.,0.,1.));
#3539=DIRECTION('ref_axis',(1.,0.,0.));
#3540=DIRECTION('',(0.,0.,1.));
#3541=DIRECTION('center_axis',(0.,0.,-1.));
#3542=DIRECTION('ref_axis',(1.,0.,0.));
#3543=DIRECTION('center_axis',(0.,1.,0.));
#3544=DIRECTION('ref_axis',(-1.,0.,0.));
#3545=DIRECTION('',(0.0499376169438911,0.,-0.998752338877845));
#3546=DIRECTION('',(1.,0.,0.));
#3547=DIRECTION('',(0.,0.,-1.));
#3548=DIRECTION('center_axis',(0.,0.,1.));
#3549=DIRECTION('ref_axis',(-0.474085828725789,0.880478635175994,0.));
#3550=DIRECTION('center_axis',(0.,0.,-1.));
#3551=DIRECTION('ref_axis',(-0.474085828725789,0.880478635175994,0.));
#3552=DIRECTION('',(0.,0.,1.));
#3553=DIRECTION('center_axis',(0.,0.,1.));
#3554=DIRECTION('ref_axis',(0.520517604269609,-0.853850937602944,0.));
#3555=DIRECTION('',(0.,0.,-1.));
#3556=DIRECTION('center_axis',(0.,0.,1.));
#3557=DIRECTION('ref_axis',(0.520517604269609,-0.853850937602944,0.));
#3558=DIRECTION('center_axis',(0.,0.,1.));
#3559=DIRECTION('ref_axis',(-0.880478635175992,0.474085828725793,0.));
#3560=DIRECTION('center_axis',(0.,0.,-1.));
#3561=DIRECTION('ref_axis',(-0.880478635175992,0.474085828725793,0.));
#3562=DIRECTION('',(0.,0.,1.));
#3563=DIRECTION('center_axis',(-1.,0.,0.));
#3564=DIRECTION('ref_axis',(0.,-1.,0.));
#3565=DIRECTION('',(0.,1.,0.));
#3566=DIRECTION('',(0.,0.0499376169438911,0.998752338877845));
#3567=DIRECTION('center_axis',(0.,0.998752338877845,-0.0499376169438911));
#3568=DIRECTION('ref_axis',(0.,0.0499376169438911,0.998752338877845));
#3569=DIRECTION('',(1.,0.,0.));
#3570=DIRECTION('',(0.,-0.0499376169438911,-0.998752338877845));
#3571=DIRECTION('center_axis',(1.,0.,0.));
#3572=DIRECTION('ref_axis',(0.,1.,0.));
#3573=DIRECTION('',(0.,-1.,0.));
#3574=DIRECTION('',(0.,0.,-1.));
#3575=DIRECTION('center_axis',(0.,0.,1.));
#3576=DIRECTION('ref_axis',(0.880478635175992,0.474085828725793,0.));
#3577=DIRECTION('center_axis',(0.,0.,-1.));
#3578=DIRECTION('ref_axis',(0.880478635175992,0.474085828725793,0.));
#3579=DIRECTION('',(0.,0.,1.));
#3580=DIRECTION('center_axis',(0.,0.,1.));
#3581=DIRECTION('ref_axis',(-0.853850937602943,-0.520517604269611,0.));
#3582=DIRECTION('',(0.,0.,-1.));
#3583=DIRECTION('center_axis',(0.,0.,1.));
#3584=DIRECTION('ref_axis',(-0.853850937602943,-0.520517604269611,0.));
#3585=DIRECTION('center_axis',(0.,0.,1.));
#3586=DIRECTION('ref_axis',(0.474085828725789,0.880478635175994,0.));
#3587=DIRECTION('center_axis',(0.,0.,-1.));
#3588=DIRECTION('ref_axis',(0.474085828725789,0.880478635175994,0.));
#3589=DIRECTION('',(0.,0.,1.));
#3590=DIRECTION('center_axis',(0.,1.,0.));
#3591=DIRECTION('ref_axis',(-1.,0.,0.));
#3592=DIRECTION('',(1.,0.,0.));
#3593=DIRECTION('',(-0.0499376169438823,0.,-0.998752338877845));
#3594=DIRECTION('center_axis',(0.998752338877845,0.,-0.0499376169438823));
#3595=DIRECTION('ref_axis',(-0.0499376169438823,0.,-0.998752338877845));
#3596=DIRECTION('',(-0.0499376169438823,0.,-0.998752338877845));
#3597=DIRECTION('',(0.,-1.,0.));
#3598=DIRECTION('center_axis',(-8.88178419700125E-16,-1.,0.));
#3599=DIRECTION('ref_axis',(1.,-8.88178419700125E-16,0.));
#3600=DIRECTION('',(-1.,8.88178419700125E-16,0.));
#3601=DIRECTION('',(0.,0.,-1.));
#3602=DIRECTION('center_axis',(0.,0.,1.));
#3603=DIRECTION('ref_axis',(0.474085828725793,-0.880478635175992,0.));
#3604=DIRECTION('center_axis',(0.,0.,-1.));
#3605=DIRECTION('ref_axis',(0.474085828725793,-0.880478635175992,0.));
#3606=DIRECTION('',(0.,0.,1.));
#3607=DIRECTION('center_axis',(0.,0.,1.));
#3608=DIRECTION('ref_axis',(-0.52051760426961,0.853850937602944,0.));
#3609=DIRECTION('',(0.,0.,-1.));
#3610=DIRECTION('center_axis',(0.,0.,1.));
#3611=DIRECTION('ref_axis',(-0.52051760426961,0.853850937602944,0.));
#3612=DIRECTION('center_axis',(0.,0.,1.));
#3613=DIRECTION('ref_axis',(0.880478635175992,-0.474085828725793,0.));
#3614=DIRECTION('center_axis',(0.,0.,-1.));
#3615=DIRECTION('ref_axis',(0.880478635175992,-0.474085828725793,0.));
#3616=DIRECTION('',(0.,0.,1.));
#3617=DIRECTION('center_axis',(1.,0.,0.));
#3618=DIRECTION('ref_axis',(0.,1.,0.));
#3619=DIRECTION('',(0.,-1.,0.));
#3620=DIRECTION('',(0.,0.0499376169438911,-0.998752338877845));
#3621=DIRECTION('center_axis',(0.,-0.998752338877845,-0.0499376169438911));
#3622=DIRECTION('ref_axis',(0.,0.0499376169438911,-0.998752338877845));
#3623=DIRECTION('',(0.,0.0499376169438911,-0.998752338877845));
#3624=DIRECTION('',(-1.,0.,0.));
#3625=DIRECTION('center_axis',(-1.,0.,0.));
#3626=DIRECTION('ref_axis',(0.,-1.,0.));
#3627=DIRECTION('',(0.,1.,0.));
#3628=DIRECTION('',(0.,0.,-1.));
#3629=DIRECTION('center_axis',(0.,0.,1.));
#3630=DIRECTION('ref_axis',(-0.880478635175992,-0.474085828725793,0.));
#3631=DIRECTION('center_axis',(0.,0.,-1.));
#3632=DIRECTION('ref_axis',(-0.880478635175992,-0.474085828725793,0.));
#3633=DIRECTION('',(0.,0.,1.));
#3634=DIRECTION('center_axis',(0.,0.,1.));
#3635=DIRECTION('ref_axis',(0.853850937602943,0.520517604269611,0.));
#3636=DIRECTION('',(0.,0.,-1.));
#3637=DIRECTION('center_axis',(0.,0.,1.));
#3638=DIRECTION('ref_axis',(0.853850937602943,0.520517604269611,0.));
#3639=DIRECTION('center_axis',(0.,0.,1.));
#3640=DIRECTION('ref_axis',(-0.474085828725789,-0.880478635175994,0.));
#3641=DIRECTION('center_axis',(0.,0.,-1.));
#3642=DIRECTION('ref_axis',(-0.474085828725789,-0.880478635175994,0.));
#3643=DIRECTION('',(0.,0.,1.));
#3644=DIRECTION('center_axis',(0.,-1.,0.));
#3645=DIRECTION('ref_axis',(1.,0.,0.));
#3646=DIRECTION('',(-1.,0.,0.));
#3647=DIRECTION('',(-0.0499376169438911,0.,0.998752338877845));
#3648=DIRECTION('center_axis',(-0.998752338877845,0.,-0.0499376169438911));
#3649=DIRECTION('ref_axis',(-0.0499376169438911,0.,0.998752338877845));
#3650=DIRECTION('',(0.,1.,0.));
#3651=DIRECTION('center_axis',(0.,0.,-1.));
#3652=DIRECTION('ref_axis',(-1.,0.,0.));
#3653=DIRECTION('center_axis',(0.,-1.,0.));
#3654=DIRECTION('ref_axis',(1.,0.,0.));
#3655=DIRECTION('center_axis',(0.,0.,1.));
#3656=DIRECTION('ref_axis',(-1.,0.,0.));
#3657=DIRECTION('center_axis',(0.,0.,1.));
#3658=DIRECTION('ref_axis',(-1.,0.,0.));
#3659=DIRECTION('center_axis',(0.,0.,1.));
#3660=DIRECTION('ref_axis',(-1.,0.,0.));
#3661=DIRECTION('center_axis',(0.,0.,-1.));
#3662=DIRECTION('ref_axis',(1.,0.,0.));
#3663=DIRECTION('center_axis',(0.,0.,1.));
#3664=DIRECTION('ref_axis',(-1.,0.,0.));
#3665=DIRECTION('',(0.,0.,-1.));
#3666=CARTESIAN_POINT('',(0.,0.,0.));
#3667=CARTESIAN_POINT('Origin',(-63.4299993515015,44.7497541258042,20.));
#3668=CARTESIAN_POINT('',(-63.4299993515015,44.7497541258042,20.));
#3669=CARTESIAN_POINT('',(-63.4299993515015,25.7497541258042,20.));
#3670=CARTESIAN_POINT('',(-63.4299993515015,0.383817051959823,20.));
#3671=CARTESIAN_POINT('',(-63.4299993515015,44.7497541258042,30.));
#3672=CARTESIAN_POINT('',(-63.4299993515015,44.7497541258042,20.));
#3673=CARTESIAN_POINT('',(-63.4299993515015,25.7497541258042,30.));
#3674=CARTESIAN_POINT('',(-63.4299993515015,0.383817051959823,30.));
#3675=CARTESIAN_POINT('',(-63.4299993515015,25.7497541258042,20.));
#3676=CARTESIAN_POINT('Origin',(-60.4299993515016,44.7497541258042,20.));
#3677=CARTESIAN_POINT('',(-60.4299993515015,47.7497541258042,20.));
#3678=CARTESIAN_POINT('Origin',(-60.4299993515016,44.7497541258042,20.));
#3679=CARTESIAN_POINT('',(-60.4299993515015,47.7497541258042,30.));
#3680=CARTESIAN_POINT('',(-60.4299993515015,47.7497541258042,20.));
#3681=CARTESIAN_POINT('Origin',(-60.4299993515016,44.7497541258042,30.));
#3682=CARTESIAN_POINT('Origin',(-51.4299993515015,47.7497541258042,20.));
#3683=CARTESIAN_POINT('',(-51.4299993515015,47.7497541258042,20.));
#3684=CARTESIAN_POINT('',(-47.706059686693,47.7497541258042,20.));
#3685=CARTESIAN_POINT('',(-51.4299993515015,47.7497541258042,30.));
#3686=CARTESIAN_POINT('',(-51.4299993515015,47.7497541258042,20.));
#3687=CARTESIAN_POINT('',(-47.706059686693,47.7497541258042,30.));
#3688=CARTESIAN_POINT('Origin',(-51.4299993515015,44.7497541258042,20.));
#3689=CARTESIAN_POINT('',(-48.4299993515015,44.7497541258042,20.));
#3690=CARTESIAN_POINT('Origin',(-51.4299993515015,44.7497541258042,20.));
#3691=CARTESIAN_POINT('',(-48.4299993515015,44.7497541258042,30.));
#3692=CARTESIAN_POINT('',(-48.4299993515015,44.7497541258042,20.));
#3693=CARTESIAN_POINT('Origin',(-51.4299993515015,44.7497541258042,30.));
#3694=CARTESIAN_POINT('Origin',(-48.4299993515015,25.7497541258042,20.));
#3695=CARTESIAN_POINT('',(-48.4299993515015,25.7497541258042,20.));
#3696=CARTESIAN_POINT('',(-48.4299993515015,-9.11618294804018,20.));
#3697=CARTESIAN_POINT('',(-48.4299993515015,25.7497541258042,30.));
#3698=CARTESIAN_POINT('',(-48.4299993515015,25.7497541258042,20.));
#3699=CARTESIAN_POINT('',(-48.4299993515015,-9.11618294804018,30.));
#3700=CARTESIAN_POINT('Origin',(-51.4299993515015,25.7497541258042,20.));
#3701=CARTESIAN_POINT('',(-51.4299993515015,22.7497541258042,20.));
#3702=CARTESIAN_POINT('Origin',(-51.4299993515015,25.7497541258042,20.));
#3703=CARTESIAN_POINT('',(-51.4299993515015,22.7497541258042,30.));
#3704=CARTESIAN_POINT('',(-51.4299993515015,22.7497541258042,20.));
#3705=CARTESIAN_POINT('Origin',(-51.4299993515015,25.7497541258042,30.));
#3706=CARTESIAN_POINT('Origin',(-60.4299993515015,22.7497541258042,20.));
#3707=CARTESIAN_POINT('',(-60.4299993515015,22.7497541258042,20.));
#3708=CARTESIAN_POINT('',(-52.206059686693,22.7497541258042,20.));
#3709=CARTESIAN_POINT('',(-60.4299993515015,22.7497541258042,30.));
#3710=CARTESIAN_POINT('',(-60.4299993515015,22.7497541258042,20.));
#3711=CARTESIAN_POINT('',(-52.206059686693,22.7497541258042,30.));
#3712=CARTESIAN_POINT('Origin',(-60.4299993515016,25.7497541258042,20.));
#3713=CARTESIAN_POINT('Origin',(-60.4299993515016,25.7497541258042,20.));
#3714=CARTESIAN_POINT('Origin',(-60.4299993515016,25.7497541258042,30.));
#3715=CARTESIAN_POINT('Origin',(-48.4299993515015,-39.0497541258044,20.));
#3716=CARTESIAN_POINT('',(-48.4299993515015,-39.0497541258044,20.));
#3717=CARTESIAN_POINT('',(-48.4299993515015,-20.0497541258044,20.));
#3718=CARTESIAN_POINT('',(-48.4299993515015,-41.5159370738445,20.));
#3719=CARTESIAN_POINT('',(-48.4299993515015,-39.0497541258044,30.));
#3720=CARTESIAN_POINT('',(-48.4299993515015,-39.0497541258044,20.));
#3721=CARTESIAN_POINT('',(-48.4299993515015,-20.0497541258044,30.));
#3722=CARTESIAN_POINT('',(-48.4299993515015,-41.5159370738445,30.));
#3723=CARTESIAN_POINT('',(-48.4299993515015,-20.0497541258044,20.));
#3724=CARTESIAN_POINT('Origin',(-51.4299993515015,-39.0497541258044,20.));
#3725=CARTESIAN_POINT('',(-51.4299993515015,-42.0497541258044,20.));
#3726=CARTESIAN_POINT('Origin',(-51.4299993515015,-39.0497541258044,20.));
#3727=CARTESIAN_POINT('',(-51.4299993515015,-42.0497541258044,30.));
#3728=CARTESIAN_POINT('',(-51.4299993515015,-42.0497541258044,20.));
#3729=CARTESIAN_POINT('Origin',(-51.4299993515015,-39.0497541258044,30.));
#3730=CARTESIAN_POINT('Origin',(-60.4299993515015,-42.0497541258044,20.));
#3731=CARTESIAN_POINT('',(-60.4299993515015,-42.0497541258044,20.));
#3732=CARTESIAN_POINT('',(-52.206059686693,-42.0497541258044,20.));
#3733=CARTESIAN_POINT('',(-60.4299993515015,-42.0497541258044,30.));
#3734=CARTESIAN_POINT('',(-60.4299993515015,-42.0497541258044,20.));
#3735=CARTESIAN_POINT('',(-52.206059686693,-42.0497541258044,30.));
#3736=CARTESIAN_POINT('Origin',(-60.4299993515016,-39.0497541258044,20.));
#3737=CARTESIAN_POINT('',(-63.4299993515015,-39.0497541258044,20.));
#3738=CARTESIAN_POINT('Origin',(-60.4299993515016,-39.0497541258044,20.));
#3739=CARTESIAN_POINT('',(-63.4299993515015,-39.0497541258044,30.));
#3740=CARTESIAN_POINT('',(-63.4299993515015,-39.0497541258044,20.));
#3741=CARTESIAN_POINT('Origin',(-60.4299993515016,-39.0497541258044,30.));
#3742=CARTESIAN_POINT('Origin',(-63.4299993515015,-20.0497541258044,20.));
#3743=CARTESIAN_POINT('',(-63.4299993515015,-20.0497541258044,20.));
#3744=CARTESIAN_POINT('',(-63.4299993515015,-32.0159370738445,20.));
#3745=CARTESIAN_POINT('',(-63.4299993515015,-20.0497541258044,30.));
#3746=CARTESIAN_POINT('',(-63.4299993515015,-20.0497541258044,20.));
#3747=CARTESIAN_POINT('',(-63.4299993515015,-32.0159370738445,30.));
#3748=CARTESIAN_POINT('Origin',(-60.4299993515016,-20.0497541258044,20.));
#3749=CARTESIAN_POINT('',(-60.4299993515015,-17.0497541258044,20.));
#3750=CARTESIAN_POINT('Origin',(-60.4299993515016,-20.0497541258044,20.));
#3751=CARTESIAN_POINT('',(-60.4299993515015,-17.0497541258044,30.));
#3752=CARTESIAN_POINT('',(-60.4299993515015,-17.0497541258044,20.));
#3753=CARTESIAN_POINT('Origin',(-60.4299993515016,-20.0497541258044,30.));
#3754=CARTESIAN_POINT('Origin',(-51.4299993515015,-17.0497541258044,20.));
#3755=CARTESIAN_POINT('',(-51.4299993515015,-17.0497541258044,20.));
#3756=CARTESIAN_POINT('',(-47.706059686693,-17.0497541258044,20.));
#3757=CARTESIAN_POINT('',(-51.4299993515015,-17.0497541258044,30.));
#3758=CARTESIAN_POINT('',(-51.4299993515015,-17.0497541258044,20.));
#3759=CARTESIAN_POINT('',(-47.706059686693,-17.0497541258044,30.));
#3760=CARTESIAN_POINT('Origin',(-51.4299993515015,-20.0497541258044,20.));
#3761=CARTESIAN_POINT('Origin',(-51.4299993515015,-20.0497541258044,20.));
#3762=CARTESIAN_POINT('Origin',(-51.4299993515015,-20.0497541258044,30.));
#3763=CARTESIAN_POINT('Origin',(18.920093398431,2.84955023862789,31.));
#3764=CARTESIAN_POINT('',(23.920093398431,2.84955023862789,31.));
#3765=CARTESIAN_POINT('Origin',(18.920093398431,2.84955023862789,31.));
#3766=CARTESIAN_POINT('',(24.920093398431,2.84955023862789,30.));
#3767=CARTESIAN_POINT('Origin',(24.920093398431,2.84955023862789,31.));
#3768=CARTESIAN_POINT('Origin',(18.920093398431,2.84955023862789,30.));
#3769=CARTESIAN_POINT('Origin',(50.4200933984312,-7.65044976137214,23.4));
#3770=CARTESIAN_POINT('',(47.1700933984312,-7.65044976137214,23.4));
#3771=CARTESIAN_POINT('Origin',(50.4200933984312,-7.65044976137214,23.4));
#3772=CARTESIAN_POINT('',(48.6200933984312,-7.65044976137214,23.4));
#3773=CARTESIAN_POINT('Origin',(50.4200933984312,-7.65044976137214,23.4));
#3774=CARTESIAN_POINT('Origin',(81.0700006484985,-43.5000000000001,84.));
#3775=CARTESIAN_POINT('',(82.4200006484985,-43.5000000000001,84.));
#3776=CARTESIAN_POINT('Origin',(81.0700006484985,-43.5000000000001,84.));
#3777=CARTESIAN_POINT('Origin',(-76.9299993515015,-43.5000000000001,84.));
#3778=CARTESIAN_POINT('',(-75.5799993515015,-43.5000000000001,84.));
#3779=CARTESIAN_POINT('Origin',(-76.9299993515015,-43.5000000000001,84.));
#3780=CARTESIAN_POINT('Origin',(-76.9299993515015,49.1999999999999,84.));
#3781=CARTESIAN_POINT('',(-75.5799993515015,49.1999999999999,84.));
#3782=CARTESIAN_POINT('Origin',(-76.9299993515015,49.1999999999999,84.));
#3783=CARTESIAN_POINT('Origin',(81.0700006484985,49.1999999999999,84.));
#3784=CARTESIAN_POINT('',(82.4200006484985,49.1999999999999,84.));
#3785=CARTESIAN_POINT('Origin',(81.0700006484985,49.1999999999999,84.));
#3786=CARTESIAN_POINT('Origin',(50.4200933984312,13.3495502386279,23.4));
#3787=CARTESIAN_POINT('',(47.1700933984312,13.3495502386279,23.4));
#3788=CARTESIAN_POINT('Origin',(50.4200933984312,13.3495502386279,23.4));
#3789=CARTESIAN_POINT('',(48.6200933984312,13.3495502386279,23.4));
#3790=CARTESIAN_POINT('Origin',(50.4200933984312,13.3495502386279,23.4));
#3791=CARTESIAN_POINT('Origin',(50.4200933984312,-7.65044976137214,20.));
#3792=CARTESIAN_POINT('',(48.6200933984312,-7.65044976137214,36.));
#3793=CARTESIAN_POINT('',(48.6200933984312,-7.65044976137214,20.));
#3794=CARTESIAN_POINT('Origin',(50.4200933984312,-7.65044976137214,36.));
#3795=CARTESIAN_POINT('Origin',(50.4200933984312,13.3495502386279,20.));
#3796=CARTESIAN_POINT('',(47.1700933984312,13.3495502386279,20.));
#3797=CARTESIAN_POINT('Origin',(50.4200933984312,13.3495502386279,20.));
#3798=CARTESIAN_POINT('',(47.1700933984312,13.3495502386279,20.));
#3799=CARTESIAN_POINT('Origin',(50.4200933984312,-7.65044976137214,20.));
#3800=CARTESIAN_POINT('',(47.1700933984312,-7.65044976137214,20.));
#3801=CARTESIAN_POINT('Origin',(50.4200933984312,-7.65044976137214,20.));
#3802=CARTESIAN_POINT('',(47.1700933984312,-7.65044976137214,20.));
#3803=CARTESIAN_POINT('Origin',(81.0700006484985,-43.5000000000001,90.));
#3804=CARTESIAN_POINT('',(82.4200006484985,-43.5000000000001,89.8));
#3805=CARTESIAN_POINT('Origin',(81.0700006484985,-43.5000000000001,89.8));
#3806=CARTESIAN_POINT('',(82.4200006484985,-43.5000000000001,90.));
#3807=CARTESIAN_POINT('Origin',(-43.9821200218845,-43.9821200218846,30.));
#3808=CARTESIAN_POINT('',(74.5700006484985,-48.7000000000001,30.));
#3809=CARTESIAN_POINT('',(-70.4299993515015,-48.7000000000001,30.));
#3810=CARTESIAN_POINT('',(-57.206059686693,-48.7000000000001,30.));
#3811=CARTESIAN_POINT('',(-70.4299993515015,-50.4642400437691,30.));
#3812=CARTESIAN_POINT('',(-70.4299993515015,-47.7410600109423,30.));
#3813=CARTESIAN_POINT('',(-71.5014279229301,-51.4616857611811,30.));
#3814=CARTESIAN_POINT('Origin',(-71.4299993515015,-50.4642400437691,30.));
#3815=CARTESIAN_POINT('',(-70.4299993515015,-51.5000000000001,30.));
#3816=CARTESIAN_POINT('Origin',(-70.4299993515015,-36.5000000000001,30.));
#3817=CARTESIAN_POINT('',(74.5700006484985,-51.5000000000001,30.));
#3818=CARTESIAN_POINT('',(74.5700006484985,-51.5000000000001,30.));
#3819=CARTESIAN_POINT('',(75.641429219927,-51.4616857611811,30.));
#3820=CARTESIAN_POINT('Origin',(74.5700006484985,-36.5000000000001,30.));
#3821=CARTESIAN_POINT('',(74.5700006484985,-50.4642400437691,30.));
#3822=CARTESIAN_POINT('Origin',(75.5700006484985,-50.4642400437691,30.));
#3823=CARTESIAN_POINT('',(74.5700006484985,-42.7410600109423,30.));
#3824=CARTESIAN_POINT('Origin',(74.5700006484985,-51.5000000000001,30.));
#3825=CARTESIAN_POINT('',(-70.4299993515015,-51.5000000000001,20.));
#3826=CARTESIAN_POINT('',(-70.4299993515015,-51.5000000000001,30.));
#3827=CARTESIAN_POINT('',(74.5700006484985,-51.5000000000001,20.));
#3828=CARTESIAN_POINT('',(74.5700006484985,-51.5000000000001,20.));
#3829=CARTESIAN_POINT('',(74.5700006484985,-51.5000000000001,30.));
#3830=CARTESIAN_POINT('Origin',(-76.9299993515015,-43.5000000000001,90.));
#3831=CARTESIAN_POINT('',(-75.5799993515015,-43.5000000000001,89.8));
#3832=CARTESIAN_POINT('Origin',(-76.9299993515015,-43.5000000000001,89.8));
#3833=CARTESIAN_POINT('',(-75.5799993515015,-43.5000000000001,90.));
#3834=CARTESIAN_POINT('Origin',(-76.9299993515015,49.1999999999999,90.));
#3835=CARTESIAN_POINT('',(-75.5799993515015,49.1999999999999,89.8));
#3836=CARTESIAN_POINT('Origin',(-76.9299993515015,49.1999999999999,89.8));
#3837=CARTESIAN_POINT('',(-75.5799993515015,49.1999999999999,90.));
#3838=CARTESIAN_POINT('Origin',(-43.9821200218845,-43.9821200218846,30.));
#3839=CARTESIAN_POINT('',(-82.6299993515015,-36.5000000000001,30.));
#3840=CARTESIAN_POINT('',(-82.6299993515015,42.1999999999999,30.));
#3841=CARTESIAN_POINT('',(-82.6299993515015,-40.2410600109423,30.));
#3842=CARTESIAN_POINT('',(-84.3942393952705,42.1999999999999,30.));
#3843=CARTESIAN_POINT('',(-64.706059686693,42.1999999999999,30.));
#3844=CARTESIAN_POINT('',(-85.3916851126826,43.2714285714285,30.));
#3845=CARTESIAN_POINT('Origin',(-84.3942393952705,43.1999999999999,30.));
#3846=CARTESIAN_POINT('',(-85.4299993515015,42.1999999999999,30.));
#3847=CARTESIAN_POINT('Origin',(-70.4299993515015,42.1999999999999,30.));
#3848=CARTESIAN_POINT('',(-85.4299993515015,-36.5000000000001,30.));
#3849=CARTESIAN_POINT('',(-85.4299993515015,42.1999999999999,30.));
#3850=CARTESIAN_POINT('',(-85.3916851126826,-37.5714285714287,30.));
#3851=CARTESIAN_POINT('Origin',(-70.4299993515015,-36.5000000000001,30.));
#3852=CARTESIAN_POINT('',(-84.3942393952705,-36.5000000000001,30.));
#3853=CARTESIAN_POINT('Origin',(-84.3942393952705,-37.5000000000001,30.));
#3854=CARTESIAN_POINT('',(-59.706059686693,-36.5000000000001,30.));
#3855=CARTESIAN_POINT('Origin',(-85.4299993515015,-36.5000000000001,30.));
#3856=CARTESIAN_POINT('',(-85.4299993515015,42.1999999999999,20.));
#3857=CARTESIAN_POINT('',(-85.4299993515015,42.1999999999999,30.));
#3858=CARTESIAN_POINT('',(-85.4299993515015,-36.5000000000001,20.));
#3859=CARTESIAN_POINT('',(-85.4299993515015,42.1999999999999,20.));
#3860=CARTESIAN_POINT('',(-85.4299993515015,-36.5000000000001,30.));
#3861=CARTESIAN_POINT('Origin',(-43.9821200218845,-43.9821200218846,30.));
#3862=CARTESIAN_POINT('',(-70.4299993515015,54.3999999999999,30.));
#3863=CARTESIAN_POINT('',(74.5700006484985,54.3999999999999,30.));
#3864=CARTESIAN_POINT('',(-57.206059686693,54.3999999999999,30.));
#3865=CARTESIAN_POINT('',(74.5700006484985,56.1642400437688,30.));
#3866=CARTESIAN_POINT('',(74.5700006484985,6.60893998905767,30.));
#3867=CARTESIAN_POINT('',(75.641429219927,57.1616857611809,30.));
#3868=CARTESIAN_POINT('Origin',(75.5700006484985,56.1642400437688,30.));
#3869=CARTESIAN_POINT('',(74.5700006484985,57.1999999999999,30.));
#3870=CARTESIAN_POINT('Origin',(74.5700006484985,42.1999999999999,30.));
#3871=CARTESIAN_POINT('',(-70.4299993515015,57.1999999999999,30.));
#3872=CARTESIAN_POINT('',(-36.5,57.1999999999999,30.));
#3873=CARTESIAN_POINT('',(-71.5014279229301,57.1616857611809,30.));
#3874=CARTESIAN_POINT('Origin',(-70.4299993515015,42.1999999999999,30.));
#3875=CARTESIAN_POINT('',(-70.4299993515015,56.1642400437688,30.));
#3876=CARTESIAN_POINT('Origin',(-71.4299993515015,56.1642400437688,30.));
#3877=CARTESIAN_POINT('',(-70.4299993515015,1.60893998905767,30.));
#3878=CARTESIAN_POINT('Origin',(-70.4299993515015,57.1999999999999,30.));
#3879=CARTESIAN_POINT('',(74.5700006484985,57.1999999999999,20.));
#3880=CARTESIAN_POINT('',(74.5700006484985,57.1999999999999,30.));
#3881=CARTESIAN_POINT('',(-70.4299993515015,57.1999999999999,20.));
#3882=CARTESIAN_POINT('',(-36.5,57.1999999999999,20.));
#3883=CARTESIAN_POINT('',(-70.4299993515015,57.1999999999999,30.));
#3884=CARTESIAN_POINT('Origin',(89.5700006484985,42.1999999999999,30.));
#3885=CARTESIAN_POINT('',(89.5700006484985,42.1999999999999,30.));
#3886=CARTESIAN_POINT('',(89.5700006484985,-36.5000000000001,30.));
#3887=CARTESIAN_POINT('',(89.5700006484985,42.1999999999999,30.));
#3888=CARTESIAN_POINT('',(89.5700006484985,-36.5000000000001,20.));
#3889=CARTESIAN_POINT('',(89.5700006484985,-36.5000000000001,30.));
#3890=CARTESIAN_POINT('',(89.5700006484985,42.1999999999999,20.));
#3891=CARTESIAN_POINT('',(89.5700006484985,42.1999999999999,20.));
#3892=CARTESIAN_POINT('',(89.5700006484985,42.1999999999999,30.));
#3893=CARTESIAN_POINT('Origin',(81.0700006484985,49.1999999999999,90.));
#3894=CARTESIAN_POINT('',(82.4200006484985,49.1999999999999,89.8));
#3895=CARTESIAN_POINT('Origin',(81.0700006484985,49.1999999999999,89.8));
#3896=CARTESIAN_POINT('',(82.4200006484985,49.1999999999999,90.));
#3897=CARTESIAN_POINT('Origin',(-43.9821200218845,-43.9821200218846,30.));
#3898=CARTESIAN_POINT('',(86.7700006484985,42.1999999999999,30.));
#3899=CARTESIAN_POINT('',(86.7700006484985,-36.5000000000001,30.));
#3900=CARTESIAN_POINT('',(86.7700006484984,-40.2410600109423,30.));
#3901=CARTESIAN_POINT('',(88.5342406922674,-36.5000000000001,30.));
#3902=CARTESIAN_POINT('',(22.793940313307,-36.5000000000001,30.));
#3903=CARTESIAN_POINT('',(89.5316864096795,-37.5714285714287,30.));
#3904=CARTESIAN_POINT('Origin',(88.5342406922674,-37.5000000000001,30.));
#3905=CARTESIAN_POINT('Origin',(74.5700006484985,-36.5000000000001,30.));
#3906=CARTESIAN_POINT('',(89.5316864096795,43.2714285714285,30.));
#3907=CARTESIAN_POINT('Origin',(74.5700006484985,42.1999999999999,30.));
#3908=CARTESIAN_POINT('',(88.5342406922674,42.1999999999999,30.));
#3909=CARTESIAN_POINT('Origin',(88.5342406922674,43.1999999999999,30.));
#3910=CARTESIAN_POINT('',(17.793940313307,42.1999999999999,30.));
#3911=CARTESIAN_POINT('Origin',(50.4200933984312,13.3495502386279,20.));
#3912=CARTESIAN_POINT('',(48.6200933984312,13.3495502386279,36.));
#3913=CARTESIAN_POINT('',(48.6200933984312,13.3495502386279,20.));
#3914=CARTESIAN_POINT('Origin',(50.4200933984312,13.3495502386279,36.));
#3915=CARTESIAN_POINT('Origin',(18.920093398431,2.84955023862789,20.));
#3916=CARTESIAN_POINT('',(15.670093398431,2.84955023862789,20.));
#3917=CARTESIAN_POINT('Origin',(18.920093398431,2.84955023862789,20.));
#3918=CARTESIAN_POINT('',(15.670093398431,2.84955023862789,23.4));
#3919=CARTESIAN_POINT('',(15.670093398431,2.84955023862789,20.));
#3920=CARTESIAN_POINT('Origin',(18.920093398431,2.84955023862789,23.4));
#3921=CARTESIAN_POINT('Origin',(50.4200933984312,-7.65044976137214,36.));
#3922=CARTESIAN_POINT('',(55.4200933984312,-7.65044976137214,36.));
#3923=CARTESIAN_POINT('Origin',(50.4200933984312,-7.65044976137214,36.));
#3924=CARTESIAN_POINT('Origin',(-43.9821200218845,-43.9821200218846,20.));
#3925=CARTESIAN_POINT('Origin',(74.5700006484985,42.1999999999999,20.));
#3926=CARTESIAN_POINT('Origin',(74.5700006484985,-36.5000000000001,20.));
#3927=CARTESIAN_POINT('Origin',(-70.4299993515015,-36.5000000000001,20.));
#3928=CARTESIAN_POINT('Origin',(-70.4299993515015,42.1999999999999,20.));
#3929=CARTESIAN_POINT('',(-32.9300921014342,22.9499999999999,20.));
#3930=CARTESIAN_POINT('Origin',(-30.5300921014342,22.9499999999999,20.));
#3931=CARTESIAN_POINT('',(-32.9300921014342,-17.2500000000001,20.));
#3932=CARTESIAN_POINT('Origin',(-30.5300921014342,-17.2500000000001,20.));
#3933=CARTESIAN_POINT('',(32.2700933984311,-17.2500000000001,20.));
#3934=CARTESIAN_POINT('Origin',(34.6700933984311,-17.2500000000001,20.));
#3935=CARTESIAN_POINT('',(32.2700933984311,22.9499999999999,20.));
#3936=CARTESIAN_POINT('Origin',(34.6700933984311,22.9499999999999,20.));
#3937=CARTESIAN_POINT('Origin',(81.0700006484985,-43.5000000000001,89.9));
#3938=CARTESIAN_POINT('',(82.6200006484985,-43.5000000000001,90.));
#3939=CARTESIAN_POINT('Origin',(81.0700006484985,-43.5000000000001,90.));
#3940=CARTESIAN_POINT('',(82.5200006484985,-43.5000000000001,89.9));
#3941=CARTESIAN_POINT('Origin',(89.5700006484985,-36.5000000000001,30.));
#3942=CARTESIAN_POINT('',(86.6700006484985,-36.5000000000001,28.));
#3943=CARTESIAN_POINT('',(86.6700006484985,-36.5000000000001,90.));
#3944=CARTESIAN_POINT('',(86.6700006484985,-36.5000000000001,60.));
#3945=CARTESIAN_POINT('',(88.5342406922674,-36.5000000000001,90.));
#3946=CARTESIAN_POINT('',(89.5700006484985,-36.5000000000001,90.));
#3947=CARTESIAN_POINT('',(88.5342406922674,-36.5000000000001,30.));
#3948=CARTESIAN_POINT('',(86.7700006484985,-36.5000000000001,30.));
#3949=CARTESIAN_POINT('Origin',(88.5342406922674,-37.5000000000001,30.));
#3950=CARTESIAN_POINT('',(89.5316864096795,-37.5714285714287,90.));
#3951=CARTESIAN_POINT('Origin',(88.5342406922674,-37.5000000000001,90.));
#3952=CARTESIAN_POINT('',(89.5316864096795,-37.5714285714287,30.));
#3953=CARTESIAN_POINT('Origin',(74.5700006484985,-36.5000000000001,30.));
#3954=CARTESIAN_POINT('',(75.641429219927,-51.4616857611811,90.));
#3955=CARTESIAN_POINT('Origin',(74.5700006484985,-36.5000000000001,90.));
#3956=CARTESIAN_POINT('',(75.641429219927,-51.4616857611811,30.));
#3957=CARTESIAN_POINT('Origin',(75.5700006484985,-50.4642400437691,30.));
#3958=CARTESIAN_POINT('',(74.5700006484985,-50.4642400437691,90.));
#3959=CARTESIAN_POINT('Origin',(75.5700006484985,-50.4642400437691,90.));
#3960=CARTESIAN_POINT('',(74.5700006484985,-50.4642400437691,30.));
#3961=CARTESIAN_POINT('Origin',(74.5700006484985,-41.5000000000001,30.));
#3962=CARTESIAN_POINT('',(74.5700006484985,-48.6000000000001,90.));
#3963=CARTESIAN_POINT('',(74.5700006484985,-48.6000000000001,28.));
#3964=CARTESIAN_POINT('',(74.5700006484985,-48.6000000000001,90.));
#3965=CARTESIAN_POINT('',(74.5700006484985,-48.6107855361597,28.215710723192));
#3966=CARTESIAN_POINT('',(74.5700006484985,-51.5000000000001,90.));
#3967=CARTESIAN_POINT('Origin',(76.5700006484985,-46.4000000000001,90.));
#3968=CARTESIAN_POINT('',(76.5700006484985,-46.4000000000001,90.));
#3969=CARTESIAN_POINT('',(76.5700006484985,-48.6000000000001,90.));
#3970=CARTESIAN_POINT('',(76.5700006484985,-45.2000000000001,90.));
#3971=CARTESIAN_POINT('',(76.5700006484985,-46.4000000000001,28.));
#3972=CARTESIAN_POINT('',(76.5700006484985,-46.4000000000001,90.));
#3973=CARTESIAN_POINT('',(76.5700006484985,-48.6000000000001,28.));
#3974=CARTESIAN_POINT('',(76.5700006484985,-48.6000000000001,28.));
#3975=CARTESIAN_POINT('',(76.5700006484985,-48.6000000000001,90.));
#3976=CARTESIAN_POINT('Origin',(76.5700006484985,-48.6000000000001,90.));
#3977=CARTESIAN_POINT('',(79.3200006484985,-48.6000000000001,90.));
#3978=CARTESIAN_POINT('',(74.5700006484985,-48.6000000000001,28.));
#3979=CARTESIAN_POINT('Origin',(-70.4299993515015,-48.7000000000001,30.));
#3980=CARTESIAN_POINT('',(-70.4299993515015,-48.6000000000001,28.));
#3981=CARTESIAN_POINT('',(-70.4299993515015,-48.6000000000001,28.));
#3982=CARTESIAN_POINT('',(-70.4299993515015,-48.7000000000001,30.));
#3983=CARTESIAN_POINT('Origin',(-70.4299993515015,-51.5000000000001,30.));
#3984=CARTESIAN_POINT('',(-70.4299993515015,-48.6000000000001,90.));
#3985=CARTESIAN_POINT('',(-70.4299993515015,-48.6000000000001,60.));
#3986=CARTESIAN_POINT('',(-70.4299993515015,-50.4642400437691,90.));
#3987=CARTESIAN_POINT('',(-70.4299993515015,-51.5000000000001,90.));
#3988=CARTESIAN_POINT('',(-70.4299993515015,-50.4642400437691,30.));
#3989=CARTESIAN_POINT('Origin',(-71.4299993515015,-50.4642400437691,30.));
#3990=CARTESIAN_POINT('',(-71.5014279229301,-51.4616857611811,90.));
#3991=CARTESIAN_POINT('Origin',(-71.4299993515015,-50.4642400437691,90.));
#3992=CARTESIAN_POINT('',(-71.5014279229301,-51.4616857611811,30.));
#3993=CARTESIAN_POINT('Origin',(-70.4299993515015,-36.5000000000001,30.));
#3994=CARTESIAN_POINT('',(-85.3916851126826,-37.5714285714287,90.));
#3995=CARTESIAN_POINT('Origin',(-70.4299993515015,-36.5000000000001,90.));
#3996=CARTESIAN_POINT('',(-85.3916851126826,-37.5714285714287,30.));
#3997=CARTESIAN_POINT('Origin',(-84.3942393952705,-37.5000000000001,30.));
#3998=CARTESIAN_POINT('',(-84.3942393952705,-36.5000000000001,90.));
#3999=CARTESIAN_POINT('Origin',(-84.3942393952705,-37.5000000000001,90.));
#4000=CARTESIAN_POINT('',(-84.3942393952705,-36.5000000000001,30.));
#4001=CARTESIAN_POINT('Origin',(-75.4299993515015,-36.5000000000001,30.));
#4002=CARTESIAN_POINT('',(-82.5299993515015,-36.5000000000001,90.));
#4003=CARTESIAN_POINT('',(-82.5299993515015,-36.5000000000001,28.));
#4004=CARTESIAN_POINT('',(-82.5299993515015,-36.5000000000001,90.));
#4005=CARTESIAN_POINT('',(-82.6299993515015,-36.5000000000001,30.));
#4006=CARTESIAN_POINT('',(-85.4299993515015,-36.5000000000001,90.));
#4007=CARTESIAN_POINT('Origin',(-72.4299993515015,-48.6000000000001,90.));
#4008=CARTESIAN_POINT('',(-72.4299993515015,-48.6000000000001,90.));
#4009=CARTESIAN_POINT('',(-72.4299993515015,-46.4000000000001,90.));
#4010=CARTESIAN_POINT('',(-72.4299993515015,-46.3000000000001,90.));
#4011=CARTESIAN_POINT('',(-72.4299993515015,-48.6000000000001,28.));
#4012=CARTESIAN_POINT('',(-72.4299993515015,-48.6000000000001,90.));
#4013=CARTESIAN_POINT('',(-72.4299993515015,-46.4000000000001,28.));
#4014=CARTESIAN_POINT('',(-72.4299993515015,-48.6000000000001,28.));
#4015=CARTESIAN_POINT('',(-72.4299993515015,-46.4000000000001,90.));
#4016=CARTESIAN_POINT('Origin',(-70.4299993515015,-48.6000000000001,90.));
#4017=CARTESIAN_POINT('',(-74.1799993515015,-48.6000000000001,90.));
#4018=CARTESIAN_POINT('',(-70.4299993515015,-48.6000000000001,28.));
#4019=CARTESIAN_POINT('Origin',(-76.9299993515015,-43.5000000000001,89.9));
#4020=CARTESIAN_POINT('',(-75.3799993515015,-43.5000000000001,90.));
#4021=CARTESIAN_POINT('Origin',(-76.9299993515015,-43.5000000000001,90.));
#4022=CARTESIAN_POINT('',(-75.4799993515015,-43.5000000000001,89.9));
#4023=CARTESIAN_POINT('Origin',(-82.5299993515015,-36.5000000000001,28.));
#4024=CARTESIAN_POINT('',(-82.5299993515015,42.1999999999999,28.));
#4025=CARTESIAN_POINT('',(-82.5535654362896,42.1999999999999,28.4713216957606));
#4026=CARTESIAN_POINT('',(-82.5299993515015,-36.5000000000001,28.));
#4027=CARTESIAN_POINT('Origin',(-80.3299993515015,-38.5000000000001,90.));
#4028=CARTESIAN_POINT('',(-80.3299993515015,-38.5000000000001,90.));
#4029=CARTESIAN_POINT('',(-82.5299993515015,-38.5000000000001,90.));
#4030=CARTESIAN_POINT('',(-79.1299993515015,-38.5000000000001,90.));
#4031=CARTESIAN_POINT('',(-80.3299993515015,-38.5000000000001,28.));
#4032=CARTESIAN_POINT('',(-80.3299993515015,-38.5000000000001,90.));
#4033=CARTESIAN_POINT('',(-82.5299993515015,-38.5000000000001,28.));
#4034=CARTESIAN_POINT('',(-80.3299993515015,-38.5000000000001,28.));
#4035=CARTESIAN_POINT('',(-82.5299993515015,-38.5000000000001,90.));
#4036=CARTESIAN_POINT('Origin',(-82.5299993515015,-38.5000000000001,90.));
#4037=CARTESIAN_POINT('',(-82.5299993515015,-41.2500000000001,90.));
#4038=CARTESIAN_POINT('',(-82.5299993515015,-36.5000000000001,28.));
#4039=CARTESIAN_POINT('Origin',(-76.9299993515015,49.1999999999999,89.9));
#4040=CARTESIAN_POINT('',(-75.3799993515015,49.1999999999999,90.));
#4041=CARTESIAN_POINT('Origin',(-76.9299993515015,49.1999999999999,90.));
#4042=CARTESIAN_POINT('',(-75.4799993515015,49.1999999999999,89.9));
#4043=CARTESIAN_POINT('Origin',(-82.5299993515015,44.1999999999999,90.));
#4044=CARTESIAN_POINT('',(-82.5299993515015,44.1999999999999,90.));
#4045=CARTESIAN_POINT('',(-80.3299993515015,44.1999999999999,90.));
#4046=CARTESIAN_POINT('',(-80.2299993515015,44.1999999999999,90.));
#4047=CARTESIAN_POINT('',(-82.5299993515015,44.1999999999999,28.));
#4048=CARTESIAN_POINT('',(-82.5299993515015,44.1999999999999,90.));
#4049=CARTESIAN_POINT('',(-80.3299993515015,44.1999999999999,28.));
#4050=CARTESIAN_POINT('',(-80.3299993515015,44.1999999999999,28.));
#4051=CARTESIAN_POINT('',(-80.3299993515015,44.1999999999999,90.));
#4052=CARTESIAN_POINT('Origin',(-82.5299993515015,42.1999999999999,90.));
#4053=CARTESIAN_POINT('',(-82.5299993515015,42.1999999999999,90.));
#4054=CARTESIAN_POINT('',(-82.5299993515015,45.9499999999999,90.));
#4055=CARTESIAN_POINT('',(-82.5299993515015,42.1999999999999,60.));
#4056=CARTESIAN_POINT('',(-82.5299993515015,42.1999999999999,28.));
#4057=CARTESIAN_POINT('Origin',(-85.4299993515015,42.1999999999999,30.));
#4058=CARTESIAN_POINT('',(-84.3942393952705,42.1999999999999,90.));
#4059=CARTESIAN_POINT('',(-85.4299993515015,42.1999999999999,90.));
#4060=CARTESIAN_POINT('',(-84.3942393952705,42.1999999999999,30.));
#4061=CARTESIAN_POINT('Origin',(-84.3942393952705,43.1999999999999,30.));
#4062=CARTESIAN_POINT('',(-85.3916851126826,43.2714285714285,90.));
#4063=CARTESIAN_POINT('Origin',(-84.3942393952705,43.1999999999999,90.));
#4064=CARTESIAN_POINT('',(-85.3916851126826,43.2714285714285,30.));
#4065=CARTESIAN_POINT('Origin',(-70.4299993515015,42.1999999999999,30.));
#4066=CARTESIAN_POINT('',(-71.5014279229301,57.1616857611809,90.));
#4067=CARTESIAN_POINT('Origin',(-70.4299993515015,42.1999999999999,90.));
#4068=CARTESIAN_POINT('',(-71.5014279229301,57.1616857611809,30.));
#4069=CARTESIAN_POINT('Origin',(-71.4299993515015,56.1642400437688,30.));
#4070=CARTESIAN_POINT('',(-70.4299993515015,56.1642400437688,90.));
#4071=CARTESIAN_POINT('Origin',(-71.4299993515015,56.1642400437688,90.));
#4072=CARTESIAN_POINT('',(-70.4299993515015,56.1642400437688,30.));
#4073=CARTESIAN_POINT('Origin',(-70.4299993515015,47.1999999999999,30.));
#4074=CARTESIAN_POINT('',(-70.4299993515015,54.2999999999999,90.));
#4075=CARTESIAN_POINT('',(-70.4299993515015,54.2999999999999,28.));
#4076=CARTESIAN_POINT('',(-70.4299993515015,54.2999999999999,90.));
#4077=CARTESIAN_POINT('',(-70.4299993515015,54.3999999999999,30.));
#4078=CARTESIAN_POINT('',(-70.4299993515015,57.1999999999999,90.));
#4079=CARTESIAN_POINT('Origin',(-72.4299993515015,52.0999999999999,90.));
#4080=CARTESIAN_POINT('',(-72.4299993515015,52.0999999999999,90.));
#4081=CARTESIAN_POINT('',(-72.4299993515015,54.2999999999999,90.));
#4082=CARTESIAN_POINT('',(-72.4299993515015,50.8999999999999,90.));
#4083=CARTESIAN_POINT('',(-72.4299993515015,52.0999999999999,28.));
#4084=CARTESIAN_POINT('',(-72.4299993515015,52.0999999999999,90.));
#4085=CARTESIAN_POINT('',(-72.4299993515015,54.2999999999999,28.));
#4086=CARTESIAN_POINT('',(-72.4299993515015,54.2999999999999,28.));
#4087=CARTESIAN_POINT('',(-72.4299993515015,54.2999999999999,90.));
#4088=CARTESIAN_POINT('Origin',(-72.4299993515015,54.2999999999999,90.));
#4089=CARTESIAN_POINT('',(-75.1799993515015,54.2999999999999,90.));
#4090=CARTESIAN_POINT('',(-70.4299993515015,54.2999999999999,28.));
#4091=CARTESIAN_POINT('Origin',(-70.4299993515015,54.2999999999999,28.));
#4092=CARTESIAN_POINT('',(74.5700006484985,54.2999999999999,28.));
#4093=CARTESIAN_POINT('',(74.5700006484985,54.2607855361595,27.2157107231921));
#4094=CARTESIAN_POINT('',(-70.4299993515015,54.2999999999999,28.));
#4095=CARTESIAN_POINT('Origin',(74.5700006484985,57.1999999999999,30.));
#4096=CARTESIAN_POINT('',(74.5700006484985,54.2999999999999,90.));
#4097=CARTESIAN_POINT('',(74.5700006484985,54.2999999999999,60.));
#4098=CARTESIAN_POINT('',(74.5700006484985,56.1642400437688,90.));
#4099=CARTESIAN_POINT('',(74.5700006484985,57.1999999999999,90.));
#4100=CARTESIAN_POINT('',(74.5700006484985,56.1642400437688,30.));
#4101=CARTESIAN_POINT('Origin',(75.5700006484985,56.1642400437688,30.));
#4102=CARTESIAN_POINT('',(75.641429219927,57.1616857611809,90.));
#4103=CARTESIAN_POINT('Origin',(75.5700006484985,56.1642400437688,90.));
#4104=CARTESIAN_POINT('',(75.641429219927,57.1616857611809,30.));
#4105=CARTESIAN_POINT('Origin',(74.5700006484985,42.1999999999999,30.));
#4106=CARTESIAN_POINT('',(89.5316864096795,43.2714285714285,90.));
#4107=CARTESIAN_POINT('Origin',(74.5700006484985,42.1999999999999,90.));
#4108=CARTESIAN_POINT('',(89.5316864096795,43.2714285714285,30.));
#4109=CARTESIAN_POINT('Origin',(88.5342406922674,43.1999999999999,30.));
#4110=CARTESIAN_POINT('',(88.5342406922674,42.1999999999999,90.));
#4111=CARTESIAN_POINT('Origin',(88.5342406922674,43.1999999999999,90.));
#4112=CARTESIAN_POINT('',(88.5342406922674,42.1999999999999,30.));
#4113=CARTESIAN_POINT('Origin',(79.5700006484985,42.1999999999999,30.));
#4114=CARTESIAN_POINT('',(86.6700006484985,42.1999999999999,90.));
#4115=CARTESIAN_POINT('',(86.6700006484985,42.1999999999999,28.));
#4116=CARTESIAN_POINT('',(86.6700006484985,42.1999999999999,90.));
#4117=CARTESIAN_POINT('',(86.7435667332865,42.1999999999999,29.4713216957606));
#4118=CARTESIAN_POINT('',(89.5700006484985,42.1999999999999,90.));
#4119=CARTESIAN_POINT('Origin',(76.5700006484985,54.2999999999999,90.));
#4120=CARTESIAN_POINT('',(76.5700006484985,54.2999999999999,90.));
#4121=CARTESIAN_POINT('',(76.5700006484985,52.0999999999999,90.));
#4122=CARTESIAN_POINT('',(76.5700006484985,51.9999999999999,90.));
#4123=CARTESIAN_POINT('',(76.5700006484985,54.2999999999999,28.));
#4124=CARTESIAN_POINT('',(76.5700006484985,54.2999999999999,90.));
#4125=CARTESIAN_POINT('',(76.5700006484985,52.0999999999999,28.));
#4126=CARTESIAN_POINT('',(76.5700006484985,54.2999999999999,28.));
#4127=CARTESIAN_POINT('',(76.5700006484985,52.0999999999999,90.));
#4128=CARTESIAN_POINT('Origin',(74.5700006484985,54.2999999999999,90.));
#4129=CARTESIAN_POINT('',(78.3200006484985,54.2999999999999,90.));
#4130=CARTESIAN_POINT('',(74.5700006484985,54.2999999999999,28.));
#4131=CARTESIAN_POINT('Origin',(81.0700006484985,49.1999999999999,89.9));
#4132=CARTESIAN_POINT('',(82.6200006484985,49.1999999999999,90.));
#4133=CARTESIAN_POINT('Origin',(81.0700006484985,49.1999999999999,90.));
#4134=CARTESIAN_POINT('',(82.5200006484985,49.1999999999999,89.9));
#4135=CARTESIAN_POINT('Origin',(84.4700006484985,44.1999999999999,90.));
#4136=CARTESIAN_POINT('',(84.4700006484985,44.1999999999999,90.));
#4137=CARTESIAN_POINT('',(86.6700006484985,44.1999999999999,90.));
#4138=CARTESIAN_POINT('',(83.2700006484985,44.1999999999999,90.));
#4139=CARTESIAN_POINT('',(84.4700006484985,44.1999999999999,28.));
#4140=CARTESIAN_POINT('',(84.4700006484985,44.1999999999999,90.));
#4141=CARTESIAN_POINT('',(86.6700006484985,44.1999999999999,28.));
#4142=CARTESIAN_POINT('',(84.4700006484985,44.1999999999999,28.));
#4143=CARTESIAN_POINT('',(86.6700006484985,44.1999999999999,90.));
#4144=CARTESIAN_POINT('Origin',(86.6700006484985,44.1999999999999,90.));
#4145=CARTESIAN_POINT('',(86.6700006484985,46.9499999999999,90.));
#4146=CARTESIAN_POINT('',(86.6700006484985,42.1999999999999,28.));
#4147=CARTESIAN_POINT('Origin',(86.7700006484985,-36.5000000000001,30.));
#4148=CARTESIAN_POINT('',(86.6700006484985,-36.5000000000001,28.));
#4149=CARTESIAN_POINT('Origin',(86.6700006484985,-36.5000000000001,90.));
#4150=CARTESIAN_POINT('',(86.6700006484985,-38.5000000000001,90.));
#4151=CARTESIAN_POINT('',(86.6700006484985,-40.2500000000001,90.));
#4152=CARTESIAN_POINT('',(86.6700006484985,-38.5000000000001,28.));
#4153=CARTESIAN_POINT('',(86.6700006484985,-36.5000000000001,28.));
#4154=CARTESIAN_POINT('',(86.6700006484985,-38.5000000000001,90.));
#4155=CARTESIAN_POINT('Origin',(86.6700006484985,-38.5000000000001,90.));
#4156=CARTESIAN_POINT('',(84.4700006484985,-38.5000000000001,90.));
#4157=CARTESIAN_POINT('',(84.3700006484985,-38.5000000000001,90.));
#4158=CARTESIAN_POINT('',(84.4700006484985,-38.5000000000001,28.));
#4159=CARTESIAN_POINT('',(84.4700006484985,-38.5000000000001,28.));
#4160=CARTESIAN_POINT('',(84.4700006484985,-38.5000000000001,90.));
#4161=CARTESIAN_POINT('Origin',(50.4200933984312,13.3495502386279,36.));
#4162=CARTESIAN_POINT('',(55.4200933984312,13.3495502386279,36.));
#4163=CARTESIAN_POINT('Origin',(50.4200933984312,13.3495502386279,36.));
#4164=CARTESIAN_POINT('Origin',(18.920093398431,2.84955023862789,23.4));
#4165=CARTESIAN_POINT('',(17.120093398431,2.84955023862789,23.4));
#4166=CARTESIAN_POINT('Origin',(18.920093398431,2.84955023862789,23.4));
#4167=CARTESIAN_POINT('Origin',(50.4200933984312,-7.65044976137214,30.));
#4168=CARTESIAN_POINT('',(55.4200933984312,-7.65044976137214,31.));
#4169=CARTESIAN_POINT('',(55.4200933984312,-7.65044976137214,30.));
#4170=CARTESIAN_POINT('Origin',(50.4200933984312,-7.65044976137214,31.));
#4171=CARTESIAN_POINT('Origin',(34.6700933984311,-17.2500000000001,20.1));
#4172=CARTESIAN_POINT('',(32.4700933984311,-17.2500000000001,20.2));
#4173=CARTESIAN_POINT('',(32.3700933984311,-17.2500000000001,20.1));
#4174=CARTESIAN_POINT('Origin',(34.6700933984311,-17.2500000000001,20.2));
#4175=CARTESIAN_POINT('Origin',(34.6700933984311,22.9499999999999,20.1));
#4176=CARTESIAN_POINT('',(32.4700933984311,22.9499999999999,20.2));
#4177=CARTESIAN_POINT('',(32.3700933984311,22.9499999999999,20.1));
#4178=CARTESIAN_POINT('Origin',(34.6700933984311,22.9499999999999,20.2));
#4179=CARTESIAN_POINT('Origin',(-30.5300921014342,-17.2500000000001,20.1));
#4180=CARTESIAN_POINT('',(-32.7300921014342,-17.2500000000001,20.2));
#4181=CARTESIAN_POINT('',(-32.8300921014342,-17.2500000000001,20.1));
#4182=CARTESIAN_POINT('Origin',(-30.5300921014342,-17.2500000000001,20.2));
#4183=CARTESIAN_POINT('Origin',(-30.5300921014342,22.9499999999999,20.1));
#4184=CARTESIAN_POINT('',(-32.7300921014342,22.9499999999999,20.2));
#4185=CARTESIAN_POINT('',(-32.8300921014342,22.9499999999999,20.1));
#4186=CARTESIAN_POINT('Origin',(-30.5300921014342,22.9499999999999,20.2));
#4187=CARTESIAN_POINT('Origin',(84.4700006484985,-38.5000000000001,90.));
#4188=CARTESIAN_POINT('',(84.4700006484985,-36.5000000000001,90.));
#4189=CARTESIAN_POINT('',(84.4700006484985,-41.2500000000001,90.));
#4190=CARTESIAN_POINT('',(84.4700006484985,-36.5000000000001,28.));
#4191=CARTESIAN_POINT('',(84.4700006484985,-36.5000000000001,28.));
#4192=CARTESIAN_POINT('',(84.4700006484985,-36.5000000000001,90.));
#4193=CARTESIAN_POINT('Origin',(82.0700006484985,-44.0000000000001,90.));
#4194=CARTESIAN_POINT('',(80.1197547743028,-36.5000000000001,90.));
#4195=CARTESIAN_POINT('',(89.5700006484985,-36.5000000000001,90.));
#4196=CARTESIAN_POINT('',(79.2849098874373,-36.9495147459973,90.));
#4197=CARTESIAN_POINT('Origin',(80.1197547743028,-37.5000000000001,90.));
#4198=CARTESIAN_POINT('',(75.0195153944957,-41.2149092389389,90.));
#4199=CARTESIAN_POINT('Origin',(66.7622365844543,-28.6922359359559,90.));
#4200=CARTESIAN_POINT('',(74.5700006484985,-42.0497541258044,90.));
#4201=CARTESIAN_POINT('Origin',(75.5700006484985,-42.0497541258044,90.));
#4202=CARTESIAN_POINT('',(74.5700006484985,-46.4000000000001,90.));
#4203=CARTESIAN_POINT('',(74.5700006484985,-51.5000000000001,90.));
#4204=CARTESIAN_POINT('',(78.3200006484985,-46.4000000000001,90.));
#4205=CARTESIAN_POINT('Origin',(74.5700006484985,-46.4000000000001,90.));
#4206=CARTESIAN_POINT('',(74.5700006484985,-46.4000000000001,28.));
#4207=CARTESIAN_POINT('',(74.5700006484985,-46.4000000000001,60.));
#4208=CARTESIAN_POINT('',(74.5700006484985,-46.4000000000001,28.));
#4209=CARTESIAN_POINT('Origin',(-71.4299993515015,-47.5000000000001,28.));
#4210=CARTESIAN_POINT('',(-70.4299993515015,-46.4000000000001,28.));
#4211=CARTESIAN_POINT('',(-70.4299993515015,-46.4000000000001,28.));
#4212=CARTESIAN_POINT('',(-70.4299993515015,-46.4000000000001,28.));
#4213=CARTESIAN_POINT('Origin',(-72.4299993515015,-46.4000000000001,90.));
#4214=CARTESIAN_POINT('',(-70.4299993515015,-46.4000000000001,90.));
#4215=CARTESIAN_POINT('',(-75.1799993515015,-46.4000000000001,90.));
#4216=CARTESIAN_POINT('',(-70.4299993515015,-46.4000000000001,90.));
#4217=CARTESIAN_POINT('Origin',(-77.9299993515015,-44.0000000000001,90.));
#4218=CARTESIAN_POINT('',(-70.4299993515015,-42.0497541258044,90.));
#4219=CARTESIAN_POINT('',(-70.4299993515015,-51.5000000000001,90.));
#4220=CARTESIAN_POINT('',(-70.8795140974988,-41.2149092389389,90.));
#4221=CARTESIAN_POINT('Origin',(-71.4299993515015,-42.0497541258044,90.));
#4222=CARTESIAN_POINT('',(-75.1449085904403,-36.9495147459973,90.));
#4223=CARTESIAN_POINT('Origin',(-62.6222352874574,-28.6922359359559,90.));
#4224=CARTESIAN_POINT('',(-75.9797534773058,-36.5000000000001,90.));
#4225=CARTESIAN_POINT('Origin',(-75.9797534773058,-37.5000000000001,90.));
#4226=CARTESIAN_POINT('',(-80.3299993515015,-36.5000000000001,90.));
#4227=CARTESIAN_POINT('',(-85.4299993515015,-36.5000000000001,90.));
#4228=CARTESIAN_POINT('',(-80.3299993515015,-40.2500000000001,90.));
#4229=CARTESIAN_POINT('Origin',(-80.3299993515015,-36.5000000000001,90.));
#4230=CARTESIAN_POINT('',(-80.3299993515015,-36.5000000000001,28.));
#4231=CARTESIAN_POINT('',(-80.3299993515015,-36.5000000000001,60.));
#4232=CARTESIAN_POINT('',(-80.3299993515015,-36.5000000000001,28.));
#4233=CARTESIAN_POINT('Origin',(-81.4299993515015,-37.5000000000001,28.));
#4234=CARTESIAN_POINT('',(-80.3299993515015,42.1999999999999,28.));
#4235=CARTESIAN_POINT('',(-80.3299993515015,-36.5000000000001,28.));
#4236=CARTESIAN_POINT('',(-80.3299993515015,42.1999999999999,28.));
#4237=CARTESIAN_POINT('Origin',(-80.3299993515015,44.1999999999999,90.));
#4238=CARTESIAN_POINT('',(-80.3299993515015,42.1999999999999,90.));
#4239=CARTESIAN_POINT('',(-80.3299993515015,46.9499999999999,90.));
#4240=CARTESIAN_POINT('',(-80.3299993515015,42.1999999999999,90.));
#4241=CARTESIAN_POINT('Origin',(-77.9299993515015,49.6999999999999,90.));
#4242=CARTESIAN_POINT('',(-75.9797534773058,42.1999999999999,90.));
#4243=CARTESIAN_POINT('',(-85.4299993515015,42.1999999999999,90.));
#4244=CARTESIAN_POINT('',(-75.1449085904403,42.6495147459971,90.));
#4245=CARTESIAN_POINT('Origin',(-75.9797534773058,43.1999999999999,90.));
#4246=CARTESIAN_POINT('',(-70.8795140974988,46.9149092389387,90.));
#4247=CARTESIAN_POINT('Origin',(-62.6222352874574,34.3922359359558,90.));
#4248=CARTESIAN_POINT('',(-70.4299993515015,47.7497541258042,90.));
#4249=CARTESIAN_POINT('Origin',(-71.4299993515015,47.7497541258042,90.));
#4250=CARTESIAN_POINT('',(-70.4299993515015,52.0999999999999,90.));
#4251=CARTESIAN_POINT('',(-70.4299993515015,57.1999999999999,90.));
#4252=CARTESIAN_POINT('',(-74.1799993515015,52.0999999999999,90.));
#4253=CARTESIAN_POINT('Origin',(-70.4299993515015,52.0999999999999,90.));
#4254=CARTESIAN_POINT('',(-70.4299993515015,52.0999999999999,28.));
#4255=CARTESIAN_POINT('',(-70.4299993515015,52.0999999999999,60.));
#4256=CARTESIAN_POINT('',(-70.4299993515015,52.0999999999999,28.));
#4257=CARTESIAN_POINT('Origin',(75.5700006484985,53.1999999999999,28.));
#4258=CARTESIAN_POINT('',(74.5700006484985,52.0999999999999,28.));
#4259=CARTESIAN_POINT('',(74.5700006484985,52.0999999999999,28.));
#4260=CARTESIAN_POINT('',(-70.4299993515015,52.0999999999999,28.));
#4261=CARTESIAN_POINT('Origin',(76.5700006484985,52.0999999999999,90.));
#4262=CARTESIAN_POINT('',(74.5700006484985,52.0999999999999,90.));
#4263=CARTESIAN_POINT('',(79.3200006484985,52.0999999999999,90.));
#4264=CARTESIAN_POINT('',(74.5700006484985,52.0999999999999,90.));
#4265=CARTESIAN_POINT('Origin',(82.0700006484985,49.6999999999999,90.));
#4266=CARTESIAN_POINT('',(74.5700006484985,47.7497541258042,90.));
#4267=CARTESIAN_POINT('',(74.5700006484985,57.1999999999999,90.));
#4268=CARTESIAN_POINT('',(75.0195153944957,46.9149092389387,90.));
#4269=CARTESIAN_POINT('Origin',(75.5700006484985,47.7497541258042,90.));
#4270=CARTESIAN_POINT('',(79.2849098874373,42.6495147459971,90.));
#4271=CARTESIAN_POINT('Origin',(66.7622365844543,34.3922359359557,90.));
#4272=CARTESIAN_POINT('',(80.1197547743028,42.1999999999999,90.));
#4273=CARTESIAN_POINT('Origin',(80.1197547743028,43.1999999999999,90.));
#4274=CARTESIAN_POINT('',(84.4700006484985,42.1999999999999,90.));
#4275=CARTESIAN_POINT('',(89.5700006484985,42.1999999999999,90.));
#4276=CARTESIAN_POINT('',(84.4700006484985,45.9499999999999,90.));
#4277=CARTESIAN_POINT('Origin',(84.4700006484985,42.1999999999999,90.));
#4278=CARTESIAN_POINT('',(84.4700006484985,42.1999999999999,28.));
#4279=CARTESIAN_POINT('',(84.4700006484985,42.1999999999999,60.));
#4280=CARTESIAN_POINT('',(84.4700006484985,42.1999999999999,28.));
#4281=CARTESIAN_POINT('Origin',(85.5700006484985,-37.5000000000001,28.));
#4282=CARTESIAN_POINT('',(84.4700006484985,-36.5000000000001,28.));
#4283=CARTESIAN_POINT('Origin',(50.4200933984312,13.3495502386279,30.));
#4284=CARTESIAN_POINT('',(55.4200933984312,13.3495502386279,31.));
#4285=CARTESIAN_POINT('',(55.4200933984312,13.3495502386279,30.));
#4286=CARTESIAN_POINT('Origin',(50.4200933984312,13.3495502386279,31.));
#4287=CARTESIAN_POINT('Origin',(18.920093398431,2.84955023862789,20.));
#4288=CARTESIAN_POINT('',(17.120093398431,2.84955023862789,36.));
#4289=CARTESIAN_POINT('',(17.120093398431,2.84955023862789,20.));
#4290=CARTESIAN_POINT('Origin',(18.920093398431,2.84955023862789,36.));
#4291=CARTESIAN_POINT('Origin',(50.4200933984312,-7.65044976137214,31.));
#4292=CARTESIAN_POINT('',(56.4200933984312,-7.65044976137214,30.));
#4293=CARTESIAN_POINT('Origin',(56.4200933984312,-7.65044976137214,31.));
#4294=CARTESIAN_POINT('Origin',(50.4200933984312,-7.65044976137214,30.));
#4295=CARTESIAN_POINT('Origin',(34.6700933984311,-17.2500000000001,20.));
#4296=CARTESIAN_POINT('',(32.4700933984311,-17.2500000000001,30.));
#4297=CARTESIAN_POINT('',(32.4700933984311,-17.2500000000001,20.));
#4298=CARTESIAN_POINT('Origin',(34.6700933984311,-17.2500000000001,30.));
#4299=CARTESIAN_POINT('Origin',(34.6700933984311,22.9499999999999,20.));
#4300=CARTESIAN_POINT('',(32.4700933984311,22.9499999999999,30.));
#4301=CARTESIAN_POINT('',(32.4700933984311,22.9499999999999,20.));
#4302=CARTESIAN_POINT('Origin',(34.6700933984311,22.9499999999999,30.));
#4303=CARTESIAN_POINT('Origin',(-30.5300921014342,-17.2500000000001,20.));
#4304=CARTESIAN_POINT('',(-32.7300921014342,-17.2500000000001,30.));
#4305=CARTESIAN_POINT('',(-32.7300921014342,-17.2500000000001,20.));
#4306=CARTESIAN_POINT('Origin',(-30.5300921014342,-17.2500000000001,30.));
#4307=CARTESIAN_POINT('Origin',(-30.5300921014342,22.9499999999999,20.));
#4308=CARTESIAN_POINT('',(-32.7300921014342,22.9499999999999,30.));
#4309=CARTESIAN_POINT('',(-32.7300921014342,22.9499999999999,20.));
#4310=CARTESIAN_POINT('Origin',(-30.5300921014342,22.9499999999999,30.));
#4311=CARTESIAN_POINT('Origin',(89.5700006484985,-36.5000000000001,30.));
#4312=CARTESIAN_POINT('',(84.3700006484985,-36.5000000000001,30.));
#4313=CARTESIAN_POINT('',(84.3700006484985,-36.5000000000001,30.));
#4314=CARTESIAN_POINT('',(80.1197547743028,-36.5000000000001,30.));
#4315=CARTESIAN_POINT('',(22.793940313307,-36.5000000000001,30.));
#4316=CARTESIAN_POINT('',(80.1197547743028,-36.5000000000001,30.));
#4317=CARTESIAN_POINT('Origin',(80.1197547743028,-37.5000000000001,30.));
#4318=CARTESIAN_POINT('',(79.2849098874373,-36.9495147459973,30.));
#4319=CARTESIAN_POINT('Origin',(80.1197547743028,-37.5000000000001,30.));
#4320=CARTESIAN_POINT('',(79.2849098874373,-36.9495147459973,30.));
#4321=CARTESIAN_POINT('Origin',(66.7622365844543,-28.6922359359559,30.));
#4322=CARTESIAN_POINT('',(75.0195153944957,-41.2149092389389,30.));
#4323=CARTESIAN_POINT('',(75.0195153944957,-41.2149092389389,30.));
#4324=CARTESIAN_POINT('Origin',(66.7622365844543,-28.6922359359559,30.));
#4325=CARTESIAN_POINT('Origin',(75.5700006484985,-42.0497541258044,30.));
#4326=CARTESIAN_POINT('',(74.5700006484985,-42.0497541258044,30.));
#4327=CARTESIAN_POINT('Origin',(75.5700006484985,-42.0497541258044,30.));
#4328=CARTESIAN_POINT('',(74.5700006484985,-42.0497541258044,30.));
#4329=CARTESIAN_POINT('Origin',(74.5700006484985,-41.5000000000001,30.));
#4330=CARTESIAN_POINT('',(74.5700006484985,-46.3000000000001,30.));
#4331=CARTESIAN_POINT('',(74.5700006484985,-42.7410600109423,30.));
#4332=CARTESIAN_POINT('',(74.5700006484985,-46.3136533665837,29.7269326683292));
#4333=CARTESIAN_POINT('Origin',(-70.4299993515015,-46.4000000000001,28.));
#4334=CARTESIAN_POINT('',(-70.4299993515015,-46.3000000000001,30.));
#4335=CARTESIAN_POINT('',(-57.206059686693,-46.3000000000001,30.));
#4336=CARTESIAN_POINT('',(-70.4299993515015,-46.3000000000001,30.));
#4337=CARTESIAN_POINT('Origin',(-70.4299993515015,-51.5000000000001,30.));
#4338=CARTESIAN_POINT('',(-70.4299993515015,-42.0497541258044,30.));
#4339=CARTESIAN_POINT('',(-70.4299993515015,-47.7410600109423,30.));
#4340=CARTESIAN_POINT('',(-70.4299993515015,-42.0497541258044,30.));
#4341=CARTESIAN_POINT('Origin',(-71.4299993515015,-42.0497541258044,30.));
#4342=CARTESIAN_POINT('',(-70.8795140974988,-41.2149092389389,30.));
#4343=CARTESIAN_POINT('Origin',(-71.4299993515015,-42.0497541258044,30.));
#4344=CARTESIAN_POINT('',(-70.8795140974988,-41.2149092389389,30.));
#4345=CARTESIAN_POINT('Origin',(-62.6222352874574,-28.6922359359559,30.));
#4346=CARTESIAN_POINT('',(-75.1449085904403,-36.9495147459973,30.));
#4347=CARTESIAN_POINT('',(-75.1449085904403,-36.9495147459973,30.));
#4348=CARTESIAN_POINT('Origin',(-62.6222352874574,-28.6922359359559,30.));
#4349=CARTESIAN_POINT('Origin',(-75.9797534773058,-37.5000000000001,30.));
#4350=CARTESIAN_POINT('',(-75.9797534773058,-36.5000000000001,30.));
#4351=CARTESIAN_POINT('Origin',(-75.9797534773058,-37.5000000000001,30.));
#4352=CARTESIAN_POINT('',(-75.9797534773058,-36.5000000000001,30.));
#4353=CARTESIAN_POINT('Origin',(-75.4299993515015,-36.5000000000001,30.));
#4354=CARTESIAN_POINT('',(-80.2299993515015,-36.5000000000001,30.));
#4355=CARTESIAN_POINT('',(-59.706059686693,-36.5000000000001,30.));
#4356=CARTESIAN_POINT('',(-80.2299993515015,-36.5000000000001,30.));
#4357=CARTESIAN_POINT('Origin',(-80.2299993515015,-36.5000000000001,30.));
#4358=CARTESIAN_POINT('',(-80.2299993515015,42.1999999999999,30.));
#4359=CARTESIAN_POINT('',(-80.2564332667135,42.1999999999999,29.4713216957606));
#4360=CARTESIAN_POINT('',(-80.2299993515015,-40.2410600109423,30.));
#4361=CARTESIAN_POINT('Origin',(-85.4299993515015,42.1999999999999,30.));
#4362=CARTESIAN_POINT('',(-75.9797534773058,42.1999999999999,30.));
#4363=CARTESIAN_POINT('',(-64.706059686693,42.1999999999999,30.));
#4364=CARTESIAN_POINT('',(-75.9797534773058,42.1999999999999,30.));
#4365=CARTESIAN_POINT('Origin',(-75.9797534773058,43.1999999999999,30.));
#4366=CARTESIAN_POINT('',(-75.1449085904403,42.6495147459971,30.));
#4367=CARTESIAN_POINT('Origin',(-75.9797534773058,43.1999999999999,30.));
#4368=CARTESIAN_POINT('',(-75.1449085904403,42.6495147459971,30.));
#4369=CARTESIAN_POINT('Origin',(-62.6222352874574,34.3922359359558,30.));
#4370=CARTESIAN_POINT('',(-70.8795140974988,46.9149092389387,30.));
#4371=CARTESIAN_POINT('',(-70.8795140974988,46.9149092389387,30.));
#4372=CARTESIAN_POINT('Origin',(-62.6222352874574,34.3922359359558,30.));
#4373=CARTESIAN_POINT('Origin',(-71.4299993515015,47.7497541258042,30.));
#4374=CARTESIAN_POINT('',(-70.4299993515015,47.7497541258042,30.));
#4375=CARTESIAN_POINT('Origin',(-71.4299993515015,47.7497541258042,30.));
#4376=CARTESIAN_POINT('',(-70.4299993515015,47.7497541258042,30.));
#4377=CARTESIAN_POINT('Origin',(-70.4299993515015,47.1999999999999,30.));
#4378=CARTESIAN_POINT('',(-70.4299993515015,51.9999999999999,30.));
#4379=CARTESIAN_POINT('',(-70.4299993515015,1.60893998905767,30.));
#4380=CARTESIAN_POINT('',(-70.4299993515015,51.9999999999999,30.));
#4381=CARTESIAN_POINT('Origin',(-70.4299993515015,51.9999999999999,30.));
#4382=CARTESIAN_POINT('',(74.5700006484985,51.9999999999999,30.));
#4383=CARTESIAN_POINT('',(74.5700006484985,51.9636533665834,30.7269326683291));
#4384=CARTESIAN_POINT('',(-57.206059686693,51.9999999999999,30.));
#4385=CARTESIAN_POINT('Origin',(74.5700006484985,57.1999999999999,30.));
#4386=CARTESIAN_POINT('',(74.5700006484985,47.7497541258042,30.));
#4387=CARTESIAN_POINT('',(74.5700006484985,6.60893998905767,30.));
#4388=CARTESIAN_POINT('',(74.5700006484985,47.7497541258042,30.));
#4389=CARTESIAN_POINT('Origin',(75.5700006484985,47.7497541258042,30.));
#4390=CARTESIAN_POINT('',(75.0195153944957,46.9149092389387,30.));
#4391=CARTESIAN_POINT('Origin',(75.5700006484985,47.7497541258042,30.));
#4392=CARTESIAN_POINT('',(75.0195153944957,46.9149092389387,30.));
#4393=CARTESIAN_POINT('Origin',(66.7622365844543,34.3922359359557,30.));
#4394=CARTESIAN_POINT('',(79.2849098874373,42.6495147459971,30.));
#4395=CARTESIAN_POINT('',(79.2849098874373,42.6495147459971,30.));
#4396=CARTESIAN_POINT('Origin',(66.7622365844543,34.3922359359557,30.));
#4397=CARTESIAN_POINT('Origin',(80.1197547743028,43.1999999999999,30.));
#4398=CARTESIAN_POINT('',(80.1197547743028,42.1999999999999,30.));
#4399=CARTESIAN_POINT('Origin',(80.1197547743028,43.1999999999999,30.));
#4400=CARTESIAN_POINT('',(80.1197547743028,42.1999999999999,30.));
#4401=CARTESIAN_POINT('Origin',(79.5700006484985,42.1999999999999,30.));
#4402=CARTESIAN_POINT('',(84.3700006484985,42.1999999999999,30.));
#4403=CARTESIAN_POINT('',(17.793940313307,42.1999999999999,30.));
#4404=CARTESIAN_POINT('',(84.4464345637105,42.1999999999999,28.4713216957606));
#4405=CARTESIAN_POINT('Origin',(84.4700006484985,-36.5000000000001,28.));
#4406=CARTESIAN_POINT('',(84.3700006484985,-40.2410600109423,30.));
#4407=CARTESIAN_POINT('Origin',(50.4200933984312,13.3495502386279,31.));
#4408=CARTESIAN_POINT('',(56.4200933984312,13.3495502386279,30.));
#4409=CARTESIAN_POINT('Origin',(56.4200933984312,13.3495502386279,31.));
#4410=CARTESIAN_POINT('Origin',(50.4200933984312,13.3495502386279,30.));
#4411=CARTESIAN_POINT('Origin',(18.920093398431,2.84955023862789,36.));
#4412=CARTESIAN_POINT('',(23.920093398431,2.84955023862789,36.));
#4413=CARTESIAN_POINT('Origin',(18.920093398431,2.84955023862789,36.));
#4414=CARTESIAN_POINT('Origin',(-43.9821200218845,-43.9821200218846,30.));
#4415=CARTESIAN_POINT('Origin',(18.920093398431,2.84955023862789,30.));
#4416=CARTESIAN_POINT('',(23.920093398431,2.84955023862789,30.));
#4417=UNCERTAINTY_MEASURE_WITH_UNIT(LENGTH_MEASURE(0.01),#4421,
'DISTANCE_ACCURACY_VALUE',
'Maximum model space distance between geometric entities at asserted c
onnectivities');
#4418=UNCERTAINTY_MEASURE_WITH_UNIT(LENGTH_MEASURE(0.01),#4421,
'DISTANCE_ACCURACY_VALUE',
'Maximum model space distance between geometric entities at asserted c
onnectivities');
#4419=(
GEOMETRIC_REPRESENTATION_CONTEXT(3)
GLOBAL_UNCERTAINTY_ASSIGNED_CONTEXT((#4417))
GLOBAL_UNIT_ASSIGNED_CONTEXT((#4421,#4423,#4424))
REPRESENTATION_CONTEXT('','3D')
);
#4420=(
GEOMETRIC_REPRESENTATION_CONTEXT(3)
GLOBAL_UNCERTAINTY_ASSIGNED_CONTEXT((#4418))
GLOBAL_UNIT_ASSIGNED_CONTEXT((#4421,#4423,#4424))
REPRESENTATION_CONTEXT('','3D')
);
#4421=(
LENGTH_UNIT()
NAMED_UNIT(*)
SI_UNIT(.MILLI.,.METRE.)
);
#4422=(
LENGTH_UNIT()
NAMED_UNIT(*)
SI_UNIT($,.METRE.)
);
#4423=(
NAMED_UNIT(*)
PLANE_ANGLE_UNIT()
SI_UNIT($,.RADIAN.)
);
#4424=(
NAMED_UNIT(*)
SI_UNIT($,.STERADIAN.)
SOLID_ANGLE_UNIT()
);
#4425=SHAPE_DEFINITION_REPRESENTATION(#4426,#4427);
#4426=PRODUCT_DEFINITION_SHAPE('',$,#4429);
#4427=SHAPE_REPRESENTATION('',(#2622),#4419);
#4428=PRODUCT_DEFINITION_CONTEXT('part definition',#4433,'design');
#4429=PRODUCT_DEFINITION('2026-03-15-10-35-25-822',
'sensors_module_bottom_v2',#4430,#4428);
#4430=PRODUCT_DEFINITION_FORMATION('',$,#4435);
#4431=PRODUCT_RELATED_PRODUCT_CATEGORY('sensors_module_bottom_v2',
'sensors_module_bottom_v2',(#4435));
#4432=APPLICATION_PROTOCOL_DEFINITION('international standard',
'automotive_design',2009,#4433);
#4433=APPLICATION_CONTEXT(
'Core Data for Automotive Mechanical Design Process');
#4434=PRODUCT_CONTEXT('part definition',#4433,'mechanical');
#4435=PRODUCT('2026-03-15-10-35-25-822','sensors_module_bottom_v2',$,(#4434));
#4436=PRESENTATION_STYLE_ASSIGNMENT((#4437));
#4437=SURFACE_STYLE_USAGE(.BOTH.,#4438);
#4438=SURFACE_SIDE_STYLE('',(#4439));
#4439=SURFACE_STYLE_FILL_AREA(#4440);
#4440=FILL_AREA_STYLE('Steel - Satin',(#4441));
#4441=FILL_AREA_STYLE_COLOUR('Steel - Satin',#4442);
#4442=COLOUR_RGB('Steel - Satin',0.627450980392157,0.627450980392157,0.627450980392157);
ENDSEC;
END-ISO-10303-21;
