ISO-10303-21;
HEADER;
/* Generated by software containing ST-Developer
 * from STEP Tools, Inc. (www.steptools.com) 
 */

FILE_DESCRIPTION(
/* description */ (''),
/* implementation_level */ '2;1');

FILE_NAME(
/* name */ 'sensors_modul_top.step',
/* time_stamp */ '2026-03-27T21:27:34+01:00',
/* author */ (''),
/* organization */ (''),
/* preprocessor_version */ 'ST-DEVELOPER v20.1',
/* originating_system */ 'Autodesk Translation Framework v14.24.0.0',
/* authorisation */ '');

FILE_SCHEMA (('AUTOMOTIVE_DESIGN { 1 0 10303 214 3 1 1 }'));
ENDSEC;

DATA;
#10=MECHANICAL_DESIGN_GEOMETRIC_PRESENTATION_REPRESENTATION('',(#13),#2243);
#11=SHAPE_REPRESENTATION_RELATIONSHIP('SRR','None',#2250,#12);
#12=ADVANCED_BREP_SHAPE_REPRESENTATION('',(#14),#2242);
#13=STYLED_ITEM('',(#2259),#14);
#14=MANIFOLD_SOLID_BREP('Body2',#1267);
#15=CYLINDRICAL_SURFACE('',#1318,2.35);
#16=CYLINDRICAL_SURFACE('',#1322,2.35);
#17=CYLINDRICAL_SURFACE('',#1326,2.35);
#18=CYLINDRICAL_SURFACE('',#1330,2.35);
#19=CYLINDRICAL_SURFACE('',#1334,0.900000000000001);
#20=CYLINDRICAL_SURFACE('',#1338,0.900000000000001);
#21=CYLINDRICAL_SURFACE('',#1343,1.35);
#22=CYLINDRICAL_SURFACE('',#1355,1.35);
#23=CYLINDRICAL_SURFACE('',#1367,1.35);
#24=CYLINDRICAL_SURFACE('',#1379,1.35);
#25=CYLINDRICAL_SURFACE('',#1394,1.);
#26=CYLINDRICAL_SURFACE('',#1396,1.);
#27=CYLINDRICAL_SURFACE('',#1398,1.);
#28=CYLINDRICAL_SURFACE('',#1399,1.);
#29=CYLINDRICAL_SURFACE('',#1400,1.);
#30=CYLINDRICAL_SURFACE('',#1402,1.);
#31=CYLINDRICAL_SURFACE('',#1403,15.);
#32=CYLINDRICAL_SURFACE('',#1404,1.);
#33=CYLINDRICAL_SURFACE('',#1405,15.);
#34=CYLINDRICAL_SURFACE('',#1407,1.);
#35=CYLINDRICAL_SURFACE('',#1408,1.);
#36=CYLINDRICAL_SURFACE('',#1410,1.);
#37=CYLINDRICAL_SURFACE('',#1411,1.);
#38=CYLINDRICAL_SURFACE('',#1413,1.);
#39=CYLINDRICAL_SURFACE('',#1414,15.);
#40=CYLINDRICAL_SURFACE('',#1416,1.);
#41=CYLINDRICAL_SURFACE('',#1418,1.);
#42=CYLINDRICAL_SURFACE('',#1419,1.);
#43=CYLINDRICAL_SURFACE('',#1421,1.);
#44=CYLINDRICAL_SURFACE('',#1422,15.);
#45=CYLINDRICAL_SURFACE('',#1424,15.);
#46=CYLINDRICAL_SURFACE('',#1425,15.);
#47=CYLINDRICAL_SURFACE('',#1426,15.0000000000002);
#48=CYLINDRICAL_SURFACE('',#1431,1.5);
#49=CYLINDRICAL_SURFACE('',#1437,1.5);
#50=CYLINDRICAL_SURFACE('',#1442,15.);
#51=FACE_BOUND('',#169,.T.);
#52=FACE_BOUND('',#170,.T.);
#53=FACE_BOUND('',#171,.T.);
#54=FACE_BOUND('',#172,.T.);
#55=FACE_BOUND('',#173,.T.);
#56=FACE_BOUND('',#174,.T.);
#57=FACE_BOUND('',#189,.T.);
#58=FACE_BOUND('',#193,.T.);
#59=FACE_BOUND('',#197,.T.);
#60=FACE_BOUND('',#201,.T.);
#61=FACE_BOUND('',#251,.T.);
#62=FACE_BOUND('',#252,.T.);
#63=FACE_BOUND('',#253,.T.);
#64=FACE_BOUND('',#254,.T.);
#65=FACE_BOUND('',#255,.T.);
#66=FACE_BOUND('',#256,.T.);
#67=PLANE('',#1284);
#68=PLANE('',#1345);
#69=PLANE('',#1357);
#70=PLANE('',#1369);
#71=PLANE('',#1381);
#72=PLANE('',#1388);
#73=PLANE('',#1389);
#74=PLANE('',#1390);
#75=PLANE('',#1391);
#76=PLANE('',#1392);
#77=PLANE('',#1393);
#78=PLANE('',#1395);
#79=PLANE('',#1397);
#80=PLANE('',#1401);
#81=PLANE('',#1409);
#82=PLANE('',#1412);
#83=PLANE('',#1417);
#84=PLANE('',#1420);
#85=PLANE('',#1427);
#86=PLANE('',#1433);
#87=PLANE('',#1439);
#88=PLANE('',#1440);
#89=PLANE('',#1441);
#90=PLANE('',#1444);
#91=PLANE('',#1445);
#92=PLANE('',#1446);
#93=FACE_OUTER_BOUND('',#167,.T.);
#94=FACE_OUTER_BOUND('',#168,.T.);
#95=FACE_OUTER_BOUND('',#175,.T.);
#96=FACE_OUTER_BOUND('',#176,.T.);
#97=FACE_OUTER_BOUND('',#177,.T.);
#98=FACE_OUTER_BOUND('',#178,.T.);
#99=FACE_OUTER_BOUND('',#179,.T.);
#100=FACE_OUTER_BOUND('',#180,.T.);
#101=FACE_OUTER_BOUND('',#181,.T.);
#102=FACE_OUTER_BOUND('',#182,.T.);
#103=FACE_OUTER_BOUND('',#183,.T.);
#104=FACE_OUTER_BOUND('',#184,.T.);
#105=FACE_OUTER_BOUND('',#185,.T.);
#106=FACE_OUTER_BOUND('',#186,.T.);
#107=FACE_OUTER_BOUND('',#187,.T.);
#108=FACE_OUTER_BOUND('',#188,.T.);
#109=FACE_OUTER_BOUND('',#190,.T.);
#110=FACE_OUTER_BOUND('',#191,.T.);
#111=FACE_OUTER_BOUND('',#192,.T.);
#112=FACE_OUTER_BOUND('',#194,.T.);
#113=FACE_OUTER_BOUND('',#195,.T.);
#114=FACE_OUTER_BOUND('',#196,.T.);
#115=FACE_OUTER_BOUND('',#198,.T.);
#116=FACE_OUTER_BOUND('',#199,.T.);
#117=FACE_OUTER_BOUND('',#200,.T.);
#118=FACE_OUTER_BOUND('',#202,.T.);
#119=FACE_OUTER_BOUND('',#203,.T.);
#120=FACE_OUTER_BOUND('',#204,.T.);
#121=FACE_OUTER_BOUND('',#205,.T.);
#122=FACE_OUTER_BOUND('',#206,.T.);
#123=FACE_OUTER_BOUND('',#207,.T.);
#124=FACE_OUTER_BOUND('',#208,.T.);
#125=FACE_OUTER_BOUND('',#209,.T.);
#126=FACE_OUTER_BOUND('',#210,.T.);
#127=FACE_OUTER_BOUND('',#211,.T.);
#128=FACE_OUTER_BOUND('',#212,.T.);
#129=FACE_OUTER_BOUND('',#213,.T.);
#130=FACE_OUTER_BOUND('',#214,.T.);
#131=FACE_OUTER_BOUND('',#215,.T.);
#132=FACE_OUTER_BOUND('',#216,.T.);
#133=FACE_OUTER_BOUND('',#217,.T.);
#134=FACE_OUTER_BOUND('',#218,.T.);
#135=FACE_OUTER_BOUND('',#219,.T.);
#136=FACE_OUTER_BOUND('',#220,.T.);
#137=FACE_OUTER_BOUND('',#221,.T.);
#138=FACE_OUTER_BOUND('',#222,.T.);
#139=FACE_OUTER_BOUND('',#223,.T.);
#140=FACE_OUTER_BOUND('',#224,.T.);
#141=FACE_OUTER_BOUND('',#225,.T.);
#142=FACE_OUTER_BOUND('',#226,.T.);
#143=FACE_OUTER_BOUND('',#227,.T.);
#144=FACE_OUTER_BOUND('',#228,.T.);
#145=FACE_OUTER_BOUND('',#229,.T.);
#146=FACE_OUTER_BOUND('',#230,.T.);
#147=FACE_OUTER_BOUND('',#231,.T.);
#148=FACE_OUTER_BOUND('',#232,.T.);
#149=FACE_OUTER_BOUND('',#233,.T.);
#150=FACE_OUTER_BOUND('',#234,.T.);
#151=FACE_OUTER_BOUND('',#235,.T.);
#152=FACE_OUTER_BOUND('',#236,.T.);
#153=FACE_OUTER_BOUND('',#237,.T.);
#154=FACE_OUTER_BOUND('',#238,.T.);
#155=FACE_OUTER_BOUND('',#239,.T.);
#156=FACE_OUTER_BOUND('',#240,.T.);
#157=FACE_OUTER_BOUND('',#241,.T.);
#158=FACE_OUTER_BOUND('',#242,.T.);
#159=FACE_OUTER_BOUND('',#243,.T.);
#160=FACE_OUTER_BOUND('',#244,.T.);
#161=FACE_OUTER_BOUND('',#245,.T.);
#162=FACE_OUTER_BOUND('',#246,.T.);
#163=FACE_OUTER_BOUND('',#247,.T.);
#164=FACE_OUTER_BOUND('',#248,.T.);
#165=FACE_OUTER_BOUND('',#249,.T.);
#166=FACE_OUTER_BOUND('',#250,.T.);
#167=EDGE_LOOP('',(#821,#822,#823,#824));
#168=EDGE_LOOP('',(#825,#826,#827,#828,#829,#830,#831,#832,#833,#834,#835,
#836,#837,#838,#839,#840,#841,#842,#843,#844,#845,#846,#847,#848,#849,#850,
#851,#852,#853,#854,#855,#856,#857,#858,#859,#860,#861,#862,#863,#864));
#169=EDGE_LOOP('',(#865));
#170=EDGE_LOOP('',(#866));
#171=EDGE_LOOP('',(#867));
#172=EDGE_LOOP('',(#868));
#173=EDGE_LOOP('',(#869));
#174=EDGE_LOOP('',(#870));
#175=EDGE_LOOP('',(#871,#872,#873,#874));
#176=EDGE_LOOP('',(#875,#876,#877,#878));
#177=EDGE_LOOP('',(#879,#880,#881,#882));
#178=EDGE_LOOP('',(#883,#884,#885,#886));
#179=EDGE_LOOP('',(#887,#888,#889,#890));
#180=EDGE_LOOP('',(#891,#892,#893,#894));
#181=EDGE_LOOP('',(#895,#896,#897,#898));
#182=EDGE_LOOP('',(#899,#900,#901,#902));
#183=EDGE_LOOP('',(#903,#904,#905,#906));
#184=EDGE_LOOP('',(#907,#908,#909,#910));
#185=EDGE_LOOP('',(#911,#912,#913,#914));
#186=EDGE_LOOP('',(#915,#916,#917,#918));
#187=EDGE_LOOP('',(#919,#920,#921,#922));
#188=EDGE_LOOP('',(#923,#924,#925,#926,#927,#928,#929,#930));
#189=EDGE_LOOP('',(#931));
#190=EDGE_LOOP('',(#932,#933,#934,#935));
#191=EDGE_LOOP('',(#936,#937,#938,#939));
#192=EDGE_LOOP('',(#940,#941,#942,#943,#944,#945,#946,#947));
#193=EDGE_LOOP('',(#948));
#194=EDGE_LOOP('',(#949,#950,#951,#952));
#195=EDGE_LOOP('',(#953,#954,#955,#956));
#196=EDGE_LOOP('',(#957,#958,#959,#960,#961,#962,#963,#964));
#197=EDGE_LOOP('',(#965));
#198=EDGE_LOOP('',(#966,#967,#968,#969));
#199=EDGE_LOOP('',(#970,#971,#972,#973));
#200=EDGE_LOOP('',(#974,#975,#976,#977,#978,#979,#980,#981));
#201=EDGE_LOOP('',(#982));
#202=EDGE_LOOP('',(#983));
#203=EDGE_LOOP('',(#984));
#204=EDGE_LOOP('',(#985));
#205=EDGE_LOOP('',(#986));
#206=EDGE_LOOP('',(#987));
#207=EDGE_LOOP('',(#988));
#208=EDGE_LOOP('',(#989,#990,#991,#992));
#209=EDGE_LOOP('',(#993,#994,#995,#996));
#210=EDGE_LOOP('',(#997,#998,#999,#1000));
#211=EDGE_LOOP('',(#1001,#1002,#1003,#1004));
#212=EDGE_LOOP('',(#1005,#1006,#1007,#1008));
#213=EDGE_LOOP('',(#1009,#1010,#1011,#1012));
#214=EDGE_LOOP('',(#1013,#1014,#1015,#1016));
#215=EDGE_LOOP('',(#1017,#1018,#1019,#1020));
#216=EDGE_LOOP('',(#1021,#1022,#1023,#1024));
#217=EDGE_LOOP('',(#1025,#1026,#1027,#1028));
#218=EDGE_LOOP('',(#1029,#1030,#1031,#1032));
#219=EDGE_LOOP('',(#1033,#1034,#1035,#1036,#1037,#1038,#1039,#1040));
#220=EDGE_LOOP('',(#1041,#1042,#1043,#1044));
#221=EDGE_LOOP('',(#1045,#1046,#1047,#1048));
#222=EDGE_LOOP('',(#1049,#1050,#1051,#1052));
#223=EDGE_LOOP('',(#1053,#1054,#1055,#1056));
#224=EDGE_LOOP('',(#1057,#1058,#1059,#1060));
#225=EDGE_LOOP('',(#1061,#1062,#1063,#1064));
#226=EDGE_LOOP('',(#1065,#1066,#1067,#1068));
#227=EDGE_LOOP('',(#1069,#1070,#1071,#1072,#1073,#1074,#1075,#1076));
#228=EDGE_LOOP('',(#1077,#1078,#1079,#1080));
#229=EDGE_LOOP('',(#1081,#1082,#1083,#1084));
#230=EDGE_LOOP('',(#1085,#1086,#1087,#1088));
#231=EDGE_LOOP('',(#1089,#1090,#1091,#1092));
#232=EDGE_LOOP('',(#1093,#1094,#1095,#1096));
#233=EDGE_LOOP('',(#1097,#1098,#1099,#1100));
#234=EDGE_LOOP('',(#1101,#1102,#1103,#1104,#1105,#1106,#1107,#1108));
#235=EDGE_LOOP('',(#1109,#1110,#1111,#1112));
#236=EDGE_LOOP('',(#1113,#1114,#1115,#1116));
#237=EDGE_LOOP('',(#1117,#1118,#1119,#1120));
#238=EDGE_LOOP('',(#1121,#1122,#1123,#1124));
#239=EDGE_LOOP('',(#1125,#1126,#1127,#1128));
#240=EDGE_LOOP('',(#1129,#1130,#1131,#1132));
#241=EDGE_LOOP('',(#1133));
#242=EDGE_LOOP('',(#1134,#1135,#1136,#1137));
#243=EDGE_LOOP('',(#1138,#1139,#1140,#1141));
#244=EDGE_LOOP('',(#1142));
#245=EDGE_LOOP('',(#1143,#1144,#1145,#1146));
#246=EDGE_LOOP('',(#1147,#1148,#1149,#1150));
#247=EDGE_LOOP('',(#1151,#1152,#1153,#1154,#1155,#1156,#1157,#1158));
#248=EDGE_LOOP('',(#1159,#1160,#1161,#1162));
#249=EDGE_LOOP('',(#1163,#1164,#1165,#1166));
#250=EDGE_LOOP('',(#1167,#1168,#1169,#1170,#1171,#1172,#1173,#1174));
#251=EDGE_LOOP('',(#1175));
#252=EDGE_LOOP('',(#1176));
#253=EDGE_LOOP('',(#1177));
#254=EDGE_LOOP('',(#1178));
#255=EDGE_LOOP('',(#1179));
#256=EDGE_LOOP('',(#1180));
#257=LINE('',#1874,#345);
#258=LINE('',#1879,#346);
#259=LINE('',#1885,#347);
#260=LINE('',#1891,#348);
#261=LINE('',#1899,#349);
#262=LINE('',#1905,#350);
#263=LINE('',#1911,#351);
#264=LINE('',#1919,#352);
#265=LINE('',#1925,#353);
#266=LINE('',#1931,#354);
#267=LINE('',#1939,#355);
#268=LINE('',#1945,#356);
#269=LINE('',#1951,#357);
#270=LINE('',#1969,#358);
#271=LINE('',#1973,#359);
#272=LINE('',#1977,#360);
#273=LINE('',#1981,#361);
#274=LINE('',#1985,#362);
#275=LINE('',#1989,#363);
#276=LINE('',#1993,#364);
#277=LINE('',#1997,#365);
#278=LINE('',#2001,#366);
#279=LINE('',#2005,#367);
#280=LINE('',#2009,#368);
#281=LINE('',#2015,#369);
#282=LINE('',#2019,#370);
#283=LINE('',#2030,#371);
#284=LINE('',#2037,#372);
#285=LINE('',#2042,#373);
#286=LINE('',#2046,#374);
#287=LINE('',#2053,#375);
#288=LINE('',#2061,#376);
#289=LINE('',#2069,#377);
#290=LINE('',#2073,#378);
#291=LINE('',#2080,#379);
#292=LINE('',#2088,#380);
#293=LINE('',#2096,#381);
#294=LINE('',#2100,#382);
#295=LINE('',#2111,#383);
#296=LINE('',#2118,#384);
#297=LINE('',#2126,#385);
#298=LINE('',#2127,#386);
#299=LINE('',#2129,#387);
#300=LINE('',#2131,#388);
#301=LINE('',#2132,#389);
#302=LINE('',#2134,#390);
#303=LINE('',#2136,#391);
#304=LINE('',#2138,#392);
#305=LINE('',#2140,#393);
#306=LINE('',#2141,#394);
#307=LINE('',#2143,#395);
#308=LINE('',#2145,#396);
#309=LINE('',#2147,#397);
#310=LINE('',#2149,#398);
#311=LINE('',#2150,#399);
#312=LINE('',#2153,#400);
#313=LINE('',#2156,#401);
#314=LINE('',#2158,#402);
#315=LINE('',#2160,#403);
#316=LINE('',#2161,#404);
#317=LINE('',#2163,#405);
#318=LINE('',#2165,#406);
#319=LINE('',#2167,#407);
#320=LINE('',#2168,#408);
#321=LINE('',#2170,#409);
#322=LINE('',#2172,#410);
#323=LINE('',#2175,#411);
#324=LINE('',#2178,#412);
#325=LINE('',#2180,#413);
#326=LINE('',#2181,#414);
#327=LINE('',#2183,#415);
#328=LINE('',#2185,#416);
#329=LINE('',#2187,#417);
#330=LINE('',#2188,#418);
#331=LINE('',#2190,#419);
#332=LINE('',#2192,#420);
#333=LINE('',#2195,#421);
#334=LINE('',#2198,#422);
#335=LINE('',#2207,#423);
#336=LINE('',#2211,#424);
#337=LINE('',#2218,#425);
#338=LINE('',#2222,#426);
#339=LINE('',#2226,#427);
#340=LINE('',#2229,#428);
#341=LINE('',#2230,#429);
#342=LINE('',#2233,#430);
#343=LINE('',#2236,#431);
#344=LINE('',#2238,#432);
#345=VECTOR('',#1453,2.45);
#346=VECTOR('',#1458,10.);
#347=VECTOR('',#1463,10.);
#348=VECTOR('',#1468,10.);
#349=VECTOR('',#1475,10.);
#350=VECTOR('',#1480,10.);
#351=VECTOR('',#1485,10.);
#352=VECTOR('',#1492,10.);
#353=VECTOR('',#1497,10.);
#354=VECTOR('',#1502,10.);
#355=VECTOR('',#1509,10.);
#356=VECTOR('',#1514,10.);
#357=VECTOR('',#1519,10.);
#358=VECTOR('',#1538,2.35);
#359=VECTOR('',#1543,2.45);
#360=VECTOR('',#1548,2.35);
#361=VECTOR('',#1553,2.45);
#362=VECTOR('',#1558,2.35);
#363=VECTOR('',#1563,2.45);
#364=VECTOR('',#1568,2.35);
#365=VECTOR('',#1573,1.);
#366=VECTOR('',#1578,0.900000000000001);
#367=VECTOR('',#1583,1.);
#368=VECTOR('',#1588,0.900000000000001);
#369=VECTOR('',#1595,1.45);
#370=VECTOR('',#1600,1.35);
#371=VECTOR('',#1611,10.);
#372=VECTOR('',#1618,10.);
#373=VECTOR('',#1623,1.45);
#374=VECTOR('',#1628,1.35);
#375=VECTOR('',#1635,10.);
#376=VECTOR('',#1642,10.);
#377=VECTOR('',#1651,1.45);
#378=VECTOR('',#1656,1.35);
#379=VECTOR('',#1663,10.);
#380=VECTOR('',#1670,10.);
#381=VECTOR('',#1679,1.45);
#382=VECTOR('',#1684,1.35);
#383=VECTOR('',#1695,10.);
#384=VECTOR('',#1702,10.);
#385=VECTOR('',#1717,10.);
#386=VECTOR('',#1718,10.);
#387=VECTOR('',#1721,10.);
#388=VECTOR('',#1724,10.);
#389=VECTOR('',#1725,10.);
#390=VECTOR('',#1728,10.);
#391=VECTOR('',#1731,10.);
#392=VECTOR('',#1734,10.);
#393=VECTOR('',#1737,10.);
#394=VECTOR('',#1738,10.);
#395=VECTOR('',#1741,10.);
#396=VECTOR('',#1744,10.);
#397=VECTOR('',#1747,10.);
#398=VECTOR('',#1750,10.);
#399=VECTOR('',#1751,10.);
#400=VECTOR('',#1754,10.);
#401=VECTOR('',#1757,10.);
#402=VECTOR('',#1760,10.);
#403=VECTOR('',#1763,10.);
#404=VECTOR('',#1764,10.);
#405=VECTOR('',#1767,10.);
#406=VECTOR('',#1770,10.);
#407=VECTOR('',#1773,10.);
#408=VECTOR('',#1774,10.);
#409=VECTOR('',#1777,10.);
#410=VECTOR('',#1780,10.);
#411=VECTOR('',#1783,10.);
#412=VECTOR('',#1786,10.);
#413=VECTOR('',#1789,10.);
#414=VECTOR('',#1790,10.);
#415=VECTOR('',#1793,10.);
#416=VECTOR('',#1796,10.);
#417=VECTOR('',#1799,10.);
#418=VECTOR('',#1800,10.);
#419=VECTOR('',#1803,10.);
#420=VECTOR('',#1806,10.);
#421=VECTOR('',#1809,10.);
#422=VECTOR('',#1812,10.);
#423=VECTOR('',#1825,1.3);
#424=VECTOR('',#1830,1.5);
#425=VECTOR('',#1839,1.3);
#426=VECTOR('',#1844,1.5);
#427=VECTOR('',#1851,10.);
#428=VECTOR('',#1854,10.);
#429=VECTOR('',#1855,10.);
#430=VECTOR('',#1858,10.);
#431=VECTOR('',#1863,10.);
#432=VECTOR('',#1866,10.);
#433=CIRCLE('',#1282,2.55);
#434=CIRCLE('',#1283,2.35);
#435=CIRCLE('',#1285,1.);
#436=CIRCLE('',#1286,15.);
#437=CIRCLE('',#1287,15.);
#438=CIRCLE('',#1288,1.);
#439=CIRCLE('',#1289,1.);
#440=CIRCLE('',#1290,15.);
#441=CIRCLE('',#1291,1.);
#442=CIRCLE('',#1292,1.);
#443=CIRCLE('',#1293,15.);
#444=CIRCLE('',#1294,15.);
#445=CIRCLE('',#1295,1.);
#446=CIRCLE('',#1296,1.);
#447=CIRCLE('',#1297,15.);
#448=CIRCLE('',#1298,1.);
#449=CIRCLE('',#1299,1.);
#450=CIRCLE('',#1300,15.);
#451=CIRCLE('',#1301,15.);
#452=CIRCLE('',#1302,1.);
#453=CIRCLE('',#1303,1.);
#454=CIRCLE('',#1304,15.0000000000002);
#455=CIRCLE('',#1305,1.);
#456=CIRCLE('',#1306,1.);
#457=CIRCLE('',#1307,15.);
#458=CIRCLE('',#1308,15.);
#459=CIRCLE('',#1309,1.);
#460=CIRCLE('',#1310,1.);
#461=CIRCLE('',#1311,15.);
#462=CIRCLE('',#1312,1.);
#463=CIRCLE('',#1313,2.55);
#464=CIRCLE('',#1314,2.55);
#465=CIRCLE('',#1315,1.1);
#466=CIRCLE('',#1316,1.1);
#467=CIRCLE('',#1317,2.55);
#468=CIRCLE('',#1319,2.35);
#469=CIRCLE('',#1321,2.35);
#470=CIRCLE('',#1323,2.35);
#471=CIRCLE('',#1325,2.35);
#472=CIRCLE('',#1327,2.35);
#473=CIRCLE('',#1329,2.35);
#474=CIRCLE('',#1331,2.35);
#475=CIRCLE('',#1333,0.900000000000001);
#476=CIRCLE('',#1335,0.900000000000001);
#477=CIRCLE('',#1337,0.900000000000001);
#478=CIRCLE('',#1339,0.900000000000001);
#479=CIRCLE('',#1341,1.54999999999999);
#480=CIRCLE('',#1342,1.35);
#481=CIRCLE('',#1344,1.35);
#482=CIRCLE('',#1346,1.);
#483=CIRCLE('',#1347,15.);
#484=CIRCLE('',#1348,1.);
#485=CIRCLE('',#1349,1.);
#486=CIRCLE('',#1350,15.);
#487=CIRCLE('',#1351,1.);
#488=CIRCLE('',#1353,1.54999999999999);
#489=CIRCLE('',#1354,1.35);
#490=CIRCLE('',#1356,1.35);
#491=CIRCLE('',#1358,1.);
#492=CIRCLE('',#1359,1.);
#493=CIRCLE('',#1360,15.);
#494=CIRCLE('',#1361,1.);
#495=CIRCLE('',#1362,1.);
#496=CIRCLE('',#1363,15.);
#497=CIRCLE('',#1365,1.54999999999999);
#498=CIRCLE('',#1366,1.35);
#499=CIRCLE('',#1368,1.35);
#500=CIRCLE('',#1370,1.);
#501=CIRCLE('',#1371,1.);
#502=CIRCLE('',#1372,15.0000000000002);
#503=CIRCLE('',#1373,1.);
#504=CIRCLE('',#1374,1.);
#505=CIRCLE('',#1375,15.);
#506=CIRCLE('',#1377,1.54999999999999);
#507=CIRCLE('',#1378,1.35);
#508=CIRCLE('',#1380,1.35);
#509=CIRCLE('',#1382,1.);
#510=CIRCLE('',#1383,15.);
#511=CIRCLE('',#1384,1.);
#512=CIRCLE('',#1385,1.);
#513=CIRCLE('',#1386,15.);
#514=CIRCLE('',#1387,1.);
#515=CIRCLE('',#1406,15.);
#516=CIRCLE('',#1415,15.);
#517=CIRCLE('',#1423,15.);
#518=CIRCLE('',#1429,1.1);
#519=CIRCLE('',#1430,1.5);
#520=CIRCLE('',#1432,1.5);
#521=CIRCLE('',#1435,1.1);
#522=CIRCLE('',#1436,1.5);
#523=CIRCLE('',#1438,1.5);
#524=CIRCLE('',#1443,15.);
#525=VERTEX_POINT('',#1871);
#526=VERTEX_POINT('',#1873);
#527=VERTEX_POINT('',#1877);
#528=VERTEX_POINT('',#1878);
#529=VERTEX_POINT('',#1880);
#530=VERTEX_POINT('',#1882);
#531=VERTEX_POINT('',#1884);
#532=VERTEX_POINT('',#1886);
#533=VERTEX_POINT('',#1888);
#534=VERTEX_POINT('',#1890);
#535=VERTEX_POINT('',#1892);
#536=VERTEX_POINT('',#1894);
#537=VERTEX_POINT('',#1896);
#538=VERTEX_POINT('',#1898);
#539=VERTEX_POINT('',#1900);
#540=VERTEX_POINT('',#1902);
#541=VERTEX_POINT('',#1904);
#542=VERTEX_POINT('',#1906);
#543=VERTEX_POINT('',#1908);
#544=VERTEX_POINT('',#1910);
#545=VERTEX_POINT('',#1912);
#546=VERTEX_POINT('',#1914);
#547=VERTEX_POINT('',#1916);
#548=VERTEX_POINT('',#1918);
#549=VERTEX_POINT('',#1920);
#550=VERTEX_POINT('',#1922);
#551=VERTEX_POINT('',#1924);
#552=VERTEX_POINT('',#1926);
#553=VERTEX_POINT('',#1928);
#554=VERTEX_POINT('',#1930);
#555=VERTEX_POINT('',#1932);
#556=VERTEX_POINT('',#1934);
#557=VERTEX_POINT('',#1936);
#558=VERTEX_POINT('',#1938);
#559=VERTEX_POINT('',#1940);
#560=VERTEX_POINT('',#1942);
#561=VERTEX_POINT('',#1944);
#562=VERTEX_POINT('',#1946);
#563=VERTEX_POINT('',#1948);
#564=VERTEX_POINT('',#1950);
#565=VERTEX_POINT('',#1952);
#566=VERTEX_POINT('',#1954);
#567=VERTEX_POINT('',#1957);
#568=VERTEX_POINT('',#1959);
#569=VERTEX_POINT('',#1961);
#570=VERTEX_POINT('',#1963);
#571=VERTEX_POINT('',#1965);
#572=VERTEX_POINT('',#1968);
#573=VERTEX_POINT('',#1972);
#574=VERTEX_POINT('',#1976);
#575=VERTEX_POINT('',#1980);
#576=VERTEX_POINT('',#1984);
#577=VERTEX_POINT('',#1988);
#578=VERTEX_POINT('',#1992);
#579=VERTEX_POINT('',#1996);
#580=VERTEX_POINT('',#2000);
#581=VERTEX_POINT('',#2004);
#582=VERTEX_POINT('',#2008);
#583=VERTEX_POINT('',#2012);
#584=VERTEX_POINT('',#2014);
#585=VERTEX_POINT('',#2018);
#586=VERTEX_POINT('',#2022);
#587=VERTEX_POINT('',#2023);
#588=VERTEX_POINT('',#2025);
#589=VERTEX_POINT('',#2027);
#590=VERTEX_POINT('',#2029);
#591=VERTEX_POINT('',#2031);
#592=VERTEX_POINT('',#2033);
#593=VERTEX_POINT('',#2035);
#594=VERTEX_POINT('',#2039);
#595=VERTEX_POINT('',#2041);
#596=VERTEX_POINT('',#2045);
#597=VERTEX_POINT('',#2049);
#598=VERTEX_POINT('',#2050);
#599=VERTEX_POINT('',#2052);
#600=VERTEX_POINT('',#2054);
#601=VERTEX_POINT('',#2056);
#602=VERTEX_POINT('',#2058);
#603=VERTEX_POINT('',#2060);
#604=VERTEX_POINT('',#2062);
#605=VERTEX_POINT('',#2066);
#606=VERTEX_POINT('',#2068);
#607=VERTEX_POINT('',#2072);
#608=VERTEX_POINT('',#2076);
#609=VERTEX_POINT('',#2077);
#610=VERTEX_POINT('',#2079);
#611=VERTEX_POINT('',#2081);
#612=VERTEX_POINT('',#2083);
#613=VERTEX_POINT('',#2085);
#614=VERTEX_POINT('',#2087);
#615=VERTEX_POINT('',#2089);
#616=VERTEX_POINT('',#2093);
#617=VERTEX_POINT('',#2095);
#618=VERTEX_POINT('',#2099);
#619=VERTEX_POINT('',#2103);
#620=VERTEX_POINT('',#2104);
#621=VERTEX_POINT('',#2106);
#622=VERTEX_POINT('',#2108);
#623=VERTEX_POINT('',#2110);
#624=VERTEX_POINT('',#2112);
#625=VERTEX_POINT('',#2114);
#626=VERTEX_POINT('',#2116);
#627=VERTEX_POINT('',#2152);
#628=VERTEX_POINT('',#2154);
#629=VERTEX_POINT('',#2174);
#630=VERTEX_POINT('',#2176);
#631=VERTEX_POINT('',#2194);
#632=VERTEX_POINT('',#2196);
#633=VERTEX_POINT('',#2204);
#634=VERTEX_POINT('',#2206);
#635=VERTEX_POINT('',#2210);
#636=VERTEX_POINT('',#2215);
#637=VERTEX_POINT('',#2217);
#638=VERTEX_POINT('',#2221);
#639=VERTEX_POINT('',#2228);
#640=VERTEX_POINT('',#2232);
#641=EDGE_CURVE('',#525,#525,#433,.T.);
#642=EDGE_CURVE('',#525,#526,#257,.T.);
#643=EDGE_CURVE('',#526,#526,#434,.T.);
#644=EDGE_CURVE('',#527,#528,#258,.T.);
#645=EDGE_CURVE('',#529,#528,#435,.F.);
#646=EDGE_CURVE('',#529,#530,#436,.T.);
#647=EDGE_CURVE('',#530,#531,#259,.T.);
#648=EDGE_CURVE('',#531,#532,#437,.T.);
#649=EDGE_CURVE('',#532,#533,#438,.T.);
#650=EDGE_CURVE('',#533,#534,#260,.T.);
#651=EDGE_CURVE('',#535,#534,#439,.F.);
#652=EDGE_CURVE('',#535,#536,#440,.T.);
#653=EDGE_CURVE('',#537,#536,#441,.F.);
#654=EDGE_CURVE('',#537,#538,#261,.T.);
#655=EDGE_CURVE('',#539,#538,#442,.F.);
#656=EDGE_CURVE('',#539,#540,#443,.T.);
#657=EDGE_CURVE('',#540,#541,#262,.T.);
#658=EDGE_CURVE('',#541,#542,#444,.T.);
#659=EDGE_CURVE('',#542,#543,#445,.T.);
#660=EDGE_CURVE('',#543,#544,#263,.T.);
#661=EDGE_CURVE('',#545,#544,#446,.F.);
#662=EDGE_CURVE('',#545,#546,#447,.T.);
#663=EDGE_CURVE('',#547,#546,#448,.F.);
#664=EDGE_CURVE('',#547,#548,#264,.T.);
#665=EDGE_CURVE('',#549,#548,#449,.F.);
#666=EDGE_CURVE('',#549,#550,#450,.T.);
#667=EDGE_CURVE('',#550,#551,#265,.T.);
#668=EDGE_CURVE('',#551,#552,#451,.T.);
#669=EDGE_CURVE('',#552,#553,#452,.T.);
#670=EDGE_CURVE('',#553,#554,#266,.T.);
#671=EDGE_CURVE('',#555,#554,#453,.F.);
#672=EDGE_CURVE('',#555,#556,#454,.T.);
#673=EDGE_CURVE('',#557,#556,#455,.F.);
#674=EDGE_CURVE('',#557,#558,#267,.T.);
#675=EDGE_CURVE('',#559,#558,#456,.F.);
#676=EDGE_CURVE('',#559,#560,#457,.T.);
#677=EDGE_CURVE('',#560,#561,#268,.T.);
#678=EDGE_CURVE('',#561,#562,#458,.T.);
#679=EDGE_CURVE('',#562,#563,#459,.T.);
#680=EDGE_CURVE('',#563,#564,#269,.T.);
#681=EDGE_CURVE('',#565,#564,#460,.F.);
#682=EDGE_CURVE('',#565,#566,#461,.T.);
#683=EDGE_CURVE('',#527,#566,#462,.F.);
#684=EDGE_CURVE('',#567,#567,#463,.T.);
#685=EDGE_CURVE('',#568,#568,#464,.T.);
#686=EDGE_CURVE('',#569,#569,#465,.T.);
#687=EDGE_CURVE('',#570,#570,#466,.T.);
#688=EDGE_CURVE('',#571,#571,#467,.T.);
#689=EDGE_CURVE('',#526,#572,#270,.T.);
#690=EDGE_CURVE('',#572,#572,#468,.T.);
#691=EDGE_CURVE('',#567,#573,#271,.T.);
#692=EDGE_CURVE('',#573,#573,#469,.T.);
#693=EDGE_CURVE('',#573,#574,#272,.T.);
#694=EDGE_CURVE('',#574,#574,#470,.T.);
#695=EDGE_CURVE('',#571,#575,#273,.T.);
#696=EDGE_CURVE('',#575,#575,#471,.T.);
#697=EDGE_CURVE('',#575,#576,#274,.T.);
#698=EDGE_CURVE('',#576,#576,#472,.T.);
#699=EDGE_CURVE('',#568,#577,#275,.T.);
#700=EDGE_CURVE('',#577,#577,#473,.T.);
#701=EDGE_CURVE('',#577,#578,#276,.T.);
#702=EDGE_CURVE('',#578,#578,#474,.T.);
#703=EDGE_CURVE('',#570,#579,#277,.T.);
#704=EDGE_CURVE('',#579,#579,#475,.T.);
#705=EDGE_CURVE('',#579,#580,#278,.T.);
#706=EDGE_CURVE('',#580,#580,#476,.T.);
#707=EDGE_CURVE('',#569,#581,#279,.T.);
#708=EDGE_CURVE('',#581,#581,#477,.T.);
#709=EDGE_CURVE('',#581,#582,#280,.T.);
#710=EDGE_CURVE('',#582,#582,#478,.T.);
#711=EDGE_CURVE('',#583,#583,#479,.T.);
#712=EDGE_CURVE('',#583,#584,#281,.T.);
#713=EDGE_CURVE('',#584,#584,#480,.T.);
#714=EDGE_CURVE('',#584,#585,#282,.T.);
#715=EDGE_CURVE('',#585,#585,#481,.T.);
#716=EDGE_CURVE('',#586,#587,#482,.T.);
#717=EDGE_CURVE('',#586,#588,#483,.T.);
#718=EDGE_CURVE('',#589,#588,#484,.T.);
#719=EDGE_CURVE('',#589,#590,#283,.T.);
#720=EDGE_CURVE('',#591,#590,#485,.T.);
#721=EDGE_CURVE('',#591,#592,#486,.T.);
#722=EDGE_CURVE('',#593,#592,#487,.T.);
#723=EDGE_CURVE('',#593,#587,#284,.T.);
#724=EDGE_CURVE('',#594,#594,#488,.T.);
#725=EDGE_CURVE('',#594,#595,#285,.T.);
#726=EDGE_CURVE('',#595,#595,#489,.T.);
#727=EDGE_CURVE('',#595,#596,#286,.T.);
#728=EDGE_CURVE('',#596,#596,#490,.T.);
#729=EDGE_CURVE('',#597,#598,#491,.T.);
#730=EDGE_CURVE('',#597,#599,#287,.T.);
#731=EDGE_CURVE('',#600,#599,#492,.T.);
#732=EDGE_CURVE('',#600,#601,#493,.T.);
#733=EDGE_CURVE('',#602,#601,#494,.T.);
#734=EDGE_CURVE('',#602,#603,#288,.T.);
#735=EDGE_CURVE('',#604,#603,#495,.T.);
#736=EDGE_CURVE('',#604,#598,#496,.T.);
#737=EDGE_CURVE('',#605,#605,#497,.T.);
#738=EDGE_CURVE('',#605,#606,#289,.T.);
#739=EDGE_CURVE('',#606,#606,#498,.T.);
#740=EDGE_CURVE('',#606,#607,#290,.T.);
#741=EDGE_CURVE('',#607,#607,#499,.T.);
#742=EDGE_CURVE('',#608,#609,#500,.T.);
#743=EDGE_CURVE('',#608,#610,#291,.T.);
#744=EDGE_CURVE('',#611,#610,#501,.T.);
#745=EDGE_CURVE('',#611,#612,#502,.T.);
#746=EDGE_CURVE('',#613,#612,#503,.T.);
#747=EDGE_CURVE('',#613,#614,#292,.T.);
#748=EDGE_CURVE('',#615,#614,#504,.T.);
#749=EDGE_CURVE('',#615,#609,#505,.T.);
#750=EDGE_CURVE('',#616,#616,#506,.T.);
#751=EDGE_CURVE('',#616,#617,#293,.T.);
#752=EDGE_CURVE('',#617,#617,#507,.T.);
#753=EDGE_CURVE('',#617,#618,#294,.T.);
#754=EDGE_CURVE('',#618,#618,#508,.T.);
#755=EDGE_CURVE('',#619,#620,#509,.T.);
#756=EDGE_CURVE('',#619,#621,#510,.T.);
#757=EDGE_CURVE('',#622,#621,#511,.T.);
#758=EDGE_CURVE('',#622,#623,#295,.T.);
#759=EDGE_CURVE('',#624,#623,#512,.T.);
#760=EDGE_CURVE('',#624,#625,#513,.T.);
#761=EDGE_CURVE('',#626,#625,#514,.T.);
#762=EDGE_CURVE('',#626,#620,#296,.T.);
#763=EDGE_CURVE('',#620,#563,#297,.T.);
#764=EDGE_CURVE('',#562,#619,#298,.T.);
#765=EDGE_CURVE('',#564,#626,#299,.T.);
#766=EDGE_CURVE('',#621,#529,#300,.T.);
#767=EDGE_CURVE('',#528,#622,#301,.T.);
#768=EDGE_CURVE('',#623,#527,#302,.T.);
#769=EDGE_CURVE('',#566,#624,#303,.T.);
#770=EDGE_CURVE('',#625,#565,#304,.T.);
#771=EDGE_CURVE('',#587,#533,#305,.T.);
#772=EDGE_CURVE('',#532,#586,#306,.T.);
#773=EDGE_CURVE('',#534,#593,#307,.T.);
#774=EDGE_CURVE('',#592,#535,#308,.T.);
#775=EDGE_CURVE('',#536,#591,#309,.T.);
#776=EDGE_CURVE('',#588,#539,#310,.T.);
#777=EDGE_CURVE('',#538,#589,#311,.T.);
#778=EDGE_CURVE('',#627,#531,#312,.T.);
#779=EDGE_CURVE('',#627,#628,#515,.T.);
#780=EDGE_CURVE('',#628,#540,#313,.T.);
#781=EDGE_CURVE('',#590,#537,#314,.T.);
#782=EDGE_CURVE('',#598,#549,#315,.T.);
#783=EDGE_CURVE('',#548,#597,#316,.T.);
#784=EDGE_CURVE('',#599,#547,#317,.T.);
#785=EDGE_CURVE('',#546,#600,#318,.T.);
#786=EDGE_CURVE('',#601,#545,#319,.T.);
#787=EDGE_CURVE('',#544,#602,#320,.T.);
#788=EDGE_CURVE('',#603,#543,#321,.T.);
#789=EDGE_CURVE('',#542,#604,#322,.T.);
#790=EDGE_CURVE('',#629,#541,#323,.T.);
#791=EDGE_CURVE('',#629,#630,#516,.T.);
#792=EDGE_CURVE('',#630,#550,#324,.T.);
#793=EDGE_CURVE('',#609,#559,#325,.T.);
#794=EDGE_CURVE('',#558,#608,#326,.T.);
#795=EDGE_CURVE('',#610,#557,#327,.T.);
#796=EDGE_CURVE('',#556,#611,#328,.T.);
#797=EDGE_CURVE('',#612,#555,#329,.T.);
#798=EDGE_CURVE('',#554,#613,#330,.T.);
#799=EDGE_CURVE('',#614,#553,#331,.T.);
#800=EDGE_CURVE('',#552,#615,#332,.T.);
#801=EDGE_CURVE('',#631,#551,#333,.T.);
#802=EDGE_CURVE('',#631,#632,#517,.T.);
#803=EDGE_CURVE('',#632,#560,#334,.T.);
#804=EDGE_CURVE('',#633,#633,#518,.T.);
#805=EDGE_CURVE('',#633,#634,#335,.T.);
#806=EDGE_CURVE('',#634,#634,#519,.T.);
#807=EDGE_CURVE('',#634,#635,#336,.T.);
#808=EDGE_CURVE('',#635,#635,#520,.T.);
#809=EDGE_CURVE('',#636,#636,#521,.T.);
#810=EDGE_CURVE('',#636,#637,#337,.T.);
#811=EDGE_CURVE('',#637,#637,#522,.T.);
#812=EDGE_CURVE('',#637,#638,#338,.T.);
#813=EDGE_CURVE('',#638,#638,#523,.T.);
#814=EDGE_CURVE('',#629,#628,#339,.T.);
#815=EDGE_CURVE('',#627,#639,#340,.T.);
#816=EDGE_CURVE('',#639,#530,#341,.T.);
#817=EDGE_CURVE('',#640,#561,#342,.T.);
#818=EDGE_CURVE('',#640,#639,#524,.T.);
#819=EDGE_CURVE('',#640,#632,#343,.T.);
#820=EDGE_CURVE('',#631,#630,#344,.T.);
#821=ORIENTED_EDGE('',*,*,#641,.T.);
#822=ORIENTED_EDGE('',*,*,#642,.T.);
#823=ORIENTED_EDGE('',*,*,#643,.T.);
#824=ORIENTED_EDGE('',*,*,#642,.F.);
#825=ORIENTED_EDGE('',*,*,#644,.T.);
#826=ORIENTED_EDGE('',*,*,#645,.F.);
#827=ORIENTED_EDGE('',*,*,#646,.T.);
#828=ORIENTED_EDGE('',*,*,#647,.T.);
#829=ORIENTED_EDGE('',*,*,#648,.T.);
#830=ORIENTED_EDGE('',*,*,#649,.T.);
#831=ORIENTED_EDGE('',*,*,#650,.T.);
#832=ORIENTED_EDGE('',*,*,#651,.F.);
#833=ORIENTED_EDGE('',*,*,#652,.T.);
#834=ORIENTED_EDGE('',*,*,#653,.F.);
#835=ORIENTED_EDGE('',*,*,#654,.T.);
#836=ORIENTED_EDGE('',*,*,#655,.F.);
#837=ORIENTED_EDGE('',*,*,#656,.T.);
#838=ORIENTED_EDGE('',*,*,#657,.T.);
#839=ORIENTED_EDGE('',*,*,#658,.T.);
#840=ORIENTED_EDGE('',*,*,#659,.T.);
#841=ORIENTED_EDGE('',*,*,#660,.T.);
#842=ORIENTED_EDGE('',*,*,#661,.F.);
#843=ORIENTED_EDGE('',*,*,#662,.T.);
#844=ORIENTED_EDGE('',*,*,#663,.F.);
#845=ORIENTED_EDGE('',*,*,#664,.T.);
#846=ORIENTED_EDGE('',*,*,#665,.F.);
#847=ORIENTED_EDGE('',*,*,#666,.T.);
#848=ORIENTED_EDGE('',*,*,#667,.T.);
#849=ORIENTED_EDGE('',*,*,#668,.T.);
#850=ORIENTED_EDGE('',*,*,#669,.T.);
#851=ORIENTED_EDGE('',*,*,#670,.T.);
#852=ORIENTED_EDGE('',*,*,#671,.F.);
#853=ORIENTED_EDGE('',*,*,#672,.T.);
#854=ORIENTED_EDGE('',*,*,#673,.F.);
#855=ORIENTED_EDGE('',*,*,#674,.T.);
#856=ORIENTED_EDGE('',*,*,#675,.F.);
#857=ORIENTED_EDGE('',*,*,#676,.T.);
#858=ORIENTED_EDGE('',*,*,#677,.T.);
#859=ORIENTED_EDGE('',*,*,#678,.T.);
#860=ORIENTED_EDGE('',*,*,#679,.T.);
#861=ORIENTED_EDGE('',*,*,#680,.T.);
#862=ORIENTED_EDGE('',*,*,#681,.F.);
#863=ORIENTED_EDGE('',*,*,#682,.T.);
#864=ORIENTED_EDGE('',*,*,#683,.F.);
#865=ORIENTED_EDGE('',*,*,#684,.F.);
#866=ORIENTED_EDGE('',*,*,#685,.F.);
#867=ORIENTED_EDGE('',*,*,#686,.F.);
#868=ORIENTED_EDGE('',*,*,#687,.F.);
#869=ORIENTED_EDGE('',*,*,#688,.F.);
#870=ORIENTED_EDGE('',*,*,#641,.F.);
#871=ORIENTED_EDGE('',*,*,#643,.F.);
#872=ORIENTED_EDGE('',*,*,#689,.T.);
#873=ORIENTED_EDGE('',*,*,#690,.T.);
#874=ORIENTED_EDGE('',*,*,#689,.F.);
#875=ORIENTED_EDGE('',*,*,#684,.T.);
#876=ORIENTED_EDGE('',*,*,#691,.T.);
#877=ORIENTED_EDGE('',*,*,#692,.T.);
#878=ORIENTED_EDGE('',*,*,#691,.F.);
#879=ORIENTED_EDGE('',*,*,#692,.F.);
#880=ORIENTED_EDGE('',*,*,#693,.T.);
#881=ORIENTED_EDGE('',*,*,#694,.T.);
#882=ORIENTED_EDGE('',*,*,#693,.F.);
#883=ORIENTED_EDGE('',*,*,#688,.T.);
#884=ORIENTED_EDGE('',*,*,#695,.T.);
#885=ORIENTED_EDGE('',*,*,#696,.T.);
#886=ORIENTED_EDGE('',*,*,#695,.F.);
#887=ORIENTED_EDGE('',*,*,#696,.F.);
#888=ORIENTED_EDGE('',*,*,#697,.T.);
#889=ORIENTED_EDGE('',*,*,#698,.T.);
#890=ORIENTED_EDGE('',*,*,#697,.F.);
#891=ORIENTED_EDGE('',*,*,#685,.T.);
#892=ORIENTED_EDGE('',*,*,#699,.T.);
#893=ORIENTED_EDGE('',*,*,#700,.T.);
#894=ORIENTED_EDGE('',*,*,#699,.F.);
#895=ORIENTED_EDGE('',*,*,#700,.F.);
#896=ORIENTED_EDGE('',*,*,#701,.T.);
#897=ORIENTED_EDGE('',*,*,#702,.T.);
#898=ORIENTED_EDGE('',*,*,#701,.F.);
#899=ORIENTED_EDGE('',*,*,#687,.T.);
#900=ORIENTED_EDGE('',*,*,#703,.T.);
#901=ORIENTED_EDGE('',*,*,#704,.T.);
#902=ORIENTED_EDGE('',*,*,#703,.F.);
#903=ORIENTED_EDGE('',*,*,#704,.F.);
#904=ORIENTED_EDGE('',*,*,#705,.T.);
#905=ORIENTED_EDGE('',*,*,#706,.T.);
#906=ORIENTED_EDGE('',*,*,#705,.F.);
#907=ORIENTED_EDGE('',*,*,#686,.T.);
#908=ORIENTED_EDGE('',*,*,#707,.T.);
#909=ORIENTED_EDGE('',*,*,#708,.T.);
#910=ORIENTED_EDGE('',*,*,#707,.F.);
#911=ORIENTED_EDGE('',*,*,#708,.F.);
#912=ORIENTED_EDGE('',*,*,#709,.T.);
#913=ORIENTED_EDGE('',*,*,#710,.T.);
#914=ORIENTED_EDGE('',*,*,#709,.F.);
#915=ORIENTED_EDGE('',*,*,#711,.T.);
#916=ORIENTED_EDGE('',*,*,#712,.T.);
#917=ORIENTED_EDGE('',*,*,#713,.T.);
#918=ORIENTED_EDGE('',*,*,#712,.F.);
#919=ORIENTED_EDGE('',*,*,#713,.F.);
#920=ORIENTED_EDGE('',*,*,#714,.T.);
#921=ORIENTED_EDGE('',*,*,#715,.T.);
#922=ORIENTED_EDGE('',*,*,#714,.F.);
#923=ORIENTED_EDGE('',*,*,#716,.F.);
#924=ORIENTED_EDGE('',*,*,#717,.T.);
#925=ORIENTED_EDGE('',*,*,#718,.F.);
#926=ORIENTED_EDGE('',*,*,#719,.T.);
#927=ORIENTED_EDGE('',*,*,#720,.F.);
#928=ORIENTED_EDGE('',*,*,#721,.T.);
#929=ORIENTED_EDGE('',*,*,#722,.F.);
#930=ORIENTED_EDGE('',*,*,#723,.T.);
#931=ORIENTED_EDGE('',*,*,#711,.F.);
#932=ORIENTED_EDGE('',*,*,#724,.T.);
#933=ORIENTED_EDGE('',*,*,#725,.T.);
#934=ORIENTED_EDGE('',*,*,#726,.T.);
#935=ORIENTED_EDGE('',*,*,#725,.F.);
#936=ORIENTED_EDGE('',*,*,#726,.F.);
#937=ORIENTED_EDGE('',*,*,#727,.T.);
#938=ORIENTED_EDGE('',*,*,#728,.T.);
#939=ORIENTED_EDGE('',*,*,#727,.F.);
#940=ORIENTED_EDGE('',*,*,#729,.F.);
#941=ORIENTED_EDGE('',*,*,#730,.T.);
#942=ORIENTED_EDGE('',*,*,#731,.F.);
#943=ORIENTED_EDGE('',*,*,#732,.T.);
#944=ORIENTED_EDGE('',*,*,#733,.F.);
#945=ORIENTED_EDGE('',*,*,#734,.T.);
#946=ORIENTED_EDGE('',*,*,#735,.F.);
#947=ORIENTED_EDGE('',*,*,#736,.T.);
#948=ORIENTED_EDGE('',*,*,#724,.F.);
#949=ORIENTED_EDGE('',*,*,#737,.T.);
#950=ORIENTED_EDGE('',*,*,#738,.T.);
#951=ORIENTED_EDGE('',*,*,#739,.T.);
#952=ORIENTED_EDGE('',*,*,#738,.F.);
#953=ORIENTED_EDGE('',*,*,#739,.F.);
#954=ORIENTED_EDGE('',*,*,#740,.T.);
#955=ORIENTED_EDGE('',*,*,#741,.T.);
#956=ORIENTED_EDGE('',*,*,#740,.F.);
#957=ORIENTED_EDGE('',*,*,#742,.F.);
#958=ORIENTED_EDGE('',*,*,#743,.T.);
#959=ORIENTED_EDGE('',*,*,#744,.F.);
#960=ORIENTED_EDGE('',*,*,#745,.T.);
#961=ORIENTED_EDGE('',*,*,#746,.F.);
#962=ORIENTED_EDGE('',*,*,#747,.T.);
#963=ORIENTED_EDGE('',*,*,#748,.F.);
#964=ORIENTED_EDGE('',*,*,#749,.T.);
#965=ORIENTED_EDGE('',*,*,#737,.F.);
#966=ORIENTED_EDGE('',*,*,#750,.T.);
#967=ORIENTED_EDGE('',*,*,#751,.T.);
#968=ORIENTED_EDGE('',*,*,#752,.T.);
#969=ORIENTED_EDGE('',*,*,#751,.F.);
#970=ORIENTED_EDGE('',*,*,#752,.F.);
#971=ORIENTED_EDGE('',*,*,#753,.T.);
#972=ORIENTED_EDGE('',*,*,#754,.T.);
#973=ORIENTED_EDGE('',*,*,#753,.F.);
#974=ORIENTED_EDGE('',*,*,#755,.F.);
#975=ORIENTED_EDGE('',*,*,#756,.T.);
#976=ORIENTED_EDGE('',*,*,#757,.F.);
#977=ORIENTED_EDGE('',*,*,#758,.T.);
#978=ORIENTED_EDGE('',*,*,#759,.F.);
#979=ORIENTED_EDGE('',*,*,#760,.T.);
#980=ORIENTED_EDGE('',*,*,#761,.F.);
#981=ORIENTED_EDGE('',*,*,#762,.T.);
#982=ORIENTED_EDGE('',*,*,#750,.F.);
#983=ORIENTED_EDGE('',*,*,#715,.F.);
#984=ORIENTED_EDGE('',*,*,#728,.F.);
#985=ORIENTED_EDGE('',*,*,#754,.F.);
#986=ORIENTED_EDGE('',*,*,#741,.F.);
#987=ORIENTED_EDGE('',*,*,#710,.F.);
#988=ORIENTED_EDGE('',*,*,#706,.F.);
#989=ORIENTED_EDGE('',*,*,#755,.T.);
#990=ORIENTED_EDGE('',*,*,#763,.T.);
#991=ORIENTED_EDGE('',*,*,#679,.F.);
#992=ORIENTED_EDGE('',*,*,#764,.T.);
#993=ORIENTED_EDGE('',*,*,#763,.F.);
#994=ORIENTED_EDGE('',*,*,#762,.F.);
#995=ORIENTED_EDGE('',*,*,#765,.F.);
#996=ORIENTED_EDGE('',*,*,#680,.F.);
#997=ORIENTED_EDGE('',*,*,#757,.T.);
#998=ORIENTED_EDGE('',*,*,#766,.T.);
#999=ORIENTED_EDGE('',*,*,#645,.T.);
#1000=ORIENTED_EDGE('',*,*,#767,.T.);
#1001=ORIENTED_EDGE('',*,*,#767,.F.);
#1002=ORIENTED_EDGE('',*,*,#644,.F.);
#1003=ORIENTED_EDGE('',*,*,#768,.F.);
#1004=ORIENTED_EDGE('',*,*,#758,.F.);
#1005=ORIENTED_EDGE('',*,*,#759,.T.);
#1006=ORIENTED_EDGE('',*,*,#768,.T.);
#1007=ORIENTED_EDGE('',*,*,#683,.T.);
#1008=ORIENTED_EDGE('',*,*,#769,.T.);
#1009=ORIENTED_EDGE('',*,*,#761,.T.);
#1010=ORIENTED_EDGE('',*,*,#770,.T.);
#1011=ORIENTED_EDGE('',*,*,#681,.T.);
#1012=ORIENTED_EDGE('',*,*,#765,.T.);
#1013=ORIENTED_EDGE('',*,*,#716,.T.);
#1014=ORIENTED_EDGE('',*,*,#771,.T.);
#1015=ORIENTED_EDGE('',*,*,#649,.F.);
#1016=ORIENTED_EDGE('',*,*,#772,.T.);
#1017=ORIENTED_EDGE('',*,*,#771,.F.);
#1018=ORIENTED_EDGE('',*,*,#723,.F.);
#1019=ORIENTED_EDGE('',*,*,#773,.F.);
#1020=ORIENTED_EDGE('',*,*,#650,.F.);
#1021=ORIENTED_EDGE('',*,*,#722,.T.);
#1022=ORIENTED_EDGE('',*,*,#774,.T.);
#1023=ORIENTED_EDGE('',*,*,#651,.T.);
#1024=ORIENTED_EDGE('',*,*,#773,.T.);
#1025=ORIENTED_EDGE('',*,*,#774,.F.);
#1026=ORIENTED_EDGE('',*,*,#721,.F.);
#1027=ORIENTED_EDGE('',*,*,#775,.F.);
#1028=ORIENTED_EDGE('',*,*,#652,.F.);
#1029=ORIENTED_EDGE('',*,*,#718,.T.);
#1030=ORIENTED_EDGE('',*,*,#776,.T.);
#1031=ORIENTED_EDGE('',*,*,#655,.T.);
#1032=ORIENTED_EDGE('',*,*,#777,.T.);
#1033=ORIENTED_EDGE('',*,*,#648,.F.);
#1034=ORIENTED_EDGE('',*,*,#778,.F.);
#1035=ORIENTED_EDGE('',*,*,#779,.T.);
#1036=ORIENTED_EDGE('',*,*,#780,.T.);
#1037=ORIENTED_EDGE('',*,*,#656,.F.);
#1038=ORIENTED_EDGE('',*,*,#776,.F.);
#1039=ORIENTED_EDGE('',*,*,#717,.F.);
#1040=ORIENTED_EDGE('',*,*,#772,.F.);
#1041=ORIENTED_EDGE('',*,*,#720,.T.);
#1042=ORIENTED_EDGE('',*,*,#781,.T.);
#1043=ORIENTED_EDGE('',*,*,#653,.T.);
#1044=ORIENTED_EDGE('',*,*,#775,.T.);
#1045=ORIENTED_EDGE('',*,*,#729,.T.);
#1046=ORIENTED_EDGE('',*,*,#782,.T.);
#1047=ORIENTED_EDGE('',*,*,#665,.T.);
#1048=ORIENTED_EDGE('',*,*,#783,.T.);
#1049=ORIENTED_EDGE('',*,*,#783,.F.);
#1050=ORIENTED_EDGE('',*,*,#664,.F.);
#1051=ORIENTED_EDGE('',*,*,#784,.F.);
#1052=ORIENTED_EDGE('',*,*,#730,.F.);
#1053=ORIENTED_EDGE('',*,*,#731,.T.);
#1054=ORIENTED_EDGE('',*,*,#784,.T.);
#1055=ORIENTED_EDGE('',*,*,#663,.T.);
#1056=ORIENTED_EDGE('',*,*,#785,.T.);
#1057=ORIENTED_EDGE('',*,*,#733,.T.);
#1058=ORIENTED_EDGE('',*,*,#786,.T.);
#1059=ORIENTED_EDGE('',*,*,#661,.T.);
#1060=ORIENTED_EDGE('',*,*,#787,.T.);
#1061=ORIENTED_EDGE('',*,*,#787,.F.);
#1062=ORIENTED_EDGE('',*,*,#660,.F.);
#1063=ORIENTED_EDGE('',*,*,#788,.F.);
#1064=ORIENTED_EDGE('',*,*,#734,.F.);
#1065=ORIENTED_EDGE('',*,*,#735,.T.);
#1066=ORIENTED_EDGE('',*,*,#788,.T.);
#1067=ORIENTED_EDGE('',*,*,#659,.F.);
#1068=ORIENTED_EDGE('',*,*,#789,.T.);
#1069=ORIENTED_EDGE('',*,*,#782,.F.);
#1070=ORIENTED_EDGE('',*,*,#736,.F.);
#1071=ORIENTED_EDGE('',*,*,#789,.F.);
#1072=ORIENTED_EDGE('',*,*,#658,.F.);
#1073=ORIENTED_EDGE('',*,*,#790,.F.);
#1074=ORIENTED_EDGE('',*,*,#791,.T.);
#1075=ORIENTED_EDGE('',*,*,#792,.T.);
#1076=ORIENTED_EDGE('',*,*,#666,.F.);
#1077=ORIENTED_EDGE('',*,*,#742,.T.);
#1078=ORIENTED_EDGE('',*,*,#793,.T.);
#1079=ORIENTED_EDGE('',*,*,#675,.T.);
#1080=ORIENTED_EDGE('',*,*,#794,.T.);
#1081=ORIENTED_EDGE('',*,*,#794,.F.);
#1082=ORIENTED_EDGE('',*,*,#674,.F.);
#1083=ORIENTED_EDGE('',*,*,#795,.F.);
#1084=ORIENTED_EDGE('',*,*,#743,.F.);
#1085=ORIENTED_EDGE('',*,*,#744,.T.);
#1086=ORIENTED_EDGE('',*,*,#795,.T.);
#1087=ORIENTED_EDGE('',*,*,#673,.T.);
#1088=ORIENTED_EDGE('',*,*,#796,.T.);
#1089=ORIENTED_EDGE('',*,*,#746,.T.);
#1090=ORIENTED_EDGE('',*,*,#797,.T.);
#1091=ORIENTED_EDGE('',*,*,#671,.T.);
#1092=ORIENTED_EDGE('',*,*,#798,.T.);
#1093=ORIENTED_EDGE('',*,*,#798,.F.);
#1094=ORIENTED_EDGE('',*,*,#670,.F.);
#1095=ORIENTED_EDGE('',*,*,#799,.F.);
#1096=ORIENTED_EDGE('',*,*,#747,.F.);
#1097=ORIENTED_EDGE('',*,*,#748,.T.);
#1098=ORIENTED_EDGE('',*,*,#799,.T.);
#1099=ORIENTED_EDGE('',*,*,#669,.F.);
#1100=ORIENTED_EDGE('',*,*,#800,.T.);
#1101=ORIENTED_EDGE('',*,*,#793,.F.);
#1102=ORIENTED_EDGE('',*,*,#749,.F.);
#1103=ORIENTED_EDGE('',*,*,#800,.F.);
#1104=ORIENTED_EDGE('',*,*,#668,.F.);
#1105=ORIENTED_EDGE('',*,*,#801,.F.);
#1106=ORIENTED_EDGE('',*,*,#802,.T.);
#1107=ORIENTED_EDGE('',*,*,#803,.T.);
#1108=ORIENTED_EDGE('',*,*,#676,.F.);
#1109=ORIENTED_EDGE('',*,*,#769,.F.);
#1110=ORIENTED_EDGE('',*,*,#682,.F.);
#1111=ORIENTED_EDGE('',*,*,#770,.F.);
#1112=ORIENTED_EDGE('',*,*,#760,.F.);
#1113=ORIENTED_EDGE('',*,*,#785,.F.);
#1114=ORIENTED_EDGE('',*,*,#662,.F.);
#1115=ORIENTED_EDGE('',*,*,#786,.F.);
#1116=ORIENTED_EDGE('',*,*,#732,.F.);
#1117=ORIENTED_EDGE('',*,*,#796,.F.);
#1118=ORIENTED_EDGE('',*,*,#672,.F.);
#1119=ORIENTED_EDGE('',*,*,#797,.F.);
#1120=ORIENTED_EDGE('',*,*,#745,.F.);
#1121=ORIENTED_EDGE('',*,*,#777,.F.);
#1122=ORIENTED_EDGE('',*,*,#654,.F.);
#1123=ORIENTED_EDGE('',*,*,#781,.F.);
#1124=ORIENTED_EDGE('',*,*,#719,.F.);
#1125=ORIENTED_EDGE('',*,*,#804,.T.);
#1126=ORIENTED_EDGE('',*,*,#805,.T.);
#1127=ORIENTED_EDGE('',*,*,#806,.T.);
#1128=ORIENTED_EDGE('',*,*,#805,.F.);
#1129=ORIENTED_EDGE('',*,*,#806,.F.);
#1130=ORIENTED_EDGE('',*,*,#807,.T.);
#1131=ORIENTED_EDGE('',*,*,#808,.F.);
#1132=ORIENTED_EDGE('',*,*,#807,.F.);
#1133=ORIENTED_EDGE('',*,*,#804,.F.);
#1134=ORIENTED_EDGE('',*,*,#809,.T.);
#1135=ORIENTED_EDGE('',*,*,#810,.T.);
#1136=ORIENTED_EDGE('',*,*,#811,.T.);
#1137=ORIENTED_EDGE('',*,*,#810,.F.);
#1138=ORIENTED_EDGE('',*,*,#811,.F.);
#1139=ORIENTED_EDGE('',*,*,#812,.T.);
#1140=ORIENTED_EDGE('',*,*,#813,.F.);
#1141=ORIENTED_EDGE('',*,*,#812,.F.);
#1142=ORIENTED_EDGE('',*,*,#809,.F.);
#1143=ORIENTED_EDGE('',*,*,#814,.F.);
#1144=ORIENTED_EDGE('',*,*,#790,.T.);
#1145=ORIENTED_EDGE('',*,*,#657,.F.);
#1146=ORIENTED_EDGE('',*,*,#780,.F.);
#1147=ORIENTED_EDGE('',*,*,#815,.F.);
#1148=ORIENTED_EDGE('',*,*,#778,.T.);
#1149=ORIENTED_EDGE('',*,*,#647,.F.);
#1150=ORIENTED_EDGE('',*,*,#816,.F.);
#1151=ORIENTED_EDGE('',*,*,#678,.F.);
#1152=ORIENTED_EDGE('',*,*,#817,.F.);
#1153=ORIENTED_EDGE('',*,*,#818,.T.);
#1154=ORIENTED_EDGE('',*,*,#816,.T.);
#1155=ORIENTED_EDGE('',*,*,#646,.F.);
#1156=ORIENTED_EDGE('',*,*,#766,.F.);
#1157=ORIENTED_EDGE('',*,*,#756,.F.);
#1158=ORIENTED_EDGE('',*,*,#764,.F.);
#1159=ORIENTED_EDGE('',*,*,#819,.F.);
#1160=ORIENTED_EDGE('',*,*,#817,.T.);
#1161=ORIENTED_EDGE('',*,*,#677,.F.);
#1162=ORIENTED_EDGE('',*,*,#803,.F.);
#1163=ORIENTED_EDGE('',*,*,#820,.F.);
#1164=ORIENTED_EDGE('',*,*,#801,.T.);
#1165=ORIENTED_EDGE('',*,*,#667,.F.);
#1166=ORIENTED_EDGE('',*,*,#792,.F.);
#1167=ORIENTED_EDGE('',*,*,#791,.F.);
#1168=ORIENTED_EDGE('',*,*,#814,.T.);
#1169=ORIENTED_EDGE('',*,*,#779,.F.);
#1170=ORIENTED_EDGE('',*,*,#815,.T.);
#1171=ORIENTED_EDGE('',*,*,#818,.F.);
#1172=ORIENTED_EDGE('',*,*,#819,.T.);
#1173=ORIENTED_EDGE('',*,*,#802,.F.);
#1174=ORIENTED_EDGE('',*,*,#820,.T.);
#1175=ORIENTED_EDGE('',*,*,#808,.T.);
#1176=ORIENTED_EDGE('',*,*,#813,.T.);
#1177=ORIENTED_EDGE('',*,*,#698,.F.);
#1178=ORIENTED_EDGE('',*,*,#690,.F.);
#1179=ORIENTED_EDGE('',*,*,#694,.F.);
#1180=ORIENTED_EDGE('',*,*,#702,.F.);
#1181=CONICAL_SURFACE('',#1281,2.45,0.785398163397459);
#1182=CONICAL_SURFACE('',#1320,2.45,0.785398163397459);
#1183=CONICAL_SURFACE('',#1324,2.45,0.785398163397459);
#1184=CONICAL_SURFACE('',#1328,2.45,0.785398163397459);
#1185=CONICAL_SURFACE('',#1332,1.,0.785398163397459);
#1186=CONICAL_SURFACE('',#1336,1.,0.785398163397459);
#1187=CONICAL_SURFACE('',#1340,1.45,0.785398163397437);
#1188=CONICAL_SURFACE('',#1352,1.45,0.785398163397437);
#1189=CONICAL_SURFACE('',#1364,1.45,0.785398163397437);
#1190=CONICAL_SURFACE('',#1376,1.45,0.785398163397437);
#1191=CONICAL_SURFACE('',#1428,1.3,0.785398163397459);
#1192=CONICAL_SURFACE('',#1434,1.3,0.785398163397459);
#1193=ADVANCED_FACE('',(#93),#1181,.F.);
#1194=ADVANCED_FACE('',(#94,#51,#52,#53,#54,#55,#56),#67,.T.);
#1195=ADVANCED_FACE('',(#95),#15,.F.);
#1196=ADVANCED_FACE('',(#96),#1182,.F.);
#1197=ADVANCED_FACE('',(#97),#16,.F.);
#1198=ADVANCED_FACE('',(#98),#1183,.F.);
#1199=ADVANCED_FACE('',(#99),#17,.F.);
#1200=ADVANCED_FACE('',(#100),#1184,.F.);
#1201=ADVANCED_FACE('',(#101),#18,.F.);
#1202=ADVANCED_FACE('',(#102),#1185,.F.);
#1203=ADVANCED_FACE('',(#103),#19,.F.);
#1204=ADVANCED_FACE('',(#104),#1186,.F.);
#1205=ADVANCED_FACE('',(#105),#20,.F.);
#1206=ADVANCED_FACE('',(#106),#1187,.F.);
#1207=ADVANCED_FACE('',(#107),#21,.F.);
#1208=ADVANCED_FACE('',(#108,#57),#68,.T.);
#1209=ADVANCED_FACE('',(#109),#1188,.F.);
#1210=ADVANCED_FACE('',(#110),#22,.F.);
#1211=ADVANCED_FACE('',(#111,#58),#69,.T.);
#1212=ADVANCED_FACE('',(#112),#1189,.F.);
#1213=ADVANCED_FACE('',(#113),#23,.F.);
#1214=ADVANCED_FACE('',(#114,#59),#70,.T.);
#1215=ADVANCED_FACE('',(#115),#1190,.F.);
#1216=ADVANCED_FACE('',(#116),#24,.F.);
#1217=ADVANCED_FACE('',(#117,#60),#71,.T.);
#1218=ADVANCED_FACE('',(#118),#72,.T.);
#1219=ADVANCED_FACE('',(#119),#73,.T.);
#1220=ADVANCED_FACE('',(#120),#74,.T.);
#1221=ADVANCED_FACE('',(#121),#75,.T.);
#1222=ADVANCED_FACE('',(#122),#76,.T.);
#1223=ADVANCED_FACE('',(#123),#77,.T.);
#1224=ADVANCED_FACE('',(#124),#25,.T.);
#1225=ADVANCED_FACE('',(#125),#78,.T.);
#1226=ADVANCED_FACE('',(#126),#26,.T.);
#1227=ADVANCED_FACE('',(#127),#79,.T.);
#1228=ADVANCED_FACE('',(#128),#27,.T.);
#1229=ADVANCED_FACE('',(#129),#28,.T.);
#1230=ADVANCED_FACE('',(#130),#29,.T.);
#1231=ADVANCED_FACE('',(#131),#80,.T.);
#1232=ADVANCED_FACE('',(#132),#30,.T.);
#1233=ADVANCED_FACE('',(#133),#31,.F.);
#1234=ADVANCED_FACE('',(#134),#32,.T.);
#1235=ADVANCED_FACE('',(#135),#33,.T.);
#1236=ADVANCED_FACE('',(#136),#34,.T.);
#1237=ADVANCED_FACE('',(#137),#35,.T.);
#1238=ADVANCED_FACE('',(#138),#81,.T.);
#1239=ADVANCED_FACE('',(#139),#36,.T.);
#1240=ADVANCED_FACE('',(#140),#37,.T.);
#1241=ADVANCED_FACE('',(#141),#82,.T.);
#1242=ADVANCED_FACE('',(#142),#38,.T.);
#1243=ADVANCED_FACE('',(#143),#39,.T.);
#1244=ADVANCED_FACE('',(#144),#40,.T.);
#1245=ADVANCED_FACE('',(#145),#83,.T.);
#1246=ADVANCED_FACE('',(#146),#41,.T.);
#1247=ADVANCED_FACE('',(#147),#42,.T.);
#1248=ADVANCED_FACE('',(#148),#84,.T.);
#1249=ADVANCED_FACE('',(#149),#43,.T.);
#1250=ADVANCED_FACE('',(#150),#44,.T.);
#1251=ADVANCED_FACE('',(#151),#45,.F.);
#1252=ADVANCED_FACE('',(#152),#46,.F.);
#1253=ADVANCED_FACE('',(#153),#47,.F.);
#1254=ADVANCED_FACE('',(#154),#85,.T.);
#1255=ADVANCED_FACE('',(#155),#1191,.T.);
#1256=ADVANCED_FACE('',(#156),#48,.T.);
#1257=ADVANCED_FACE('',(#157),#86,.T.);
#1258=ADVANCED_FACE('',(#158),#1192,.T.);
#1259=ADVANCED_FACE('',(#159),#49,.T.);
#1260=ADVANCED_FACE('',(#160),#87,.T.);
#1261=ADVANCED_FACE('',(#161),#88,.T.);
#1262=ADVANCED_FACE('',(#162),#89,.T.);
#1263=ADVANCED_FACE('',(#163),#50,.T.);
#1264=ADVANCED_FACE('',(#164),#90,.T.);
#1265=ADVANCED_FACE('',(#165),#91,.T.);
#1266=ADVANCED_FACE('',(#166,#61,#62,#63,#64,#65,#66),#92,.F.);
#1267=CLOSED_SHELL('',(#1193,#1194,#1195,#1196,#1197,#1198,#1199,#1200,
#1201,#1202,#1203,#1204,#1205,#1206,#1207,#1208,#1209,#1210,#1211,#1212,
#1213,#1214,#1215,#1216,#1217,#1218,#1219,#1220,#1221,#1222,#1223,#1224,
#1225,#1226,#1227,#1228,#1229,#1230,#1231,#1232,#1233,#1234,#1235,#1236,
#1237,#1238,#1239,#1240,#1241,#1242,#1243,#1244,#1245,#1246,#1247,#1248,
#1249,#1250,#1251,#1252,#1253,#1254,#1255,#1256,#1257,#1258,#1259,#1260,
#1261,#1262,#1263,#1264,#1265,#1266));
#1268=DERIVED_UNIT_ELEMENT(#1270,1.);
#1269=DERIVED_UNIT_ELEMENT(#2245,-3.);
#1270=(
MASS_UNIT()
NAMED_UNIT(*)
SI_UNIT(.KILO.,.GRAM.)
);
#1271=DERIVED_UNIT((#1268,#1269));
#1272=MEASURE_REPRESENTATION_ITEM('density measure',
POSITIVE_RATIO_MEASURE(7850.),#1271);
#1273=PROPERTY_DEFINITION_REPRESENTATION(#1278,#1275);
#1274=PROPERTY_DEFINITION_REPRESENTATION(#1279,#1276);
#1275=REPRESENTATION('material name',(#1277),#2242);
#1276=REPRESENTATION('density',(#1272),#2242);
#1277=DESCRIPTIVE_REPRESENTATION_ITEM('Steel','Steel');
#1278=PROPERTY_DEFINITION('material property','material name',#2252);
#1279=PROPERTY_DEFINITION('material property','density of part',#2252);
#1280=AXIS2_PLACEMENT_3D('',#1869,#1447,#1448);
#1281=AXIS2_PLACEMENT_3D('',#1870,#1449,#1450);
#1282=AXIS2_PLACEMENT_3D('',#1872,#1451,#1452);
#1283=AXIS2_PLACEMENT_3D('',#1875,#1454,#1455);
#1284=AXIS2_PLACEMENT_3D('',#1876,#1456,#1457);
#1285=AXIS2_PLACEMENT_3D('',#1881,#1459,#1460);
#1286=AXIS2_PLACEMENT_3D('',#1883,#1461,#1462);
#1287=AXIS2_PLACEMENT_3D('',#1887,#1464,#1465);
#1288=AXIS2_PLACEMENT_3D('',#1889,#1466,#1467);
#1289=AXIS2_PLACEMENT_3D('',#1893,#1469,#1470);
#1290=AXIS2_PLACEMENT_3D('',#1895,#1471,#1472);
#1291=AXIS2_PLACEMENT_3D('',#1897,#1473,#1474);
#1292=AXIS2_PLACEMENT_3D('',#1901,#1476,#1477);
#1293=AXIS2_PLACEMENT_3D('',#1903,#1478,#1479);
#1294=AXIS2_PLACEMENT_3D('',#1907,#1481,#1482);
#1295=AXIS2_PLACEMENT_3D('',#1909,#1483,#1484);
#1296=AXIS2_PLACEMENT_3D('',#1913,#1486,#1487);
#1297=AXIS2_PLACEMENT_3D('',#1915,#1488,#1489);
#1298=AXIS2_PLACEMENT_3D('',#1917,#1490,#1491);
#1299=AXIS2_PLACEMENT_3D('',#1921,#1493,#1494);
#1300=AXIS2_PLACEMENT_3D('',#1923,#1495,#1496);
#1301=AXIS2_PLACEMENT_3D('',#1927,#1498,#1499);
#1302=AXIS2_PLACEMENT_3D('',#1929,#1500,#1501);
#1303=AXIS2_PLACEMENT_3D('',#1933,#1503,#1504);
#1304=AXIS2_PLACEMENT_3D('',#1935,#1505,#1506);
#1305=AXIS2_PLACEMENT_3D('',#1937,#1507,#1508);
#1306=AXIS2_PLACEMENT_3D('',#1941,#1510,#1511);
#1307=AXIS2_PLACEMENT_3D('',#1943,#1512,#1513);
#1308=AXIS2_PLACEMENT_3D('',#1947,#1515,#1516);
#1309=AXIS2_PLACEMENT_3D('',#1949,#1517,#1518);
#1310=AXIS2_PLACEMENT_3D('',#1953,#1520,#1521);
#1311=AXIS2_PLACEMENT_3D('',#1955,#1522,#1523);
#1312=AXIS2_PLACEMENT_3D('',#1956,#1524,#1525);
#1313=AXIS2_PLACEMENT_3D('',#1958,#1526,#1527);
#1314=AXIS2_PLACEMENT_3D('',#1960,#1528,#1529);
#1315=AXIS2_PLACEMENT_3D('',#1962,#1530,#1531);
#1316=AXIS2_PLACEMENT_3D('',#1964,#1532,#1533);
#1317=AXIS2_PLACEMENT_3D('',#1966,#1534,#1535);
#1318=AXIS2_PLACEMENT_3D('',#1967,#1536,#1537);
#1319=AXIS2_PLACEMENT_3D('',#1970,#1539,#1540);
#1320=AXIS2_PLACEMENT_3D('',#1971,#1541,#1542);
#1321=AXIS2_PLACEMENT_3D('',#1974,#1544,#1545);
#1322=AXIS2_PLACEMENT_3D('',#1975,#1546,#1547);
#1323=AXIS2_PLACEMENT_3D('',#1978,#1549,#1550);
#1324=AXIS2_PLACEMENT_3D('',#1979,#1551,#1552);
#1325=AXIS2_PLACEMENT_3D('',#1982,#1554,#1555);
#1326=AXIS2_PLACEMENT_3D('',#1983,#1556,#1557);
#1327=AXIS2_PLACEMENT_3D('',#1986,#1559,#1560);
#1328=AXIS2_PLACEMENT_3D('',#1987,#1561,#1562);
#1329=AXIS2_PLACEMENT_3D('',#1990,#1564,#1565);
#1330=AXIS2_PLACEMENT_3D('',#1991,#1566,#1567);
#1331=AXIS2_PLACEMENT_3D('',#1994,#1569,#1570);
#1332=AXIS2_PLACEMENT_3D('',#1995,#1571,#1572);
#1333=AXIS2_PLACEMENT_3D('',#1998,#1574,#1575);
#1334=AXIS2_PLACEMENT_3D('',#1999,#1576,#1577);
#1335=AXIS2_PLACEMENT_3D('',#2002,#1579,#1580);
#1336=AXIS2_PLACEMENT_3D('',#2003,#1581,#1582);
#1337=AXIS2_PLACEMENT_3D('',#2006,#1584,#1585);
#1338=AXIS2_PLACEMENT_3D('',#2007,#1586,#1587);
#1339=AXIS2_PLACEMENT_3D('',#2010,#1589,#1590);
#1340=AXIS2_PLACEMENT_3D('',#2011,#1591,#1592);
#1341=AXIS2_PLACEMENT_3D('',#2013,#1593,#1594);
#1342=AXIS2_PLACEMENT_3D('',#2016,#1596,#1597);
#1343=AXIS2_PLACEMENT_3D('',#2017,#1598,#1599);
#1344=AXIS2_PLACEMENT_3D('',#2020,#1601,#1602);
#1345=AXIS2_PLACEMENT_3D('',#2021,#1603,#1604);
#1346=AXIS2_PLACEMENT_3D('',#2024,#1605,#1606);
#1347=AXIS2_PLACEMENT_3D('',#2026,#1607,#1608);
#1348=AXIS2_PLACEMENT_3D('',#2028,#1609,#1610);
#1349=AXIS2_PLACEMENT_3D('',#2032,#1612,#1613);
#1350=AXIS2_PLACEMENT_3D('',#2034,#1614,#1615);
#1351=AXIS2_PLACEMENT_3D('',#2036,#1616,#1617);
#1352=AXIS2_PLACEMENT_3D('',#2038,#1619,#1620);
#1353=AXIS2_PLACEMENT_3D('',#2040,#1621,#1622);
#1354=AXIS2_PLACEMENT_3D('',#2043,#1624,#1625);
#1355=AXIS2_PLACEMENT_3D('',#2044,#1626,#1627);
#1356=AXIS2_PLACEMENT_3D('',#2047,#1629,#1630);
#1357=AXIS2_PLACEMENT_3D('',#2048,#1631,#1632);
#1358=AXIS2_PLACEMENT_3D('',#2051,#1633,#1634);
#1359=AXIS2_PLACEMENT_3D('',#2055,#1636,#1637);
#1360=AXIS2_PLACEMENT_3D('',#2057,#1638,#1639);
#1361=AXIS2_PLACEMENT_3D('',#2059,#1640,#1641);
#1362=AXIS2_PLACEMENT_3D('',#2063,#1643,#1644);
#1363=AXIS2_PLACEMENT_3D('',#2064,#1645,#1646);
#1364=AXIS2_PLACEMENT_3D('',#2065,#1647,#1648);
#1365=AXIS2_PLACEMENT_3D('',#2067,#1649,#1650);
#1366=AXIS2_PLACEMENT_3D('',#2070,#1652,#1653);
#1367=AXIS2_PLACEMENT_3D('',#2071,#1654,#1655);
#1368=AXIS2_PLACEMENT_3D('',#2074,#1657,#1658);
#1369=AXIS2_PLACEMENT_3D('',#2075,#1659,#1660);
#1370=AXIS2_PLACEMENT_3D('',#2078,#1661,#1662);
#1371=AXIS2_PLACEMENT_3D('',#2082,#1664,#1665);
#1372=AXIS2_PLACEMENT_3D('',#2084,#1666,#1667);
#1373=AXIS2_PLACEMENT_3D('',#2086,#1668,#1669);
#1374=AXIS2_PLACEMENT_3D('',#2090,#1671,#1672);
#1375=AXIS2_PLACEMENT_3D('',#2091,#1673,#1674);
#1376=AXIS2_PLACEMENT_3D('',#2092,#1675,#1676);
#1377=AXIS2_PLACEMENT_3D('',#2094,#1677,#1678);
#1378=AXIS2_PLACEMENT_3D('',#2097,#1680,#1681);
#1379=AXIS2_PLACEMENT_3D('',#2098,#1682,#1683);
#1380=AXIS2_PLACEMENT_3D('',#2101,#1685,#1686);
#1381=AXIS2_PLACEMENT_3D('',#2102,#1687,#1688);
#1382=AXIS2_PLACEMENT_3D('',#2105,#1689,#1690);
#1383=AXIS2_PLACEMENT_3D('',#2107,#1691,#1692);
#1384=AXIS2_PLACEMENT_3D('',#2109,#1693,#1694);
#1385=AXIS2_PLACEMENT_3D('',#2113,#1696,#1697);
#1386=AXIS2_PLACEMENT_3D('',#2115,#1698,#1699);
#1387=AXIS2_PLACEMENT_3D('',#2117,#1700,#1701);
#1388=AXIS2_PLACEMENT_3D('',#2119,#1703,#1704);
#1389=AXIS2_PLACEMENT_3D('',#2120,#1705,#1706);
#1390=AXIS2_PLACEMENT_3D('',#2121,#1707,#1708);
#1391=AXIS2_PLACEMENT_3D('',#2122,#1709,#1710);
#1392=AXIS2_PLACEMENT_3D('',#2123,#1711,#1712);
#1393=AXIS2_PLACEMENT_3D('',#2124,#1713,#1714);
#1394=AXIS2_PLACEMENT_3D('',#2125,#1715,#1716);
#1395=AXIS2_PLACEMENT_3D('',#2128,#1719,#1720);
#1396=AXIS2_PLACEMENT_3D('',#2130,#1722,#1723);
#1397=AXIS2_PLACEMENT_3D('',#2133,#1726,#1727);
#1398=AXIS2_PLACEMENT_3D('',#2135,#1729,#1730);
#1399=AXIS2_PLACEMENT_3D('',#2137,#1732,#1733);
#1400=AXIS2_PLACEMENT_3D('',#2139,#1735,#1736);
#1401=AXIS2_PLACEMENT_3D('',#2142,#1739,#1740);
#1402=AXIS2_PLACEMENT_3D('',#2144,#1742,#1743);
#1403=AXIS2_PLACEMENT_3D('',#2146,#1745,#1746);
#1404=AXIS2_PLACEMENT_3D('',#2148,#1748,#1749);
#1405=AXIS2_PLACEMENT_3D('',#2151,#1752,#1753);
#1406=AXIS2_PLACEMENT_3D('',#2155,#1755,#1756);
#1407=AXIS2_PLACEMENT_3D('',#2157,#1758,#1759);
#1408=AXIS2_PLACEMENT_3D('',#2159,#1761,#1762);
#1409=AXIS2_PLACEMENT_3D('',#2162,#1765,#1766);
#1410=AXIS2_PLACEMENT_3D('',#2164,#1768,#1769);
#1411=AXIS2_PLACEMENT_3D('',#2166,#1771,#1772);
#1412=AXIS2_PLACEMENT_3D('',#2169,#1775,#1776);
#1413=AXIS2_PLACEMENT_3D('',#2171,#1778,#1779);
#1414=AXIS2_PLACEMENT_3D('',#2173,#1781,#1782);
#1415=AXIS2_PLACEMENT_3D('',#2177,#1784,#1785);
#1416=AXIS2_PLACEMENT_3D('',#2179,#1787,#1788);
#1417=AXIS2_PLACEMENT_3D('',#2182,#1791,#1792);
#1418=AXIS2_PLACEMENT_3D('',#2184,#1794,#1795);
#1419=AXIS2_PLACEMENT_3D('',#2186,#1797,#1798);
#1420=AXIS2_PLACEMENT_3D('',#2189,#1801,#1802);
#1421=AXIS2_PLACEMENT_3D('',#2191,#1804,#1805);
#1422=AXIS2_PLACEMENT_3D('',#2193,#1807,#1808);
#1423=AXIS2_PLACEMENT_3D('',#2197,#1810,#1811);
#1424=AXIS2_PLACEMENT_3D('',#2199,#1813,#1814);
#1425=AXIS2_PLACEMENT_3D('',#2200,#1815,#1816);
#1426=AXIS2_PLACEMENT_3D('',#2201,#1817,#1818);
#1427=AXIS2_PLACEMENT_3D('',#2202,#1819,#1820);
#1428=AXIS2_PLACEMENT_3D('',#2203,#1821,#1822);
#1429=AXIS2_PLACEMENT_3D('',#2205,#1823,#1824);
#1430=AXIS2_PLACEMENT_3D('',#2208,#1826,#1827);
#1431=AXIS2_PLACEMENT_3D('',#2209,#1828,#1829);
#1432=AXIS2_PLACEMENT_3D('',#2212,#1831,#1832);
#1433=AXIS2_PLACEMENT_3D('',#2213,#1833,#1834);
#1434=AXIS2_PLACEMENT_3D('',#2214,#1835,#1836);
#1435=AXIS2_PLACEMENT_3D('',#2216,#1837,#1838);
#1436=AXIS2_PLACEMENT_3D('',#2219,#1840,#1841);
#1437=AXIS2_PLACEMENT_3D('',#2220,#1842,#1843);
#1438=AXIS2_PLACEMENT_3D('',#2223,#1845,#1846);
#1439=AXIS2_PLACEMENT_3D('',#2224,#1847,#1848);
#1440=AXIS2_PLACEMENT_3D('',#2225,#1849,#1850);
#1441=AXIS2_PLACEMENT_3D('',#2227,#1852,#1853);
#1442=AXIS2_PLACEMENT_3D('',#2231,#1856,#1857);
#1443=AXIS2_PLACEMENT_3D('',#2234,#1859,#1860);
#1444=AXIS2_PLACEMENT_3D('',#2235,#1861,#1862);
#1445=AXIS2_PLACEMENT_3D('',#2237,#1864,#1865);
#1446=AXIS2_PLACEMENT_3D('',#2239,#1867,#1868);
#1447=DIRECTION('axis',(0.,0.,1.));
#1448=DIRECTION('refdir',(1.,0.,0.));
#1449=DIRECTION('center_axis',(0.,0.,-1.));
#1450=DIRECTION('ref_axis',(1.,0.,0.));
#1451=DIRECTION('center_axis',(0.,0.,-1.));
#1452=DIRECTION('ref_axis',(1.,0.,0.));
#1453=DIRECTION('',(0.707106781186555,-8.65956056235503E-17,0.70710678118654));
#1454=DIRECTION('center_axis',(0.,0.,1.));
#1455=DIRECTION('ref_axis',(1.,0.,0.));
#1456=DIRECTION('center_axis',(0.,0.,-1.));
#1457=DIRECTION('ref_axis',(1.,0.,0.));
#1458=DIRECTION('',(-1.,0.,0.));
#1459=DIRECTION('center_axis',(0.,0.,1.));
#1460=DIRECTION('ref_axis',(-0.731925054711398,0.681385143869249,0.));
#1461=DIRECTION('center_axis',(0.,0.,-1.));
#1462=DIRECTION('ref_axis',(0.,-1.,0.));
#1463=DIRECTION('',(0.,1.,0.));
#1464=DIRECTION('center_axis',(0.,0.,-1.));
#1465=DIRECTION('ref_axis',(-1.,0.,0.));
#1466=DIRECTION('center_axis',(0.,0.,1.));
#1467=DIRECTION('ref_axis',(-0.731925054711398,-0.681385143869249,0.));
#1468=DIRECTION('',(1.,0.,0.));
#1469=DIRECTION('center_axis',(0.,0.,1.));
#1470=DIRECTION('ref_axis',(0.474085828725789,-0.880478635175994,0.));
#1471=DIRECTION('center_axis',(0.,0.,-1.));
#1472=DIRECTION('ref_axis',(-0.853850937602943,0.52051760426961,0.));
#1473=DIRECTION('center_axis',(0.,0.,1.));
#1474=DIRECTION('ref_axis',(0.880478635175993,-0.474085828725791,0.));
#1475=DIRECTION('',(-4.44089209850063E-16,1.,0.));
#1476=DIRECTION('center_axis',(0.,0.,1.));
#1477=DIRECTION('ref_axis',(0.681385143869249,0.731925054711398,0.));
#1478=DIRECTION('center_axis',(0.,0.,-1.));
#1479=DIRECTION('ref_axis',(-1.,0.,0.));
#1480=DIRECTION('',(1.,0.,0.));
#1481=DIRECTION('center_axis',(0.,0.,-1.));
#1482=DIRECTION('ref_axis',(0.,1.,0.));
#1483=DIRECTION('center_axis',(0.,0.,1.));
#1484=DIRECTION('ref_axis',(-0.681385143869242,0.731925054711404,0.));
#1485=DIRECTION('',(0.,-1.,0.));
#1486=DIRECTION('center_axis',(0.,0.,1.));
#1487=DIRECTION('ref_axis',(-0.880478635175992,-0.474085828725793,0.));
#1488=DIRECTION('center_axis',(0.,0.,-1.));
#1489=DIRECTION('ref_axis',(0.520517604269611,0.853850937602943,0.));
#1490=DIRECTION('center_axis',(0.,0.,1.));
#1491=DIRECTION('ref_axis',(-0.474085828725793,-0.880478635175992,0.));
#1492=DIRECTION('',(1.,0.,0.));
#1493=DIRECTION('center_axis',(0.,0.,1.));
#1494=DIRECTION('ref_axis',(0.731925054711404,-0.681385143869243,0.));
#1495=DIRECTION('center_axis',(0.,0.,-1.));
#1496=DIRECTION('ref_axis',(0.,1.,0.));
#1497=DIRECTION('',(0.,-1.,0.));
#1498=DIRECTION('center_axis',(0.,0.,-1.));
#1499=DIRECTION('ref_axis',(1.,0.,0.));
#1500=DIRECTION('center_axis',(0.,0.,1.));
#1501=DIRECTION('ref_axis',(0.731925054711407,0.681385143869239,0.));
#1502=DIRECTION('',(-1.,4.44089209850063E-16,0.));
#1503=DIRECTION('center_axis',(0.,0.,1.));
#1504=DIRECTION('ref_axis',(-0.474085828725789,0.880478635175994,0.));
#1505=DIRECTION('center_axis',(0.,0.,-1.));
#1506=DIRECTION('ref_axis',(0.853850937602942,-0.520517604269612,0.));
#1507=DIRECTION('center_axis',(0.,0.,1.));
#1508=DIRECTION('ref_axis',(-0.880478635175994,0.474085828725789,0.));
#1509=DIRECTION('',(8.88178419700126E-16,-1.,0.));
#1510=DIRECTION('center_axis',(0.,0.,1.));
#1511=DIRECTION('ref_axis',(-0.681385143869242,-0.731925054711404,0.));
#1512=DIRECTION('center_axis',(0.,0.,-1.));
#1513=DIRECTION('ref_axis',(1.,0.,0.));
#1514=DIRECTION('',(-1.,0.,0.));
#1515=DIRECTION('center_axis',(0.,0.,-1.));
#1516=DIRECTION('ref_axis',(0.,-1.,0.));
#1517=DIRECTION('center_axis',(0.,0.,1.));
#1518=DIRECTION('ref_axis',(0.681385143869246,-0.731925054711401,0.));
#1519=DIRECTION('',(0.,1.,0.));
#1520=DIRECTION('center_axis',(0.,0.,1.));
#1521=DIRECTION('ref_axis',(0.880478635175993,0.474085828725791,0.));
#1522=DIRECTION('center_axis',(0.,0.,-1.));
#1523=DIRECTION('ref_axis',(-0.520517604269611,-0.853850937602943,0.));
#1524=DIRECTION('center_axis',(0.,0.,1.));
#1525=DIRECTION('ref_axis',(0.474085828725791,0.880478635175993,0.));
#1526=DIRECTION('center_axis',(0.,0.,-1.));
#1527=DIRECTION('ref_axis',(1.,0.,0.));
#1528=DIRECTION('center_axis',(0.,0.,-1.));
#1529=DIRECTION('ref_axis',(1.,0.,0.));
#1530=DIRECTION('center_axis',(0.,0.,-1.));
#1531=DIRECTION('ref_axis',(1.,0.,0.));
#1532=DIRECTION('center_axis',(0.,0.,-1.));
#1533=DIRECTION('ref_axis',(1.,0.,0.));
#1534=DIRECTION('center_axis',(0.,0.,-1.));
#1535=DIRECTION('ref_axis',(1.,0.,0.));
#1536=DIRECTION('center_axis',(0.,0.,-1.));
#1537=DIRECTION('ref_axis',(1.,0.,0.));
#1538=DIRECTION('',(0.,0.,1.));
#1539=DIRECTION('center_axis',(0.,0.,1.));
#1540=DIRECTION('ref_axis',(1.,0.,0.));
#1541=DIRECTION('center_axis',(0.,0.,-1.));
#1542=DIRECTION('ref_axis',(1.,0.,0.));
#1543=DIRECTION('',(0.707106781186555,-8.65956056235503E-17,0.70710678118654));
#1544=DIRECTION('center_axis',(0.,0.,1.));
#1545=DIRECTION('ref_axis',(1.,0.,0.));
#1546=DIRECTION('center_axis',(0.,0.,-1.));
#1547=DIRECTION('ref_axis',(1.,0.,0.));
#1548=DIRECTION('',(0.,0.,1.));
#1549=DIRECTION('center_axis',(0.,0.,1.));
#1550=DIRECTION('ref_axis',(1.,0.,0.));
#1551=DIRECTION('center_axis',(0.,0.,-1.));
#1552=DIRECTION('ref_axis',(1.,0.,0.));
#1553=DIRECTION('',(0.707106781186555,-8.65956056235503E-17,0.70710678118654));
#1554=DIRECTION('center_axis',(0.,0.,1.));
#1555=DIRECTION('ref_axis',(1.,0.,0.));
#1556=DIRECTION('center_axis',(0.,0.,-1.));
#1557=DIRECTION('ref_axis',(1.,0.,0.));
#1558=DIRECTION('',(0.,0.,1.));
#1559=DIRECTION('center_axis',(0.,0.,1.));
#1560=DIRECTION('ref_axis',(1.,0.,0.));
#1561=DIRECTION('center_axis',(0.,0.,-1.));
#1562=DIRECTION('ref_axis',(1.,0.,0.));
#1563=DIRECTION('',(0.707106781186555,-8.65956056235503E-17,0.70710678118654));
#1564=DIRECTION('center_axis',(0.,0.,1.));
#1565=DIRECTION('ref_axis',(1.,0.,0.));
#1566=DIRECTION('center_axis',(0.,0.,-1.));
#1567=DIRECTION('ref_axis',(1.,0.,0.));
#1568=DIRECTION('',(0.,0.,1.));
#1569=DIRECTION('center_axis',(0.,0.,1.));
#1570=DIRECTION('ref_axis',(1.,0.,0.));
#1571=DIRECTION('center_axis',(0.,0.,-1.));
#1572=DIRECTION('ref_axis',(1.,0.,0.));
#1573=DIRECTION('',(0.707106781186555,-8.65956056235503E-17,0.70710678118654));
#1574=DIRECTION('center_axis',(0.,0.,1.));
#1575=DIRECTION('ref_axis',(1.,0.,0.));
#1576=DIRECTION('center_axis',(0.,0.,1.));
#1577=DIRECTION('ref_axis',(1.,0.,0.));
#1578=DIRECTION('',(0.,0.,1.));
#1579=DIRECTION('center_axis',(0.,0.,1.));
#1580=DIRECTION('ref_axis',(1.,0.,0.));
#1581=DIRECTION('center_axis',(0.,0.,-1.));
#1582=DIRECTION('ref_axis',(1.,0.,0.));
#1583=DIRECTION('',(0.707106781186555,-8.65956056235503E-17,0.70710678118654));
#1584=DIRECTION('center_axis',(0.,0.,1.));
#1585=DIRECTION('ref_axis',(1.,0.,0.));
#1586=DIRECTION('center_axis',(0.,0.,1.));
#1587=DIRECTION('ref_axis',(1.,0.,0.));
#1588=DIRECTION('',(0.,0.,1.));
#1589=DIRECTION('center_axis',(0.,0.,1.));
#1590=DIRECTION('ref_axis',(1.,0.,0.));
#1591=DIRECTION('center_axis',(0.,0.,-1.));
#1592=DIRECTION('ref_axis',(1.,0.,0.));
#1593=DIRECTION('center_axis',(0.,0.,-1.));
#1594=DIRECTION('ref_axis',(1.,0.,0.));
#1595=DIRECTION('',(0.70710678118654,-8.65956056235484E-17,0.707106781186555));
#1596=DIRECTION('center_axis',(0.,0.,1.));
#1597=DIRECTION('ref_axis',(1.,0.,0.));
#1598=DIRECTION('center_axis',(0.,0.,1.));
#1599=DIRECTION('ref_axis',(1.,0.,0.));
#1600=DIRECTION('',(0.,0.,1.));
#1601=DIRECTION('center_axis',(0.,0.,1.));
#1602=DIRECTION('ref_axis',(1.,0.,0.));
#1603=DIRECTION('center_axis',(0.,0.,-1.));
#1604=DIRECTION('ref_axis',(1.,0.,0.));
#1605=DIRECTION('center_axis',(0.,0.,1.));
#1606=DIRECTION('ref_axis',(-0.731925054711398,-0.681385143869249,0.));
#1607=DIRECTION('center_axis',(0.,0.,-1.));
#1608=DIRECTION('ref_axis',(-1.,0.,0.));
#1609=DIRECTION('center_axis',(0.,0.,1.));
#1610=DIRECTION('ref_axis',(0.681385143869249,0.731925054711398,0.));
#1611=DIRECTION('',(4.44089209850063E-16,-1.,0.));
#1612=DIRECTION('center_axis',(0.,0.,1.));
#1613=DIRECTION('ref_axis',(0.880478635175993,-0.474085828725791,0.));
#1614=DIRECTION('center_axis',(0.,0.,1.));
#1615=DIRECTION('ref_axis',(-0.853850937602943,0.52051760426961,0.));
#1616=DIRECTION('center_axis',(0.,0.,1.));
#1617=DIRECTION('ref_axis',(0.474085828725789,-0.880478635175994,0.));
#1618=DIRECTION('',(-1.,0.,0.));
#1619=DIRECTION('center_axis',(0.,0.,-1.));
#1620=DIRECTION('ref_axis',(1.,0.,0.));
#1621=DIRECTION('center_axis',(0.,0.,-1.));
#1622=DIRECTION('ref_axis',(1.,0.,0.));
#1623=DIRECTION('',(0.70710678118654,-8.65956056235484E-17,0.707106781186555));
#1624=DIRECTION('center_axis',(0.,0.,1.));
#1625=DIRECTION('ref_axis',(1.,0.,0.));
#1626=DIRECTION('center_axis',(0.,0.,1.));
#1627=DIRECTION('ref_axis',(1.,0.,0.));
#1628=DIRECTION('',(0.,0.,1.));
#1629=DIRECTION('center_axis',(0.,0.,1.));
#1630=DIRECTION('ref_axis',(1.,0.,0.));
#1631=DIRECTION('center_axis',(0.,0.,-1.));
#1632=DIRECTION('ref_axis',(1.,0.,0.));
#1633=DIRECTION('center_axis',(0.,0.,1.));
#1634=DIRECTION('ref_axis',(0.731925054711404,-0.681385143869243,0.));
#1635=DIRECTION('',(-1.,0.,0.));
#1636=DIRECTION('center_axis',(0.,0.,1.));
#1637=DIRECTION('ref_axis',(-0.474085828725793,-0.880478635175992,0.));
#1638=DIRECTION('center_axis',(0.,0.,1.));
#1639=DIRECTION('ref_axis',(0.520517604269611,0.853850937602943,0.));
#1640=DIRECTION('center_axis',(0.,0.,1.));
#1641=DIRECTION('ref_axis',(-0.880478635175992,-0.474085828725793,0.));
#1642=DIRECTION('',(0.,1.,0.));
#1643=DIRECTION('center_axis',(0.,0.,1.));
#1644=DIRECTION('ref_axis',(-0.681385143869242,0.731925054711404,0.));
#1645=DIRECTION('center_axis',(0.,0.,-1.));
#1646=DIRECTION('ref_axis',(0.,1.,0.));
#1647=DIRECTION('center_axis',(0.,0.,-1.));
#1648=DIRECTION('ref_axis',(1.,0.,0.));
#1649=DIRECTION('center_axis',(0.,0.,-1.));
#1650=DIRECTION('ref_axis',(1.,0.,0.));
#1651=DIRECTION('',(0.70710678118654,-8.65956056235484E-17,0.707106781186555));
#1652=DIRECTION('center_axis',(0.,0.,1.));
#1653=DIRECTION('ref_axis',(1.,0.,0.));
#1654=DIRECTION('center_axis',(0.,0.,1.));
#1655=DIRECTION('ref_axis',(1.,0.,0.));
#1656=DIRECTION('',(0.,0.,1.));
#1657=DIRECTION('center_axis',(0.,0.,1.));
#1658=DIRECTION('ref_axis',(1.,0.,0.));
#1659=DIRECTION('center_axis',(0.,0.,-1.));
#1660=DIRECTION('ref_axis',(1.,0.,0.));
#1661=DIRECTION('center_axis',(0.,0.,1.));
#1662=DIRECTION('ref_axis',(-0.681385143869242,-0.731925054711404,0.));
#1663=DIRECTION('',(-8.88178419700126E-16,1.,0.));
#1664=DIRECTION('center_axis',(0.,0.,1.));
#1665=DIRECTION('ref_axis',(-0.880478635175994,0.474085828725789,0.));
#1666=DIRECTION('center_axis',(0.,0.,1.));
#1667=DIRECTION('ref_axis',(0.853850937602942,-0.520517604269612,0.));
#1668=DIRECTION('center_axis',(0.,0.,1.));
#1669=DIRECTION('ref_axis',(-0.474085828725789,0.880478635175994,0.));
#1670=DIRECTION('',(1.,-4.44089209850063E-16,0.));
#1671=DIRECTION('center_axis',(0.,0.,1.));
#1672=DIRECTION('ref_axis',(0.731925054711407,0.681385143869239,0.));
#1673=DIRECTION('center_axis',(0.,0.,-1.));
#1674=DIRECTION('ref_axis',(1.,0.,0.));
#1675=DIRECTION('center_axis',(0.,0.,-1.));
#1676=DIRECTION('ref_axis',(1.,0.,0.));
#1677=DIRECTION('center_axis',(0.,0.,-1.));
#1678=DIRECTION('ref_axis',(1.,0.,0.));
#1679=DIRECTION('',(0.70710678118654,-8.65956056235484E-17,0.707106781186555));
#1680=DIRECTION('center_axis',(0.,0.,1.));
#1681=DIRECTION('ref_axis',(1.,0.,0.));
#1682=DIRECTION('center_axis',(0.,0.,1.));
#1683=DIRECTION('ref_axis',(1.,0.,0.));
#1684=DIRECTION('',(0.,0.,1.));
#1685=DIRECTION('center_axis',(0.,0.,1.));
#1686=DIRECTION('ref_axis',(1.,0.,0.));
#1687=DIRECTION('center_axis',(0.,0.,-1.));
#1688=DIRECTION('ref_axis',(1.,0.,0.));
#1689=DIRECTION('center_axis',(0.,0.,1.));
#1690=DIRECTION('ref_axis',(0.681385143869246,-0.731925054711401,0.));
#1691=DIRECTION('center_axis',(0.,0.,-1.));
#1692=DIRECTION('ref_axis',(0.,-1.,0.));
#1693=DIRECTION('center_axis',(0.,0.,1.));
#1694=DIRECTION('ref_axis',(-0.731925054711398,0.681385143869249,0.));
#1695=DIRECTION('',(1.,0.,0.));
#1696=DIRECTION('center_axis',(0.,0.,1.));
#1697=DIRECTION('ref_axis',(0.474085828725791,0.880478635175993,0.));
#1698=DIRECTION('center_axis',(0.,0.,1.));
#1699=DIRECTION('ref_axis',(-0.520517604269611,-0.853850937602943,0.));
#1700=DIRECTION('center_axis',(0.,0.,1.));
#1701=DIRECTION('ref_axis',(0.880478635175993,0.474085828725791,0.));
#1702=DIRECTION('',(0.,-1.,0.));
#1703=DIRECTION('center_axis',(0.,0.,-1.));
#1704=DIRECTION('ref_axis',(1.,0.,0.));
#1705=DIRECTION('center_axis',(0.,0.,-1.));
#1706=DIRECTION('ref_axis',(1.,0.,0.));
#1707=DIRECTION('center_axis',(0.,0.,-1.));
#1708=DIRECTION('ref_axis',(1.,0.,0.));
#1709=DIRECTION('center_axis',(0.,0.,-1.));
#1710=DIRECTION('ref_axis',(1.,0.,0.));
#1711=DIRECTION('center_axis',(0.,0.,-1.));
#1712=DIRECTION('ref_axis',(1.,0.,0.));
#1713=DIRECTION('center_axis',(0.,0.,-1.));
#1714=DIRECTION('ref_axis',(1.,0.,0.));
#1715=DIRECTION('center_axis',(0.,0.,-1.));
#1716=DIRECTION('ref_axis',(0.681385143869246,-0.731925054711401,0.));
#1717=DIRECTION('',(0.,0.,1.));
#1718=DIRECTION('',(0.,0.,-1.));
#1719=DIRECTION('center_axis',(1.,0.,0.));
#1720=DIRECTION('ref_axis',(0.,-1.,0.));
#1721=DIRECTION('',(0.,0.,-1.));
#1722=DIRECTION('center_axis',(0.,0.,-1.));
#1723=DIRECTION('ref_axis',(-0.731925054711398,0.681385143869249,0.));
#1724=DIRECTION('',(0.,0.,1.));
#1725=DIRECTION('',(0.,0.,-1.));
#1726=DIRECTION('center_axis',(0.,1.,0.));
#1727=DIRECTION('ref_axis',(1.,0.,0.));
#1728=DIRECTION('',(0.,0.,1.));
#1729=DIRECTION('center_axis',(0.,0.,-1.));
#1730=DIRECTION('ref_axis',(0.474085828725791,0.880478635175993,0.));
#1731=DIRECTION('',(0.,0.,-1.));
#1732=DIRECTION('center_axis',(0.,0.,-1.));
#1733=DIRECTION('ref_axis',(0.880478635175993,0.474085828725791,0.));
#1734=DIRECTION('',(0.,0.,1.));
#1735=DIRECTION('center_axis',(0.,0.,-1.));
#1736=DIRECTION('ref_axis',(-0.731925054711398,-0.681385143869249,0.));
#1737=DIRECTION('',(0.,0.,1.));
#1738=DIRECTION('',(0.,0.,-1.));
#1739=DIRECTION('center_axis',(0.,-1.,0.));
#1740=DIRECTION('ref_axis',(-1.,0.,0.));
#1741=DIRECTION('',(0.,0.,-1.));
#1742=DIRECTION('center_axis',(0.,0.,-1.));
#1743=DIRECTION('ref_axis',(0.474085828725789,-0.880478635175994,0.));
#1744=DIRECTION('',(0.,0.,1.));
#1745=DIRECTION('center_axis',(0.,0.,-1.));
#1746=DIRECTION('ref_axis',(-0.853850937602943,0.52051760426961,0.));
#1747=DIRECTION('',(0.,0.,-1.));
#1748=DIRECTION('center_axis',(0.,0.,-1.));
#1749=DIRECTION('ref_axis',(0.681385143869249,0.731925054711398,0.));
#1750=DIRECTION('',(0.,0.,1.));
#1751=DIRECTION('',(0.,0.,-1.));
#1752=DIRECTION('center_axis',(0.,0.,-1.));
#1753=DIRECTION('ref_axis',(-1.,0.,0.));
#1754=DIRECTION('',(0.,0.,-1.));
#1755=DIRECTION('center_axis',(0.,0.,-1.));
#1756=DIRECTION('ref_axis',(-1.,0.,0.));
#1757=DIRECTION('',(0.,0.,-1.));
#1758=DIRECTION('center_axis',(0.,0.,-1.));
#1759=DIRECTION('ref_axis',(0.880478635175993,-0.474085828725791,0.));
#1760=DIRECTION('',(0.,0.,1.));
#1761=DIRECTION('center_axis',(0.,0.,-1.));
#1762=DIRECTION('ref_axis',(0.731925054711404,-0.681385143869243,0.));
#1763=DIRECTION('',(0.,0.,1.));
#1764=DIRECTION('',(0.,0.,-1.));
#1765=DIRECTION('center_axis',(0.,-1.,0.));
#1766=DIRECTION('ref_axis',(-1.,0.,0.));
#1767=DIRECTION('',(0.,0.,1.));
#1768=DIRECTION('center_axis',(0.,0.,-1.));
#1769=DIRECTION('ref_axis',(-0.474085828725793,-0.880478635175992,0.));
#1770=DIRECTION('',(0.,0.,-1.));
#1771=DIRECTION('center_axis',(0.,0.,-1.));
#1772=DIRECTION('ref_axis',(-0.880478635175992,-0.474085828725793,0.));
#1773=DIRECTION('',(0.,0.,1.));
#1774=DIRECTION('',(0.,0.,-1.));
#1775=DIRECTION('center_axis',(-1.,0.,0.));
#1776=DIRECTION('ref_axis',(0.,1.,0.));
#1777=DIRECTION('',(0.,0.,1.));
#1778=DIRECTION('center_axis',(0.,0.,-1.));
#1779=DIRECTION('ref_axis',(-0.681385143869242,0.731925054711404,0.));
#1780=DIRECTION('',(0.,0.,-1.));
#1781=DIRECTION('center_axis',(0.,0.,-1.));
#1782=DIRECTION('ref_axis',(0.,1.,0.));
#1783=DIRECTION('',(0.,0.,-1.));
#1784=DIRECTION('center_axis',(0.,0.,-1.));
#1785=DIRECTION('ref_axis',(0.,1.,0.));
#1786=DIRECTION('',(0.,0.,-1.));
#1787=DIRECTION('center_axis',(0.,0.,-1.));
#1788=DIRECTION('ref_axis',(-0.681385143869242,-0.731925054711404,0.));
#1789=DIRECTION('',(0.,0.,1.));
#1790=DIRECTION('',(0.,0.,-1.));
#1791=DIRECTION('center_axis',(-1.,-8.88178419700126E-16,0.));
#1792=DIRECTION('ref_axis',(-8.88178419700126E-16,1.,0.));
#1793=DIRECTION('',(0.,0.,1.));
#1794=DIRECTION('center_axis',(0.,0.,-1.));
#1795=DIRECTION('ref_axis',(-0.880478635175994,0.474085828725789,0.));
#1796=DIRECTION('',(0.,0.,-1.));
#1797=DIRECTION('center_axis',(0.,0.,-1.));
#1798=DIRECTION('ref_axis',(-0.474085828725789,0.880478635175994,0.));
#1799=DIRECTION('',(0.,0.,1.));
#1800=DIRECTION('',(0.,0.,-1.));
#1801=DIRECTION('center_axis',(4.44089209850063E-16,1.,0.));
#1802=DIRECTION('ref_axis',(1.,-4.44089209850063E-16,0.));
#1803=DIRECTION('',(0.,0.,1.));
#1804=DIRECTION('center_axis',(0.,0.,-1.));
#1805=DIRECTION('ref_axis',(0.731925054711407,0.681385143869239,0.));
#1806=DIRECTION('',(0.,0.,-1.));
#1807=DIRECTION('center_axis',(0.,0.,-1.));
#1808=DIRECTION('ref_axis',(1.,0.,0.));
#1809=DIRECTION('',(0.,0.,-1.));
#1810=DIRECTION('center_axis',(0.,0.,-1.));
#1811=DIRECTION('ref_axis',(1.,0.,0.));
#1812=DIRECTION('',(0.,0.,-1.));
#1813=DIRECTION('center_axis',(0.,0.,-1.));
#1814=DIRECTION('ref_axis',(-0.520517604269611,-0.853850937602943,0.));
#1815=DIRECTION('center_axis',(0.,0.,-1.));
#1816=DIRECTION('ref_axis',(0.520517604269611,0.853850937602943,0.));
#1817=DIRECTION('center_axis',(0.,0.,-1.));
#1818=DIRECTION('ref_axis',(0.853850937602942,-0.520517604269612,0.));
#1819=DIRECTION('center_axis',(1.,4.44089209850063E-16,0.));
#1820=DIRECTION('ref_axis',(4.44089209850063E-16,-1.,0.));
#1821=DIRECTION('center_axis',(0.,0.,-1.));
#1822=DIRECTION('ref_axis',(-1.,0.,0.));
#1823=DIRECTION('center_axis',(0.,0.,-1.));
#1824=DIRECTION('ref_axis',(-1.,0.,0.));
#1825=DIRECTION('',(0.707106781186555,8.65956056235503E-17,-0.70710678118654));
#1826=DIRECTION('center_axis',(0.,0.,1.));
#1827=DIRECTION('ref_axis',(-1.,0.,0.));
#1828=DIRECTION('center_axis',(0.,0.,1.));
#1829=DIRECTION('ref_axis',(-1.,0.,0.));
#1830=DIRECTION('',(0.,0.,-1.));
#1831=DIRECTION('center_axis',(0.,0.,-1.));
#1832=DIRECTION('ref_axis',(-1.,0.,0.));
#1833=DIRECTION('center_axis',(0.,0.,1.));
#1834=DIRECTION('ref_axis',(-1.,0.,0.));
#1835=DIRECTION('center_axis',(0.,0.,-1.));
#1836=DIRECTION('ref_axis',(-1.,0.,0.));
#1837=DIRECTION('center_axis',(0.,0.,-1.));
#1838=DIRECTION('ref_axis',(-1.,0.,0.));
#1839=DIRECTION('',(0.707106781186555,8.65956056235503E-17,-0.70710678118654));
#1840=DIRECTION('center_axis',(0.,0.,1.));
#1841=DIRECTION('ref_axis',(-1.,0.,0.));
#1842=DIRECTION('center_axis',(0.,0.,1.));
#1843=DIRECTION('ref_axis',(-1.,0.,0.));
#1844=DIRECTION('',(0.,0.,-1.));
#1845=DIRECTION('center_axis',(0.,0.,-1.));
#1846=DIRECTION('ref_axis',(-1.,0.,0.));
#1847=DIRECTION('center_axis',(0.,0.,1.));
#1848=DIRECTION('ref_axis',(-1.,0.,0.));
#1849=DIRECTION('center_axis',(0.,1.,0.));
#1850=DIRECTION('ref_axis',(1.,0.,0.));
#1851=DIRECTION('',(-1.,0.,0.));
#1852=DIRECTION('center_axis',(-1.,0.,0.));
#1853=DIRECTION('ref_axis',(0.,1.,0.));
#1854=DIRECTION('',(0.,-1.,0.));
#1855=DIRECTION('',(0.,0.,-1.));
#1856=DIRECTION('center_axis',(0.,0.,-1.));
#1857=DIRECTION('ref_axis',(0.,-1.,0.));
#1858=DIRECTION('',(0.,0.,-1.));
#1859=DIRECTION('center_axis',(0.,0.,-1.));
#1860=DIRECTION('ref_axis',(0.,-1.,0.));
#1861=DIRECTION('center_axis',(0.,-1.,0.));
#1862=DIRECTION('ref_axis',(-1.,0.,0.));
#1863=DIRECTION('',(1.,0.,0.));
#1864=DIRECTION('center_axis',(1.,0.,0.));
#1865=DIRECTION('ref_axis',(0.,-1.,0.));
#1866=DIRECTION('',(0.,1.,0.));
#1867=DIRECTION('center_axis',(0.,0.,-1.));
#1868=DIRECTION('ref_axis',(1.,0.,0.));
#1869=CARTESIAN_POINT('',(0.,0.,0.));
#1870=CARTESIAN_POINT('Origin',(-33.0000000000018,35.8499999999952,70.1));
#1871=CARTESIAN_POINT('',(-35.5500000000018,35.8499999999952,70.));
#1872=CARTESIAN_POINT('Origin',(-33.0000000000018,35.8499999999952,70.));
#1873=CARTESIAN_POINT('',(-35.3500000000018,35.8499999999952,70.2));
#1874=CARTESIAN_POINT('',(-35.4500000000018,35.8499999999952,70.1));
#1875=CARTESIAN_POINT('Origin',(-33.0000000000018,35.8499999999952,70.2));
#1876=CARTESIAN_POINT('Origin',(19.0350003242493,2.84999999999991,70.));
#1877=CARTESIAN_POINT('',(-42.0497541258043,-36.5000000000001,70.));
#1878=CARTESIAN_POINT('',(-50.4642400437689,-36.5000000000001,70.));
#1879=CARTESIAN_POINT('',(-16.2324998378754,-36.5000000000001,70.));
#1880=CARTESIAN_POINT('',(-51.461685761181,-37.5714285714287,70.));
#1881=CARTESIAN_POINT('Origin',(-50.4642400437689,-37.5000000000001,70.));
#1882=CARTESIAN_POINT('',(-51.5,-36.5000000000001,70.));
#1883=CARTESIAN_POINT('Origin',(-36.5,-36.5000000000001,70.));
#1884=CARTESIAN_POINT('',(-51.5,42.1999999999999,70.));
#1885=CARTESIAN_POINT('',(-51.5,42.1999999999999,70.));
#1886=CARTESIAN_POINT('',(-51.461685761181,43.2714285714285,70.));
#1887=CARTESIAN_POINT('Origin',(-36.5,42.1999999999999,70.));
#1888=CARTESIAN_POINT('',(-50.4642400437689,42.1999999999999,70.));
#1889=CARTESIAN_POINT('Origin',(-50.4642400437689,43.1999999999999,70.));
#1890=CARTESIAN_POINT('',(-42.0497541258043,42.1999999999999,70.));
#1891=CARTESIAN_POINT('',(-11.2324998378754,42.1999999999999,70.));
#1892=CARTESIAN_POINT('',(-41.2149092389388,42.6495147459971,70.));
#1893=CARTESIAN_POINT('Origin',(-42.0497541258043,43.1999999999999,70.));
#1894=CARTESIAN_POINT('',(-36.9495147459972,46.9149092389387,70.));
#1895=CARTESIAN_POINT('Origin',(-28.6922359359559,34.3922359359558,70.));
#1896=CARTESIAN_POINT('',(-36.5,47.7497541258042,70.));
#1897=CARTESIAN_POINT('Origin',(-37.5,47.7497541258042,70.));
#1898=CARTESIAN_POINT('',(-36.5,56.1642400437688,70.));
#1899=CARTESIAN_POINT('',(-36.5,30.0249999999999,70.));
#1900=CARTESIAN_POINT('',(-37.5714285714286,57.1616857611809,70.));
#1901=CARTESIAN_POINT('Origin',(-37.5,56.1642400437688,70.));
#1902=CARTESIAN_POINT('',(-36.5,57.1999999999999,70.));
#1903=CARTESIAN_POINT('Origin',(-36.5,42.1999999999999,70.));
#1904=CARTESIAN_POINT('',(74.5700006484985,57.1999999999999,70.));
#1905=CARTESIAN_POINT('',(74.5700006484985,57.1999999999999,70.));
#1906=CARTESIAN_POINT('',(75.641429219927,57.1616857611809,70.));
#1907=CARTESIAN_POINT('Origin',(74.5700006484985,42.1999999999999,70.));
#1908=CARTESIAN_POINT('',(74.5700006484985,56.1642400437688,70.));
#1909=CARTESIAN_POINT('Origin',(75.5700006484985,56.1642400437688,70.));
#1910=CARTESIAN_POINT('',(74.5700006484985,47.7497541258042,70.));
#1911=CARTESIAN_POINT('',(74.5700006484985,25.0249999999999,70.));
#1912=CARTESIAN_POINT('',(75.0195153944957,46.9149092389387,70.));
#1913=CARTESIAN_POINT('Origin',(75.5700006484985,47.7497541258042,70.));
#1914=CARTESIAN_POINT('',(79.2849098874373,42.6495147459972,70.));
#1915=CARTESIAN_POINT('Origin',(66.7622365844543,34.3922359359558,70.));
#1916=CARTESIAN_POINT('',(80.1197547743028,42.1999999999999,70.));
#1917=CARTESIAN_POINT('Origin',(80.1197547743028,43.1999999999999,70.));
#1918=CARTESIAN_POINT('',(88.5342406922674,42.1999999999999,70.));
#1919=CARTESIAN_POINT('',(54.3025004863739,42.1999999999999,70.));
#1920=CARTESIAN_POINT('',(89.5316864096795,43.2714285714285,70.));
#1921=CARTESIAN_POINT('Origin',(88.5342406922674,43.1999999999999,70.));
#1922=CARTESIAN_POINT('',(89.5700006484985,42.1999999999999,70.));
#1923=CARTESIAN_POINT('Origin',(74.5700006484985,42.1999999999999,70.));
#1924=CARTESIAN_POINT('',(89.5700006484985,-36.5000000000001,70.));
#1925=CARTESIAN_POINT('',(89.5700006484985,-36.5000000000001,70.));
#1926=CARTESIAN_POINT('',(89.5316864096795,-37.5714285714287,70.));
#1927=CARTESIAN_POINT('Origin',(74.5700006484985,-36.5000000000001,70.));
#1928=CARTESIAN_POINT('',(88.5342406922674,-36.5000000000001,70.));
#1929=CARTESIAN_POINT('Origin',(88.5342406922674,-37.5000000000001,70.));
#1930=CARTESIAN_POINT('',(80.1197547743028,-36.5000000000001,70.));
#1931=CARTESIAN_POINT('',(49.3025004863739,-36.5000000000001,70.));
#1932=CARTESIAN_POINT('',(79.2849098874373,-36.9495147459973,70.));
#1933=CARTESIAN_POINT('Origin',(80.1197547743028,-37.5000000000001,70.));
#1934=CARTESIAN_POINT('',(75.0195153944957,-41.2149092389389,70.));
#1935=CARTESIAN_POINT('Origin',(66.7622365844542,-28.6922359359558,70.));
#1936=CARTESIAN_POINT('',(74.5700006484985,-42.0497541258044,70.));
#1937=CARTESIAN_POINT('Origin',(75.5700006484985,-42.0497541258044,70.));
#1938=CARTESIAN_POINT('',(74.5700006484985,-50.464240043769,70.));
#1939=CARTESIAN_POINT('',(74.5700006484984,-24.3250000000001,70.));
#1940=CARTESIAN_POINT('',(75.641429219927,-51.4616857611811,70.));
#1941=CARTESIAN_POINT('Origin',(75.5700006484985,-50.464240043769,70.));
#1942=CARTESIAN_POINT('',(74.5700006484985,-51.5000000000001,70.));
#1943=CARTESIAN_POINT('Origin',(74.5700006484985,-36.5000000000001,70.));
#1944=CARTESIAN_POINT('',(-36.5,-51.5000000000001,70.));
#1945=CARTESIAN_POINT('',(-36.5,-51.5000000000001,70.));
#1946=CARTESIAN_POINT('',(-37.5714285714286,-51.4616857611811,70.));
#1947=CARTESIAN_POINT('Origin',(-36.5,-36.5000000000001,70.));
#1948=CARTESIAN_POINT('',(-36.5,-50.464240043769,70.));
#1949=CARTESIAN_POINT('Origin',(-37.5,-50.464240043769,70.));
#1950=CARTESIAN_POINT('',(-36.5,-42.0497541258044,70.));
#1951=CARTESIAN_POINT('',(-36.5,-19.3250000000001,70.));
#1952=CARTESIAN_POINT('',(-36.9495147459972,-41.2149092389389,70.));
#1953=CARTESIAN_POINT('Origin',(-37.5,-42.0497541258044,70.));
#1954=CARTESIAN_POINT('',(-41.2149092389388,-36.9495147459973,70.));
#1955=CARTESIAN_POINT('Origin',(-28.6922359359558,-28.692235935956,70.));
#1956=CARTESIAN_POINT('Origin',(-42.0497541258043,-37.5000000000001,70.));
#1957=CARTESIAN_POINT('',(-35.55,-30.1500000000048,70.));
#1958=CARTESIAN_POINT('Origin',(-33.,-30.1500000000048,70.));
#1959=CARTESIAN_POINT('',(30.4500000000001,35.8499995252107,70.));
#1960=CARTESIAN_POINT('Origin',(33.,35.8499995252107,70.));
#1961=CARTESIAN_POINT('',(-21.5127981374344,2.4484173399999,70.));
#1962=CARTESIAN_POINT('Origin',(-20.4127981374344,2.4484173399999,70.));
#1963=CARTESIAN_POINT('',(14.8872018625657,2.4484173399999,70.));
#1964=CARTESIAN_POINT('Origin',(15.9872018625657,2.4484173399999,70.));
#1965=CARTESIAN_POINT('',(30.45,-30.1500000000023,70.));
#1966=CARTESIAN_POINT('Origin',(33.,-30.1500000000023,70.));
#1967=CARTESIAN_POINT('Origin',(-33.0000000000018,35.8499999999952,80.));
#1968=CARTESIAN_POINT('',(-35.3500000000018,35.8499999999952,80.));
#1969=CARTESIAN_POINT('',(-35.3500000000018,35.8499999999952,80.));
#1970=CARTESIAN_POINT('Origin',(-33.0000000000018,35.8499999999952,80.));
#1971=CARTESIAN_POINT('Origin',(-33.,-30.1500000000048,70.1));
#1972=CARTESIAN_POINT('',(-35.35,-30.1500000000048,70.2));
#1973=CARTESIAN_POINT('',(-35.45,-30.1500000000048,70.1));
#1974=CARTESIAN_POINT('Origin',(-33.,-30.1500000000048,70.2));
#1975=CARTESIAN_POINT('Origin',(-33.,-30.1500000000048,80.));
#1976=CARTESIAN_POINT('',(-35.35,-30.1500000000048,80.));
#1977=CARTESIAN_POINT('',(-35.35,-30.1500000000048,80.));
#1978=CARTESIAN_POINT('Origin',(-33.,-30.1500000000048,80.));
#1979=CARTESIAN_POINT('Origin',(33.,-30.1500000000023,70.1));
#1980=CARTESIAN_POINT('',(30.65,-30.1500000000023,70.2));
#1981=CARTESIAN_POINT('',(30.55,-30.1500000000023,70.1));
#1982=CARTESIAN_POINT('Origin',(33.,-30.1500000000023,70.2));
#1983=CARTESIAN_POINT('Origin',(33.,-30.1500000000023,80.));
#1984=CARTESIAN_POINT('',(30.65,-30.1500000000023,80.));
#1985=CARTESIAN_POINT('',(30.65,-30.1500000000023,80.));
#1986=CARTESIAN_POINT('Origin',(33.,-30.1500000000023,80.));
#1987=CARTESIAN_POINT('Origin',(33.,35.8499995252107,70.1));
#1988=CARTESIAN_POINT('',(30.6500000000001,35.8499995252107,70.2));
#1989=CARTESIAN_POINT('',(30.5500000000001,35.8499995252107,70.1));
#1990=CARTESIAN_POINT('Origin',(33.,35.8499995252107,70.2));
#1991=CARTESIAN_POINT('Origin',(33.,35.8499995252107,80.));
#1992=CARTESIAN_POINT('',(30.6500000000001,35.8499995252107,80.));
#1993=CARTESIAN_POINT('',(30.6500000000001,35.8499995252107,80.));
#1994=CARTESIAN_POINT('Origin',(33.,35.8499995252107,80.));
#1995=CARTESIAN_POINT('Origin',(15.9872018625657,2.4484173399999,70.1));
#1996=CARTESIAN_POINT('',(15.0872018625657,2.4484173399999,70.2));
#1997=CARTESIAN_POINT('',(14.9872018625657,2.4484173399999,70.1));
#1998=CARTESIAN_POINT('Origin',(15.9872018625657,2.4484173399999,70.2));
#1999=CARTESIAN_POINT('Origin',(15.9872018625657,2.4484173399999,70.));
#2000=CARTESIAN_POINT('',(15.0872018625657,2.4484173399999,77.));
#2001=CARTESIAN_POINT('',(15.0872018625657,2.4484173399999,70.));
#2002=CARTESIAN_POINT('Origin',(15.9872018625657,2.4484173399999,77.));
#2003=CARTESIAN_POINT('Origin',(-20.4127981374344,2.4484173399999,70.1));
#2004=CARTESIAN_POINT('',(-21.3127981374344,2.4484173399999,70.2));
#2005=CARTESIAN_POINT('',(-21.4127981374344,2.4484173399999,70.1));
#2006=CARTESIAN_POINT('Origin',(-20.4127981374344,2.4484173399999,70.2));
#2007=CARTESIAN_POINT('Origin',(-20.4127981374344,2.4484173399999,70.));
#2008=CARTESIAN_POINT('',(-21.3127981374344,2.4484173399999,77.));
#2009=CARTESIAN_POINT('',(-21.3127981374344,2.4484173399999,70.));
#2010=CARTESIAN_POINT('Origin',(-20.4127981374344,2.4484173399999,77.));
#2011=CARTESIAN_POINT('Origin',(-43.,49.1999999999999,20.1));
#2012=CARTESIAN_POINT('',(-44.55,49.1999999999999,20.));
#2013=CARTESIAN_POINT('Origin',(-43.,49.1999999999999,20.));
#2014=CARTESIAN_POINT('',(-44.35,49.1999999999999,20.2));
#2015=CARTESIAN_POINT('',(-44.45,49.1999999999999,20.1));
#2016=CARTESIAN_POINT('Origin',(-43.,49.1999999999999,20.2));
#2017=CARTESIAN_POINT('Origin',(-43.,49.1999999999999,20.));
#2018=CARTESIAN_POINT('',(-44.35,49.1999999999999,26.));
#2019=CARTESIAN_POINT('',(-44.35,49.1999999999999,20.));
#2020=CARTESIAN_POINT('Origin',(-43.,49.1999999999999,26.));
#2021=CARTESIAN_POINT('Origin',(-44.,49.6999999999999,20.));
#2022=CARTESIAN_POINT('',(-51.461685761181,43.2714285714285,20.));
#2023=CARTESIAN_POINT('',(-50.4642400437689,42.1999999999999,20.));
#2024=CARTESIAN_POINT('Origin',(-50.4642400437689,43.1999999999999,20.));
#2025=CARTESIAN_POINT('',(-37.5714285714286,57.1616857611809,20.));
#2026=CARTESIAN_POINT('Origin',(-36.5,42.1999999999999,20.));
#2027=CARTESIAN_POINT('',(-36.5,56.1642400437688,20.));
#2028=CARTESIAN_POINT('Origin',(-37.5,56.1642400437688,20.));
#2029=CARTESIAN_POINT('',(-36.5,47.7497541258042,20.));
#2030=CARTESIAN_POINT('',(-36.5,57.1999999999999,20.));
#2031=CARTESIAN_POINT('',(-36.9495147459972,46.9149092389387,20.));
#2032=CARTESIAN_POINT('Origin',(-37.5,47.7497541258042,20.));
#2033=CARTESIAN_POINT('',(-41.2149092389388,42.6495147459971,20.));
#2034=CARTESIAN_POINT('Origin',(-28.6922359359559,34.3922359359558,20.));
#2035=CARTESIAN_POINT('',(-42.0497541258043,42.1999999999999,20.));
#2036=CARTESIAN_POINT('Origin',(-42.0497541258043,43.1999999999999,20.));
#2037=CARTESIAN_POINT('',(-51.5,42.1999999999999,20.));
#2038=CARTESIAN_POINT('Origin',(81.0700006484984,49.1999999999999,20.1));
#2039=CARTESIAN_POINT('',(79.5200006484985,49.1999999999999,20.));
#2040=CARTESIAN_POINT('Origin',(81.0700006484984,49.1999999999999,20.));
#2041=CARTESIAN_POINT('',(79.7200006484985,49.1999999999999,20.2));
#2042=CARTESIAN_POINT('',(79.6200006484985,49.1999999999999,20.1));
#2043=CARTESIAN_POINT('Origin',(81.0700006484984,49.1999999999999,20.2));
#2044=CARTESIAN_POINT('Origin',(81.0700006484984,49.1999999999999,20.));
#2045=CARTESIAN_POINT('',(79.7200006484985,49.1999999999999,26.));
#2046=CARTESIAN_POINT('',(79.7200006484985,49.1999999999999,20.));
#2047=CARTESIAN_POINT('Origin',(81.0700006484984,49.1999999999999,26.));
#2048=CARTESIAN_POINT('Origin',(82.0700006484985,49.6999999999999,20.));
#2049=CARTESIAN_POINT('',(88.5342406922674,42.1999999999999,20.));
#2050=CARTESIAN_POINT('',(89.5316864096795,43.2714285714285,20.));
#2051=CARTESIAN_POINT('Origin',(88.5342406922674,43.1999999999999,20.));
#2052=CARTESIAN_POINT('',(80.1197547743028,42.1999999999999,20.));
#2053=CARTESIAN_POINT('',(89.5700006484985,42.1999999999999,20.));
#2054=CARTESIAN_POINT('',(79.2849098874373,42.6495147459972,20.));
#2055=CARTESIAN_POINT('Origin',(80.1197547743028,43.1999999999999,20.));
#2056=CARTESIAN_POINT('',(75.0195153944957,46.9149092389387,20.));
#2057=CARTESIAN_POINT('Origin',(66.7622365844543,34.3922359359558,20.));
#2058=CARTESIAN_POINT('',(74.5700006484985,47.7497541258042,20.));
#2059=CARTESIAN_POINT('Origin',(75.5700006484985,47.7497541258042,20.));
#2060=CARTESIAN_POINT('',(74.5700006484985,56.1642400437688,20.));
#2061=CARTESIAN_POINT('',(74.5700006484985,57.1999999999999,20.));
#2062=CARTESIAN_POINT('',(75.641429219927,57.1616857611809,20.));
#2063=CARTESIAN_POINT('Origin',(75.5700006484985,56.1642400437688,20.));
#2064=CARTESIAN_POINT('Origin',(74.5700006484985,42.1999999999999,20.));
#2065=CARTESIAN_POINT('Origin',(81.0700006484985,-43.5000000000001,20.1));
#2066=CARTESIAN_POINT('',(79.5200006484985,-43.5000000000001,20.));
#2067=CARTESIAN_POINT('Origin',(81.0700006484985,-43.5000000000001,20.));
#2068=CARTESIAN_POINT('',(79.7200006484985,-43.5000000000001,20.2));
#2069=CARTESIAN_POINT('',(79.6200006484985,-43.5000000000001,20.1));
#2070=CARTESIAN_POINT('Origin',(81.0700006484985,-43.5000000000001,20.2));
#2071=CARTESIAN_POINT('Origin',(81.0700006484985,-43.5000000000001,20.));
#2072=CARTESIAN_POINT('',(79.7200006484985,-43.5000000000001,26.));
#2073=CARTESIAN_POINT('',(79.7200006484985,-43.5000000000001,20.));
#2074=CARTESIAN_POINT('Origin',(81.0700006484985,-43.5000000000001,26.));
#2075=CARTESIAN_POINT('Origin',(82.0700006484985,-44.0000000000001,20.));
#2076=CARTESIAN_POINT('',(74.5700006484985,-50.464240043769,20.));
#2077=CARTESIAN_POINT('',(75.641429219927,-51.4616857611811,20.));
#2078=CARTESIAN_POINT('Origin',(75.5700006484985,-50.464240043769,20.));
#2079=CARTESIAN_POINT('',(74.5700006484985,-42.0497541258044,20.));
#2080=CARTESIAN_POINT('',(74.5700006484985,-51.5000000000001,20.));
#2081=CARTESIAN_POINT('',(75.0195153944957,-41.2149092389389,20.));
#2082=CARTESIAN_POINT('Origin',(75.5700006484985,-42.0497541258044,20.));
#2083=CARTESIAN_POINT('',(79.2849098874373,-36.9495147459973,20.));
#2084=CARTESIAN_POINT('Origin',(66.7622365844542,-28.6922359359558,20.));
#2085=CARTESIAN_POINT('',(80.1197547743028,-36.5000000000001,20.));
#2086=CARTESIAN_POINT('Origin',(80.1197547743028,-37.5000000000001,20.));
#2087=CARTESIAN_POINT('',(88.5342406922674,-36.5000000000001,20.));
#2088=CARTESIAN_POINT('',(89.5700006484985,-36.5000000000001,20.));
#2089=CARTESIAN_POINT('',(89.5316864096795,-37.5714285714287,20.));
#2090=CARTESIAN_POINT('Origin',(88.5342406922674,-37.5000000000001,20.));
#2091=CARTESIAN_POINT('Origin',(74.5700006484985,-36.5000000000001,20.));
#2092=CARTESIAN_POINT('Origin',(-43.,-43.5000000000001,20.1));
#2093=CARTESIAN_POINT('',(-44.55,-43.5000000000001,20.));
#2094=CARTESIAN_POINT('Origin',(-43.,-43.5000000000001,20.));
#2095=CARTESIAN_POINT('',(-44.35,-43.5000000000001,20.2));
#2096=CARTESIAN_POINT('',(-44.45,-43.5000000000001,20.1));
#2097=CARTESIAN_POINT('Origin',(-43.,-43.5000000000001,20.2));
#2098=CARTESIAN_POINT('Origin',(-43.,-43.5000000000001,20.));
#2099=CARTESIAN_POINT('',(-44.35,-43.5000000000001,26.));
#2100=CARTESIAN_POINT('',(-44.35,-43.5000000000001,20.));
#2101=CARTESIAN_POINT('Origin',(-43.,-43.5000000000001,26.));
#2102=CARTESIAN_POINT('Origin',(-44.,-44.0000000000001,20.));
#2103=CARTESIAN_POINT('',(-37.5714285714286,-51.4616857611811,20.));
#2104=CARTESIAN_POINT('',(-36.5,-50.464240043769,20.));
#2105=CARTESIAN_POINT('Origin',(-37.5,-50.464240043769,20.));
#2106=CARTESIAN_POINT('',(-51.461685761181,-37.5714285714287,20.));
#2107=CARTESIAN_POINT('Origin',(-36.5,-36.5000000000001,20.));
#2108=CARTESIAN_POINT('',(-50.4642400437689,-36.5000000000001,20.));
#2109=CARTESIAN_POINT('Origin',(-50.4642400437689,-37.5000000000001,20.));
#2110=CARTESIAN_POINT('',(-42.0497541258043,-36.5000000000001,20.));
#2111=CARTESIAN_POINT('',(-51.5,-36.5000000000001,20.));
#2112=CARTESIAN_POINT('',(-41.2149092389388,-36.9495147459973,20.));
#2113=CARTESIAN_POINT('Origin',(-42.0497541258043,-37.5000000000001,20.));
#2114=CARTESIAN_POINT('',(-36.9495147459972,-41.2149092389389,20.));
#2115=CARTESIAN_POINT('Origin',(-28.6922359359558,-28.692235935956,20.));
#2116=CARTESIAN_POINT('',(-36.5,-42.0497541258044,20.));
#2117=CARTESIAN_POINT('Origin',(-37.5,-42.0497541258044,20.));
#2118=CARTESIAN_POINT('',(-36.5,-51.5000000000001,20.));
#2119=CARTESIAN_POINT('Origin',(-43.,49.1999999999999,26.));
#2120=CARTESIAN_POINT('Origin',(81.0700006484984,49.1999999999999,26.));
#2121=CARTESIAN_POINT('Origin',(-43.,-43.5000000000001,26.));
#2122=CARTESIAN_POINT('Origin',(81.0700006484985,-43.5000000000001,26.));
#2123=CARTESIAN_POINT('Origin',(-20.4127981374344,2.8499999999999,77.));
#2124=CARTESIAN_POINT('Origin',(15.9872018625657,2.8499999999999,77.));
#2125=CARTESIAN_POINT('Origin',(-37.5,-50.464240043769,80.));
#2126=CARTESIAN_POINT('',(-36.5,-50.464240043769,80.));
#2127=CARTESIAN_POINT('',(-37.5714285714286,-51.4616857611811,80.));
#2128=CARTESIAN_POINT('Origin',(-36.5,-41.5000000000001,70.));
#2129=CARTESIAN_POINT('',(-36.5,-42.0497541258044,70.));
#2130=CARTESIAN_POINT('Origin',(-50.4642400437689,-37.5000000000001,80.));
#2131=CARTESIAN_POINT('',(-51.461685761181,-37.5714285714287,80.));
#2132=CARTESIAN_POINT('',(-50.4642400437689,-36.5000000000001,80.));
#2133=CARTESIAN_POINT('Origin',(-51.5,-36.5000000000001,70.));
#2134=CARTESIAN_POINT('',(-42.0497541258043,-36.5000000000001,70.));
#2135=CARTESIAN_POINT('Origin',(-42.0497541258043,-37.5000000000001,70.));
#2136=CARTESIAN_POINT('',(-41.2149092389388,-36.9495147459973,70.));
#2137=CARTESIAN_POINT('Origin',(-37.5,-42.0497541258044,70.));
#2138=CARTESIAN_POINT('',(-36.9495147459972,-41.2149092389389,70.));
#2139=CARTESIAN_POINT('Origin',(-50.4642400437689,43.1999999999999,80.));
#2140=CARTESIAN_POINT('',(-50.4642400437689,42.1999999999999,80.));
#2141=CARTESIAN_POINT('',(-51.461685761181,43.2714285714285,80.));
#2142=CARTESIAN_POINT('Origin',(-41.5,42.1999999999999,70.));
#2143=CARTESIAN_POINT('',(-42.0497541258043,42.1999999999999,70.));
#2144=CARTESIAN_POINT('Origin',(-42.0497541258043,43.1999999999999,70.));
#2145=CARTESIAN_POINT('',(-41.2149092389388,42.6495147459971,70.));
#2146=CARTESIAN_POINT('Origin',(-28.6922359359559,34.3922359359558,70.));
#2147=CARTESIAN_POINT('',(-36.9495147459972,46.9149092389387,70.));
#2148=CARTESIAN_POINT('Origin',(-37.5,56.1642400437688,80.));
#2149=CARTESIAN_POINT('',(-37.5714285714286,57.1616857611809,80.));
#2150=CARTESIAN_POINT('',(-36.5,56.1642400437688,80.));
#2151=CARTESIAN_POINT('Origin',(-36.5,42.1999999999999,80.));
#2152=CARTESIAN_POINT('',(-51.5,42.1999999999999,80.));
#2153=CARTESIAN_POINT('',(-51.5,42.1999999999999,80.));
#2154=CARTESIAN_POINT('',(-36.5,57.1999999999999,80.));
#2155=CARTESIAN_POINT('Origin',(-36.5,42.1999999999999,80.));
#2156=CARTESIAN_POINT('',(-36.5,57.1999999999999,80.));
#2157=CARTESIAN_POINT('Origin',(-37.5,47.7497541258042,70.));
#2158=CARTESIAN_POINT('',(-36.5,47.7497541258042,70.));
#2159=CARTESIAN_POINT('Origin',(88.5342406922674,43.1999999999999,80.));
#2160=CARTESIAN_POINT('',(89.5316864096795,43.2714285714285,80.));
#2161=CARTESIAN_POINT('',(88.5342406922674,42.1999999999999,80.));
#2162=CARTESIAN_POINT('Origin',(89.5700006484985,42.1999999999999,70.));
#2163=CARTESIAN_POINT('',(80.1197547743028,42.1999999999999,70.));
#2164=CARTESIAN_POINT('Origin',(80.1197547743028,43.1999999999999,70.));
#2165=CARTESIAN_POINT('',(79.2849098874373,42.6495147459972,70.));
#2166=CARTESIAN_POINT('Origin',(75.5700006484985,47.7497541258042,70.));
#2167=CARTESIAN_POINT('',(75.0195153944957,46.9149092389387,70.));
#2168=CARTESIAN_POINT('',(74.5700006484985,47.7497541258042,70.));
#2169=CARTESIAN_POINT('Origin',(74.5700006484985,47.1999999999999,70.));
#2170=CARTESIAN_POINT('',(74.5700006484985,56.1642400437688,80.));
#2171=CARTESIAN_POINT('Origin',(75.5700006484985,56.1642400437688,80.));
#2172=CARTESIAN_POINT('',(75.641429219927,57.1616857611809,80.));
#2173=CARTESIAN_POINT('Origin',(74.5700006484985,42.1999999999999,80.));
#2174=CARTESIAN_POINT('',(74.5700006484985,57.1999999999999,80.));
#2175=CARTESIAN_POINT('',(74.5700006484985,57.1999999999999,80.));
#2176=CARTESIAN_POINT('',(89.5700006484985,42.1999999999999,80.));
#2177=CARTESIAN_POINT('Origin',(74.5700006484985,42.1999999999999,80.));
#2178=CARTESIAN_POINT('',(89.5700006484985,42.1999999999999,80.));
#2179=CARTESIAN_POINT('Origin',(75.5700006484985,-50.464240043769,80.));
#2180=CARTESIAN_POINT('',(75.641429219927,-51.4616857611811,80.));
#2181=CARTESIAN_POINT('',(74.5700006484985,-50.464240043769,80.));
#2182=CARTESIAN_POINT('Origin',(74.5700006484985,-51.5000000000001,70.));
#2183=CARTESIAN_POINT('',(74.5700006484985,-42.0497541258044,70.));
#2184=CARTESIAN_POINT('Origin',(75.5700006484985,-42.0497541258044,70.));
#2185=CARTESIAN_POINT('',(75.0195153944957,-41.2149092389389,70.));
#2186=CARTESIAN_POINT('Origin',(80.1197547743028,-37.5000000000001,70.));
#2187=CARTESIAN_POINT('',(79.2849098874373,-36.9495147459973,70.));
#2188=CARTESIAN_POINT('',(80.1197547743028,-36.5000000000001,70.));
#2189=CARTESIAN_POINT('Origin',(79.5700006484985,-36.5000000000001,70.));
#2190=CARTESIAN_POINT('',(88.5342406922674,-36.5000000000001,80.));
#2191=CARTESIAN_POINT('Origin',(88.5342406922674,-37.5000000000001,80.));
#2192=CARTESIAN_POINT('',(89.5316864096795,-37.5714285714287,80.));
#2193=CARTESIAN_POINT('Origin',(74.5700006484985,-36.5000000000001,80.));
#2194=CARTESIAN_POINT('',(89.5700006484985,-36.5000000000001,80.));
#2195=CARTESIAN_POINT('',(89.5700006484985,-36.5000000000001,80.));
#2196=CARTESIAN_POINT('',(74.5700006484985,-51.5000000000001,80.));
#2197=CARTESIAN_POINT('Origin',(74.5700006484985,-36.5000000000001,80.));
#2198=CARTESIAN_POINT('',(74.5700006484985,-51.5000000000001,80.));
#2199=CARTESIAN_POINT('Origin',(-28.6922359359558,-28.692235935956,70.));
#2200=CARTESIAN_POINT('Origin',(66.7622365844543,34.3922359359558,70.));
#2201=CARTESIAN_POINT('Origin',(66.7622365844542,-28.6922359359558,70.));
#2202=CARTESIAN_POINT('Origin',(-36.5,57.1999999999999,70.));
#2203=CARTESIAN_POINT('Origin',(47.5,2.84999999999991,83.3));
#2204=CARTESIAN_POINT('',(48.6,2.84999999999991,83.5));
#2205=CARTESIAN_POINT('Origin',(47.5,2.84999999999991,83.5));
#2206=CARTESIAN_POINT('',(49.,2.84999999999991,83.1));
#2207=CARTESIAN_POINT('',(48.8,2.84999999999991,83.3));
#2208=CARTESIAN_POINT('Origin',(47.5,2.84999999999991,83.1));
#2209=CARTESIAN_POINT('Origin',(47.5,2.84999999999991,80.));
#2210=CARTESIAN_POINT('',(49.,2.84999999999991,80.));
#2211=CARTESIAN_POINT('',(49.,2.84999999999991,80.));
#2212=CARTESIAN_POINT('Origin',(47.5,2.84999999999991,80.));
#2213=CARTESIAN_POINT('Origin',(47.5,2.84999999999991,83.5));
#2214=CARTESIAN_POINT('Origin',(-47.5,2.8499999999999,83.3));
#2215=CARTESIAN_POINT('',(-46.4,2.8499999999999,83.5));
#2216=CARTESIAN_POINT('Origin',(-47.5,2.8499999999999,83.5));
#2217=CARTESIAN_POINT('',(-46.,2.8499999999999,83.1));
#2218=CARTESIAN_POINT('',(-46.2,2.8499999999999,83.3));
#2219=CARTESIAN_POINT('Origin',(-47.5,2.8499999999999,83.1));
#2220=CARTESIAN_POINT('Origin',(-47.5,2.8499999999999,80.));
#2221=CARTESIAN_POINT('',(-46.,2.8499999999999,80.));
#2222=CARTESIAN_POINT('',(-46.,2.8499999999999,80.));
#2223=CARTESIAN_POINT('Origin',(-47.5,2.8499999999999,80.));
#2224=CARTESIAN_POINT('Origin',(-47.5,2.8499999999999,83.5));
#2225=CARTESIAN_POINT('Origin',(-36.5,57.1999999999999,80.));
#2226=CARTESIAN_POINT('',(74.5700006484985,57.1999999999999,80.));
#2227=CARTESIAN_POINT('Origin',(-51.5,-36.5000000000001,80.));
#2228=CARTESIAN_POINT('',(-51.5,-36.5000000000001,80.));
#2229=CARTESIAN_POINT('',(-51.5,42.1999999999999,80.));
#2230=CARTESIAN_POINT('',(-51.5,-36.5000000000001,80.));
#2231=CARTESIAN_POINT('Origin',(-36.5,-36.5000000000001,80.));
#2232=CARTESIAN_POINT('',(-36.5,-51.5000000000001,80.));
#2233=CARTESIAN_POINT('',(-36.5,-51.5000000000001,80.));
#2234=CARTESIAN_POINT('Origin',(-36.5,-36.5000000000001,80.));
#2235=CARTESIAN_POINT('Origin',(74.5700006484985,-51.5000000000001,80.));
#2236=CARTESIAN_POINT('',(-36.5,-51.5000000000001,80.));
#2237=CARTESIAN_POINT('Origin',(89.5700006484985,42.1999999999999,80.));
#2238=CARTESIAN_POINT('',(89.5700006484985,-36.5000000000001,80.));
#2239=CARTESIAN_POINT('Origin',(19.0350003242493,2.84999999999991,80.));
#2240=UNCERTAINTY_MEASURE_WITH_UNIT(LENGTH_MEASURE(0.01),#2244,
'DISTANCE_ACCURACY_VALUE',
'Maximum model space distance between geometric entities at asserted c
onnectivities');
#2241=UNCERTAINTY_MEASURE_WITH_UNIT(LENGTH_MEASURE(0.01),#2244,
'DISTANCE_ACCURACY_VALUE',
'Maximum model space distance between geometric entities at asserted c
onnectivities');
#2242=(
GEOMETRIC_REPRESENTATION_CONTEXT(3)
GLOBAL_UNCERTAINTY_ASSIGNED_CONTEXT((#2240))
GLOBAL_UNIT_ASSIGNED_CONTEXT((#2244,#2246,#2247))
REPRESENTATION_CONTEXT('','3D')
);
#2243=(
GEOMETRIC_REPRESENTATION_CONTEXT(3)
GLOBAL_UNCERTAINTY_ASSIGNED_CONTEXT((#2241))
GLOBAL_UNIT_ASSIGNED_CONTEXT((#2244,#2246,#2247))
REPRESENTATION_CONTEXT('','3D')
);
#2244=(
LENGTH_UNIT()
NAMED_UNIT(*)
SI_UNIT(.MILLI.,.METRE.)
);
#2245=(
LENGTH_UNIT()
NAMED_UNIT(*)
SI_UNIT($,.METRE.)
);
#2246=(
NAMED_UNIT(*)
PLANE_ANGLE_UNIT()
SI_UNIT($,.RADIAN.)
);
#2247=(
NAMED_UNIT(*)
SI_UNIT($,.STERADIAN.)
SOLID_ANGLE_UNIT()
);
#2248=SHAPE_DEFINITION_REPRESENTATION(#2249,#2250);
#2249=PRODUCT_DEFINITION_SHAPE('',$,#2252);
#2250=SHAPE_REPRESENTATION('',(#1280),#2242);
#2251=PRODUCT_DEFINITION_CONTEXT('part definition',#2256,'design');
#2252=PRODUCT_DEFINITION('2026-03-14-23-06-42-400','sensors_modul_top',
#2253,#2251);
#2253=PRODUCT_DEFINITION_FORMATION('',$,#2258);
#2254=PRODUCT_RELATED_PRODUCT_CATEGORY('sensors_modul_top',
'sensors_modul_top',(#2258));
#2255=APPLICATION_PROTOCOL_DEFINITION('international standard',
'automotive_design',2009,#2256);
#2256=APPLICATION_CONTEXT(
'Core Data for Automotive Mechanical Design Process');
#2257=PRODUCT_CONTEXT('part definition',#2256,'mechanical');
#2258=PRODUCT('2026-03-14-23-06-42-400','sensors_modul_top',$,(#2257));
#2259=PRESENTATION_STYLE_ASSIGNMENT((#2260));
#2260=SURFACE_STYLE_USAGE(.BOTH.,#2261);
#2261=SURFACE_SIDE_STYLE('',(#2262));
#2262=SURFACE_STYLE_FILL_AREA(#2263);
#2263=FILL_AREA_STYLE('Steel - Satin',(#2264));
#2264=FILL_AREA_STYLE_COLOUR('Steel - Satin',#2265);
#2265=COLOUR_RGB('Steel - Satin',0.627450980392157,0.627450980392157,0.627450980392157);
ENDSEC;
END-ISO-10303-21;
