ISO-10303-21;
HEADER;
/* Generated by software containing ST-Developer
 * from STEP Tools, Inc. (www.steptools.com) 
 */

FILE_DESCRIPTION(
/* description */ (''),
/* implementation_level */ '2;1');

FILE_NAME(
/* name */ 'sensors_module_bottom_v2.step',
/* time_stamp */ '2026-04-18T17:19:16+02:00',
/* author */ (''),
/* organization */ (''),
/* preprocessor_version */ 'ST-DEVELOPER v20.1',
/* originating_system */ 'Autodesk Translation Framework v15.8.0.0',
/* authorisation */ '');

FILE_SCHEMA (('AUTOMOTIVE_DESIGN { 1 0 10303 214 3 1 1 }'));
ENDSEC;

DATA;
#10=MECHANICAL_DESIGN_GEOMETRIC_PRESENTATION_REPRESENTATION('',(#13),#4299);
#11=SHAPE_REPRESENTATION_RELATIONSHIP('SRR','None',#4306,#12);
#12=ADVANCED_BREP_SHAPE_REPRESENTATION('',(#14),#4298);
#13=STYLED_ITEM('',(#4315),#14);
#14=MANIFOLD_SOLID_BREP('Body1',#2551);
#15=FACE_BOUND('',#364,.T.);
#16=FACE_BOUND('',#365,.T.);
#17=FACE_BOUND('',#366,.T.);
#18=FACE_BOUND('',#367,.T.);
#19=FACE_BOUND('',#368,.T.);
#20=FACE_BOUND('',#369,.T.);
#21=FACE_BOUND('',#370,.T.);
#22=FACE_BOUND('',#371,.T.);
#23=FACE_BOUND('',#372,.T.);
#24=FACE_BOUND('',#373,.T.);
#25=FACE_BOUND('',#384,.T.);
#26=FACE_BOUND('',#385,.T.);
#27=FACE_BOUND('',#386,.T.);
#28=FACE_BOUND('',#387,.T.);
#29=FACE_BOUND('',#388,.T.);
#30=FACE_BOUND('',#389,.T.);
#31=FACE_BOUND('',#390,.T.);
#32=FACE_BOUND('',#391,.T.);
#33=FACE_BOUND('',#392,.T.);
#34=FACE_BOUND('',#393,.T.);
#35=FACE_BOUND('',#438,.T.);
#36=FACE_BOUND('',#442,.T.);
#37=FACE_BOUND('',#449,.T.);
#38=FACE_BOUND('',#455,.T.);
#39=FACE_BOUND('',#490,.T.);
#40=FACE_BOUND('',#493,.T.);
#41=FACE_BOUND('',#496,.T.);
#42=FACE_BOUND('',#499,.T.);
#43=FACE_BOUND('',#502,.T.);
#44=CONICAL_SURFACE('',#2587,2.3,0.785398163397448);
#45=CONICAL_SURFACE('',#2605,2.3,0.785398163397448);
#46=CONICAL_SURFACE('',#2609,2.3,0.785398163397448);
#47=CONICAL_SURFACE('',#2613,2.3,0.785398163397448);
#48=CONICAL_SURFACE('',#2715,1.45,0.785398163397448);
#49=CONICAL_SURFACE('',#2719,1.45,0.785398163397448);
#50=CONICAL_SURFACE('',#2731,1.45,0.785398163397448);
#51=CONICAL_SURFACE('',#2735,1.45,0.785398163397448);
#52=CIRCLE('',#2573,3.);
#53=CIRCLE('',#2574,3.);
#54=CIRCLE('',#2577,3.00000000000001);
#55=CIRCLE('',#2578,3.00000000000001);
#56=CIRCLE('',#2581,3.00000000000001);
#57=CIRCLE('',#2582,3.00000000000001);
#58=CIRCLE('',#2585,3.00000000000001);
#59=CIRCLE('',#2586,3.00000000000001);
#60=CIRCLE('',#2588,2.4);
#61=CIRCLE('',#2589,2.2);
#62=CIRCLE('',#2591,15.);
#63=CIRCLE('',#2592,15.);
#64=CIRCLE('',#2593,15.);
#65=CIRCLE('',#2594,15.);
#66=CIRCLE('',#2595,2.4);
#67=CIRCLE('',#2596,2.4);
#68=CIRCLE('',#2597,3.25);
#69=CIRCLE('',#2598,3.25);
#70=CIRCLE('',#2599,3.25);
#71=CIRCLE('',#2600,4.15000000000001);
#72=CIRCLE('',#2601,4.15000000000001);
#73=CIRCLE('',#2602,2.4);
#74=CIRCLE('',#2604,2.2);
#75=CIRCLE('',#2606,2.2);
#76=CIRCLE('',#2608,2.2);
#77=CIRCLE('',#2610,2.2);
#78=CIRCLE('',#2612,2.2);
#79=CIRCLE('',#2614,2.2);
#80=CIRCLE('',#2616,2.2);
#81=CIRCLE('',#2620,1.);
#82=CIRCLE('',#2621,15.);
#83=CIRCLE('',#2622,1.);
#84=CIRCLE('',#2623,1.);
#85=CIRCLE('',#2624,15.);
#86=CIRCLE('',#2625,1.);
#87=CIRCLE('',#2626,1.);
#88=CIRCLE('',#2627,15.);
#89=CIRCLE('',#2628,1.);
#90=CIRCLE('',#2629,1.);
#91=CIRCLE('',#2630,15.);
#92=CIRCLE('',#2631,1.);
#93=CIRCLE('',#2632,1.);
#94=CIRCLE('',#2633,15.);
#95=CIRCLE('',#2634,15.);
#96=CIRCLE('',#2635,1.);
#97=CIRCLE('',#2636,2.34999999999999);
#98=CIRCLE('',#2637,1.8);
#99=CIRCLE('',#2638,2.34999999999999);
#100=CIRCLE('',#2639,1.8);
#101=CIRCLE('',#2640,1.8);
#102=CIRCLE('',#2642,1.);
#103=CIRCLE('',#2643,15.);
#104=CIRCLE('',#2644,15.);
#105=CIRCLE('',#2645,1.);
#106=CIRCLE('',#2651,1.);
#107=CIRCLE('',#2652,15.);
#108=CIRCLE('',#2653,15.);
#109=CIRCLE('',#2654,1.);
#110=CIRCLE('',#2656,1.);
#111=CIRCLE('',#2657,15.);
#112=CIRCLE('',#2658,15.);
#113=CIRCLE('',#2659,1.);
#114=CIRCLE('',#2697,1.);
#115=CIRCLE('',#2698,15.);
#116=CIRCLE('',#2699,1.);
#117=CIRCLE('',#2700,1.);
#118=CIRCLE('',#2701,15.);
#119=CIRCLE('',#2702,1.);
#120=CIRCLE('',#2703,1.54999999999999);
#121=CIRCLE('',#2707,1.);
#122=CIRCLE('',#2708,15.);
#123=CIRCLE('',#2709,1.);
#124=CIRCLE('',#2710,1.);
#125=CIRCLE('',#2711,15.);
#126=CIRCLE('',#2712,1.);
#127=CIRCLE('',#2713,1.54999999999999);
#128=CIRCLE('',#2716,1.35);
#129=CIRCLE('',#2718,1.35);
#130=CIRCLE('',#2720,1.54999999999999);
#131=CIRCLE('',#2721,1.35);
#132=CIRCLE('',#2723,1.35);
#133=CIRCLE('',#2725,1.);
#134=CIRCLE('',#2726,15.);
#135=CIRCLE('',#2727,1.);
#136=CIRCLE('',#2728,1.);
#137=CIRCLE('',#2729,15.);
#138=CIRCLE('',#2730,1.);
#139=CIRCLE('',#2732,1.35);
#140=CIRCLE('',#2734,1.35);
#141=CIRCLE('',#2736,1.54999999999999);
#142=CIRCLE('',#2737,1.35);
#143=CIRCLE('',#2739,1.35);
#144=CIRCLE('',#2741,1.);
#145=CIRCLE('',#2742,15.);
#146=CIRCLE('',#2743,1.);
#147=CIRCLE('',#2744,1.);
#148=CIRCLE('',#2745,15.);
#149=CIRCLE('',#2746,1.);
#150=CIRCLE('',#2780,4.15000000000001);
#151=CIRCLE('',#2782,2.34999999999999);
#152=CIRCLE('',#2784,4.15000000000001);
#153=CIRCLE('',#2786,2.34999999999999);
#154=CIRCLE('',#2788,3.25);
#155=CIRCLE('',#2790,1.8);
#156=CIRCLE('',#2792,3.25);
#157=CIRCLE('',#2794,1.8);
#158=CIRCLE('',#2796,3.25);
#159=CIRCLE('',#2798,1.8);
#160=CIRCLE('',#2805,18.3042848611251);
#161=CIRCLE('',#2806,18.3042848611251);
#162=CYLINDRICAL_SURFACE('',#2572,3.);
#163=CYLINDRICAL_SURFACE('',#2576,3.00000000000001);
#164=CYLINDRICAL_SURFACE('',#2580,3.00000000000001);
#165=CYLINDRICAL_SURFACE('',#2584,3.00000000000001);
#166=CYLINDRICAL_SURFACE('',#2603,2.2);
#167=CYLINDRICAL_SURFACE('',#2607,2.2);
#168=CYLINDRICAL_SURFACE('',#2611,2.2);
#169=CYLINDRICAL_SURFACE('',#2615,2.2);
#170=CYLINDRICAL_SURFACE('',#2717,1.35);
#171=CYLINDRICAL_SURFACE('',#2722,1.35);
#172=CYLINDRICAL_SURFACE('',#2733,1.35);
#173=CYLINDRICAL_SURFACE('',#2738,1.35);
#174=CYLINDRICAL_SURFACE('',#2751,1.);
#175=CYLINDRICAL_SURFACE('',#2752,1.);
#176=CYLINDRICAL_SURFACE('',#2753,15.);
#177=CYLINDRICAL_SURFACE('',#2754,1.);
#178=CYLINDRICAL_SURFACE('',#2756,1.);
#179=CYLINDRICAL_SURFACE('',#2757,15.);
#180=CYLINDRICAL_SURFACE('',#2758,1.);
#181=CYLINDRICAL_SURFACE('',#2760,1.);
#182=CYLINDRICAL_SURFACE('',#2761,1.);
#183=CYLINDRICAL_SURFACE('',#2763,1.);
#184=CYLINDRICAL_SURFACE('',#2764,1.);
#185=CYLINDRICAL_SURFACE('',#2766,1.);
#186=CYLINDRICAL_SURFACE('',#2767,15.);
#187=CYLINDRICAL_SURFACE('',#2768,1.);
#188=CYLINDRICAL_SURFACE('',#2769,15.);
#189=CYLINDRICAL_SURFACE('',#2770,1.);
#190=CYLINDRICAL_SURFACE('',#2771,1.);
#191=CYLINDRICAL_SURFACE('',#2773,1.);
#192=CYLINDRICAL_SURFACE('',#2774,15.);
#193=CYLINDRICAL_SURFACE('',#2775,1.);
#194=CYLINDRICAL_SURFACE('',#2777,1.);
#195=CYLINDRICAL_SURFACE('',#2778,15.);
#196=CYLINDRICAL_SURFACE('',#2779,4.15000000000001);
#197=CYLINDRICAL_SURFACE('',#2783,4.15000000000001);
#198=CYLINDRICAL_SURFACE('',#2787,3.25);
#199=CYLINDRICAL_SURFACE('',#2791,3.25);
#200=CYLINDRICAL_SURFACE('',#2795,3.25);
#201=CYLINDRICAL_SURFACE('',#2799,1.8);
#202=CYLINDRICAL_SURFACE('',#2800,1.8);
#203=CYLINDRICAL_SURFACE('',#2801,2.34999999999999);
#204=CYLINDRICAL_SURFACE('',#2802,1.8);
#205=CYLINDRICAL_SURFACE('',#2803,2.34999999999999);
#206=CYLINDRICAL_SURFACE('',#2804,18.3042848611251);
#207=CYLINDRICAL_SURFACE('',#2809,15.);
#208=CYLINDRICAL_SURFACE('',#2811,15.);
#209=FACE_OUTER_BOUND('',#348,.T.);
#210=FACE_OUTER_BOUND('',#349,.T.);
#211=FACE_OUTER_BOUND('',#350,.T.);
#212=FACE_OUTER_BOUND('',#351,.T.);
#213=FACE_OUTER_BOUND('',#352,.T.);
#214=FACE_OUTER_BOUND('',#353,.T.);
#215=FACE_OUTER_BOUND('',#354,.T.);
#216=FACE_OUTER_BOUND('',#355,.T.);
#217=FACE_OUTER_BOUND('',#356,.T.);
#218=FACE_OUTER_BOUND('',#357,.T.);
#219=FACE_OUTER_BOUND('',#358,.T.);
#220=FACE_OUTER_BOUND('',#359,.T.);
#221=FACE_OUTER_BOUND('',#360,.T.);
#222=FACE_OUTER_BOUND('',#361,.T.);
#223=FACE_OUTER_BOUND('',#362,.T.);
#224=FACE_OUTER_BOUND('',#363,.T.);
#225=FACE_OUTER_BOUND('',#374,.T.);
#226=FACE_OUTER_BOUND('',#375,.T.);
#227=FACE_OUTER_BOUND('',#376,.T.);
#228=FACE_OUTER_BOUND('',#377,.T.);
#229=FACE_OUTER_BOUND('',#378,.T.);
#230=FACE_OUTER_BOUND('',#379,.T.);
#231=FACE_OUTER_BOUND('',#380,.T.);
#232=FACE_OUTER_BOUND('',#381,.T.);
#233=FACE_OUTER_BOUND('',#382,.T.);
#234=FACE_OUTER_BOUND('',#383,.T.);
#235=FACE_OUTER_BOUND('',#394,.T.);
#236=FACE_OUTER_BOUND('',#395,.T.);
#237=FACE_OUTER_BOUND('',#396,.T.);
#238=FACE_OUTER_BOUND('',#397,.T.);
#239=FACE_OUTER_BOUND('',#398,.T.);
#240=FACE_OUTER_BOUND('',#399,.T.);
#241=FACE_OUTER_BOUND('',#400,.T.);
#242=FACE_OUTER_BOUND('',#401,.T.);
#243=FACE_OUTER_BOUND('',#402,.T.);
#244=FACE_OUTER_BOUND('',#403,.T.);
#245=FACE_OUTER_BOUND('',#404,.T.);
#246=FACE_OUTER_BOUND('',#405,.T.);
#247=FACE_OUTER_BOUND('',#406,.T.);
#248=FACE_OUTER_BOUND('',#407,.T.);
#249=FACE_OUTER_BOUND('',#408,.T.);
#250=FACE_OUTER_BOUND('',#409,.T.);
#251=FACE_OUTER_BOUND('',#410,.T.);
#252=FACE_OUTER_BOUND('',#411,.T.);
#253=FACE_OUTER_BOUND('',#412,.T.);
#254=FACE_OUTER_BOUND('',#413,.T.);
#255=FACE_OUTER_BOUND('',#414,.T.);
#256=FACE_OUTER_BOUND('',#415,.T.);
#257=FACE_OUTER_BOUND('',#416,.T.);
#258=FACE_OUTER_BOUND('',#417,.T.);
#259=FACE_OUTER_BOUND('',#418,.T.);
#260=FACE_OUTER_BOUND('',#419,.T.);
#261=FACE_OUTER_BOUND('',#420,.T.);
#262=FACE_OUTER_BOUND('',#421,.T.);
#263=FACE_OUTER_BOUND('',#422,.T.);
#264=FACE_OUTER_BOUND('',#423,.T.);
#265=FACE_OUTER_BOUND('',#424,.T.);
#266=FACE_OUTER_BOUND('',#425,.T.);
#267=FACE_OUTER_BOUND('',#426,.T.);
#268=FACE_OUTER_BOUND('',#427,.T.);
#269=FACE_OUTER_BOUND('',#428,.T.);
#270=FACE_OUTER_BOUND('',#429,.T.);
#271=FACE_OUTER_BOUND('',#430,.T.);
#272=FACE_OUTER_BOUND('',#431,.T.);
#273=FACE_OUTER_BOUND('',#432,.T.);
#274=FACE_OUTER_BOUND('',#433,.T.);
#275=FACE_OUTER_BOUND('',#434,.T.);
#276=FACE_OUTER_BOUND('',#435,.T.);
#277=FACE_OUTER_BOUND('',#436,.T.);
#278=FACE_OUTER_BOUND('',#437,.T.);
#279=FACE_OUTER_BOUND('',#439,.T.);
#280=FACE_OUTER_BOUND('',#440,.T.);
#281=FACE_OUTER_BOUND('',#441,.T.);
#282=FACE_OUTER_BOUND('',#443,.T.);
#283=FACE_OUTER_BOUND('',#444,.T.);
#284=FACE_OUTER_BOUND('',#445,.T.);
#285=FACE_OUTER_BOUND('',#446,.T.);
#286=FACE_OUTER_BOUND('',#447,.T.);
#287=FACE_OUTER_BOUND('',#448,.T.);
#288=FACE_OUTER_BOUND('',#450,.T.);
#289=FACE_OUTER_BOUND('',#451,.T.);
#290=FACE_OUTER_BOUND('',#452,.T.);
#291=FACE_OUTER_BOUND('',#453,.T.);
#292=FACE_OUTER_BOUND('',#454,.T.);
#293=FACE_OUTER_BOUND('',#456,.T.);
#294=FACE_OUTER_BOUND('',#457,.T.);
#295=FACE_OUTER_BOUND('',#458,.T.);
#296=FACE_OUTER_BOUND('',#459,.T.);
#297=FACE_OUTER_BOUND('',#460,.T.);
#298=FACE_OUTER_BOUND('',#461,.T.);
#299=FACE_OUTER_BOUND('',#462,.T.);
#300=FACE_OUTER_BOUND('',#463,.T.);
#301=FACE_OUTER_BOUND('',#464,.T.);
#302=FACE_OUTER_BOUND('',#465,.T.);
#303=FACE_OUTER_BOUND('',#466,.T.);
#304=FACE_OUTER_BOUND('',#467,.T.);
#305=FACE_OUTER_BOUND('',#468,.T.);
#306=FACE_OUTER_BOUND('',#469,.T.);
#307=FACE_OUTER_BOUND('',#470,.T.);
#308=FACE_OUTER_BOUND('',#471,.T.);
#309=FACE_OUTER_BOUND('',#472,.T.);
#310=FACE_OUTER_BOUND('',#473,.T.);
#311=FACE_OUTER_BOUND('',#474,.T.);
#312=FACE_OUTER_BOUND('',#475,.T.);
#313=FACE_OUTER_BOUND('',#476,.T.);
#314=FACE_OUTER_BOUND('',#477,.T.);
#315=FACE_OUTER_BOUND('',#478,.T.);
#316=FACE_OUTER_BOUND('',#479,.T.);
#317=FACE_OUTER_BOUND('',#480,.T.);
#318=FACE_OUTER_BOUND('',#481,.T.);
#319=FACE_OUTER_BOUND('',#482,.T.);
#320=FACE_OUTER_BOUND('',#483,.T.);
#321=FACE_OUTER_BOUND('',#484,.T.);
#322=FACE_OUTER_BOUND('',#485,.T.);
#323=FACE_OUTER_BOUND('',#486,.T.);
#324=FACE_OUTER_BOUND('',#487,.T.);
#325=FACE_OUTER_BOUND('',#488,.T.);
#326=FACE_OUTER_BOUND('',#489,.T.);
#327=FACE_OUTER_BOUND('',#491,.T.);
#328=FACE_OUTER_BOUND('',#492,.T.);
#329=FACE_OUTER_BOUND('',#494,.T.);
#330=FACE_OUTER_BOUND('',#495,.T.);
#331=FACE_OUTER_BOUND('',#497,.T.);
#332=FACE_OUTER_BOUND('',#498,.T.);
#333=FACE_OUTER_BOUND('',#500,.T.);
#334=FACE_OUTER_BOUND('',#501,.T.);
#335=FACE_OUTER_BOUND('',#503,.T.);
#336=FACE_OUTER_BOUND('',#504,.T.);
#337=FACE_OUTER_BOUND('',#505,.T.);
#338=FACE_OUTER_BOUND('',#506,.T.);
#339=FACE_OUTER_BOUND('',#507,.T.);
#340=FACE_OUTER_BOUND('',#508,.T.);
#341=FACE_OUTER_BOUND('',#509,.T.);
#342=FACE_OUTER_BOUND('',#510,.T.);
#343=FACE_OUTER_BOUND('',#511,.T.);
#344=FACE_OUTER_BOUND('',#512,.T.);
#345=FACE_OUTER_BOUND('',#513,.T.);
#346=FACE_OUTER_BOUND('',#514,.T.);
#347=FACE_OUTER_BOUND('',#515,.T.);
#348=EDGE_LOOP('',(#1608,#1609,#1610,#1611));
#349=EDGE_LOOP('',(#1612,#1613,#1614,#1615));
#350=EDGE_LOOP('',(#1616,#1617,#1618,#1619));
#351=EDGE_LOOP('',(#1620,#1621,#1622,#1623));
#352=EDGE_LOOP('',(#1624,#1625,#1626,#1627));
#353=EDGE_LOOP('',(#1628,#1629,#1630,#1631));
#354=EDGE_LOOP('',(#1632,#1633,#1634,#1635));
#355=EDGE_LOOP('',(#1636,#1637,#1638,#1639));
#356=EDGE_LOOP('',(#1640,#1641,#1642,#1643));
#357=EDGE_LOOP('',(#1644,#1645,#1646,#1647));
#358=EDGE_LOOP('',(#1648,#1649,#1650,#1651));
#359=EDGE_LOOP('',(#1652,#1653,#1654,#1655));
#360=EDGE_LOOP('',(#1656,#1657,#1658,#1659));
#361=EDGE_LOOP('',(#1660,#1661,#1662,#1663));
#362=EDGE_LOOP('',(#1664,#1665,#1666,#1667));
#363=EDGE_LOOP('',(#1668,#1669,#1670,#1671,#1672,#1673,#1674,#1675));
#364=EDGE_LOOP('',(#1676,#1677,#1678,#1679,#1680,#1681,#1682,#1683));
#365=EDGE_LOOP('',(#1684));
#366=EDGE_LOOP('',(#1685));
#367=EDGE_LOOP('',(#1686));
#368=EDGE_LOOP('',(#1687));
#369=EDGE_LOOP('',(#1688));
#370=EDGE_LOOP('',(#1689));
#371=EDGE_LOOP('',(#1690));
#372=EDGE_LOOP('',(#1691));
#373=EDGE_LOOP('',(#1692));
#374=EDGE_LOOP('',(#1693,#1694,#1695,#1696));
#375=EDGE_LOOP('',(#1697,#1698,#1699,#1700));
#376=EDGE_LOOP('',(#1701,#1702,#1703,#1704));
#377=EDGE_LOOP('',(#1705,#1706,#1707,#1708));
#378=EDGE_LOOP('',(#1709,#1710,#1711,#1712));
#379=EDGE_LOOP('',(#1713,#1714,#1715,#1716));
#380=EDGE_LOOP('',(#1717,#1718,#1719,#1720));
#381=EDGE_LOOP('',(#1721,#1722,#1723,#1724));
#382=EDGE_LOOP('',(#1725,#1726,#1727,#1728));
#383=EDGE_LOOP('',(#1729,#1730,#1731,#1732,#1733,#1734,#1735,#1736,#1737,
#1738,#1739,#1740,#1741,#1742,#1743,#1744,#1745,#1746,#1747,#1748,#1749,
#1750,#1751,#1752,#1753,#1754,#1755,#1756,#1757,#1758,#1759,#1760,#1761,
#1762,#1763,#1764,#1765,#1766,#1767,#1768));
#384=EDGE_LOOP('',(#1769,#1770,#1771,#1772,#1773,#1774,#1775,#1776));
#385=EDGE_LOOP('',(#1777));
#386=EDGE_LOOP('',(#1778));
#387=EDGE_LOOP('',(#1779));
#388=EDGE_LOOP('',(#1780));
#389=EDGE_LOOP('',(#1781));
#390=EDGE_LOOP('',(#1782));
#391=EDGE_LOOP('',(#1783));
#392=EDGE_LOOP('',(#1784));
#393=EDGE_LOOP('',(#1785));
#394=EDGE_LOOP('',(#1786,#1787,#1788,#1789,#1790,#1791,#1792,#1793));
#395=EDGE_LOOP('',(#1794,#1795,#1796,#1797));
#396=EDGE_LOOP('',(#1798,#1799,#1800,#1801));
#397=EDGE_LOOP('',(#1802,#1803,#1804,#1805));
#398=EDGE_LOOP('',(#1806,#1807,#1808,#1809));
#399=EDGE_LOOP('',(#1810,#1811,#1812,#1813,#1814,#1815,#1816,#1817));
#400=EDGE_LOOP('',(#1818,#1819,#1820,#1821,#1822,#1823,#1824,#1825));
#401=EDGE_LOOP('',(#1826,#1827,#1828,#1829));
#402=EDGE_LOOP('',(#1830,#1831,#1832,#1833));
#403=EDGE_LOOP('',(#1834,#1835,#1836,#1837));
#404=EDGE_LOOP('',(#1838,#1839,#1840,#1841,#1842,#1843,#1844,#1845));
#405=EDGE_LOOP('',(#1846,#1847,#1848,#1849));
#406=EDGE_LOOP('',(#1850,#1851,#1852,#1853));
#407=EDGE_LOOP('',(#1854,#1855,#1856,#1857));
#408=EDGE_LOOP('',(#1858,#1859,#1860,#1861,#1862,#1863,#1864,#1865));
#409=EDGE_LOOP('',(#1866,#1867,#1868,#1869));
#410=EDGE_LOOP('',(#1870,#1871,#1872,#1873));
#411=EDGE_LOOP('',(#1874,#1875,#1876,#1877));
#412=EDGE_LOOP('',(#1878,#1879,#1880,#1881));
#413=EDGE_LOOP('',(#1882,#1883,#1884,#1885));
#414=EDGE_LOOP('',(#1886,#1887,#1888,#1889));
#415=EDGE_LOOP('',(#1890,#1891,#1892,#1893,#1894,#1895));
#416=EDGE_LOOP('',(#1896,#1897,#1898,#1899));
#417=EDGE_LOOP('',(#1900,#1901,#1902,#1903));
#418=EDGE_LOOP('',(#1904,#1905,#1906,#1907));
#419=EDGE_LOOP('',(#1908,#1909,#1910,#1911,#1912,#1913,#1914,#1915));
#420=EDGE_LOOP('',(#1916,#1917,#1918,#1919));
#421=EDGE_LOOP('',(#1920,#1921,#1922,#1923));
#422=EDGE_LOOP('',(#1924,#1925,#1926,#1927));
#423=EDGE_LOOP('',(#1928,#1929,#1930,#1931));
#424=EDGE_LOOP('',(#1932,#1933,#1934,#1935));
#425=EDGE_LOOP('',(#1936,#1937,#1938,#1939));
#426=EDGE_LOOP('',(#1940,#1941,#1942,#1943));
#427=EDGE_LOOP('',(#1944,#1945,#1946,#1947));
#428=EDGE_LOOP('',(#1948,#1949,#1950,#1951));
#429=EDGE_LOOP('',(#1952,#1953,#1954,#1955,#1956,#1957));
#430=EDGE_LOOP('',(#1958,#1959,#1960,#1961,#1962));
#431=EDGE_LOOP('',(#1963,#1964,#1965,#1966,#1967));
#432=EDGE_LOOP('',(#1968,#1969,#1970,#1971,#1972));
#433=EDGE_LOOP('',(#1973,#1974,#1975,#1976,#1977));
#434=EDGE_LOOP('',(#1978,#1979,#1980,#1981,#1982));
#435=EDGE_LOOP('',(#1983,#1984,#1985,#1986,#1987));
#436=EDGE_LOOP('',(#1988,#1989,#1990,#1991,#1992));
#437=EDGE_LOOP('',(#1993,#1994,#1995,#1996,#1997,#1998,#1999,#2000,#2001,
#2002,#2003,#2004,#2005,#2006,#2007,#2008));
#438=EDGE_LOOP('',(#2009));
#439=EDGE_LOOP('',(#2010,#2011,#2012,#2013,#2014));
#440=EDGE_LOOP('',(#2015,#2016,#2017,#2018,#2019));
#441=EDGE_LOOP('',(#2020,#2021,#2022,#2023,#2024,#2025,#2026,#2027,#2028,
#2029,#2030,#2031,#2032,#2033,#2034,#2035));
#442=EDGE_LOOP('',(#2036));
#443=EDGE_LOOP('',(#2037,#2038,#2039,#2040,#2041));
#444=EDGE_LOOP('',(#2042,#2043,#2044,#2045));
#445=EDGE_LOOP('',(#2046,#2047,#2048,#2049));
#446=EDGE_LOOP('',(#2050,#2051,#2052,#2053));
#447=EDGE_LOOP('',(#2054,#2055,#2056,#2057));
#448=EDGE_LOOP('',(#2058,#2059,#2060,#2061,#2062,#2063,#2064,#2065,#2066,
#2067,#2068,#2069,#2070,#2071,#2072,#2073));
#449=EDGE_LOOP('',(#2074));
#450=EDGE_LOOP('',(#2075,#2076,#2077,#2078));
#451=EDGE_LOOP('',(#2079,#2080,#2081,#2082));
#452=EDGE_LOOP('',(#2083,#2084,#2085,#2086));
#453=EDGE_LOOP('',(#2087,#2088,#2089,#2090));
#454=EDGE_LOOP('',(#2091,#2092,#2093,#2094,#2095,#2096,#2097,#2098,#2099,
#2100,#2101,#2102,#2103,#2104,#2105,#2106));
#455=EDGE_LOOP('',(#2107));
#456=EDGE_LOOP('',(#2108));
#457=EDGE_LOOP('',(#2109));
#458=EDGE_LOOP('',(#2110));
#459=EDGE_LOOP('',(#2111));
#460=EDGE_LOOP('',(#2112,#2113,#2114,#2115));
#461=EDGE_LOOP('',(#2116,#2117,#2118,#2119));
#462=EDGE_LOOP('',(#2120,#2121,#2122,#2123));
#463=EDGE_LOOP('',(#2124,#2125,#2126,#2127));
#464=EDGE_LOOP('',(#2128,#2129,#2130,#2131,#2132));
#465=EDGE_LOOP('',(#2133,#2134,#2135,#2136));
#466=EDGE_LOOP('',(#2137,#2138,#2139,#2140));
#467=EDGE_LOOP('',(#2141,#2142,#2143,#2144));
#468=EDGE_LOOP('',(#2145,#2146,#2147,#2148,#2149));
#469=EDGE_LOOP('',(#2150,#2151,#2152,#2153));
#470=EDGE_LOOP('',(#2154,#2155,#2156,#2157));
#471=EDGE_LOOP('',(#2158,#2159,#2160,#2161,#2162));
#472=EDGE_LOOP('',(#2163,#2164,#2165,#2166));
#473=EDGE_LOOP('',(#2167,#2168,#2169,#2170));
#474=EDGE_LOOP('',(#2171,#2172,#2173,#2174,#2175));
#475=EDGE_LOOP('',(#2176,#2177,#2178,#2179));
#476=EDGE_LOOP('',(#2180,#2181,#2182,#2183));
#477=EDGE_LOOP('',(#2184,#2185,#2186,#2187));
#478=EDGE_LOOP('',(#2188,#2189,#2190,#2191,#2192,#2193,#2194,#2195));
#479=EDGE_LOOP('',(#2196,#2197,#2198,#2199));
#480=EDGE_LOOP('',(#2200,#2201,#2202,#2203));
#481=EDGE_LOOP('',(#2204,#2205,#2206,#2207,#2208));
#482=EDGE_LOOP('',(#2209,#2210,#2211,#2212));
#483=EDGE_LOOP('',(#2213,#2214,#2215,#2216));
#484=EDGE_LOOP('',(#2217,#2218,#2219,#2220));
#485=EDGE_LOOP('',(#2221,#2222,#2223,#2224,#2225));
#486=EDGE_LOOP('',(#2226,#2227,#2228,#2229));
#487=EDGE_LOOP('',(#2230,#2231,#2232,#2233,#2234,#2235,#2236,#2237));
#488=EDGE_LOOP('',(#2238,#2239,#2240,#2241));
#489=EDGE_LOOP('',(#2242));
#490=EDGE_LOOP('',(#2243));
#491=EDGE_LOOP('',(#2244,#2245,#2246,#2247));
#492=EDGE_LOOP('',(#2248));
#493=EDGE_LOOP('',(#2249));
#494=EDGE_LOOP('',(#2250,#2251,#2252,#2253));
#495=EDGE_LOOP('',(#2254));
#496=EDGE_LOOP('',(#2255));
#497=EDGE_LOOP('',(#2256,#2257,#2258,#2259));
#498=EDGE_LOOP('',(#2260));
#499=EDGE_LOOP('',(#2261));
#500=EDGE_LOOP('',(#2262,#2263,#2264,#2265));
#501=EDGE_LOOP('',(#2266));
#502=EDGE_LOOP('',(#2267));
#503=EDGE_LOOP('',(#2268,#2269,#2270,#2271));
#504=EDGE_LOOP('',(#2272,#2273,#2274,#2275));
#505=EDGE_LOOP('',(#2276,#2277,#2278,#2279));
#506=EDGE_LOOP('',(#2280,#2281,#2282,#2283));
#507=EDGE_LOOP('',(#2284,#2285,#2286,#2287));
#508=EDGE_LOOP('',(#2288,#2289,#2290,#2291));
#509=EDGE_LOOP('',(#2292,#2293));
#510=EDGE_LOOP('',(#2294,#2295,#2296,#2297,#2298,#2299));
#511=EDGE_LOOP('',(#2300,#2301,#2302,#2303,#2304,#2305,#2306,#2307));
#512=EDGE_LOOP('',(#2308,#2309,#2310,#2311));
#513=EDGE_LOOP('',(#2312,#2313,#2314,#2315,#2316,#2317,#2318,#2319));
#514=EDGE_LOOP('',(#2320,#2321,#2322,#2323));
#515=EDGE_LOOP('',(#2324,#2325,#2326,#2327));
#516=LINE('',#3568,#766);
#517=LINE('',#3570,#767);
#518=LINE('',#3572,#768);
#519=LINE('',#3573,#769);
#520=LINE('',#3577,#770);
#521=LINE('',#3579,#771);
#522=LINE('',#3581,#772);
#523=LINE('',#3582,#773);
#524=LINE('',#3584,#774);
#525=LINE('',#3585,#775);
#526=LINE('',#3589,#776);
#527=LINE('',#3591,#777);
#528=LINE('',#3593,#778);
#529=LINE('',#3594,#779);
#530=LINE('',#3598,#780);
#531=LINE('',#3600,#781);
#532=LINE('',#3602,#782);
#533=LINE('',#3603,#783);
#534=LINE('',#3605,#784);
#535=LINE('',#3606,#785);
#536=LINE('',#3610,#786);
#537=LINE('',#3612,#787);
#538=LINE('',#3614,#788);
#539=LINE('',#3615,#789);
#540=LINE('',#3620,#790);
#541=LINE('',#3624,#791);
#542=LINE('',#3626,#792);
#543=LINE('',#3627,#793);
#544=LINE('',#3632,#794);
#545=LINE('',#3636,#795);
#546=LINE('',#3638,#796);
#547=LINE('',#3639,#797);
#548=LINE('',#3644,#798);
#549=LINE('',#3648,#799);
#550=LINE('',#3650,#800);
#551=LINE('',#3651,#801);
#552=LINE('',#3659,#802);
#553=LINE('',#3664,#803);
#554=LINE('',#3668,#804);
#555=LINE('',#3672,#805);
#556=LINE('',#3676,#806);
#557=LINE('',#3696,#807);
#558=LINE('',#3700,#808);
#559=LINE('',#3704,#809);
#560=LINE('',#3708,#810);
#561=LINE('',#3712,#811);
#562=LINE('',#3716,#812);
#563=LINE('',#3720,#813);
#564=LINE('',#3725,#814);
#565=LINE('',#3727,#815);
#566=LINE('',#3729,#816);
#567=LINE('',#3730,#817);
#568=LINE('',#3734,#818);
#569=LINE('',#3736,#819);
#570=LINE('',#3738,#820);
#571=LINE('',#3739,#821);
#572=LINE('',#3742,#822);
#573=LINE('',#3750,#823);
#574=LINE('',#3752,#824);
#575=LINE('',#3754,#825);
#576=LINE('',#3761,#826);
#577=LINE('',#3763,#827);
#578=LINE('',#3771,#828);
#579=LINE('',#3773,#829);
#580=LINE('',#3775,#830);
#581=LINE('',#3782,#831);
#582=LINE('',#3784,#832);
#583=LINE('',#3790,#833);
#584=LINE('',#3792,#834);
#585=LINE('',#3794,#835);
#586=LINE('',#3796,#836);
#587=LINE('',#3798,#837);
#588=LINE('',#3803,#838);
#589=LINE('',#3816,#839);
#590=LINE('',#3822,#840);
#591=LINE('',#3827,#841);
#592=LINE('',#3830,#842);
#593=LINE('',#3832,#843);
#594=LINE('',#3833,#844);
#595=LINE('',#3837,#845);
#596=LINE('',#3839,#846);
#597=LINE('',#3841,#847);
#598=LINE('',#3842,#848);
#599=LINE('',#3846,#849);
#600=LINE('',#3848,#850);
#601=LINE('',#3850,#851);
#602=LINE('',#3851,#852);
#603=LINE('',#3854,#853);
#604=LINE('',#3856,#854);
#605=LINE('',#3857,#855);
#606=LINE('',#3860,#856);
#607=LINE('',#3866,#857);
#608=LINE('',#3871,#858);
#609=LINE('',#3874,#859);
#610=LINE('',#3880,#860);
#611=LINE('',#3885,#861);
#612=LINE('',#3889,#862);
#613=LINE('',#3891,#863);
#614=LINE('',#3892,#864);
#615=LINE('',#3893,#865);
#616=LINE('',#3896,#866);
#617=LINE('',#3898,#867);
#618=LINE('',#3899,#868);
#619=LINE('',#3902,#869);
#620=LINE('',#3903,#870);
#621=LINE('',#3904,#871);
#622=LINE('',#3907,#872);
#623=LINE('',#3909,#873);
#624=LINE('',#3910,#874);
#625=LINE('',#3914,#875);
#626=LINE('',#3916,#876);
#627=LINE('',#3917,#877);
#628=LINE('',#3918,#878);
#629=LINE('',#3921,#879);
#630=LINE('',#3923,#880);
#631=LINE('',#3924,#881);
#632=LINE('',#3927,#882);
#633=LINE('',#3928,#883);
#634=LINE('',#3929,#884);
#635=LINE('',#3932,#885);
#636=LINE('',#3934,#886);
#637=LINE('',#3935,#887);
#638=LINE('',#3939,#888);
#639=LINE('',#3940,#889);
#640=LINE('',#3941,#890);
#641=LINE('',#3945,#891);
#642=LINE('',#3946,#892);
#643=LINE('',#3947,#893);
#644=LINE('',#3949,#894);
#645=LINE('',#3953,#895);
#646=LINE('',#3955,#896);
#647=LINE('',#3957,#897);
#648=LINE('',#3958,#898);
#649=LINE('',#3961,#899);
#650=LINE('',#3962,#900);
#651=LINE('',#3963,#901);
#652=LINE('',#3966,#902);
#653=LINE('',#3967,#903);
#654=LINE('',#3968,#904);
#655=LINE('',#3973,#905);
#656=LINE('',#3975,#906);
#657=LINE('',#3976,#907);
#658=LINE('',#3977,#908);
#659=LINE('',#3980,#909);
#660=LINE('',#3982,#910);
#661=LINE('',#3983,#911);
#662=LINE('',#3986,#912);
#663=LINE('',#3987,#913);
#664=LINE('',#3988,#914);
#665=LINE('',#3991,#915);
#666=LINE('',#3993,#916);
#667=LINE('',#3994,#917);
#668=LINE('',#3998,#918);
#669=LINE('',#3999,#919);
#670=LINE('',#4000,#920);
#671=LINE('',#4003,#921);
#672=LINE('',#4004,#922);
#673=LINE('',#4007,#923);
#674=LINE('',#4008,#924);
#675=LINE('',#4012,#925);
#676=LINE('',#4013,#926);
#677=LINE('',#4014,#927);
#678=LINE('',#4018,#928);
#679=LINE('',#4019,#929);
#680=LINE('',#4020,#930);
#681=LINE('',#4022,#931);
#682=LINE('',#4026,#932);
#683=LINE('',#4028,#933);
#684=LINE('',#4029,#934);
#685=LINE('',#4030,#935);
#686=LINE('',#4033,#936);
#687=LINE('',#4035,#937);
#688=LINE('',#4036,#938);
#689=LINE('',#4039,#939);
#690=LINE('',#4040,#940);
#691=LINE('',#4041,#941);
#692=LINE('',#4045,#942);
#693=LINE('',#4046,#943);
#694=LINE('',#4049,#944);
#695=LINE('',#4050,#945);
#696=LINE('',#4053,#946);
#697=LINE('',#4054,#947);
#698=LINE('',#4057,#948);
#699=LINE('',#4058,#949);
#700=LINE('',#4061,#950);
#701=LINE('',#4062,#951);
#702=LINE('',#4065,#952);
#703=LINE('',#4066,#953);
#704=LINE('',#4069,#954);
#705=LINE('',#4070,#955);
#706=LINE('',#4083,#956);
#707=LINE('',#4088,#957);
#708=LINE('',#4089,#958);
#709=LINE('',#4092,#959);
#710=LINE('',#4093,#960);
#711=LINE('',#4101,#961);
#712=LINE('',#4103,#962);
#713=LINE('',#4112,#963);
#714=LINE('',#4115,#964);
#715=LINE('',#4119,#965);
#716=LINE('',#4125,#966);
#717=LINE('',#4129,#967);
#718=LINE('',#4133,#968);
#719=LINE('',#4140,#969);
#720=LINE('',#4148,#970);
#721=LINE('',#4152,#971);
#722=LINE('',#4158,#972);
#723=LINE('',#4162,#973);
#724=LINE('',#4166,#974);
#725=LINE('',#4173,#975);
#726=LINE('',#4184,#976);
#727=LINE('',#4186,#977);
#728=LINE('',#4188,#978);
#729=LINE('',#4190,#979);
#730=LINE('',#4191,#980);
#731=LINE('',#4194,#981);
#732=LINE('',#4196,#982);
#733=LINE('',#4198,#983);
#734=LINE('',#4201,#984);
#735=LINE('',#4204,#985);
#736=LINE('',#4206,#986);
#737=LINE('',#4208,#987);
#738=LINE('',#4210,#988);
#739=LINE('',#4212,#989);
#740=LINE('',#4214,#990);
#741=LINE('',#4216,#991);
#742=LINE('',#4218,#992);
#743=LINE('',#4219,#993);
#744=LINE('',#4222,#994);
#745=LINE('',#4224,#995);
#746=LINE('',#4226,#996);
#747=LINE('',#4227,#997);
#748=LINE('',#4230,#998);
#749=LINE('',#4233,#999);
#750=LINE('',#4235,#1000);
#751=LINE('',#4236,#1001);
#752=LINE('',#4239,#1002);
#753=LINE('',#4246,#1003);
#754=LINE('',#4253,#1004);
#755=LINE('',#4260,#1005);
#756=LINE('',#4267,#1006);
#757=LINE('',#4273,#1007);
#758=LINE('',#4275,#1008);
#759=LINE('',#4277,#1009);
#760=LINE('',#4279,#1010);
#761=LINE('',#4281,#1011);
#762=LINE('',#4288,#1012);
#763=LINE('',#4289,#1013);
#764=LINE('',#4291,#1014);
#765=LINE('',#4293,#1015);
#766=VECTOR('',#2818,10.);
#767=VECTOR('',#2819,10.);
#768=VECTOR('',#2820,10.);
#769=VECTOR('',#2821,10.);
#770=VECTOR('',#2824,10.);
#771=VECTOR('',#2825,10.);
#772=VECTOR('',#2826,10.);
#773=VECTOR('',#2827,10.);
#774=VECTOR('',#2830,10.);
#775=VECTOR('',#2831,10.);
#776=VECTOR('',#2834,10.);
#777=VECTOR('',#2835,10.);
#778=VECTOR('',#2836,10.);
#779=VECTOR('',#2837,10.);
#780=VECTOR('',#2840,10.);
#781=VECTOR('',#2841,10.);
#782=VECTOR('',#2842,10.);
#783=VECTOR('',#2843,10.);
#784=VECTOR('',#2846,10.);
#785=VECTOR('',#2847,10.);
#786=VECTOR('',#2850,10.);
#787=VECTOR('',#2851,10.);
#788=VECTOR('',#2852,10.);
#789=VECTOR('',#2853,10.);
#790=VECTOR('',#2858,10.);
#791=VECTOR('',#2863,10.);
#792=VECTOR('',#2864,10.);
#793=VECTOR('',#2865,10.);
#794=VECTOR('',#2870,10.);
#795=VECTOR('',#2875,10.);
#796=VECTOR('',#2876,10.);
#797=VECTOR('',#2877,10.);
#798=VECTOR('',#2882,10.);
#799=VECTOR('',#2887,10.);
#800=VECTOR('',#2888,10.);
#801=VECTOR('',#2889,10.);
#802=VECTOR('',#2900,2.3);
#803=VECTOR('',#2905,10.);
#804=VECTOR('',#2908,10.);
#805=VECTOR('',#2911,10.);
#806=VECTOR('',#2914,10.);
#807=VECTOR('',#2935,2.2);
#808=VECTOR('',#2940,2.3);
#809=VECTOR('',#2945,2.2);
#810=VECTOR('',#2950,2.3);
#811=VECTOR('',#2955,2.2);
#812=VECTOR('',#2960,2.3);
#813=VECTOR('',#2965,2.2);
#814=VECTOR('',#2970,10.);
#815=VECTOR('',#2971,10.);
#816=VECTOR('',#2972,10.);
#817=VECTOR('',#2973,10.);
#818=VECTOR('',#2976,10.);
#819=VECTOR('',#2977,10.);
#820=VECTOR('',#2978,10.);
#821=VECTOR('',#2979,10.);
#822=VECTOR('',#2982,10.);
#823=VECTOR('',#2989,10.);
#824=VECTOR('',#2990,10.);
#825=VECTOR('',#2991,10.);
#826=VECTOR('',#2998,10.);
#827=VECTOR('',#2999,10.);
#828=VECTOR('',#3006,10.);
#829=VECTOR('',#3007,10.);
#830=VECTOR('',#3008,10.);
#831=VECTOR('',#3015,10.);
#832=VECTOR('',#3016,10.);
#833=VECTOR('',#3021,10.);
#834=VECTOR('',#3022,10.);
#835=VECTOR('',#3023,10.);
#836=VECTOR('',#3024,10.);
#837=VECTOR('',#3025,10.);
#838=VECTOR('',#3030,10.);
#839=VECTOR('',#3043,10.);
#840=VECTOR('',#3048,10.);
#841=VECTOR('',#3053,10.);
#842=VECTOR('',#3056,10.);
#843=VECTOR('',#3057,10.);
#844=VECTOR('',#3058,10.);
#845=VECTOR('',#3061,10.);
#846=VECTOR('',#3062,10.);
#847=VECTOR('',#3063,10.);
#848=VECTOR('',#3064,10.);
#849=VECTOR('',#3067,10.);
#850=VECTOR('',#3068,10.);
#851=VECTOR('',#3069,10.);
#852=VECTOR('',#3070,10.);
#853=VECTOR('',#3073,10.);
#854=VECTOR('',#3074,10.);
#855=VECTOR('',#3075,10.);
#856=VECTOR('',#3078,10.);
#857=VECTOR('',#3083,10.);
#858=VECTOR('',#3088,10.);
#859=VECTOR('',#3091,10.);
#860=VECTOR('',#3096,10.);
#861=VECTOR('',#3101,10.);
#862=VECTOR('',#3104,10.);
#863=VECTOR('',#3105,10.);
#864=VECTOR('',#3106,10.);
#865=VECTOR('',#3107,10.);
#866=VECTOR('',#3110,10.);
#867=VECTOR('',#3111,10.);
#868=VECTOR('',#3112,10.);
#869=VECTOR('',#3115,10.);
#870=VECTOR('',#3116,10.);
#871=VECTOR('',#3117,10.);
#872=VECTOR('',#3120,10.);
#873=VECTOR('',#3121,10.);
#874=VECTOR('',#3122,10.);
#875=VECTOR('',#3125,10.);
#876=VECTOR('',#3126,10.);
#877=VECTOR('',#3127,10.);
#878=VECTOR('',#3128,10.);
#879=VECTOR('',#3131,10.);
#880=VECTOR('',#3132,10.);
#881=VECTOR('',#3133,10.);
#882=VECTOR('',#3136,10.);
#883=VECTOR('',#3137,10.);
#884=VECTOR('',#3138,10.);
#885=VECTOR('',#3141,10.);
#886=VECTOR('',#3142,10.);
#887=VECTOR('',#3143,10.);
#888=VECTOR('',#3146,10.);
#889=VECTOR('',#3147,10.);
#890=VECTOR('',#3148,10.);
#891=VECTOR('',#3151,10.);
#892=VECTOR('',#3152,10.);
#893=VECTOR('',#3153,10.);
#894=VECTOR('',#3156,10.);
#895=VECTOR('',#3159,10.);
#896=VECTOR('',#3160,10.);
#897=VECTOR('',#3161,10.);
#898=VECTOR('',#3162,10.);
#899=VECTOR('',#3165,10.);
#900=VECTOR('',#3166,10.);
#901=VECTOR('',#3167,10.);
#902=VECTOR('',#3170,10.);
#903=VECTOR('',#3171,10.);
#904=VECTOR('',#3172,10.);
#905=VECTOR('',#3177,10.);
#906=VECTOR('',#3178,10.);
#907=VECTOR('',#3179,10.);
#908=VECTOR('',#3180,10.);
#909=VECTOR('',#3183,10.);
#910=VECTOR('',#3184,10.);
#911=VECTOR('',#3185,10.);
#912=VECTOR('',#3188,10.);
#913=VECTOR('',#3189,10.);
#914=VECTOR('',#3190,10.);
#915=VECTOR('',#3193,10.);
#916=VECTOR('',#3194,10.);
#917=VECTOR('',#3195,10.);
#918=VECTOR('',#3198,10.);
#919=VECTOR('',#3199,10.);
#920=VECTOR('',#3200,10.);
#921=VECTOR('',#3203,10.);
#922=VECTOR('',#3204,10.);
#923=VECTOR('',#3207,10.);
#924=VECTOR('',#3208,10.);
#925=VECTOR('',#3211,10.);
#926=VECTOR('',#3212,10.);
#927=VECTOR('',#3213,10.);
#928=VECTOR('',#3216,10.);
#929=VECTOR('',#3217,10.);
#930=VECTOR('',#3218,10.);
#931=VECTOR('',#3221,10.);
#932=VECTOR('',#3224,10.);
#933=VECTOR('',#3225,10.);
#934=VECTOR('',#3226,10.);
#935=VECTOR('',#3227,10.);
#936=VECTOR('',#3230,10.);
#937=VECTOR('',#3231,10.);
#938=VECTOR('',#3232,10.);
#939=VECTOR('',#3235,10.);
#940=VECTOR('',#3236,10.);
#941=VECTOR('',#3237,10.);
#942=VECTOR('',#3242,10.);
#943=VECTOR('',#3243,10.);
#944=VECTOR('',#3246,10.);
#945=VECTOR('',#3247,10.);
#946=VECTOR('',#3250,10.);
#947=VECTOR('',#3251,10.);
#948=VECTOR('',#3254,10.);
#949=VECTOR('',#3255,10.);
#950=VECTOR('',#3258,10.);
#951=VECTOR('',#3259,10.);
#952=VECTOR('',#3262,10.);
#953=VECTOR('',#3263,10.);
#954=VECTOR('',#3266,10.);
#955=VECTOR('',#3267,10.);
#956=VECTOR('',#3282,10.);
#957=VECTOR('',#3287,10.);
#958=VECTOR('',#3288,10.);
#959=VECTOR('',#3291,10.);
#960=VECTOR('',#3292,10.);
#961=VECTOR('',#3301,10.);
#962=VECTOR('',#3302,10.);
#963=VECTOR('',#3313,10.);
#964=VECTOR('',#3316,1.45);
#965=VECTOR('',#3321,1.35);
#966=VECTOR('',#3328,1.45);
#967=VECTOR('',#3333,1.35);
#968=VECTOR('',#3338,10.);
#969=VECTOR('',#3345,10.);
#970=VECTOR('',#3354,1.45);
#971=VECTOR('',#3359,1.35);
#972=VECTOR('',#3366,1.45);
#973=VECTOR('',#3371,1.35);
#974=VECTOR('',#3376,10.);
#975=VECTOR('',#3383,10.);
#976=VECTOR('',#3400,10.);
#977=VECTOR('',#3403,10.);
#978=VECTOR('',#3406,10.);
#979=VECTOR('',#3409,10.);
#980=VECTOR('',#3410,10.);
#981=VECTOR('',#3415,10.);
#982=VECTOR('',#3418,10.);
#983=VECTOR('',#3421,10.);
#984=VECTOR('',#3426,10.);
#985=VECTOR('',#3431,10.);
#986=VECTOR('',#3434,10.);
#987=VECTOR('',#3437,10.);
#988=VECTOR('',#3440,10.);
#989=VECTOR('',#3443,10.);
#990=VECTOR('',#3446,10.);
#991=VECTOR('',#3449,10.);
#992=VECTOR('',#3452,10.);
#993=VECTOR('',#3453,10.);
#994=VECTOR('',#3458,10.);
#995=VECTOR('',#3461,10.);
#996=VECTOR('',#3464,10.);
#997=VECTOR('',#3465,10.);
#998=VECTOR('',#3470,10.);
#999=VECTOR('',#3475,10.);
#1000=VECTOR('',#3478,10.);
#1001=VECTOR('',#3479,10.);
#1002=VECTOR('',#3482,4.15000000000001);
#1003=VECTOR('',#3491,4.15000000000001);
#1004=VECTOR('',#3500,3.25);
#1005=VECTOR('',#3509,3.25);
#1006=VECTOR('',#3518,3.25);
#1007=VECTOR('',#3527,1.8);
#1008=VECTOR('',#3530,1.8);
#1009=VECTOR('',#3533,2.34999999999999);
#1010=VECTOR('',#3536,1.8);
#1011=VECTOR('',#3539,2.34999999999999);
#1012=VECTOR('',#3552,10.);
#1013=VECTOR('',#3553,10.);
#1014=VECTOR('',#3556,10.);
#1015=VECTOR('',#3559,10.);
#1016=VERTEX_POINT('',#3566);
#1017=VERTEX_POINT('',#3567);
#1018=VERTEX_POINT('',#3569);
#1019=VERTEX_POINT('',#3571);
#1020=VERTEX_POINT('',#3575);
#1021=VERTEX_POINT('',#3576);
#1022=VERTEX_POINT('',#3578);
#1023=VERTEX_POINT('',#3580);
#1024=VERTEX_POINT('',#3587);
#1025=VERTEX_POINT('',#3588);
#1026=VERTEX_POINT('',#3590);
#1027=VERTEX_POINT('',#3592);
#1028=VERTEX_POINT('',#3596);
#1029=VERTEX_POINT('',#3597);
#1030=VERTEX_POINT('',#3599);
#1031=VERTEX_POINT('',#3601);
#1032=VERTEX_POINT('',#3608);
#1033=VERTEX_POINT('',#3609);
#1034=VERTEX_POINT('',#3611);
#1035=VERTEX_POINT('',#3613);
#1036=VERTEX_POINT('',#3617);
#1037=VERTEX_POINT('',#3619);
#1038=VERTEX_POINT('',#3623);
#1039=VERTEX_POINT('',#3625);
#1040=VERTEX_POINT('',#3629);
#1041=VERTEX_POINT('',#3631);
#1042=VERTEX_POINT('',#3635);
#1043=VERTEX_POINT('',#3637);
#1044=VERTEX_POINT('',#3641);
#1045=VERTEX_POINT('',#3643);
#1046=VERTEX_POINT('',#3647);
#1047=VERTEX_POINT('',#3649);
#1048=VERTEX_POINT('',#3656);
#1049=VERTEX_POINT('',#3658);
#1050=VERTEX_POINT('',#3662);
#1051=VERTEX_POINT('',#3663);
#1052=VERTEX_POINT('',#3665);
#1053=VERTEX_POINT('',#3667);
#1054=VERTEX_POINT('',#3669);
#1055=VERTEX_POINT('',#3671);
#1056=VERTEX_POINT('',#3673);
#1057=VERTEX_POINT('',#3675);
#1058=VERTEX_POINT('',#3678);
#1059=VERTEX_POINT('',#3680);
#1060=VERTEX_POINT('',#3682);
#1061=VERTEX_POINT('',#3684);
#1062=VERTEX_POINT('',#3686);
#1063=VERTEX_POINT('',#3688);
#1064=VERTEX_POINT('',#3690);
#1065=VERTEX_POINT('',#3692);
#1066=VERTEX_POINT('',#3695);
#1067=VERTEX_POINT('',#3699);
#1068=VERTEX_POINT('',#3703);
#1069=VERTEX_POINT('',#3707);
#1070=VERTEX_POINT('',#3711);
#1071=VERTEX_POINT('',#3715);
#1072=VERTEX_POINT('',#3719);
#1073=VERTEX_POINT('',#3723);
#1074=VERTEX_POINT('',#3724);
#1075=VERTEX_POINT('',#3726);
#1076=VERTEX_POINT('',#3728);
#1077=VERTEX_POINT('',#3732);
#1078=VERTEX_POINT('',#3733);
#1079=VERTEX_POINT('',#3735);
#1080=VERTEX_POINT('',#3737);
#1081=VERTEX_POINT('',#3741);
#1082=VERTEX_POINT('',#3743);
#1083=VERTEX_POINT('',#3745);
#1084=VERTEX_POINT('',#3747);
#1085=VERTEX_POINT('',#3749);
#1086=VERTEX_POINT('',#3751);
#1087=VERTEX_POINT('',#3753);
#1088=VERTEX_POINT('',#3755);
#1089=VERTEX_POINT('',#3757);
#1090=VERTEX_POINT('',#3759);
#1091=VERTEX_POINT('',#3762);
#1092=VERTEX_POINT('',#3764);
#1093=VERTEX_POINT('',#3766);
#1094=VERTEX_POINT('',#3768);
#1095=VERTEX_POINT('',#3770);
#1096=VERTEX_POINT('',#3772);
#1097=VERTEX_POINT('',#3774);
#1098=VERTEX_POINT('',#3776);
#1099=VERTEX_POINT('',#3778);
#1100=VERTEX_POINT('',#3780);
#1101=VERTEX_POINT('',#3783);
#1102=VERTEX_POINT('',#3785);
#1103=VERTEX_POINT('',#3787);
#1104=VERTEX_POINT('',#3789);
#1105=VERTEX_POINT('',#3791);
#1106=VERTEX_POINT('',#3793);
#1107=VERTEX_POINT('',#3795);
#1108=VERTEX_POINT('',#3797);
#1109=VERTEX_POINT('',#3799);
#1110=VERTEX_POINT('',#3801);
#1111=VERTEX_POINT('',#3804);
#1112=VERTEX_POINT('',#3806);
#1113=VERTEX_POINT('',#3808);
#1114=VERTEX_POINT('',#3810);
#1115=VERTEX_POINT('',#3812);
#1116=VERTEX_POINT('',#3815);
#1117=VERTEX_POINT('',#3817);
#1118=VERTEX_POINT('',#3819);
#1119=VERTEX_POINT('',#3821);
#1120=VERTEX_POINT('',#3823);
#1121=VERTEX_POINT('',#3825);
#1122=VERTEX_POINT('',#3829);
#1123=VERTEX_POINT('',#3831);
#1124=VERTEX_POINT('',#3835);
#1125=VERTEX_POINT('',#3836);
#1126=VERTEX_POINT('',#3838);
#1127=VERTEX_POINT('',#3840);
#1128=VERTEX_POINT('',#3844);
#1129=VERTEX_POINT('',#3845);
#1130=VERTEX_POINT('',#3847);
#1131=VERTEX_POINT('',#3849);
#1132=VERTEX_POINT('',#3853);
#1133=VERTEX_POINT('',#3855);
#1134=VERTEX_POINT('',#3859);
#1135=VERTEX_POINT('',#3861);
#1136=VERTEX_POINT('',#3863);
#1137=VERTEX_POINT('',#3865);
#1138=VERTEX_POINT('',#3867);
#1139=VERTEX_POINT('',#3869);
#1140=VERTEX_POINT('',#3873);
#1141=VERTEX_POINT('',#3875);
#1142=VERTEX_POINT('',#3877);
#1143=VERTEX_POINT('',#3879);
#1144=VERTEX_POINT('',#3881);
#1145=VERTEX_POINT('',#3883);
#1146=VERTEX_POINT('',#3887);
#1147=VERTEX_POINT('',#3888);
#1148=VERTEX_POINT('',#3890);
#1149=VERTEX_POINT('',#3895);
#1150=VERTEX_POINT('',#3897);
#1151=VERTEX_POINT('',#3901);
#1152=VERTEX_POINT('',#3906);
#1153=VERTEX_POINT('',#3908);
#1154=VERTEX_POINT('',#3912);
#1155=VERTEX_POINT('',#3913);
#1156=VERTEX_POINT('',#3915);
#1157=VERTEX_POINT('',#3920);
#1158=VERTEX_POINT('',#3922);
#1159=VERTEX_POINT('',#3926);
#1160=VERTEX_POINT('',#3931);
#1161=VERTEX_POINT('',#3933);
#1162=VERTEX_POINT('',#3937);
#1163=VERTEX_POINT('',#3938);
#1164=VERTEX_POINT('',#3943);
#1165=VERTEX_POINT('',#3944);
#1166=VERTEX_POINT('',#3951);
#1167=VERTEX_POINT('',#3952);
#1168=VERTEX_POINT('',#3954);
#1169=VERTEX_POINT('',#3956);
#1170=VERTEX_POINT('',#3960);
#1171=VERTEX_POINT('',#3965);
#1172=VERTEX_POINT('',#3971);
#1173=VERTEX_POINT('',#3972);
#1174=VERTEX_POINT('',#3974);
#1175=VERTEX_POINT('',#3979);
#1176=VERTEX_POINT('',#3981);
#1177=VERTEX_POINT('',#3985);
#1178=VERTEX_POINT('',#3990);
#1179=VERTEX_POINT('',#3992);
#1180=VERTEX_POINT('',#3996);
#1181=VERTEX_POINT('',#3997);
#1182=VERTEX_POINT('',#4002);
#1183=VERTEX_POINT('',#4006);
#1184=VERTEX_POINT('',#4010);
#1185=VERTEX_POINT('',#4011);
#1186=VERTEX_POINT('',#4016);
#1187=VERTEX_POINT('',#4017);
#1188=VERTEX_POINT('',#4024);
#1189=VERTEX_POINT('',#4025);
#1190=VERTEX_POINT('',#4027);
#1191=VERTEX_POINT('',#4032);
#1192=VERTEX_POINT('',#4034);
#1193=VERTEX_POINT('',#4038);
#1194=VERTEX_POINT('',#4044);
#1195=VERTEX_POINT('',#4048);
#1196=VERTEX_POINT('',#4052);
#1197=VERTEX_POINT('',#4056);
#1198=VERTEX_POINT('',#4060);
#1199=VERTEX_POINT('',#4064);
#1200=VERTEX_POINT('',#4068);
#1201=VERTEX_POINT('',#4072);
#1202=VERTEX_POINT('',#4074);
#1203=VERTEX_POINT('',#4077);
#1204=VERTEX_POINT('',#4079);
#1205=VERTEX_POINT('',#4081);
#1206=VERTEX_POINT('',#4084);
#1207=VERTEX_POINT('',#4087);
#1208=VERTEX_POINT('',#4091);
#1209=VERTEX_POINT('',#4095);
#1210=VERTEX_POINT('',#4097);
#1211=VERTEX_POINT('',#4099);
#1212=VERTEX_POINT('',#4102);
#1213=VERTEX_POINT('',#4104);
#1214=VERTEX_POINT('',#4106);
#1215=VERTEX_POINT('',#4109);
#1216=VERTEX_POINT('',#4114);
#1217=VERTEX_POINT('',#4118);
#1218=VERTEX_POINT('',#4122);
#1219=VERTEX_POINT('',#4124);
#1220=VERTEX_POINT('',#4128);
#1221=VERTEX_POINT('',#4132);
#1222=VERTEX_POINT('',#4134);
#1223=VERTEX_POINT('',#4136);
#1224=VERTEX_POINT('',#4139);
#1225=VERTEX_POINT('',#4141);
#1226=VERTEX_POINT('',#4143);
#1227=VERTEX_POINT('',#4147);
#1228=VERTEX_POINT('',#4151);
#1229=VERTEX_POINT('',#4155);
#1230=VERTEX_POINT('',#4157);
#1231=VERTEX_POINT('',#4161);
#1232=VERTEX_POINT('',#4165);
#1233=VERTEX_POINT('',#4167);
#1234=VERTEX_POINT('',#4169);
#1235=VERTEX_POINT('',#4172);
#1236=VERTEX_POINT('',#4174);
#1237=VERTEX_POINT('',#4176);
#1238=VERTEX_POINT('',#4238);
#1239=VERTEX_POINT('',#4242);
#1240=VERTEX_POINT('',#4245);
#1241=VERTEX_POINT('',#4249);
#1242=VERTEX_POINT('',#4252);
#1243=VERTEX_POINT('',#4256);
#1244=VERTEX_POINT('',#4259);
#1245=VERTEX_POINT('',#4263);
#1246=VERTEX_POINT('',#4266);
#1247=VERTEX_POINT('',#4270);
#1248=EDGE_CURVE('',#1016,#1017,#516,.T.);
#1249=EDGE_CURVE('',#1018,#1016,#517,.T.);
#1250=EDGE_CURVE('',#1018,#1019,#518,.T.);
#1251=EDGE_CURVE('',#1017,#1019,#519,.T.);
#1252=EDGE_CURVE('',#1020,#1021,#520,.T.);
#1253=EDGE_CURVE('',#1021,#1022,#521,.T.);
#1254=EDGE_CURVE('',#1022,#1023,#522,.T.);
#1255=EDGE_CURVE('',#1020,#1023,#523,.T.);
#1256=EDGE_CURVE('',#1019,#1022,#524,.T.);
#1257=EDGE_CURVE('',#1023,#1018,#525,.T.);
#1258=EDGE_CURVE('',#1024,#1025,#526,.T.);
#1259=EDGE_CURVE('',#1026,#1024,#527,.T.);
#1260=EDGE_CURVE('',#1026,#1027,#528,.T.);
#1261=EDGE_CURVE('',#1025,#1027,#529,.T.);
#1262=EDGE_CURVE('',#1028,#1029,#530,.T.);
#1263=EDGE_CURVE('',#1029,#1030,#531,.T.);
#1264=EDGE_CURVE('',#1030,#1031,#532,.T.);
#1265=EDGE_CURVE('',#1028,#1031,#533,.T.);
#1266=EDGE_CURVE('',#1027,#1030,#534,.T.);
#1267=EDGE_CURVE('',#1031,#1026,#535,.T.);
#1268=EDGE_CURVE('',#1032,#1033,#536,.T.);
#1269=EDGE_CURVE('',#1032,#1034,#537,.T.);
#1270=EDGE_CURVE('',#1035,#1034,#538,.T.);
#1271=EDGE_CURVE('',#1033,#1035,#539,.T.);
#1272=EDGE_CURVE('',#1036,#1032,#52,.T.);
#1273=EDGE_CURVE('',#1036,#1037,#540,.T.);
#1274=EDGE_CURVE('',#1034,#1037,#53,.T.);
#1275=EDGE_CURVE('',#1038,#1036,#541,.T.);
#1276=EDGE_CURVE('',#1038,#1039,#542,.T.);
#1277=EDGE_CURVE('',#1037,#1039,#543,.T.);
#1278=EDGE_CURVE('',#1040,#1038,#54,.T.);
#1279=EDGE_CURVE('',#1040,#1041,#544,.T.);
#1280=EDGE_CURVE('',#1039,#1041,#55,.T.);
#1281=EDGE_CURVE('',#1042,#1040,#545,.T.);
#1282=EDGE_CURVE('',#1042,#1043,#546,.T.);
#1283=EDGE_CURVE('',#1041,#1043,#547,.T.);
#1284=EDGE_CURVE('',#1044,#1042,#56,.T.);
#1285=EDGE_CURVE('',#1044,#1045,#548,.T.);
#1286=EDGE_CURVE('',#1043,#1045,#57,.T.);
#1287=EDGE_CURVE('',#1046,#1044,#549,.T.);
#1288=EDGE_CURVE('',#1046,#1047,#550,.T.);
#1289=EDGE_CURVE('',#1045,#1047,#551,.T.);
#1290=EDGE_CURVE('',#1033,#1046,#58,.T.);
#1291=EDGE_CURVE('',#1047,#1035,#59,.T.);
#1292=EDGE_CURVE('',#1048,#1048,#60,.T.);
#1293=EDGE_CURVE('',#1048,#1049,#552,.T.);
#1294=EDGE_CURVE('',#1049,#1049,#61,.T.);
#1295=EDGE_CURVE('',#1050,#1051,#553,.T.);
#1296=EDGE_CURVE('',#1051,#1052,#62,.T.);
#1297=EDGE_CURVE('',#1052,#1053,#554,.T.);
#1298=EDGE_CURVE('',#1053,#1054,#63,.T.);
#1299=EDGE_CURVE('',#1054,#1055,#555,.T.);
#1300=EDGE_CURVE('',#1055,#1056,#64,.T.);
#1301=EDGE_CURVE('',#1056,#1057,#556,.T.);
#1302=EDGE_CURVE('',#1057,#1050,#65,.T.);
#1303=EDGE_CURVE('',#1058,#1058,#66,.T.);
#1304=EDGE_CURVE('',#1059,#1059,#67,.T.);
#1305=EDGE_CURVE('',#1060,#1060,#68,.T.);
#1306=EDGE_CURVE('',#1061,#1061,#69,.T.);
#1307=EDGE_CURVE('',#1062,#1062,#70,.T.);
#1308=EDGE_CURVE('',#1063,#1063,#71,.T.);
#1309=EDGE_CURVE('',#1064,#1064,#72,.T.);
#1310=EDGE_CURVE('',#1065,#1065,#73,.T.);
#1311=EDGE_CURVE('',#1049,#1066,#557,.T.);
#1312=EDGE_CURVE('',#1066,#1066,#74,.T.);
#1313=EDGE_CURVE('',#1058,#1067,#558,.T.);
#1314=EDGE_CURVE('',#1067,#1067,#75,.T.);
#1315=EDGE_CURVE('',#1067,#1068,#559,.T.);
#1316=EDGE_CURVE('',#1068,#1068,#76,.T.);
#1317=EDGE_CURVE('',#1065,#1069,#560,.T.);
#1318=EDGE_CURVE('',#1069,#1069,#77,.T.);
#1319=EDGE_CURVE('',#1069,#1070,#561,.T.);
#1320=EDGE_CURVE('',#1070,#1070,#78,.T.);
#1321=EDGE_CURVE('',#1059,#1071,#562,.T.);
#1322=EDGE_CURVE('',#1071,#1071,#79,.T.);
#1323=EDGE_CURVE('',#1071,#1072,#563,.T.);
#1324=EDGE_CURVE('',#1072,#1072,#80,.T.);
#1325=EDGE_CURVE('',#1073,#1074,#564,.T.);
#1326=EDGE_CURVE('',#1075,#1074,#565,.T.);
#1327=EDGE_CURVE('',#1075,#1076,#566,.T.);
#1328=EDGE_CURVE('',#1076,#1073,#567,.T.);
#1329=EDGE_CURVE('',#1077,#1078,#568,.T.);
#1330=EDGE_CURVE('',#1079,#1078,#569,.T.);
#1331=EDGE_CURVE('',#1080,#1079,#570,.T.);
#1332=EDGE_CURVE('',#1077,#1080,#571,.T.);
#1333=EDGE_CURVE('',#1016,#1081,#572,.T.);
#1334=EDGE_CURVE('',#1082,#1081,#81,.F.);
#1335=EDGE_CURVE('',#1082,#1083,#82,.T.);
#1336=EDGE_CURVE('',#1084,#1083,#83,.F.);
#1337=EDGE_CURVE('',#1084,#1085,#573,.T.);
#1338=EDGE_CURVE('',#1085,#1086,#574,.T.);
#1339=EDGE_CURVE('',#1086,#1087,#575,.T.);
#1340=EDGE_CURVE('',#1088,#1087,#84,.F.);
#1341=EDGE_CURVE('',#1088,#1089,#85,.T.);
#1342=EDGE_CURVE('',#1090,#1089,#86,.F.);
#1343=EDGE_CURVE('',#1090,#1077,#576,.T.);
#1344=EDGE_CURVE('',#1080,#1091,#577,.T.);
#1345=EDGE_CURVE('',#1092,#1091,#87,.F.);
#1346=EDGE_CURVE('',#1092,#1093,#88,.T.);
#1347=EDGE_CURVE('',#1094,#1093,#89,.F.);
#1348=EDGE_CURVE('',#1094,#1095,#578,.T.);
#1349=EDGE_CURVE('',#1095,#1096,#579,.T.);
#1350=EDGE_CURVE('',#1096,#1097,#580,.T.);
#1351=EDGE_CURVE('',#1098,#1097,#90,.F.);
#1352=EDGE_CURVE('',#1098,#1099,#91,.T.);
#1353=EDGE_CURVE('',#1100,#1099,#92,.F.);
#1354=EDGE_CURVE('',#1100,#1028,#581,.T.);
#1355=EDGE_CURVE('',#1024,#1101,#582,.T.);
#1356=EDGE_CURVE('',#1102,#1101,#93,.F.);
#1357=EDGE_CURVE('',#1102,#1103,#94,.T.);
#1358=EDGE_CURVE('',#1104,#1103,#583,.T.);
#1359=EDGE_CURVE('',#1104,#1105,#584,.F.);
#1360=EDGE_CURVE('',#1105,#1106,#585,.T.);
#1361=EDGE_CURVE('',#1106,#1107,#586,.F.);
#1362=EDGE_CURVE('',#1108,#1107,#587,.T.);
#1363=EDGE_CURVE('',#1108,#1109,#95,.T.);
#1364=EDGE_CURVE('',#1109,#1110,#96,.T.);
#1365=EDGE_CURVE('',#1110,#1020,#588,.T.);
#1366=EDGE_CURVE('',#1111,#1111,#97,.T.);
#1367=EDGE_CURVE('',#1112,#1112,#98,.T.);
#1368=EDGE_CURVE('',#1113,#1113,#99,.T.);
#1369=EDGE_CURVE('',#1114,#1114,#100,.T.);
#1370=EDGE_CURVE('',#1115,#1115,#101,.T.);
#1371=EDGE_CURVE('',#1074,#1116,#589,.T.);
#1372=EDGE_CURVE('',#1117,#1116,#102,.F.);
#1373=EDGE_CURVE('',#1117,#1118,#103,.T.);
#1374=EDGE_CURVE('',#1118,#1119,#590,.T.);
#1375=EDGE_CURVE('',#1119,#1120,#104,.T.);
#1376=EDGE_CURVE('',#1120,#1121,#105,.T.);
#1377=EDGE_CURVE('',#1121,#1075,#591,.T.);
#1378=EDGE_CURVE('',#1122,#1096,#592,.T.);
#1379=EDGE_CURVE('',#1095,#1123,#593,.T.);
#1380=EDGE_CURVE('',#1123,#1122,#594,.T.);
#1381=EDGE_CURVE('',#1124,#1125,#595,.T.);
#1382=EDGE_CURVE('',#1126,#1125,#596,.T.);
#1383=EDGE_CURVE('',#1127,#1126,#597,.T.);
#1384=EDGE_CURVE('',#1124,#1127,#598,.T.);
#1385=EDGE_CURVE('',#1128,#1129,#599,.T.);
#1386=EDGE_CURVE('',#1130,#1129,#600,.T.);
#1387=EDGE_CURVE('',#1130,#1131,#601,.T.);
#1388=EDGE_CURVE('',#1131,#1128,#602,.T.);
#1389=EDGE_CURVE('',#1085,#1132,#603,.T.);
#1390=EDGE_CURVE('',#1133,#1132,#604,.T.);
#1391=EDGE_CURVE('',#1086,#1133,#605,.T.);
#1392=EDGE_CURVE('',#1129,#1134,#606,.T.);
#1393=EDGE_CURVE('',#1135,#1134,#106,.F.);
#1394=EDGE_CURVE('',#1135,#1136,#107,.T.);
#1395=EDGE_CURVE('',#1137,#1136,#607,.T.);
#1396=EDGE_CURVE('',#1137,#1138,#108,.T.);
#1397=EDGE_CURVE('',#1138,#1139,#109,.T.);
#1398=EDGE_CURVE('',#1139,#1130,#608,.T.);
#1399=EDGE_CURVE('',#1127,#1140,#609,.T.);
#1400=EDGE_CURVE('',#1141,#1140,#110,.F.);
#1401=EDGE_CURVE('',#1141,#1142,#111,.T.);
#1402=EDGE_CURVE('',#1143,#1142,#610,.T.);
#1403=EDGE_CURVE('',#1143,#1144,#112,.T.);
#1404=EDGE_CURVE('',#1144,#1145,#113,.T.);
#1405=EDGE_CURVE('',#1145,#1124,#611,.T.);
#1406=EDGE_CURVE('',#1146,#1147,#612,.T.);
#1407=EDGE_CURVE('',#1146,#1148,#613,.T.);
#1408=EDGE_CURVE('',#1148,#1123,#614,.T.);
#1409=EDGE_CURVE('',#1147,#1123,#615,.T.);
#1410=EDGE_CURVE('',#1149,#1146,#616,.T.);
#1411=EDGE_CURVE('',#1149,#1150,#617,.T.);
#1412=EDGE_CURVE('',#1150,#1148,#618,.T.);
#1413=EDGE_CURVE('',#1151,#1149,#619,.T.);
#1414=EDGE_CURVE('',#1126,#1151,#620,.T.);
#1415=EDGE_CURVE('',#1126,#1150,#621,.T.);
#1416=EDGE_CURVE('',#1152,#1125,#622,.T.);
#1417=EDGE_CURVE('',#1153,#1152,#623,.T.);
#1418=EDGE_CURVE('',#1122,#1153,#624,.T.);
#1419=EDGE_CURVE('',#1154,#1155,#625,.T.);
#1420=EDGE_CURVE('',#1154,#1156,#626,.T.);
#1421=EDGE_CURVE('',#1156,#1132,#627,.T.);
#1422=EDGE_CURVE('',#1155,#1132,#628,.T.);
#1423=EDGE_CURVE('',#1157,#1154,#629,.T.);
#1424=EDGE_CURVE('',#1157,#1158,#630,.T.);
#1425=EDGE_CURVE('',#1158,#1156,#631,.T.);
#1426=EDGE_CURVE('',#1159,#1157,#632,.T.);
#1427=EDGE_CURVE('',#1128,#1159,#633,.T.);
#1428=EDGE_CURVE('',#1128,#1158,#634,.T.);
#1429=EDGE_CURVE('',#1160,#1131,#635,.T.);
#1430=EDGE_CURVE('',#1161,#1160,#636,.T.);
#1431=EDGE_CURVE('',#1133,#1161,#637,.T.);
#1432=EDGE_CURVE('',#1162,#1163,#638,.T.);
#1433=EDGE_CURVE('',#1133,#1162,#639,.T.);
#1434=EDGE_CURVE('',#1163,#1161,#640,.T.);
#1435=EDGE_CURVE('',#1164,#1165,#641,.T.);
#1436=EDGE_CURVE('',#1164,#1160,#642,.T.);
#1437=EDGE_CURVE('',#1165,#1131,#643,.T.);
#1438=EDGE_CURVE('',#1163,#1164,#644,.T.);
#1439=EDGE_CURVE('',#1166,#1167,#645,.T.);
#1440=EDGE_CURVE('',#1166,#1168,#646,.T.);
#1441=EDGE_CURVE('',#1168,#1169,#647,.T.);
#1442=EDGE_CURVE('',#1167,#1169,#648,.T.);
#1443=EDGE_CURVE('',#1170,#1166,#649,.T.);
#1444=EDGE_CURVE('',#1025,#1170,#650,.T.);
#1445=EDGE_CURVE('',#1025,#1168,#651,.T.);
#1446=EDGE_CURVE('',#1167,#1171,#652,.T.);
#1447=EDGE_CURVE('',#1169,#1029,#653,.T.);
#1448=EDGE_CURVE('',#1171,#1029,#654,.T.);
#1449=EDGE_CURVE('',#1172,#1173,#655,.T.);
#1450=EDGE_CURVE('',#1172,#1174,#656,.T.);
#1451=EDGE_CURVE('',#1174,#1076,#657,.T.);
#1452=EDGE_CURVE('',#1173,#1076,#658,.T.);
#1453=EDGE_CURVE('',#1175,#1172,#659,.T.);
#1454=EDGE_CURVE('',#1175,#1176,#660,.T.);
#1455=EDGE_CURVE('',#1176,#1174,#661,.T.);
#1456=EDGE_CURVE('',#1177,#1175,#662,.T.);
#1457=EDGE_CURVE('',#1079,#1177,#663,.T.);
#1458=EDGE_CURVE('',#1079,#1176,#664,.T.);
#1459=EDGE_CURVE('',#1178,#1078,#665,.T.);
#1460=EDGE_CURVE('',#1179,#1178,#666,.T.);
#1461=EDGE_CURVE('',#1073,#1179,#667,.T.);
#1462=EDGE_CURVE('',#1180,#1181,#668,.T.);
#1463=EDGE_CURVE('',#1180,#1153,#669,.T.);
#1464=EDGE_CURVE('',#1181,#1152,#670,.T.);
#1465=EDGE_CURVE('',#1182,#1180,#671,.T.);
#1466=EDGE_CURVE('',#1122,#1182,#672,.T.);
#1467=EDGE_CURVE('',#1181,#1183,#673,.T.);
#1468=EDGE_CURVE('',#1183,#1125,#674,.T.);
#1469=EDGE_CURVE('',#1184,#1185,#675,.T.);
#1470=EDGE_CURVE('',#1073,#1184,#676,.T.);
#1471=EDGE_CURVE('',#1185,#1179,#677,.T.);
#1472=EDGE_CURVE('',#1186,#1187,#678,.T.);
#1473=EDGE_CURVE('',#1186,#1178,#679,.T.);
#1474=EDGE_CURVE('',#1187,#1078,#680,.T.);
#1475=EDGE_CURVE('',#1185,#1186,#681,.T.);
#1476=EDGE_CURVE('',#1188,#1189,#682,.T.);
#1477=EDGE_CURVE('',#1188,#1190,#683,.T.);
#1478=EDGE_CURVE('',#1190,#1021,#684,.T.);
#1479=EDGE_CURVE('',#1189,#1021,#685,.T.);
#1480=EDGE_CURVE('',#1191,#1188,#686,.T.);
#1481=EDGE_CURVE('',#1191,#1192,#687,.T.);
#1482=EDGE_CURVE('',#1192,#1190,#688,.T.);
#1483=EDGE_CURVE('',#1193,#1191,#689,.T.);
#1484=EDGE_CURVE('',#1017,#1193,#690,.T.);
#1485=EDGE_CURVE('',#1017,#1192,#691,.T.);
#1486=EDGE_CURVE('',#1194,#1094,#692,.T.);
#1487=EDGE_CURVE('',#1147,#1194,#693,.T.);
#1488=EDGE_CURVE('',#1195,#1084,#694,.T.);
#1489=EDGE_CURVE('',#1155,#1195,#695,.T.);
#1490=EDGE_CURVE('',#1196,#1159,#696,.T.);
#1491=EDGE_CURVE('',#1134,#1196,#697,.T.);
#1492=EDGE_CURVE('',#1197,#1162,#698,.T.);
#1493=EDGE_CURVE('',#1087,#1197,#699,.T.);
#1494=EDGE_CURVE('',#1198,#1170,#700,.T.);
#1495=EDGE_CURVE('',#1101,#1198,#701,.T.);
#1496=EDGE_CURVE('',#1199,#1121,#702,.T.);
#1497=EDGE_CURVE('',#1173,#1199,#703,.T.);
#1498=EDGE_CURVE('',#1200,#1177,#704,.T.);
#1499=EDGE_CURVE('',#1091,#1200,#705,.T.);
#1500=EDGE_CURVE('',#1201,#1194,#114,.T.);
#1501=EDGE_CURVE('',#1201,#1202,#115,.T.);
#1502=EDGE_CURVE('',#1200,#1202,#116,.T.);
#1503=EDGE_CURVE('',#1203,#1199,#117,.T.);
#1504=EDGE_CURVE('',#1203,#1204,#118,.T.);
#1505=EDGE_CURVE('',#1205,#1204,#119,.T.);
#1506=EDGE_CURVE('',#1205,#1151,#706,.T.);
#1507=EDGE_CURVE('',#1206,#1206,#120,.T.);
#1508=EDGE_CURVE('',#1207,#1182,#707,.T.);
#1509=EDGE_CURVE('',#1097,#1207,#708,.T.);
#1510=EDGE_CURVE('',#1208,#1184,#709,.T.);
#1511=EDGE_CURVE('',#1116,#1208,#710,.T.);
#1512=EDGE_CURVE('',#1209,#1195,#121,.T.);
#1513=EDGE_CURVE('',#1209,#1210,#122,.T.);
#1514=EDGE_CURVE('',#1211,#1210,#123,.T.);
#1515=EDGE_CURVE('',#1211,#1193,#711,.T.);
#1516=EDGE_CURVE('',#1189,#1212,#712,.T.);
#1517=EDGE_CURVE('',#1213,#1212,#124,.T.);
#1518=EDGE_CURVE('',#1213,#1214,#125,.T.);
#1519=EDGE_CURVE('',#1196,#1214,#126,.T.);
#1520=EDGE_CURVE('',#1215,#1215,#127,.T.);
#1521=EDGE_CURVE('',#1212,#1110,#713,.T.);
#1522=EDGE_CURVE('',#1206,#1216,#714,.T.);
#1523=EDGE_CURVE('',#1216,#1216,#128,.T.);
#1524=EDGE_CURVE('',#1216,#1217,#715,.T.);
#1525=EDGE_CURVE('',#1217,#1217,#129,.T.);
#1526=EDGE_CURVE('',#1218,#1218,#130,.T.);
#1527=EDGE_CURVE('',#1218,#1219,#716,.T.);
#1528=EDGE_CURVE('',#1219,#1219,#131,.T.);
#1529=EDGE_CURVE('',#1219,#1220,#717,.T.);
#1530=EDGE_CURVE('',#1220,#1220,#132,.T.);
#1531=EDGE_CURVE('',#1165,#1221,#718,.T.);
#1532=EDGE_CURVE('',#1222,#1221,#133,.T.);
#1533=EDGE_CURVE('',#1222,#1223,#134,.T.);
#1534=EDGE_CURVE('',#1208,#1223,#135,.T.);
#1535=EDGE_CURVE('',#1187,#1224,#719,.T.);
#1536=EDGE_CURVE('',#1225,#1224,#136,.T.);
#1537=EDGE_CURVE('',#1225,#1226,#137,.T.);
#1538=EDGE_CURVE('',#1197,#1226,#138,.T.);
#1539=EDGE_CURVE('',#1215,#1227,#720,.T.);
#1540=EDGE_CURVE('',#1227,#1227,#139,.T.);
#1541=EDGE_CURVE('',#1227,#1228,#721,.T.);
#1542=EDGE_CURVE('',#1228,#1228,#140,.T.);
#1543=EDGE_CURVE('',#1229,#1229,#141,.T.);
#1544=EDGE_CURVE('',#1229,#1230,#722,.T.);
#1545=EDGE_CURVE('',#1230,#1230,#142,.T.);
#1546=EDGE_CURVE('',#1230,#1231,#723,.T.);
#1547=EDGE_CURVE('',#1231,#1231,#143,.T.);
#1548=EDGE_CURVE('',#1171,#1232,#724,.T.);
#1549=EDGE_CURVE('',#1233,#1232,#144,.T.);
#1550=EDGE_CURVE('',#1233,#1234,#145,.T.);
#1551=EDGE_CURVE('',#1207,#1234,#146,.T.);
#1552=EDGE_CURVE('',#1183,#1235,#725,.T.);
#1553=EDGE_CURVE('',#1236,#1235,#147,.T.);
#1554=EDGE_CURVE('',#1236,#1237,#148,.T.);
#1555=EDGE_CURVE('',#1198,#1237,#149,.T.);
#1556=EDGE_CURVE('',#1120,#1203,#726,.T.);
#1557=EDGE_CURVE('',#1202,#1092,#727,.T.);
#1558=EDGE_CURVE('',#1093,#1201,#728,.T.);
#1559=EDGE_CURVE('',#1221,#1139,#729,.T.);
#1560=EDGE_CURVE('',#1138,#1222,#730,.T.);
#1561=EDGE_CURVE('',#1226,#1088,#731,.T.);
#1562=EDGE_CURVE('',#1089,#1225,#732,.T.);
#1563=EDGE_CURVE('',#1224,#1090,#733,.T.);
#1564=EDGE_CURVE('',#1223,#1117,#734,.T.);
#1565=EDGE_CURVE('',#1140,#1205,#735,.T.);
#1566=EDGE_CURVE('',#1204,#1141,#736,.T.);
#1567=EDGE_CURVE('',#1109,#1213,#737,.T.);
#1568=EDGE_CURVE('',#1081,#1211,#738,.T.);
#1569=EDGE_CURVE('',#1210,#1082,#739,.T.);
#1570=EDGE_CURVE('',#1083,#1209,#740,.T.);
#1571=EDGE_CURVE('',#1214,#1135,#741,.T.);
#1572=EDGE_CURVE('',#1108,#1052,#742,.T.);
#1573=EDGE_CURVE('',#1136,#1051,#743,.T.);
#1574=EDGE_CURVE('',#1234,#1098,#744,.T.);
#1575=EDGE_CURVE('',#1235,#1145,#745,.T.);
#1576=EDGE_CURVE('',#1232,#1100,#746,.T.);
#1577=EDGE_CURVE('',#1099,#1233,#747,.T.);
#1578=EDGE_CURVE('',#1237,#1102,#748,.T.);
#1579=EDGE_CURVE('',#1144,#1236,#749,.T.);
#1580=EDGE_CURVE('',#1143,#1054,#750,.T.);
#1581=EDGE_CURVE('',#1103,#1053,#751,.T.);
#1582=EDGE_CURVE('',#1064,#1238,#752,.T.);
#1583=EDGE_CURVE('',#1238,#1238,#150,.T.);
#1584=EDGE_CURVE('',#1239,#1239,#151,.T.);
#1585=EDGE_CURVE('',#1063,#1240,#753,.T.);
#1586=EDGE_CURVE('',#1240,#1240,#152,.T.);
#1587=EDGE_CURVE('',#1241,#1241,#153,.T.);
#1588=EDGE_CURVE('',#1060,#1242,#754,.T.);
#1589=EDGE_CURVE('',#1242,#1242,#154,.T.);
#1590=EDGE_CURVE('',#1243,#1243,#155,.T.);
#1591=EDGE_CURVE('',#1061,#1244,#755,.T.);
#1592=EDGE_CURVE('',#1244,#1244,#156,.T.);
#1593=EDGE_CURVE('',#1245,#1245,#157,.T.);
#1594=EDGE_CURVE('',#1062,#1246,#756,.T.);
#1595=EDGE_CURVE('',#1246,#1246,#158,.T.);
#1596=EDGE_CURVE('',#1247,#1247,#159,.T.);
#1597=EDGE_CURVE('',#1247,#1115,#757,.T.);
#1598=EDGE_CURVE('',#1243,#1114,#758,.T.);
#1599=EDGE_CURVE('',#1239,#1113,#759,.T.);
#1600=EDGE_CURVE('',#1245,#1112,#760,.T.);
#1601=EDGE_CURVE('',#1241,#1111,#761,.T.);
#1602=EDGE_CURVE('',#1107,#1104,#160,.T.);
#1603=EDGE_CURVE('',#1106,#1105,#161,.T.);
#1604=EDGE_CURVE('',#1137,#1050,#762,.T.);
#1605=EDGE_CURVE('',#1118,#1057,#763,.T.);
#1606=EDGE_CURVE('',#1119,#1056,#764,.T.);
#1607=EDGE_CURVE('',#1142,#1055,#765,.T.);
#1608=ORIENTED_EDGE('',*,*,#1248,.F.);
#1609=ORIENTED_EDGE('',*,*,#1249,.F.);
#1610=ORIENTED_EDGE('',*,*,#1250,.T.);
#1611=ORIENTED_EDGE('',*,*,#1251,.F.);
#1612=ORIENTED_EDGE('',*,*,#1252,.T.);
#1613=ORIENTED_EDGE('',*,*,#1253,.T.);
#1614=ORIENTED_EDGE('',*,*,#1254,.T.);
#1615=ORIENTED_EDGE('',*,*,#1255,.F.);
#1616=ORIENTED_EDGE('',*,*,#1254,.F.);
#1617=ORIENTED_EDGE('',*,*,#1256,.F.);
#1618=ORIENTED_EDGE('',*,*,#1250,.F.);
#1619=ORIENTED_EDGE('',*,*,#1257,.F.);
#1620=ORIENTED_EDGE('',*,*,#1258,.F.);
#1621=ORIENTED_EDGE('',*,*,#1259,.F.);
#1622=ORIENTED_EDGE('',*,*,#1260,.T.);
#1623=ORIENTED_EDGE('',*,*,#1261,.F.);
#1624=ORIENTED_EDGE('',*,*,#1262,.T.);
#1625=ORIENTED_EDGE('',*,*,#1263,.T.);
#1626=ORIENTED_EDGE('',*,*,#1264,.T.);
#1627=ORIENTED_EDGE('',*,*,#1265,.F.);
#1628=ORIENTED_EDGE('',*,*,#1264,.F.);
#1629=ORIENTED_EDGE('',*,*,#1266,.F.);
#1630=ORIENTED_EDGE('',*,*,#1260,.F.);
#1631=ORIENTED_EDGE('',*,*,#1267,.F.);
#1632=ORIENTED_EDGE('',*,*,#1268,.F.);
#1633=ORIENTED_EDGE('',*,*,#1269,.T.);
#1634=ORIENTED_EDGE('',*,*,#1270,.F.);
#1635=ORIENTED_EDGE('',*,*,#1271,.F.);
#1636=ORIENTED_EDGE('',*,*,#1272,.F.);
#1637=ORIENTED_EDGE('',*,*,#1273,.T.);
#1638=ORIENTED_EDGE('',*,*,#1274,.F.);
#1639=ORIENTED_EDGE('',*,*,#1269,.F.);
#1640=ORIENTED_EDGE('',*,*,#1275,.F.);
#1641=ORIENTED_EDGE('',*,*,#1276,.T.);
#1642=ORIENTED_EDGE('',*,*,#1277,.F.);
#1643=ORIENTED_EDGE('',*,*,#1273,.F.);
#1644=ORIENTED_EDGE('',*,*,#1278,.F.);
#1645=ORIENTED_EDGE('',*,*,#1279,.T.);
#1646=ORIENTED_EDGE('',*,*,#1280,.F.);
#1647=ORIENTED_EDGE('',*,*,#1276,.F.);
#1648=ORIENTED_EDGE('',*,*,#1281,.F.);
#1649=ORIENTED_EDGE('',*,*,#1282,.T.);
#1650=ORIENTED_EDGE('',*,*,#1283,.F.);
#1651=ORIENTED_EDGE('',*,*,#1279,.F.);
#1652=ORIENTED_EDGE('',*,*,#1284,.F.);
#1653=ORIENTED_EDGE('',*,*,#1285,.T.);
#1654=ORIENTED_EDGE('',*,*,#1286,.F.);
#1655=ORIENTED_EDGE('',*,*,#1282,.F.);
#1656=ORIENTED_EDGE('',*,*,#1287,.F.);
#1657=ORIENTED_EDGE('',*,*,#1288,.T.);
#1658=ORIENTED_EDGE('',*,*,#1289,.F.);
#1659=ORIENTED_EDGE('',*,*,#1285,.F.);
#1660=ORIENTED_EDGE('',*,*,#1290,.F.);
#1661=ORIENTED_EDGE('',*,*,#1271,.T.);
#1662=ORIENTED_EDGE('',*,*,#1291,.F.);
#1663=ORIENTED_EDGE('',*,*,#1288,.F.);
#1664=ORIENTED_EDGE('',*,*,#1292,.T.);
#1665=ORIENTED_EDGE('',*,*,#1293,.T.);
#1666=ORIENTED_EDGE('',*,*,#1294,.T.);
#1667=ORIENTED_EDGE('',*,*,#1293,.F.);
#1668=ORIENTED_EDGE('',*,*,#1295,.T.);
#1669=ORIENTED_EDGE('',*,*,#1296,.T.);
#1670=ORIENTED_EDGE('',*,*,#1297,.T.);
#1671=ORIENTED_EDGE('',*,*,#1298,.T.);
#1672=ORIENTED_EDGE('',*,*,#1299,.T.);
#1673=ORIENTED_EDGE('',*,*,#1300,.T.);
#1674=ORIENTED_EDGE('',*,*,#1301,.T.);
#1675=ORIENTED_EDGE('',*,*,#1302,.T.);
#1676=ORIENTED_EDGE('',*,*,#1270,.T.);
#1677=ORIENTED_EDGE('',*,*,#1274,.T.);
#1678=ORIENTED_EDGE('',*,*,#1277,.T.);
#1679=ORIENTED_EDGE('',*,*,#1280,.T.);
#1680=ORIENTED_EDGE('',*,*,#1283,.T.);
#1681=ORIENTED_EDGE('',*,*,#1286,.T.);
#1682=ORIENTED_EDGE('',*,*,#1289,.T.);
#1683=ORIENTED_EDGE('',*,*,#1291,.T.);
#1684=ORIENTED_EDGE('',*,*,#1303,.F.);
#1685=ORIENTED_EDGE('',*,*,#1304,.F.);
#1686=ORIENTED_EDGE('',*,*,#1305,.T.);
#1687=ORIENTED_EDGE('',*,*,#1306,.T.);
#1688=ORIENTED_EDGE('',*,*,#1307,.T.);
#1689=ORIENTED_EDGE('',*,*,#1308,.T.);
#1690=ORIENTED_EDGE('',*,*,#1309,.T.);
#1691=ORIENTED_EDGE('',*,*,#1310,.F.);
#1692=ORIENTED_EDGE('',*,*,#1292,.F.);
#1693=ORIENTED_EDGE('',*,*,#1294,.F.);
#1694=ORIENTED_EDGE('',*,*,#1311,.T.);
#1695=ORIENTED_EDGE('',*,*,#1312,.F.);
#1696=ORIENTED_EDGE('',*,*,#1311,.F.);
#1697=ORIENTED_EDGE('',*,*,#1303,.T.);
#1698=ORIENTED_EDGE('',*,*,#1313,.T.);
#1699=ORIENTED_EDGE('',*,*,#1314,.T.);
#1700=ORIENTED_EDGE('',*,*,#1313,.F.);
#1701=ORIENTED_EDGE('',*,*,#1314,.F.);
#1702=ORIENTED_EDGE('',*,*,#1315,.T.);
#1703=ORIENTED_EDGE('',*,*,#1316,.F.);
#1704=ORIENTED_EDGE('',*,*,#1315,.F.);
#1705=ORIENTED_EDGE('',*,*,#1310,.T.);
#1706=ORIENTED_EDGE('',*,*,#1317,.T.);
#1707=ORIENTED_EDGE('',*,*,#1318,.T.);
#1708=ORIENTED_EDGE('',*,*,#1317,.F.);
#1709=ORIENTED_EDGE('',*,*,#1318,.F.);
#1710=ORIENTED_EDGE('',*,*,#1319,.T.);
#1711=ORIENTED_EDGE('',*,*,#1320,.F.);
#1712=ORIENTED_EDGE('',*,*,#1319,.F.);
#1713=ORIENTED_EDGE('',*,*,#1304,.T.);
#1714=ORIENTED_EDGE('',*,*,#1321,.T.);
#1715=ORIENTED_EDGE('',*,*,#1322,.T.);
#1716=ORIENTED_EDGE('',*,*,#1321,.F.);
#1717=ORIENTED_EDGE('',*,*,#1322,.F.);
#1718=ORIENTED_EDGE('',*,*,#1323,.T.);
#1719=ORIENTED_EDGE('',*,*,#1324,.F.);
#1720=ORIENTED_EDGE('',*,*,#1323,.F.);
#1721=ORIENTED_EDGE('',*,*,#1325,.T.);
#1722=ORIENTED_EDGE('',*,*,#1326,.F.);
#1723=ORIENTED_EDGE('',*,*,#1327,.T.);
#1724=ORIENTED_EDGE('',*,*,#1328,.T.);
#1725=ORIENTED_EDGE('',*,*,#1329,.T.);
#1726=ORIENTED_EDGE('',*,*,#1330,.F.);
#1727=ORIENTED_EDGE('',*,*,#1331,.F.);
#1728=ORIENTED_EDGE('',*,*,#1332,.F.);
#1729=ORIENTED_EDGE('',*,*,#1249,.T.);
#1730=ORIENTED_EDGE('',*,*,#1333,.T.);
#1731=ORIENTED_EDGE('',*,*,#1334,.F.);
#1732=ORIENTED_EDGE('',*,*,#1335,.T.);
#1733=ORIENTED_EDGE('',*,*,#1336,.F.);
#1734=ORIENTED_EDGE('',*,*,#1337,.T.);
#1735=ORIENTED_EDGE('',*,*,#1338,.T.);
#1736=ORIENTED_EDGE('',*,*,#1339,.T.);
#1737=ORIENTED_EDGE('',*,*,#1340,.F.);
#1738=ORIENTED_EDGE('',*,*,#1341,.T.);
#1739=ORIENTED_EDGE('',*,*,#1342,.F.);
#1740=ORIENTED_EDGE('',*,*,#1343,.T.);
#1741=ORIENTED_EDGE('',*,*,#1332,.T.);
#1742=ORIENTED_EDGE('',*,*,#1344,.T.);
#1743=ORIENTED_EDGE('',*,*,#1345,.F.);
#1744=ORIENTED_EDGE('',*,*,#1346,.T.);
#1745=ORIENTED_EDGE('',*,*,#1347,.F.);
#1746=ORIENTED_EDGE('',*,*,#1348,.T.);
#1747=ORIENTED_EDGE('',*,*,#1349,.T.);
#1748=ORIENTED_EDGE('',*,*,#1350,.T.);
#1749=ORIENTED_EDGE('',*,*,#1351,.F.);
#1750=ORIENTED_EDGE('',*,*,#1352,.T.);
#1751=ORIENTED_EDGE('',*,*,#1353,.F.);
#1752=ORIENTED_EDGE('',*,*,#1354,.T.);
#1753=ORIENTED_EDGE('',*,*,#1265,.T.);
#1754=ORIENTED_EDGE('',*,*,#1267,.T.);
#1755=ORIENTED_EDGE('',*,*,#1259,.T.);
#1756=ORIENTED_EDGE('',*,*,#1355,.T.);
#1757=ORIENTED_EDGE('',*,*,#1356,.F.);
#1758=ORIENTED_EDGE('',*,*,#1357,.T.);
#1759=ORIENTED_EDGE('',*,*,#1358,.F.);
#1760=ORIENTED_EDGE('',*,*,#1359,.T.);
#1761=ORIENTED_EDGE('',*,*,#1360,.T.);
#1762=ORIENTED_EDGE('',*,*,#1361,.T.);
#1763=ORIENTED_EDGE('',*,*,#1362,.F.);
#1764=ORIENTED_EDGE('',*,*,#1363,.T.);
#1765=ORIENTED_EDGE('',*,*,#1364,.T.);
#1766=ORIENTED_EDGE('',*,*,#1365,.T.);
#1767=ORIENTED_EDGE('',*,*,#1255,.T.);
#1768=ORIENTED_EDGE('',*,*,#1257,.T.);
#1769=ORIENTED_EDGE('',*,*,#1268,.T.);
#1770=ORIENTED_EDGE('',*,*,#1290,.T.);
#1771=ORIENTED_EDGE('',*,*,#1287,.T.);
#1772=ORIENTED_EDGE('',*,*,#1284,.T.);
#1773=ORIENTED_EDGE('',*,*,#1281,.T.);
#1774=ORIENTED_EDGE('',*,*,#1278,.T.);
#1775=ORIENTED_EDGE('',*,*,#1275,.T.);
#1776=ORIENTED_EDGE('',*,*,#1272,.T.);
#1777=ORIENTED_EDGE('',*,*,#1324,.T.);
#1778=ORIENTED_EDGE('',*,*,#1316,.T.);
#1779=ORIENTED_EDGE('',*,*,#1320,.T.);
#1780=ORIENTED_EDGE('',*,*,#1312,.T.);
#1781=ORIENTED_EDGE('',*,*,#1366,.T.);
#1782=ORIENTED_EDGE('',*,*,#1367,.T.);
#1783=ORIENTED_EDGE('',*,*,#1368,.T.);
#1784=ORIENTED_EDGE('',*,*,#1369,.T.);
#1785=ORIENTED_EDGE('',*,*,#1370,.T.);
#1786=ORIENTED_EDGE('',*,*,#1326,.T.);
#1787=ORIENTED_EDGE('',*,*,#1371,.T.);
#1788=ORIENTED_EDGE('',*,*,#1372,.F.);
#1789=ORIENTED_EDGE('',*,*,#1373,.T.);
#1790=ORIENTED_EDGE('',*,*,#1374,.T.);
#1791=ORIENTED_EDGE('',*,*,#1375,.T.);
#1792=ORIENTED_EDGE('',*,*,#1376,.T.);
#1793=ORIENTED_EDGE('',*,*,#1377,.T.);
#1794=ORIENTED_EDGE('',*,*,#1378,.T.);
#1795=ORIENTED_EDGE('',*,*,#1349,.F.);
#1796=ORIENTED_EDGE('',*,*,#1379,.T.);
#1797=ORIENTED_EDGE('',*,*,#1380,.T.);
#1798=ORIENTED_EDGE('',*,*,#1381,.T.);
#1799=ORIENTED_EDGE('',*,*,#1382,.F.);
#1800=ORIENTED_EDGE('',*,*,#1383,.F.);
#1801=ORIENTED_EDGE('',*,*,#1384,.F.);
#1802=ORIENTED_EDGE('',*,*,#1385,.T.);
#1803=ORIENTED_EDGE('',*,*,#1386,.F.);
#1804=ORIENTED_EDGE('',*,*,#1387,.T.);
#1805=ORIENTED_EDGE('',*,*,#1388,.T.);
#1806=ORIENTED_EDGE('',*,*,#1389,.T.);
#1807=ORIENTED_EDGE('',*,*,#1390,.F.);
#1808=ORIENTED_EDGE('',*,*,#1391,.F.);
#1809=ORIENTED_EDGE('',*,*,#1338,.F.);
#1810=ORIENTED_EDGE('',*,*,#1386,.T.);
#1811=ORIENTED_EDGE('',*,*,#1392,.T.);
#1812=ORIENTED_EDGE('',*,*,#1393,.F.);
#1813=ORIENTED_EDGE('',*,*,#1394,.T.);
#1814=ORIENTED_EDGE('',*,*,#1395,.F.);
#1815=ORIENTED_EDGE('',*,*,#1396,.T.);
#1816=ORIENTED_EDGE('',*,*,#1397,.T.);
#1817=ORIENTED_EDGE('',*,*,#1398,.T.);
#1818=ORIENTED_EDGE('',*,*,#1384,.T.);
#1819=ORIENTED_EDGE('',*,*,#1399,.T.);
#1820=ORIENTED_EDGE('',*,*,#1400,.F.);
#1821=ORIENTED_EDGE('',*,*,#1401,.T.);
#1822=ORIENTED_EDGE('',*,*,#1402,.F.);
#1823=ORIENTED_EDGE('',*,*,#1403,.T.);
#1824=ORIENTED_EDGE('',*,*,#1404,.T.);
#1825=ORIENTED_EDGE('',*,*,#1405,.T.);
#1826=ORIENTED_EDGE('',*,*,#1406,.F.);
#1827=ORIENTED_EDGE('',*,*,#1407,.T.);
#1828=ORIENTED_EDGE('',*,*,#1408,.T.);
#1829=ORIENTED_EDGE('',*,*,#1409,.F.);
#1830=ORIENTED_EDGE('',*,*,#1410,.F.);
#1831=ORIENTED_EDGE('',*,*,#1411,.T.);
#1832=ORIENTED_EDGE('',*,*,#1412,.T.);
#1833=ORIENTED_EDGE('',*,*,#1407,.F.);
#1834=ORIENTED_EDGE('',*,*,#1413,.F.);
#1835=ORIENTED_EDGE('',*,*,#1414,.F.);
#1836=ORIENTED_EDGE('',*,*,#1415,.T.);
#1837=ORIENTED_EDGE('',*,*,#1411,.F.);
#1838=ORIENTED_EDGE('',*,*,#1415,.F.);
#1839=ORIENTED_EDGE('',*,*,#1382,.T.);
#1840=ORIENTED_EDGE('',*,*,#1416,.F.);
#1841=ORIENTED_EDGE('',*,*,#1417,.F.);
#1842=ORIENTED_EDGE('',*,*,#1418,.F.);
#1843=ORIENTED_EDGE('',*,*,#1380,.F.);
#1844=ORIENTED_EDGE('',*,*,#1408,.F.);
#1845=ORIENTED_EDGE('',*,*,#1412,.F.);
#1846=ORIENTED_EDGE('',*,*,#1419,.F.);
#1847=ORIENTED_EDGE('',*,*,#1420,.T.);
#1848=ORIENTED_EDGE('',*,*,#1421,.T.);
#1849=ORIENTED_EDGE('',*,*,#1422,.F.);
#1850=ORIENTED_EDGE('',*,*,#1423,.F.);
#1851=ORIENTED_EDGE('',*,*,#1424,.T.);
#1852=ORIENTED_EDGE('',*,*,#1425,.T.);
#1853=ORIENTED_EDGE('',*,*,#1420,.F.);
#1854=ORIENTED_EDGE('',*,*,#1426,.F.);
#1855=ORIENTED_EDGE('',*,*,#1427,.F.);
#1856=ORIENTED_EDGE('',*,*,#1428,.T.);
#1857=ORIENTED_EDGE('',*,*,#1424,.F.);
#1858=ORIENTED_EDGE('',*,*,#1421,.F.);
#1859=ORIENTED_EDGE('',*,*,#1425,.F.);
#1860=ORIENTED_EDGE('',*,*,#1428,.F.);
#1861=ORIENTED_EDGE('',*,*,#1388,.F.);
#1862=ORIENTED_EDGE('',*,*,#1429,.F.);
#1863=ORIENTED_EDGE('',*,*,#1430,.F.);
#1864=ORIENTED_EDGE('',*,*,#1431,.F.);
#1865=ORIENTED_EDGE('',*,*,#1390,.T.);
#1866=ORIENTED_EDGE('',*,*,#1432,.F.);
#1867=ORIENTED_EDGE('',*,*,#1433,.F.);
#1868=ORIENTED_EDGE('',*,*,#1431,.T.);
#1869=ORIENTED_EDGE('',*,*,#1434,.F.);
#1870=ORIENTED_EDGE('',*,*,#1435,.F.);
#1871=ORIENTED_EDGE('',*,*,#1436,.T.);
#1872=ORIENTED_EDGE('',*,*,#1429,.T.);
#1873=ORIENTED_EDGE('',*,*,#1437,.F.);
#1874=ORIENTED_EDGE('',*,*,#1438,.F.);
#1875=ORIENTED_EDGE('',*,*,#1434,.T.);
#1876=ORIENTED_EDGE('',*,*,#1430,.T.);
#1877=ORIENTED_EDGE('',*,*,#1436,.F.);
#1878=ORIENTED_EDGE('',*,*,#1439,.F.);
#1879=ORIENTED_EDGE('',*,*,#1440,.T.);
#1880=ORIENTED_EDGE('',*,*,#1441,.T.);
#1881=ORIENTED_EDGE('',*,*,#1442,.F.);
#1882=ORIENTED_EDGE('',*,*,#1443,.F.);
#1883=ORIENTED_EDGE('',*,*,#1444,.F.);
#1884=ORIENTED_EDGE('',*,*,#1445,.T.);
#1885=ORIENTED_EDGE('',*,*,#1440,.F.);
#1886=ORIENTED_EDGE('',*,*,#1446,.F.);
#1887=ORIENTED_EDGE('',*,*,#1442,.T.);
#1888=ORIENTED_EDGE('',*,*,#1447,.T.);
#1889=ORIENTED_EDGE('',*,*,#1448,.F.);
#1890=ORIENTED_EDGE('',*,*,#1447,.F.);
#1891=ORIENTED_EDGE('',*,*,#1441,.F.);
#1892=ORIENTED_EDGE('',*,*,#1445,.F.);
#1893=ORIENTED_EDGE('',*,*,#1261,.T.);
#1894=ORIENTED_EDGE('',*,*,#1266,.T.);
#1895=ORIENTED_EDGE('',*,*,#1263,.F.);
#1896=ORIENTED_EDGE('',*,*,#1449,.F.);
#1897=ORIENTED_EDGE('',*,*,#1450,.T.);
#1898=ORIENTED_EDGE('',*,*,#1451,.T.);
#1899=ORIENTED_EDGE('',*,*,#1452,.F.);
#1900=ORIENTED_EDGE('',*,*,#1453,.F.);
#1901=ORIENTED_EDGE('',*,*,#1454,.T.);
#1902=ORIENTED_EDGE('',*,*,#1455,.T.);
#1903=ORIENTED_EDGE('',*,*,#1450,.F.);
#1904=ORIENTED_EDGE('',*,*,#1456,.F.);
#1905=ORIENTED_EDGE('',*,*,#1457,.F.);
#1906=ORIENTED_EDGE('',*,*,#1458,.T.);
#1907=ORIENTED_EDGE('',*,*,#1454,.F.);
#1908=ORIENTED_EDGE('',*,*,#1451,.F.);
#1909=ORIENTED_EDGE('',*,*,#1455,.F.);
#1910=ORIENTED_EDGE('',*,*,#1458,.F.);
#1911=ORIENTED_EDGE('',*,*,#1330,.T.);
#1912=ORIENTED_EDGE('',*,*,#1459,.F.);
#1913=ORIENTED_EDGE('',*,*,#1460,.F.);
#1914=ORIENTED_EDGE('',*,*,#1461,.F.);
#1915=ORIENTED_EDGE('',*,*,#1328,.F.);
#1916=ORIENTED_EDGE('',*,*,#1462,.F.);
#1917=ORIENTED_EDGE('',*,*,#1463,.T.);
#1918=ORIENTED_EDGE('',*,*,#1417,.T.);
#1919=ORIENTED_EDGE('',*,*,#1464,.F.);
#1920=ORIENTED_EDGE('',*,*,#1465,.F.);
#1921=ORIENTED_EDGE('',*,*,#1466,.F.);
#1922=ORIENTED_EDGE('',*,*,#1418,.T.);
#1923=ORIENTED_EDGE('',*,*,#1463,.F.);
#1924=ORIENTED_EDGE('',*,*,#1467,.F.);
#1925=ORIENTED_EDGE('',*,*,#1464,.T.);
#1926=ORIENTED_EDGE('',*,*,#1416,.T.);
#1927=ORIENTED_EDGE('',*,*,#1468,.F.);
#1928=ORIENTED_EDGE('',*,*,#1469,.F.);
#1929=ORIENTED_EDGE('',*,*,#1470,.F.);
#1930=ORIENTED_EDGE('',*,*,#1461,.T.);
#1931=ORIENTED_EDGE('',*,*,#1471,.F.);
#1932=ORIENTED_EDGE('',*,*,#1472,.F.);
#1933=ORIENTED_EDGE('',*,*,#1473,.T.);
#1934=ORIENTED_EDGE('',*,*,#1459,.T.);
#1935=ORIENTED_EDGE('',*,*,#1474,.F.);
#1936=ORIENTED_EDGE('',*,*,#1475,.F.);
#1937=ORIENTED_EDGE('',*,*,#1471,.T.);
#1938=ORIENTED_EDGE('',*,*,#1460,.T.);
#1939=ORIENTED_EDGE('',*,*,#1473,.F.);
#1940=ORIENTED_EDGE('',*,*,#1476,.F.);
#1941=ORIENTED_EDGE('',*,*,#1477,.T.);
#1942=ORIENTED_EDGE('',*,*,#1478,.T.);
#1943=ORIENTED_EDGE('',*,*,#1479,.F.);
#1944=ORIENTED_EDGE('',*,*,#1480,.F.);
#1945=ORIENTED_EDGE('',*,*,#1481,.T.);
#1946=ORIENTED_EDGE('',*,*,#1482,.T.);
#1947=ORIENTED_EDGE('',*,*,#1477,.F.);
#1948=ORIENTED_EDGE('',*,*,#1483,.F.);
#1949=ORIENTED_EDGE('',*,*,#1484,.F.);
#1950=ORIENTED_EDGE('',*,*,#1485,.T.);
#1951=ORIENTED_EDGE('',*,*,#1481,.F.);
#1952=ORIENTED_EDGE('',*,*,#1485,.F.);
#1953=ORIENTED_EDGE('',*,*,#1251,.T.);
#1954=ORIENTED_EDGE('',*,*,#1256,.T.);
#1955=ORIENTED_EDGE('',*,*,#1253,.F.);
#1956=ORIENTED_EDGE('',*,*,#1478,.F.);
#1957=ORIENTED_EDGE('',*,*,#1482,.F.);
#1958=ORIENTED_EDGE('',*,*,#1409,.T.);
#1959=ORIENTED_EDGE('',*,*,#1379,.F.);
#1960=ORIENTED_EDGE('',*,*,#1348,.F.);
#1961=ORIENTED_EDGE('',*,*,#1486,.F.);
#1962=ORIENTED_EDGE('',*,*,#1487,.F.);
#1963=ORIENTED_EDGE('',*,*,#1422,.T.);
#1964=ORIENTED_EDGE('',*,*,#1389,.F.);
#1965=ORIENTED_EDGE('',*,*,#1337,.F.);
#1966=ORIENTED_EDGE('',*,*,#1488,.F.);
#1967=ORIENTED_EDGE('',*,*,#1489,.F.);
#1968=ORIENTED_EDGE('',*,*,#1427,.T.);
#1969=ORIENTED_EDGE('',*,*,#1490,.F.);
#1970=ORIENTED_EDGE('',*,*,#1491,.F.);
#1971=ORIENTED_EDGE('',*,*,#1392,.F.);
#1972=ORIENTED_EDGE('',*,*,#1385,.F.);
#1973=ORIENTED_EDGE('',*,*,#1433,.T.);
#1974=ORIENTED_EDGE('',*,*,#1492,.F.);
#1975=ORIENTED_EDGE('',*,*,#1493,.F.);
#1976=ORIENTED_EDGE('',*,*,#1339,.F.);
#1977=ORIENTED_EDGE('',*,*,#1391,.T.);
#1978=ORIENTED_EDGE('',*,*,#1444,.T.);
#1979=ORIENTED_EDGE('',*,*,#1494,.F.);
#1980=ORIENTED_EDGE('',*,*,#1495,.F.);
#1981=ORIENTED_EDGE('',*,*,#1355,.F.);
#1982=ORIENTED_EDGE('',*,*,#1258,.T.);
#1983=ORIENTED_EDGE('',*,*,#1452,.T.);
#1984=ORIENTED_EDGE('',*,*,#1327,.F.);
#1985=ORIENTED_EDGE('',*,*,#1377,.F.);
#1986=ORIENTED_EDGE('',*,*,#1496,.F.);
#1987=ORIENTED_EDGE('',*,*,#1497,.F.);
#1988=ORIENTED_EDGE('',*,*,#1457,.T.);
#1989=ORIENTED_EDGE('',*,*,#1498,.F.);
#1990=ORIENTED_EDGE('',*,*,#1499,.F.);
#1991=ORIENTED_EDGE('',*,*,#1344,.F.);
#1992=ORIENTED_EDGE('',*,*,#1331,.T.);
#1993=ORIENTED_EDGE('',*,*,#1413,.T.);
#1994=ORIENTED_EDGE('',*,*,#1410,.T.);
#1995=ORIENTED_EDGE('',*,*,#1406,.T.);
#1996=ORIENTED_EDGE('',*,*,#1487,.T.);
#1997=ORIENTED_EDGE('',*,*,#1500,.F.);
#1998=ORIENTED_EDGE('',*,*,#1501,.T.);
#1999=ORIENTED_EDGE('',*,*,#1502,.F.);
#2000=ORIENTED_EDGE('',*,*,#1498,.T.);
#2001=ORIENTED_EDGE('',*,*,#1456,.T.);
#2002=ORIENTED_EDGE('',*,*,#1453,.T.);
#2003=ORIENTED_EDGE('',*,*,#1449,.T.);
#2004=ORIENTED_EDGE('',*,*,#1497,.T.);
#2005=ORIENTED_EDGE('',*,*,#1503,.F.);
#2006=ORIENTED_EDGE('',*,*,#1504,.T.);
#2007=ORIENTED_EDGE('',*,*,#1505,.F.);
#2008=ORIENTED_EDGE('',*,*,#1506,.T.);
#2009=ORIENTED_EDGE('',*,*,#1507,.F.);
#2010=ORIENTED_EDGE('',*,*,#1466,.T.);
#2011=ORIENTED_EDGE('',*,*,#1508,.F.);
#2012=ORIENTED_EDGE('',*,*,#1509,.F.);
#2013=ORIENTED_EDGE('',*,*,#1350,.F.);
#2014=ORIENTED_EDGE('',*,*,#1378,.F.);
#2015=ORIENTED_EDGE('',*,*,#1470,.T.);
#2016=ORIENTED_EDGE('',*,*,#1510,.F.);
#2017=ORIENTED_EDGE('',*,*,#1511,.F.);
#2018=ORIENTED_EDGE('',*,*,#1371,.F.);
#2019=ORIENTED_EDGE('',*,*,#1325,.F.);
#2020=ORIENTED_EDGE('',*,*,#1426,.T.);
#2021=ORIENTED_EDGE('',*,*,#1423,.T.);
#2022=ORIENTED_EDGE('',*,*,#1419,.T.);
#2023=ORIENTED_EDGE('',*,*,#1489,.T.);
#2024=ORIENTED_EDGE('',*,*,#1512,.F.);
#2025=ORIENTED_EDGE('',*,*,#1513,.T.);
#2026=ORIENTED_EDGE('',*,*,#1514,.F.);
#2027=ORIENTED_EDGE('',*,*,#1515,.T.);
#2028=ORIENTED_EDGE('',*,*,#1483,.T.);
#2029=ORIENTED_EDGE('',*,*,#1480,.T.);
#2030=ORIENTED_EDGE('',*,*,#1476,.T.);
#2031=ORIENTED_EDGE('',*,*,#1516,.T.);
#2032=ORIENTED_EDGE('',*,*,#1517,.F.);
#2033=ORIENTED_EDGE('',*,*,#1518,.T.);
#2034=ORIENTED_EDGE('',*,*,#1519,.F.);
#2035=ORIENTED_EDGE('',*,*,#1490,.T.);
#2036=ORIENTED_EDGE('',*,*,#1520,.F.);
#2037=ORIENTED_EDGE('',*,*,#1479,.T.);
#2038=ORIENTED_EDGE('',*,*,#1252,.F.);
#2039=ORIENTED_EDGE('',*,*,#1365,.F.);
#2040=ORIENTED_EDGE('',*,*,#1521,.F.);
#2041=ORIENTED_EDGE('',*,*,#1516,.F.);
#2042=ORIENTED_EDGE('',*,*,#1507,.T.);
#2043=ORIENTED_EDGE('',*,*,#1522,.T.);
#2044=ORIENTED_EDGE('',*,*,#1523,.T.);
#2045=ORIENTED_EDGE('',*,*,#1522,.F.);
#2046=ORIENTED_EDGE('',*,*,#1523,.F.);
#2047=ORIENTED_EDGE('',*,*,#1524,.T.);
#2048=ORIENTED_EDGE('',*,*,#1525,.T.);
#2049=ORIENTED_EDGE('',*,*,#1524,.F.);
#2050=ORIENTED_EDGE('',*,*,#1526,.T.);
#2051=ORIENTED_EDGE('',*,*,#1527,.T.);
#2052=ORIENTED_EDGE('',*,*,#1528,.T.);
#2053=ORIENTED_EDGE('',*,*,#1527,.F.);
#2054=ORIENTED_EDGE('',*,*,#1528,.F.);
#2055=ORIENTED_EDGE('',*,*,#1529,.T.);
#2056=ORIENTED_EDGE('',*,*,#1530,.T.);
#2057=ORIENTED_EDGE('',*,*,#1529,.F.);
#2058=ORIENTED_EDGE('',*,*,#1435,.T.);
#2059=ORIENTED_EDGE('',*,*,#1531,.T.);
#2060=ORIENTED_EDGE('',*,*,#1532,.F.);
#2061=ORIENTED_EDGE('',*,*,#1533,.T.);
#2062=ORIENTED_EDGE('',*,*,#1534,.F.);
#2063=ORIENTED_EDGE('',*,*,#1510,.T.);
#2064=ORIENTED_EDGE('',*,*,#1469,.T.);
#2065=ORIENTED_EDGE('',*,*,#1475,.T.);
#2066=ORIENTED_EDGE('',*,*,#1472,.T.);
#2067=ORIENTED_EDGE('',*,*,#1535,.T.);
#2068=ORIENTED_EDGE('',*,*,#1536,.F.);
#2069=ORIENTED_EDGE('',*,*,#1537,.T.);
#2070=ORIENTED_EDGE('',*,*,#1538,.F.);
#2071=ORIENTED_EDGE('',*,*,#1492,.T.);
#2072=ORIENTED_EDGE('',*,*,#1432,.T.);
#2073=ORIENTED_EDGE('',*,*,#1438,.T.);
#2074=ORIENTED_EDGE('',*,*,#1526,.F.);
#2075=ORIENTED_EDGE('',*,*,#1520,.T.);
#2076=ORIENTED_EDGE('',*,*,#1539,.T.);
#2077=ORIENTED_EDGE('',*,*,#1540,.T.);
#2078=ORIENTED_EDGE('',*,*,#1539,.F.);
#2079=ORIENTED_EDGE('',*,*,#1540,.F.);
#2080=ORIENTED_EDGE('',*,*,#1541,.T.);
#2081=ORIENTED_EDGE('',*,*,#1542,.T.);
#2082=ORIENTED_EDGE('',*,*,#1541,.F.);
#2083=ORIENTED_EDGE('',*,*,#1543,.T.);
#2084=ORIENTED_EDGE('',*,*,#1544,.T.);
#2085=ORIENTED_EDGE('',*,*,#1545,.T.);
#2086=ORIENTED_EDGE('',*,*,#1544,.F.);
#2087=ORIENTED_EDGE('',*,*,#1545,.F.);
#2088=ORIENTED_EDGE('',*,*,#1546,.T.);
#2089=ORIENTED_EDGE('',*,*,#1547,.T.);
#2090=ORIENTED_EDGE('',*,*,#1546,.F.);
#2091=ORIENTED_EDGE('',*,*,#1446,.T.);
#2092=ORIENTED_EDGE('',*,*,#1548,.T.);
#2093=ORIENTED_EDGE('',*,*,#1549,.F.);
#2094=ORIENTED_EDGE('',*,*,#1550,.T.);
#2095=ORIENTED_EDGE('',*,*,#1551,.F.);
#2096=ORIENTED_EDGE('',*,*,#1508,.T.);
#2097=ORIENTED_EDGE('',*,*,#1465,.T.);
#2098=ORIENTED_EDGE('',*,*,#1462,.T.);
#2099=ORIENTED_EDGE('',*,*,#1467,.T.);
#2100=ORIENTED_EDGE('',*,*,#1552,.T.);
#2101=ORIENTED_EDGE('',*,*,#1553,.F.);
#2102=ORIENTED_EDGE('',*,*,#1554,.T.);
#2103=ORIENTED_EDGE('',*,*,#1555,.F.);
#2104=ORIENTED_EDGE('',*,*,#1494,.T.);
#2105=ORIENTED_EDGE('',*,*,#1443,.T.);
#2106=ORIENTED_EDGE('',*,*,#1439,.T.);
#2107=ORIENTED_EDGE('',*,*,#1543,.F.);
#2108=ORIENTED_EDGE('',*,*,#1525,.F.);
#2109=ORIENTED_EDGE('',*,*,#1530,.F.);
#2110=ORIENTED_EDGE('',*,*,#1547,.F.);
#2111=ORIENTED_EDGE('',*,*,#1542,.F.);
#2112=ORIENTED_EDGE('',*,*,#1503,.T.);
#2113=ORIENTED_EDGE('',*,*,#1496,.T.);
#2114=ORIENTED_EDGE('',*,*,#1376,.F.);
#2115=ORIENTED_EDGE('',*,*,#1556,.T.);
#2116=ORIENTED_EDGE('',*,*,#1502,.T.);
#2117=ORIENTED_EDGE('',*,*,#1557,.T.);
#2118=ORIENTED_EDGE('',*,*,#1345,.T.);
#2119=ORIENTED_EDGE('',*,*,#1499,.T.);
#2120=ORIENTED_EDGE('',*,*,#1557,.F.);
#2121=ORIENTED_EDGE('',*,*,#1501,.F.);
#2122=ORIENTED_EDGE('',*,*,#1558,.F.);
#2123=ORIENTED_EDGE('',*,*,#1346,.F.);
#2124=ORIENTED_EDGE('',*,*,#1532,.T.);
#2125=ORIENTED_EDGE('',*,*,#1559,.T.);
#2126=ORIENTED_EDGE('',*,*,#1397,.F.);
#2127=ORIENTED_EDGE('',*,*,#1560,.T.);
#2128=ORIENTED_EDGE('',*,*,#1437,.T.);
#2129=ORIENTED_EDGE('',*,*,#1387,.F.);
#2130=ORIENTED_EDGE('',*,*,#1398,.F.);
#2131=ORIENTED_EDGE('',*,*,#1559,.F.);
#2132=ORIENTED_EDGE('',*,*,#1531,.F.);
#2133=ORIENTED_EDGE('',*,*,#1538,.T.);
#2134=ORIENTED_EDGE('',*,*,#1561,.T.);
#2135=ORIENTED_EDGE('',*,*,#1340,.T.);
#2136=ORIENTED_EDGE('',*,*,#1493,.T.);
#2137=ORIENTED_EDGE('',*,*,#1561,.F.);
#2138=ORIENTED_EDGE('',*,*,#1537,.F.);
#2139=ORIENTED_EDGE('',*,*,#1562,.F.);
#2140=ORIENTED_EDGE('',*,*,#1341,.F.);
#2141=ORIENTED_EDGE('',*,*,#1536,.T.);
#2142=ORIENTED_EDGE('',*,*,#1563,.T.);
#2143=ORIENTED_EDGE('',*,*,#1342,.T.);
#2144=ORIENTED_EDGE('',*,*,#1562,.T.);
#2145=ORIENTED_EDGE('',*,*,#1474,.T.);
#2146=ORIENTED_EDGE('',*,*,#1329,.F.);
#2147=ORIENTED_EDGE('',*,*,#1343,.F.);
#2148=ORIENTED_EDGE('',*,*,#1563,.F.);
#2149=ORIENTED_EDGE('',*,*,#1535,.F.);
#2150=ORIENTED_EDGE('',*,*,#1534,.T.);
#2151=ORIENTED_EDGE('',*,*,#1564,.T.);
#2152=ORIENTED_EDGE('',*,*,#1372,.T.);
#2153=ORIENTED_EDGE('',*,*,#1511,.T.);
#2154=ORIENTED_EDGE('',*,*,#1500,.T.);
#2155=ORIENTED_EDGE('',*,*,#1486,.T.);
#2156=ORIENTED_EDGE('',*,*,#1347,.T.);
#2157=ORIENTED_EDGE('',*,*,#1558,.T.);
#2158=ORIENTED_EDGE('',*,*,#1414,.T.);
#2159=ORIENTED_EDGE('',*,*,#1506,.F.);
#2160=ORIENTED_EDGE('',*,*,#1565,.F.);
#2161=ORIENTED_EDGE('',*,*,#1399,.F.);
#2162=ORIENTED_EDGE('',*,*,#1383,.T.);
#2163=ORIENTED_EDGE('',*,*,#1505,.T.);
#2164=ORIENTED_EDGE('',*,*,#1566,.T.);
#2165=ORIENTED_EDGE('',*,*,#1400,.T.);
#2166=ORIENTED_EDGE('',*,*,#1565,.T.);
#2167=ORIENTED_EDGE('',*,*,#1517,.T.);
#2168=ORIENTED_EDGE('',*,*,#1521,.T.);
#2169=ORIENTED_EDGE('',*,*,#1364,.F.);
#2170=ORIENTED_EDGE('',*,*,#1567,.T.);
#2171=ORIENTED_EDGE('',*,*,#1484,.T.);
#2172=ORIENTED_EDGE('',*,*,#1515,.F.);
#2173=ORIENTED_EDGE('',*,*,#1568,.F.);
#2174=ORIENTED_EDGE('',*,*,#1333,.F.);
#2175=ORIENTED_EDGE('',*,*,#1248,.T.);
#2176=ORIENTED_EDGE('',*,*,#1514,.T.);
#2177=ORIENTED_EDGE('',*,*,#1569,.T.);
#2178=ORIENTED_EDGE('',*,*,#1334,.T.);
#2179=ORIENTED_EDGE('',*,*,#1568,.T.);
#2180=ORIENTED_EDGE('',*,*,#1569,.F.);
#2181=ORIENTED_EDGE('',*,*,#1513,.F.);
#2182=ORIENTED_EDGE('',*,*,#1570,.F.);
#2183=ORIENTED_EDGE('',*,*,#1335,.F.);
#2184=ORIENTED_EDGE('',*,*,#1519,.T.);
#2185=ORIENTED_EDGE('',*,*,#1571,.T.);
#2186=ORIENTED_EDGE('',*,*,#1393,.T.);
#2187=ORIENTED_EDGE('',*,*,#1491,.T.);
#2188=ORIENTED_EDGE('',*,*,#1363,.F.);
#2189=ORIENTED_EDGE('',*,*,#1572,.T.);
#2190=ORIENTED_EDGE('',*,*,#1296,.F.);
#2191=ORIENTED_EDGE('',*,*,#1573,.F.);
#2192=ORIENTED_EDGE('',*,*,#1394,.F.);
#2193=ORIENTED_EDGE('',*,*,#1571,.F.);
#2194=ORIENTED_EDGE('',*,*,#1518,.F.);
#2195=ORIENTED_EDGE('',*,*,#1567,.F.);
#2196=ORIENTED_EDGE('',*,*,#1512,.T.);
#2197=ORIENTED_EDGE('',*,*,#1488,.T.);
#2198=ORIENTED_EDGE('',*,*,#1336,.T.);
#2199=ORIENTED_EDGE('',*,*,#1570,.T.);
#2200=ORIENTED_EDGE('',*,*,#1551,.T.);
#2201=ORIENTED_EDGE('',*,*,#1574,.T.);
#2202=ORIENTED_EDGE('',*,*,#1351,.T.);
#2203=ORIENTED_EDGE('',*,*,#1509,.T.);
#2204=ORIENTED_EDGE('',*,*,#1468,.T.);
#2205=ORIENTED_EDGE('',*,*,#1381,.F.);
#2206=ORIENTED_EDGE('',*,*,#1405,.F.);
#2207=ORIENTED_EDGE('',*,*,#1575,.F.);
#2208=ORIENTED_EDGE('',*,*,#1552,.F.);
#2209=ORIENTED_EDGE('',*,*,#1549,.T.);
#2210=ORIENTED_EDGE('',*,*,#1576,.T.);
#2211=ORIENTED_EDGE('',*,*,#1353,.T.);
#2212=ORIENTED_EDGE('',*,*,#1577,.T.);
#2213=ORIENTED_EDGE('',*,*,#1574,.F.);
#2214=ORIENTED_EDGE('',*,*,#1550,.F.);
#2215=ORIENTED_EDGE('',*,*,#1577,.F.);
#2216=ORIENTED_EDGE('',*,*,#1352,.F.);
#2217=ORIENTED_EDGE('',*,*,#1555,.T.);
#2218=ORIENTED_EDGE('',*,*,#1578,.T.);
#2219=ORIENTED_EDGE('',*,*,#1356,.T.);
#2220=ORIENTED_EDGE('',*,*,#1495,.T.);
#2221=ORIENTED_EDGE('',*,*,#1448,.T.);
#2222=ORIENTED_EDGE('',*,*,#1262,.F.);
#2223=ORIENTED_EDGE('',*,*,#1354,.F.);
#2224=ORIENTED_EDGE('',*,*,#1576,.F.);
#2225=ORIENTED_EDGE('',*,*,#1548,.F.);
#2226=ORIENTED_EDGE('',*,*,#1553,.T.);
#2227=ORIENTED_EDGE('',*,*,#1575,.T.);
#2228=ORIENTED_EDGE('',*,*,#1404,.F.);
#2229=ORIENTED_EDGE('',*,*,#1579,.T.);
#2230=ORIENTED_EDGE('',*,*,#1578,.F.);
#2231=ORIENTED_EDGE('',*,*,#1554,.F.);
#2232=ORIENTED_EDGE('',*,*,#1579,.F.);
#2233=ORIENTED_EDGE('',*,*,#1403,.F.);
#2234=ORIENTED_EDGE('',*,*,#1580,.T.);
#2235=ORIENTED_EDGE('',*,*,#1298,.F.);
#2236=ORIENTED_EDGE('',*,*,#1581,.F.);
#2237=ORIENTED_EDGE('',*,*,#1357,.F.);
#2238=ORIENTED_EDGE('',*,*,#1309,.F.);
#2239=ORIENTED_EDGE('',*,*,#1582,.T.);
#2240=ORIENTED_EDGE('',*,*,#1583,.T.);
#2241=ORIENTED_EDGE('',*,*,#1582,.F.);
#2242=ORIENTED_EDGE('',*,*,#1583,.F.);
#2243=ORIENTED_EDGE('',*,*,#1584,.F.);
#2244=ORIENTED_EDGE('',*,*,#1308,.F.);
#2245=ORIENTED_EDGE('',*,*,#1585,.T.);
#2246=ORIENTED_EDGE('',*,*,#1586,.T.);
#2247=ORIENTED_EDGE('',*,*,#1585,.F.);
#2248=ORIENTED_EDGE('',*,*,#1586,.F.);
#2249=ORIENTED_EDGE('',*,*,#1587,.F.);
#2250=ORIENTED_EDGE('',*,*,#1305,.F.);
#2251=ORIENTED_EDGE('',*,*,#1588,.T.);
#2252=ORIENTED_EDGE('',*,*,#1589,.T.);
#2253=ORIENTED_EDGE('',*,*,#1588,.F.);
#2254=ORIENTED_EDGE('',*,*,#1589,.F.);
#2255=ORIENTED_EDGE('',*,*,#1590,.F.);
#2256=ORIENTED_EDGE('',*,*,#1306,.F.);
#2257=ORIENTED_EDGE('',*,*,#1591,.T.);
#2258=ORIENTED_EDGE('',*,*,#1592,.T.);
#2259=ORIENTED_EDGE('',*,*,#1591,.F.);
#2260=ORIENTED_EDGE('',*,*,#1592,.F.);
#2261=ORIENTED_EDGE('',*,*,#1593,.F.);
#2262=ORIENTED_EDGE('',*,*,#1307,.F.);
#2263=ORIENTED_EDGE('',*,*,#1594,.T.);
#2264=ORIENTED_EDGE('',*,*,#1595,.T.);
#2265=ORIENTED_EDGE('',*,*,#1594,.F.);
#2266=ORIENTED_EDGE('',*,*,#1595,.F.);
#2267=ORIENTED_EDGE('',*,*,#1596,.F.);
#2268=ORIENTED_EDGE('',*,*,#1596,.T.);
#2269=ORIENTED_EDGE('',*,*,#1597,.T.);
#2270=ORIENTED_EDGE('',*,*,#1370,.F.);
#2271=ORIENTED_EDGE('',*,*,#1597,.F.);
#2272=ORIENTED_EDGE('',*,*,#1590,.T.);
#2273=ORIENTED_EDGE('',*,*,#1598,.T.);
#2274=ORIENTED_EDGE('',*,*,#1369,.F.);
#2275=ORIENTED_EDGE('',*,*,#1598,.F.);
#2276=ORIENTED_EDGE('',*,*,#1584,.T.);
#2277=ORIENTED_EDGE('',*,*,#1599,.T.);
#2278=ORIENTED_EDGE('',*,*,#1368,.F.);
#2279=ORIENTED_EDGE('',*,*,#1599,.F.);
#2280=ORIENTED_EDGE('',*,*,#1593,.T.);
#2281=ORIENTED_EDGE('',*,*,#1600,.T.);
#2282=ORIENTED_EDGE('',*,*,#1367,.F.);
#2283=ORIENTED_EDGE('',*,*,#1600,.F.);
#2284=ORIENTED_EDGE('',*,*,#1587,.T.);
#2285=ORIENTED_EDGE('',*,*,#1601,.T.);
#2286=ORIENTED_EDGE('',*,*,#1366,.F.);
#2287=ORIENTED_EDGE('',*,*,#1601,.F.);
#2288=ORIENTED_EDGE('',*,*,#1602,.F.);
#2289=ORIENTED_EDGE('',*,*,#1361,.F.);
#2290=ORIENTED_EDGE('',*,*,#1603,.T.);
#2291=ORIENTED_EDGE('',*,*,#1359,.F.);
#2292=ORIENTED_EDGE('',*,*,#1603,.F.);
#2293=ORIENTED_EDGE('',*,*,#1360,.F.);
#2294=ORIENTED_EDGE('',*,*,#1602,.T.);
#2295=ORIENTED_EDGE('',*,*,#1358,.T.);
#2296=ORIENTED_EDGE('',*,*,#1581,.T.);
#2297=ORIENTED_EDGE('',*,*,#1297,.F.);
#2298=ORIENTED_EDGE('',*,*,#1572,.F.);
#2299=ORIENTED_EDGE('',*,*,#1362,.T.);
#2300=ORIENTED_EDGE('',*,*,#1396,.F.);
#2301=ORIENTED_EDGE('',*,*,#1604,.T.);
#2302=ORIENTED_EDGE('',*,*,#1302,.F.);
#2303=ORIENTED_EDGE('',*,*,#1605,.F.);
#2304=ORIENTED_EDGE('',*,*,#1373,.F.);
#2305=ORIENTED_EDGE('',*,*,#1564,.F.);
#2306=ORIENTED_EDGE('',*,*,#1533,.F.);
#2307=ORIENTED_EDGE('',*,*,#1560,.F.);
#2308=ORIENTED_EDGE('',*,*,#1374,.F.);
#2309=ORIENTED_EDGE('',*,*,#1605,.T.);
#2310=ORIENTED_EDGE('',*,*,#1301,.F.);
#2311=ORIENTED_EDGE('',*,*,#1606,.F.);
#2312=ORIENTED_EDGE('',*,*,#1375,.F.);
#2313=ORIENTED_EDGE('',*,*,#1606,.T.);
#2314=ORIENTED_EDGE('',*,*,#1300,.F.);
#2315=ORIENTED_EDGE('',*,*,#1607,.F.);
#2316=ORIENTED_EDGE('',*,*,#1401,.F.);
#2317=ORIENTED_EDGE('',*,*,#1566,.F.);
#2318=ORIENTED_EDGE('',*,*,#1504,.F.);
#2319=ORIENTED_EDGE('',*,*,#1556,.F.);
#2320=ORIENTED_EDGE('',*,*,#1402,.T.);
#2321=ORIENTED_EDGE('',*,*,#1607,.T.);
#2322=ORIENTED_EDGE('',*,*,#1299,.F.);
#2323=ORIENTED_EDGE('',*,*,#1580,.F.);
#2324=ORIENTED_EDGE('',*,*,#1395,.T.);
#2325=ORIENTED_EDGE('',*,*,#1573,.T.);
#2326=ORIENTED_EDGE('',*,*,#1295,.F.);
#2327=ORIENTED_EDGE('',*,*,#1604,.F.);
#2328=PLANE('',#2565);
#2329=PLANE('',#2566);
#2330=PLANE('',#2567);
#2331=PLANE('',#2568);
#2332=PLANE('',#2569);
#2333=PLANE('',#2570);
#2334=PLANE('',#2571);
#2335=PLANE('',#2575);
#2336=PLANE('',#2579);
#2337=PLANE('',#2583);
#2338=PLANE('',#2590);
#2339=PLANE('',#2617);
#2340=PLANE('',#2618);
#2341=PLANE('',#2619);
#2342=PLANE('',#2641);
#2343=PLANE('',#2646);
#2344=PLANE('',#2647);
#2345=PLANE('',#2648);
#2346=PLANE('',#2649);
#2347=PLANE('',#2650);
#2348=PLANE('',#2655);
#2349=PLANE('',#2660);
#2350=PLANE('',#2661);
#2351=PLANE('',#2662);
#2352=PLANE('',#2663);
#2353=PLANE('',#2664);
#2354=PLANE('',#2665);
#2355=PLANE('',#2666);
#2356=PLANE('',#2667);
#2357=PLANE('',#2668);
#2358=PLANE('',#2669);
#2359=PLANE('',#2670);
#2360=PLANE('',#2671);
#2361=PLANE('',#2672);
#2362=PLANE('',#2673);
#2363=PLANE('',#2674);
#2364=PLANE('',#2675);
#2365=PLANE('',#2676);
#2366=PLANE('',#2677);
#2367=PLANE('',#2678);
#2368=PLANE('',#2679);
#2369=PLANE('',#2680);
#2370=PLANE('',#2681);
#2371=PLANE('',#2682);
#2372=PLANE('',#2683);
#2373=PLANE('',#2684);
#2374=PLANE('',#2685);
#2375=PLANE('',#2686);
#2376=PLANE('',#2687);
#2377=PLANE('',#2688);
#2378=PLANE('',#2689);
#2379=PLANE('',#2690);
#2380=PLANE('',#2691);
#2381=PLANE('',#2692);
#2382=PLANE('',#2693);
#2383=PLANE('',#2694);
#2384=PLANE('',#2695);
#2385=PLANE('',#2696);
#2386=PLANE('',#2704);
#2387=PLANE('',#2705);
#2388=PLANE('',#2706);
#2389=PLANE('',#2714);
#2390=PLANE('',#2724);
#2391=PLANE('',#2740);
#2392=PLANE('',#2747);
#2393=PLANE('',#2748);
#2394=PLANE('',#2749);
#2395=PLANE('',#2750);
#2396=PLANE('',#2755);
#2397=PLANE('',#2759);
#2398=PLANE('',#2762);
#2399=PLANE('',#2765);
#2400=PLANE('',#2772);
#2401=PLANE('',#2776);
#2402=PLANE('',#2781);
#2403=PLANE('',#2785);
#2404=PLANE('',#2789);
#2405=PLANE('',#2793);
#2406=PLANE('',#2797);
#2407=PLANE('',#2807);
#2408=PLANE('',#2808);
#2409=PLANE('',#2810);
#2410=PLANE('',#2812);
#2411=PLANE('',#2813);
#2412=ADVANCED_FACE('',(#209),#2328,.F.);
#2413=ADVANCED_FACE('',(#210),#2329,.F.);
#2414=ADVANCED_FACE('',(#211),#2330,.F.);
#2415=ADVANCED_FACE('',(#212),#2331,.F.);
#2416=ADVANCED_FACE('',(#213),#2332,.F.);
#2417=ADVANCED_FACE('',(#214),#2333,.F.);
#2418=ADVANCED_FACE('',(#215),#2334,.F.);
#2419=ADVANCED_FACE('',(#216),#162,.F.);
#2420=ADVANCED_FACE('',(#217),#2335,.F.);
#2421=ADVANCED_FACE('',(#218),#163,.F.);
#2422=ADVANCED_FACE('',(#219),#2336,.F.);
#2423=ADVANCED_FACE('',(#220),#164,.F.);
#2424=ADVANCED_FACE('',(#221),#2337,.F.);
#2425=ADVANCED_FACE('',(#222),#165,.F.);
#2426=ADVANCED_FACE('',(#223),#44,.F.);
#2427=ADVANCED_FACE('',(#224,#15,#16,#17,#18,#19,#20,#21,#22,#23,#24),#2338,
 .T.);
#2428=ADVANCED_FACE('',(#225),#166,.F.);
#2429=ADVANCED_FACE('',(#226),#45,.F.);
#2430=ADVANCED_FACE('',(#227),#167,.F.);
#2431=ADVANCED_FACE('',(#228),#46,.F.);
#2432=ADVANCED_FACE('',(#229),#168,.F.);
#2433=ADVANCED_FACE('',(#230),#47,.F.);
#2434=ADVANCED_FACE('',(#231),#169,.F.);
#2435=ADVANCED_FACE('',(#232),#2339,.F.);
#2436=ADVANCED_FACE('',(#233),#2340,.F.);
#2437=ADVANCED_FACE('',(#234,#25,#26,#27,#28,#29,#30,#31,#32,#33,#34),#2341,
 .F.);
#2438=ADVANCED_FACE('',(#235),#2342,.F.);
#2439=ADVANCED_FACE('',(#236),#2343,.F.);
#2440=ADVANCED_FACE('',(#237),#2344,.F.);
#2441=ADVANCED_FACE('',(#238),#2345,.F.);
#2442=ADVANCED_FACE('',(#239),#2346,.F.);
#2443=ADVANCED_FACE('',(#240),#2347,.F.);
#2444=ADVANCED_FACE('',(#241),#2348,.F.);
#2445=ADVANCED_FACE('',(#242),#2349,.F.);
#2446=ADVANCED_FACE('',(#243),#2350,.F.);
#2447=ADVANCED_FACE('',(#244),#2351,.F.);
#2448=ADVANCED_FACE('',(#245),#2352,.F.);
#2449=ADVANCED_FACE('',(#246),#2353,.F.);
#2450=ADVANCED_FACE('',(#247),#2354,.F.);
#2451=ADVANCED_FACE('',(#248),#2355,.F.);
#2452=ADVANCED_FACE('',(#249),#2356,.F.);
#2453=ADVANCED_FACE('',(#250),#2357,.F.);
#2454=ADVANCED_FACE('',(#251),#2358,.F.);
#2455=ADVANCED_FACE('',(#252),#2359,.F.);
#2456=ADVANCED_FACE('',(#253),#2360,.F.);
#2457=ADVANCED_FACE('',(#254),#2361,.F.);
#2458=ADVANCED_FACE('',(#255),#2362,.F.);
#2459=ADVANCED_FACE('',(#256),#2363,.F.);
#2460=ADVANCED_FACE('',(#257),#2364,.F.);
#2461=ADVANCED_FACE('',(#258),#2365,.F.);
#2462=ADVANCED_FACE('',(#259),#2366,.F.);
#2463=ADVANCED_FACE('',(#260),#2367,.F.);
#2464=ADVANCED_FACE('',(#261),#2368,.F.);
#2465=ADVANCED_FACE('',(#262),#2369,.F.);
#2466=ADVANCED_FACE('',(#263),#2370,.F.);
#2467=ADVANCED_FACE('',(#264),#2371,.F.);
#2468=ADVANCED_FACE('',(#265),#2372,.F.);
#2469=ADVANCED_FACE('',(#266),#2373,.F.);
#2470=ADVANCED_FACE('',(#267),#2374,.F.);
#2471=ADVANCED_FACE('',(#268),#2375,.F.);
#2472=ADVANCED_FACE('',(#269),#2376,.F.);
#2473=ADVANCED_FACE('',(#270),#2377,.F.);
#2474=ADVANCED_FACE('',(#271),#2378,.T.);
#2475=ADVANCED_FACE('',(#272),#2379,.T.);
#2476=ADVANCED_FACE('',(#273),#2380,.T.);
#2477=ADVANCED_FACE('',(#274),#2381,.T.);
#2478=ADVANCED_FACE('',(#275),#2382,.T.);
#2479=ADVANCED_FACE('',(#276),#2383,.T.);
#2480=ADVANCED_FACE('',(#277),#2384,.T.);
#2481=ADVANCED_FACE('',(#278,#35),#2385,.T.);
#2482=ADVANCED_FACE('',(#279),#2386,.T.);
#2483=ADVANCED_FACE('',(#280),#2387,.T.);
#2484=ADVANCED_FACE('',(#281,#36),#2388,.T.);
#2485=ADVANCED_FACE('',(#282),#2389,.T.);
#2486=ADVANCED_FACE('',(#283),#48,.F.);
#2487=ADVANCED_FACE('',(#284),#170,.F.);
#2488=ADVANCED_FACE('',(#285),#49,.F.);
#2489=ADVANCED_FACE('',(#286),#171,.F.);
#2490=ADVANCED_FACE('',(#287,#37),#2390,.T.);
#2491=ADVANCED_FACE('',(#288),#50,.F.);
#2492=ADVANCED_FACE('',(#289),#172,.F.);
#2493=ADVANCED_FACE('',(#290),#51,.F.);
#2494=ADVANCED_FACE('',(#291),#173,.F.);
#2495=ADVANCED_FACE('',(#292,#38),#2391,.T.);
#2496=ADVANCED_FACE('',(#293),#2392,.T.);
#2497=ADVANCED_FACE('',(#294),#2393,.T.);
#2498=ADVANCED_FACE('',(#295),#2394,.T.);
#2499=ADVANCED_FACE('',(#296),#2395,.T.);
#2500=ADVANCED_FACE('',(#297),#174,.T.);
#2501=ADVANCED_FACE('',(#298),#175,.T.);
#2502=ADVANCED_FACE('',(#299),#176,.F.);
#2503=ADVANCED_FACE('',(#300),#177,.T.);
#2504=ADVANCED_FACE('',(#301),#2396,.T.);
#2505=ADVANCED_FACE('',(#302),#178,.T.);
#2506=ADVANCED_FACE('',(#303),#179,.F.);
#2507=ADVANCED_FACE('',(#304),#180,.T.);
#2508=ADVANCED_FACE('',(#305),#2397,.T.);
#2509=ADVANCED_FACE('',(#306),#181,.T.);
#2510=ADVANCED_FACE('',(#307),#182,.T.);
#2511=ADVANCED_FACE('',(#308),#2398,.T.);
#2512=ADVANCED_FACE('',(#309),#183,.T.);
#2513=ADVANCED_FACE('',(#310),#184,.T.);
#2514=ADVANCED_FACE('',(#311),#2399,.T.);
#2515=ADVANCED_FACE('',(#312),#185,.T.);
#2516=ADVANCED_FACE('',(#313),#186,.F.);
#2517=ADVANCED_FACE('',(#314),#187,.T.);
#2518=ADVANCED_FACE('',(#315),#188,.T.);
#2519=ADVANCED_FACE('',(#316),#189,.T.);
#2520=ADVANCED_FACE('',(#317),#190,.T.);
#2521=ADVANCED_FACE('',(#318),#2400,.T.);
#2522=ADVANCED_FACE('',(#319),#191,.T.);
#2523=ADVANCED_FACE('',(#320),#192,.F.);
#2524=ADVANCED_FACE('',(#321),#193,.T.);
#2525=ADVANCED_FACE('',(#322),#2401,.T.);
#2526=ADVANCED_FACE('',(#323),#194,.T.);
#2527=ADVANCED_FACE('',(#324),#195,.T.);
#2528=ADVANCED_FACE('',(#325),#196,.F.);
#2529=ADVANCED_FACE('',(#326,#39),#2402,.T.);
#2530=ADVANCED_FACE('',(#327),#197,.F.);
#2531=ADVANCED_FACE('',(#328,#40),#2403,.T.);
#2532=ADVANCED_FACE('',(#329),#198,.F.);
#2533=ADVANCED_FACE('',(#330,#41),#2404,.T.);
#2534=ADVANCED_FACE('',(#331),#199,.F.);
#2535=ADVANCED_FACE('',(#332,#42),#2405,.T.);
#2536=ADVANCED_FACE('',(#333),#200,.F.);
#2537=ADVANCED_FACE('',(#334,#43),#2406,.T.);
#2538=ADVANCED_FACE('',(#335),#201,.F.);
#2539=ADVANCED_FACE('',(#336),#202,.F.);
#2540=ADVANCED_FACE('',(#337),#203,.F.);
#2541=ADVANCED_FACE('',(#338),#204,.F.);
#2542=ADVANCED_FACE('',(#339),#205,.F.);
#2543=ADVANCED_FACE('',(#340),#206,.F.);
#2544=ADVANCED_FACE('',(#341),#2407,.T.);
#2545=ADVANCED_FACE('',(#342),#2408,.T.);
#2546=ADVANCED_FACE('',(#343),#207,.T.);
#2547=ADVANCED_FACE('',(#344),#2409,.T.);
#2548=ADVANCED_FACE('',(#345),#208,.T.);
#2549=ADVANCED_FACE('',(#346),#2410,.T.);
#2550=ADVANCED_FACE('',(#347),#2411,.T.);
#2551=CLOSED_SHELL('',(#2412,#2413,#2414,#2415,#2416,#2417,#2418,#2419,
#2420,#2421,#2422,#2423,#2424,#2425,#2426,#2427,#2428,#2429,#2430,#2431,
#2432,#2433,#2434,#2435,#2436,#2437,#2438,#2439,#2440,#2441,#2442,#2443,
#2444,#2445,#2446,#2447,#2448,#2449,#2450,#2451,#2452,#2453,#2454,#2455,
#2456,#2457,#2458,#2459,#2460,#2461,#2462,#2463,#2464,#2465,#2466,#2467,
#2468,#2469,#2470,#2471,#2472,#2473,#2474,#2475,#2476,#2477,#2478,#2479,
#2480,#2481,#2482,#2483,#2484,#2485,#2486,#2487,#2488,#2489,#2490,#2491,
#2492,#2493,#2494,#2495,#2496,#2497,#2498,#2499,#2500,#2501,#2502,#2503,
#2504,#2505,#2506,#2507,#2508,#2509,#2510,#2511,#2512,#2513,#2514,#2515,
#2516,#2517,#2518,#2519,#2520,#2521,#2522,#2523,#2524,#2525,#2526,#2527,
#2528,#2529,#2530,#2531,#2532,#2533,#2534,#2535,#2536,#2537,#2538,#2539,
#2540,#2541,#2542,#2543,#2544,#2545,#2546,#2547,#2548,#2549,#2550));
#2552=DERIVED_UNIT_ELEMENT(#2554,1.);
#2553=DERIVED_UNIT_ELEMENT(#4301,-3.);
#2554=(
MASS_UNIT()
NAMED_UNIT(*)
SI_UNIT(.KILO.,.GRAM.)
);
#2555=DERIVED_UNIT((#2552,#2553));
#2556=MEASURE_REPRESENTATION_ITEM('density measure',
POSITIVE_RATIO_MEASURE(7850.),#2555);
#2557=PROPERTY_DEFINITION_REPRESENTATION(#2562,#2559);
#2558=PROPERTY_DEFINITION_REPRESENTATION(#2563,#2560);
#2559=REPRESENTATION('material name',(#2561),#4298);
#2560=REPRESENTATION('density',(#2556),#4298);
#2561=DESCRIPTIVE_REPRESENTATION_ITEM('Steel','Steel');
#2562=PROPERTY_DEFINITION('material property','material name',#4308);
#2563=PROPERTY_DEFINITION('material property','density of part',#4308);
#2564=AXIS2_PLACEMENT_3D('',#3564,#2814,#2815);
#2565=AXIS2_PLACEMENT_3D('',#3565,#2816,#2817);
#2566=AXIS2_PLACEMENT_3D('',#3574,#2822,#2823);
#2567=AXIS2_PLACEMENT_3D('',#3583,#2828,#2829);
#2568=AXIS2_PLACEMENT_3D('',#3586,#2832,#2833);
#2569=AXIS2_PLACEMENT_3D('',#3595,#2838,#2839);
#2570=AXIS2_PLACEMENT_3D('',#3604,#2844,#2845);
#2571=AXIS2_PLACEMENT_3D('',#3607,#2848,#2849);
#2572=AXIS2_PLACEMENT_3D('',#3616,#2854,#2855);
#2573=AXIS2_PLACEMENT_3D('',#3618,#2856,#2857);
#2574=AXIS2_PLACEMENT_3D('',#3621,#2859,#2860);
#2575=AXIS2_PLACEMENT_3D('',#3622,#2861,#2862);
#2576=AXIS2_PLACEMENT_3D('',#3628,#2866,#2867);
#2577=AXIS2_PLACEMENT_3D('',#3630,#2868,#2869);
#2578=AXIS2_PLACEMENT_3D('',#3633,#2871,#2872);
#2579=AXIS2_PLACEMENT_3D('',#3634,#2873,#2874);
#2580=AXIS2_PLACEMENT_3D('',#3640,#2878,#2879);
#2581=AXIS2_PLACEMENT_3D('',#3642,#2880,#2881);
#2582=AXIS2_PLACEMENT_3D('',#3645,#2883,#2884);
#2583=AXIS2_PLACEMENT_3D('',#3646,#2885,#2886);
#2584=AXIS2_PLACEMENT_3D('',#3652,#2890,#2891);
#2585=AXIS2_PLACEMENT_3D('',#3653,#2892,#2893);
#2586=AXIS2_PLACEMENT_3D('',#3654,#2894,#2895);
#2587=AXIS2_PLACEMENT_3D('',#3655,#2896,#2897);
#2588=AXIS2_PLACEMENT_3D('',#3657,#2898,#2899);
#2589=AXIS2_PLACEMENT_3D('',#3660,#2901,#2902);
#2590=AXIS2_PLACEMENT_3D('',#3661,#2903,#2904);
#2591=AXIS2_PLACEMENT_3D('',#3666,#2906,#2907);
#2592=AXIS2_PLACEMENT_3D('',#3670,#2909,#2910);
#2593=AXIS2_PLACEMENT_3D('',#3674,#2912,#2913);
#2594=AXIS2_PLACEMENT_3D('',#3677,#2915,#2916);
#2595=AXIS2_PLACEMENT_3D('',#3679,#2917,#2918);
#2596=AXIS2_PLACEMENT_3D('',#3681,#2919,#2920);
#2597=AXIS2_PLACEMENT_3D('',#3683,#2921,#2922);
#2598=AXIS2_PLACEMENT_3D('',#3685,#2923,#2924);
#2599=AXIS2_PLACEMENT_3D('',#3687,#2925,#2926);
#2600=AXIS2_PLACEMENT_3D('',#3689,#2927,#2928);
#2601=AXIS2_PLACEMENT_3D('',#3691,#2929,#2930);
#2602=AXIS2_PLACEMENT_3D('',#3693,#2931,#2932);
#2603=AXIS2_PLACEMENT_3D('',#3694,#2933,#2934);
#2604=AXIS2_PLACEMENT_3D('',#3697,#2936,#2937);
#2605=AXIS2_PLACEMENT_3D('',#3698,#2938,#2939);
#2606=AXIS2_PLACEMENT_3D('',#3701,#2941,#2942);
#2607=AXIS2_PLACEMENT_3D('',#3702,#2943,#2944);
#2608=AXIS2_PLACEMENT_3D('',#3705,#2946,#2947);
#2609=AXIS2_PLACEMENT_3D('',#3706,#2948,#2949);
#2610=AXIS2_PLACEMENT_3D('',#3709,#2951,#2952);
#2611=AXIS2_PLACEMENT_3D('',#3710,#2953,#2954);
#2612=AXIS2_PLACEMENT_3D('',#3713,#2956,#2957);
#2613=AXIS2_PLACEMENT_3D('',#3714,#2958,#2959);
#2614=AXIS2_PLACEMENT_3D('',#3717,#2961,#2962);
#2615=AXIS2_PLACEMENT_3D('',#3718,#2963,#2964);
#2616=AXIS2_PLACEMENT_3D('',#3721,#2966,#2967);
#2617=AXIS2_PLACEMENT_3D('',#3722,#2968,#2969);
#2618=AXIS2_PLACEMENT_3D('',#3731,#2974,#2975);
#2619=AXIS2_PLACEMENT_3D('',#3740,#2980,#2981);
#2620=AXIS2_PLACEMENT_3D('',#3744,#2983,#2984);
#2621=AXIS2_PLACEMENT_3D('',#3746,#2985,#2986);
#2622=AXIS2_PLACEMENT_3D('',#3748,#2987,#2988);
#2623=AXIS2_PLACEMENT_3D('',#3756,#2992,#2993);
#2624=AXIS2_PLACEMENT_3D('',#3758,#2994,#2995);
#2625=AXIS2_PLACEMENT_3D('',#3760,#2996,#2997);
#2626=AXIS2_PLACEMENT_3D('',#3765,#3000,#3001);
#2627=AXIS2_PLACEMENT_3D('',#3767,#3002,#3003);
#2628=AXIS2_PLACEMENT_3D('',#3769,#3004,#3005);
#2629=AXIS2_PLACEMENT_3D('',#3777,#3009,#3010);
#2630=AXIS2_PLACEMENT_3D('',#3779,#3011,#3012);
#2631=AXIS2_PLACEMENT_3D('',#3781,#3013,#3014);
#2632=AXIS2_PLACEMENT_3D('',#3786,#3017,#3018);
#2633=AXIS2_PLACEMENT_3D('',#3788,#3019,#3020);
#2634=AXIS2_PLACEMENT_3D('',#3800,#3026,#3027);
#2635=AXIS2_PLACEMENT_3D('',#3802,#3028,#3029);
#2636=AXIS2_PLACEMENT_3D('',#3805,#3031,#3032);
#2637=AXIS2_PLACEMENT_3D('',#3807,#3033,#3034);
#2638=AXIS2_PLACEMENT_3D('',#3809,#3035,#3036);
#2639=AXIS2_PLACEMENT_3D('',#3811,#3037,#3038);
#2640=AXIS2_PLACEMENT_3D('',#3813,#3039,#3040);
#2641=AXIS2_PLACEMENT_3D('',#3814,#3041,#3042);
#2642=AXIS2_PLACEMENT_3D('',#3818,#3044,#3045);
#2643=AXIS2_PLACEMENT_3D('',#3820,#3046,#3047);
#2644=AXIS2_PLACEMENT_3D('',#3824,#3049,#3050);
#2645=AXIS2_PLACEMENT_3D('',#3826,#3051,#3052);
#2646=AXIS2_PLACEMENT_3D('',#3828,#3054,#3055);
#2647=AXIS2_PLACEMENT_3D('',#3834,#3059,#3060);
#2648=AXIS2_PLACEMENT_3D('',#3843,#3065,#3066);
#2649=AXIS2_PLACEMENT_3D('',#3852,#3071,#3072);
#2650=AXIS2_PLACEMENT_3D('',#3858,#3076,#3077);
#2651=AXIS2_PLACEMENT_3D('',#3862,#3079,#3080);
#2652=AXIS2_PLACEMENT_3D('',#3864,#3081,#3082);
#2653=AXIS2_PLACEMENT_3D('',#3868,#3084,#3085);
#2654=AXIS2_PLACEMENT_3D('',#3870,#3086,#3087);
#2655=AXIS2_PLACEMENT_3D('',#3872,#3089,#3090);
#2656=AXIS2_PLACEMENT_3D('',#3876,#3092,#3093);
#2657=AXIS2_PLACEMENT_3D('',#3878,#3094,#3095);
#2658=AXIS2_PLACEMENT_3D('',#3882,#3097,#3098);
#2659=AXIS2_PLACEMENT_3D('',#3884,#3099,#3100);
#2660=AXIS2_PLACEMENT_3D('',#3886,#3102,#3103);
#2661=AXIS2_PLACEMENT_3D('',#3894,#3108,#3109);
#2662=AXIS2_PLACEMENT_3D('',#3900,#3113,#3114);
#2663=AXIS2_PLACEMENT_3D('',#3905,#3118,#3119);
#2664=AXIS2_PLACEMENT_3D('',#3911,#3123,#3124);
#2665=AXIS2_PLACEMENT_3D('',#3919,#3129,#3130);
#2666=AXIS2_PLACEMENT_3D('',#3925,#3134,#3135);
#2667=AXIS2_PLACEMENT_3D('',#3930,#3139,#3140);
#2668=AXIS2_PLACEMENT_3D('',#3936,#3144,#3145);
#2669=AXIS2_PLACEMENT_3D('',#3942,#3149,#3150);
#2670=AXIS2_PLACEMENT_3D('',#3948,#3154,#3155);
#2671=AXIS2_PLACEMENT_3D('',#3950,#3157,#3158);
#2672=AXIS2_PLACEMENT_3D('',#3959,#3163,#3164);
#2673=AXIS2_PLACEMENT_3D('',#3964,#3168,#3169);
#2674=AXIS2_PLACEMENT_3D('',#3969,#3173,#3174);
#2675=AXIS2_PLACEMENT_3D('',#3970,#3175,#3176);
#2676=AXIS2_PLACEMENT_3D('',#3978,#3181,#3182);
#2677=AXIS2_PLACEMENT_3D('',#3984,#3186,#3187);
#2678=AXIS2_PLACEMENT_3D('',#3989,#3191,#3192);
#2679=AXIS2_PLACEMENT_3D('',#3995,#3196,#3197);
#2680=AXIS2_PLACEMENT_3D('',#4001,#3201,#3202);
#2681=AXIS2_PLACEMENT_3D('',#4005,#3205,#3206);
#2682=AXIS2_PLACEMENT_3D('',#4009,#3209,#3210);
#2683=AXIS2_PLACEMENT_3D('',#4015,#3214,#3215);
#2684=AXIS2_PLACEMENT_3D('',#4021,#3219,#3220);
#2685=AXIS2_PLACEMENT_3D('',#4023,#3222,#3223);
#2686=AXIS2_PLACEMENT_3D('',#4031,#3228,#3229);
#2687=AXIS2_PLACEMENT_3D('',#4037,#3233,#3234);
#2688=AXIS2_PLACEMENT_3D('',#4042,#3238,#3239);
#2689=AXIS2_PLACEMENT_3D('',#4043,#3240,#3241);
#2690=AXIS2_PLACEMENT_3D('',#4047,#3244,#3245);
#2691=AXIS2_PLACEMENT_3D('',#4051,#3248,#3249);
#2692=AXIS2_PLACEMENT_3D('',#4055,#3252,#3253);
#2693=AXIS2_PLACEMENT_3D('',#4059,#3256,#3257);
#2694=AXIS2_PLACEMENT_3D('',#4063,#3260,#3261);
#2695=AXIS2_PLACEMENT_3D('',#4067,#3264,#3265);
#2696=AXIS2_PLACEMENT_3D('',#4071,#3268,#3269);
#2697=AXIS2_PLACEMENT_3D('',#4073,#3270,#3271);
#2698=AXIS2_PLACEMENT_3D('',#4075,#3272,#3273);
#2699=AXIS2_PLACEMENT_3D('',#4076,#3274,#3275);
#2700=AXIS2_PLACEMENT_3D('',#4078,#3276,#3277);
#2701=AXIS2_PLACEMENT_3D('',#4080,#3278,#3279);
#2702=AXIS2_PLACEMENT_3D('',#4082,#3280,#3281);
#2703=AXIS2_PLACEMENT_3D('',#4085,#3283,#3284);
#2704=AXIS2_PLACEMENT_3D('',#4086,#3285,#3286);
#2705=AXIS2_PLACEMENT_3D('',#4090,#3289,#3290);
#2706=AXIS2_PLACEMENT_3D('',#4094,#3293,#3294);
#2707=AXIS2_PLACEMENT_3D('',#4096,#3295,#3296);
#2708=AXIS2_PLACEMENT_3D('',#4098,#3297,#3298);
#2709=AXIS2_PLACEMENT_3D('',#4100,#3299,#3300);
#2710=AXIS2_PLACEMENT_3D('',#4105,#3303,#3304);
#2711=AXIS2_PLACEMENT_3D('',#4107,#3305,#3306);
#2712=AXIS2_PLACEMENT_3D('',#4108,#3307,#3308);
#2713=AXIS2_PLACEMENT_3D('',#4110,#3309,#3310);
#2714=AXIS2_PLACEMENT_3D('',#4111,#3311,#3312);
#2715=AXIS2_PLACEMENT_3D('',#4113,#3314,#3315);
#2716=AXIS2_PLACEMENT_3D('',#4116,#3317,#3318);
#2717=AXIS2_PLACEMENT_3D('',#4117,#3319,#3320);
#2718=AXIS2_PLACEMENT_3D('',#4120,#3322,#3323);
#2719=AXIS2_PLACEMENT_3D('',#4121,#3324,#3325);
#2720=AXIS2_PLACEMENT_3D('',#4123,#3326,#3327);
#2721=AXIS2_PLACEMENT_3D('',#4126,#3329,#3330);
#2722=AXIS2_PLACEMENT_3D('',#4127,#3331,#3332);
#2723=AXIS2_PLACEMENT_3D('',#4130,#3334,#3335);
#2724=AXIS2_PLACEMENT_3D('',#4131,#3336,#3337);
#2725=AXIS2_PLACEMENT_3D('',#4135,#3339,#3340);
#2726=AXIS2_PLACEMENT_3D('',#4137,#3341,#3342);
#2727=AXIS2_PLACEMENT_3D('',#4138,#3343,#3344);
#2728=AXIS2_PLACEMENT_3D('',#4142,#3346,#3347);
#2729=AXIS2_PLACEMENT_3D('',#4144,#3348,#3349);
#2730=AXIS2_PLACEMENT_3D('',#4145,#3350,#3351);
#2731=AXIS2_PLACEMENT_3D('',#4146,#3352,#3353);
#2732=AXIS2_PLACEMENT_3D('',#4149,#3355,#3356);
#2733=AXIS2_PLACEMENT_3D('',#4150,#3357,#3358);
#2734=AXIS2_PLACEMENT_3D('',#4153,#3360,#3361);
#2735=AXIS2_PLACEMENT_3D('',#4154,#3362,#3363);
#2736=AXIS2_PLACEMENT_3D('',#4156,#3364,#3365);
#2737=AXIS2_PLACEMENT_3D('',#4159,#3367,#3368);
#2738=AXIS2_PLACEMENT_3D('',#4160,#3369,#3370);
#2739=AXIS2_PLACEMENT_3D('',#4163,#3372,#3373);
#2740=AXIS2_PLACEMENT_3D('',#4164,#3374,#3375);
#2741=AXIS2_PLACEMENT_3D('',#4168,#3377,#3378);
#2742=AXIS2_PLACEMENT_3D('',#4170,#3379,#3380);
#2743=AXIS2_PLACEMENT_3D('',#4171,#3381,#3382);
#2744=AXIS2_PLACEMENT_3D('',#4175,#3384,#3385);
#2745=AXIS2_PLACEMENT_3D('',#4177,#3386,#3387);
#2746=AXIS2_PLACEMENT_3D('',#4178,#3388,#3389);
#2747=AXIS2_PLACEMENT_3D('',#4179,#3390,#3391);
#2748=AXIS2_PLACEMENT_3D('',#4180,#3392,#3393);
#2749=AXIS2_PLACEMENT_3D('',#4181,#3394,#3395);
#2750=AXIS2_PLACEMENT_3D('',#4182,#3396,#3397);
#2751=AXIS2_PLACEMENT_3D('',#4183,#3398,#3399);
#2752=AXIS2_PLACEMENT_3D('',#4185,#3401,#3402);
#2753=AXIS2_PLACEMENT_3D('',#4187,#3404,#3405);
#2754=AXIS2_PLACEMENT_3D('',#4189,#3407,#3408);
#2755=AXIS2_PLACEMENT_3D('',#4192,#3411,#3412);
#2756=AXIS2_PLACEMENT_3D('',#4193,#3413,#3414);
#2757=AXIS2_PLACEMENT_3D('',#4195,#3416,#3417);
#2758=AXIS2_PLACEMENT_3D('',#4197,#3419,#3420);
#2759=AXIS2_PLACEMENT_3D('',#4199,#3422,#3423);
#2760=AXIS2_PLACEMENT_3D('',#4200,#3424,#3425);
#2761=AXIS2_PLACEMENT_3D('',#4202,#3427,#3428);
#2762=AXIS2_PLACEMENT_3D('',#4203,#3429,#3430);
#2763=AXIS2_PLACEMENT_3D('',#4205,#3432,#3433);
#2764=AXIS2_PLACEMENT_3D('',#4207,#3435,#3436);
#2765=AXIS2_PLACEMENT_3D('',#4209,#3438,#3439);
#2766=AXIS2_PLACEMENT_3D('',#4211,#3441,#3442);
#2767=AXIS2_PLACEMENT_3D('',#4213,#3444,#3445);
#2768=AXIS2_PLACEMENT_3D('',#4215,#3447,#3448);
#2769=AXIS2_PLACEMENT_3D('',#4217,#3450,#3451);
#2770=AXIS2_PLACEMENT_3D('',#4220,#3454,#3455);
#2771=AXIS2_PLACEMENT_3D('',#4221,#3456,#3457);
#2772=AXIS2_PLACEMENT_3D('',#4223,#3459,#3460);
#2773=AXIS2_PLACEMENT_3D('',#4225,#3462,#3463);
#2774=AXIS2_PLACEMENT_3D('',#4228,#3466,#3467);
#2775=AXIS2_PLACEMENT_3D('',#4229,#3468,#3469);
#2776=AXIS2_PLACEMENT_3D('',#4231,#3471,#3472);
#2777=AXIS2_PLACEMENT_3D('',#4232,#3473,#3474);
#2778=AXIS2_PLACEMENT_3D('',#4234,#3476,#3477);
#2779=AXIS2_PLACEMENT_3D('',#4237,#3480,#3481);
#2780=AXIS2_PLACEMENT_3D('',#4240,#3483,#3484);
#2781=AXIS2_PLACEMENT_3D('',#4241,#3485,#3486);
#2782=AXIS2_PLACEMENT_3D('',#4243,#3487,#3488);
#2783=AXIS2_PLACEMENT_3D('',#4244,#3489,#3490);
#2784=AXIS2_PLACEMENT_3D('',#4247,#3492,#3493);
#2785=AXIS2_PLACEMENT_3D('',#4248,#3494,#3495);
#2786=AXIS2_PLACEMENT_3D('',#4250,#3496,#3497);
#2787=AXIS2_PLACEMENT_3D('',#4251,#3498,#3499);
#2788=AXIS2_PLACEMENT_3D('',#4254,#3501,#3502);
#2789=AXIS2_PLACEMENT_3D('',#4255,#3503,#3504);
#2790=AXIS2_PLACEMENT_3D('',#4257,#3505,#3506);
#2791=AXIS2_PLACEMENT_3D('',#4258,#3507,#3508);
#2792=AXIS2_PLACEMENT_3D('',#4261,#3510,#3511);
#2793=AXIS2_PLACEMENT_3D('',#4262,#3512,#3513);
#2794=AXIS2_PLACEMENT_3D('',#4264,#3514,#3515);
#2795=AXIS2_PLACEMENT_3D('',#4265,#3516,#3517);
#2796=AXIS2_PLACEMENT_3D('',#4268,#3519,#3520);
#2797=AXIS2_PLACEMENT_3D('',#4269,#3521,#3522);
#2798=AXIS2_PLACEMENT_3D('',#4271,#3523,#3524);
#2799=AXIS2_PLACEMENT_3D('',#4272,#3525,#3526);
#2800=AXIS2_PLACEMENT_3D('',#4274,#3528,#3529);
#2801=AXIS2_PLACEMENT_3D('',#4276,#3531,#3532);
#2802=AXIS2_PLACEMENT_3D('',#4278,#3534,#3535);
#2803=AXIS2_PLACEMENT_3D('',#4280,#3537,#3538);
#2804=AXIS2_PLACEMENT_3D('',#4282,#3540,#3541);
#2805=AXIS2_PLACEMENT_3D('',#4283,#3542,#3543);
#2806=AXIS2_PLACEMENT_3D('',#4284,#3544,#3545);
#2807=AXIS2_PLACEMENT_3D('',#4285,#3546,#3547);
#2808=AXIS2_PLACEMENT_3D('',#4286,#3548,#3549);
#2809=AXIS2_PLACEMENT_3D('',#4287,#3550,#3551);
#2810=AXIS2_PLACEMENT_3D('',#4290,#3554,#3555);
#2811=AXIS2_PLACEMENT_3D('',#4292,#3557,#3558);
#2812=AXIS2_PLACEMENT_3D('',#4294,#3560,#3561);
#2813=AXIS2_PLACEMENT_3D('',#4295,#3562,#3563);
#2814=DIRECTION('axis',(0.,0.,1.));
#2815=DIRECTION('refdir',(1.,0.,0.));
#2816=DIRECTION('center_axis',(-0.998752338877845,0.,-0.0499376169438911));
#2817=DIRECTION('ref_axis',(0.0499376169438911,0.,-0.998752338877845));
#2818=DIRECTION('',(0.0499376169438911,0.,-0.998752338877845));
#2819=DIRECTION('',(0.,1.,0.));
#2820=DIRECTION('',(0.0499376169438911,0.,-0.998752338877845));
#2821=DIRECTION('',(0.,-1.,0.));
#2822=DIRECTION('center_axis',(0.998752338877845,0.,-0.0499376169438911));
#2823=DIRECTION('ref_axis',(0.0499376169438911,0.,0.998752338877845));
#2824=DIRECTION('',(-0.0499376169438911,0.,-0.998752338877845));
#2825=DIRECTION('',(0.,-1.,0.));
#2826=DIRECTION('',(0.0499376169438911,0.,0.998752338877845));
#2827=DIRECTION('',(0.,-1.,0.));
#2828=DIRECTION('center_axis',(0.,-1.,0.));
#2829=DIRECTION('ref_axis',(0.,0.,-1.));
#2830=DIRECTION('',(1.,0.,0.));
#2831=DIRECTION('',(-1.,0.,0.));
#2832=DIRECTION('center_axis',(0.998752338877845,0.,-0.0499376169438911));
#2833=DIRECTION('ref_axis',(-0.0499376169438911,0.,-0.998752338877845));
#2834=DIRECTION('',(-0.0499376169438911,0.,-0.998752338877845));
#2835=DIRECTION('',(0.,-1.,0.));
#2836=DIRECTION('',(-0.0499376169438911,0.,-0.998752338877845));
#2837=DIRECTION('',(0.,1.,0.));
#2838=DIRECTION('center_axis',(-0.998752338877845,0.,-0.0499376169438911));
#2839=DIRECTION('ref_axis',(-0.0499376169438911,0.,0.998752338877845));
#2840=DIRECTION('',(0.0499376169438911,0.,-0.998752338877845));
#2841=DIRECTION('',(0.,1.,0.));
#2842=DIRECTION('',(-0.0499376169438911,0.,0.998752338877845));
#2843=DIRECTION('',(0.,1.,0.));
#2844=DIRECTION('center_axis',(0.,1.,0.));
#2845=DIRECTION('ref_axis',(0.,0.,1.));
#2846=DIRECTION('',(-1.,0.,0.));
#2847=DIRECTION('',(1.,0.,0.));
#2848=DIRECTION('center_axis',(0.,1.,0.));
#2849=DIRECTION('ref_axis',(1.,0.,0.));
#2850=DIRECTION('',(1.,0.,0.));
#2851=DIRECTION('',(0.,0.,-1.));
#2852=DIRECTION('',(-1.,0.,0.));
#2853=DIRECTION('',(0.,0.,-1.));
#2854=DIRECTION('center_axis',(0.,0.,-1.));
#2855=DIRECTION('ref_axis',(0.,1.,0.));
#2856=DIRECTION('center_axis',(0.,0.,-1.));
#2857=DIRECTION('ref_axis',(0.,1.,0.));
#2858=DIRECTION('',(0.,0.,-1.));
#2859=DIRECTION('center_axis',(0.,0.,1.));
#2860=DIRECTION('ref_axis',(0.,1.,0.));
#2861=DIRECTION('center_axis',(-1.,0.,0.));
#2862=DIRECTION('ref_axis',(0.,1.,0.));
#2863=DIRECTION('',(0.,1.,0.));
#2864=DIRECTION('',(0.,0.,-1.));
#2865=DIRECTION('',(0.,-1.,0.));
#2866=DIRECTION('center_axis',(0.,0.,-1.));
#2867=DIRECTION('ref_axis',(-1.,0.,0.));
#2868=DIRECTION('center_axis',(0.,0.,-1.));
#2869=DIRECTION('ref_axis',(-1.,0.,0.));
#2870=DIRECTION('',(0.,0.,-1.));
#2871=DIRECTION('center_axis',(0.,0.,1.));
#2872=DIRECTION('ref_axis',(-1.,0.,0.));
#2873=DIRECTION('center_axis',(0.,-1.,0.));
#2874=DIRECTION('ref_axis',(-1.,0.,0.));
#2875=DIRECTION('',(-1.,0.,0.));
#2876=DIRECTION('',(0.,0.,-1.));
#2877=DIRECTION('',(1.,0.,0.));
#2878=DIRECTION('center_axis',(0.,0.,-1.));
#2879=DIRECTION('ref_axis',(0.,-1.,0.));
#2880=DIRECTION('center_axis',(0.,0.,-1.));
#2881=DIRECTION('ref_axis',(0.,-1.,0.));
#2882=DIRECTION('',(0.,0.,-1.));
#2883=DIRECTION('center_axis',(0.,0.,1.));
#2884=DIRECTION('ref_axis',(0.,-1.,0.));
#2885=DIRECTION('center_axis',(1.,0.,0.));
#2886=DIRECTION('ref_axis',(0.,-1.,0.));
#2887=DIRECTION('',(0.,-1.,0.));
#2888=DIRECTION('',(0.,0.,-1.));
#2889=DIRECTION('',(0.,1.,0.));
#2890=DIRECTION('center_axis',(0.,0.,-1.));
#2891=DIRECTION('ref_axis',(1.,0.,0.));
#2892=DIRECTION('center_axis',(0.,0.,-1.));
#2893=DIRECTION('ref_axis',(1.,0.,0.));
#2894=DIRECTION('center_axis',(0.,0.,1.));
#2895=DIRECTION('ref_axis',(1.,0.,0.));
#2896=DIRECTION('center_axis',(0.,0.,-1.));
#2897=DIRECTION('ref_axis',(1.,0.,0.));
#2898=DIRECTION('center_axis',(0.,0.,-1.));
#2899=DIRECTION('ref_axis',(1.,0.,0.));
#2900=DIRECTION('',(0.707106781186548,-8.65956056235493E-17,0.707106781186548));
#2901=DIRECTION('center_axis',(0.,0.,1.));
#2902=DIRECTION('ref_axis',(1.,0.,0.));
#2903=DIRECTION('center_axis',(0.,0.,-1.));
#2904=DIRECTION('ref_axis',(1.,0.,0.));
#2905=DIRECTION('',(1.,0.,0.));
#2906=DIRECTION('center_axis',(0.,0.,-1.));
#2907=DIRECTION('ref_axis',(0.,1.,0.));
#2908=DIRECTION('',(0.,-1.,0.));
#2909=DIRECTION('center_axis',(0.,0.,-1.));
#2910=DIRECTION('ref_axis',(1.,0.,0.));
#2911=DIRECTION('',(-1.,0.,0.));
#2912=DIRECTION('center_axis',(0.,0.,-1.));
#2913=DIRECTION('ref_axis',(0.,-1.,0.));
#2914=DIRECTION('',(0.,1.,0.));
#2915=DIRECTION('center_axis',(0.,0.,-1.));
#2916=DIRECTION('ref_axis',(-1.,0.,0.));
#2917=DIRECTION('center_axis',(0.,0.,-1.));
#2918=DIRECTION('ref_axis',(1.,0.,0.));
#2919=DIRECTION('center_axis',(0.,0.,-1.));
#2920=DIRECTION('ref_axis',(1.,0.,0.));
#2921=DIRECTION('center_axis',(0.,0.,1.));
#2922=DIRECTION('ref_axis',(1.,0.,0.));
#2923=DIRECTION('center_axis',(0.,0.,1.));
#2924=DIRECTION('ref_axis',(1.,0.,0.));
#2925=DIRECTION('center_axis',(0.,0.,1.));
#2926=DIRECTION('ref_axis',(1.,0.,0.));
#2927=DIRECTION('center_axis',(0.,0.,1.));
#2928=DIRECTION('ref_axis',(1.,0.,0.));
#2929=DIRECTION('center_axis',(0.,0.,1.));
#2930=DIRECTION('ref_axis',(1.,0.,0.));
#2931=DIRECTION('center_axis',(0.,0.,-1.));
#2932=DIRECTION('ref_axis',(1.,0.,0.));
#2933=DIRECTION('center_axis',(0.,0.,1.));
#2934=DIRECTION('ref_axis',(1.,0.,0.));
#2935=DIRECTION('',(0.,0.,1.));
#2936=DIRECTION('center_axis',(0.,0.,-1.));
#2937=DIRECTION('ref_axis',(1.,0.,0.));
#2938=DIRECTION('center_axis',(0.,0.,-1.));
#2939=DIRECTION('ref_axis',(1.,0.,0.));
#2940=DIRECTION('',(0.707106781186548,-8.65956056235493E-17,0.707106781186548));
#2941=DIRECTION('center_axis',(0.,0.,1.));
#2942=DIRECTION('ref_axis',(1.,0.,0.));
#2943=DIRECTION('center_axis',(0.,0.,1.));
#2944=DIRECTION('ref_axis',(1.,0.,0.));
#2945=DIRECTION('',(0.,0.,1.));
#2946=DIRECTION('center_axis',(0.,0.,-1.));
#2947=DIRECTION('ref_axis',(1.,0.,0.));
#2948=DIRECTION('center_axis',(0.,0.,-1.));
#2949=DIRECTION('ref_axis',(1.,0.,0.));
#2950=DIRECTION('',(0.707106781186548,-8.65956056235493E-17,0.707106781186548));
#2951=DIRECTION('center_axis',(0.,0.,1.));
#2952=DIRECTION('ref_axis',(1.,0.,0.));
#2953=DIRECTION('center_axis',(0.,0.,1.));
#2954=DIRECTION('ref_axis',(1.,0.,0.));
#2955=DIRECTION('',(0.,0.,1.));
#2956=DIRECTION('center_axis',(0.,0.,-1.));
#2957=DIRECTION('ref_axis',(1.,0.,0.));
#2958=DIRECTION('center_axis',(0.,0.,-1.));
#2959=DIRECTION('ref_axis',(1.,0.,0.));
#2960=DIRECTION('',(0.707106781186548,-8.65956056235493E-17,0.707106781186548));
#2961=DIRECTION('center_axis',(0.,0.,1.));
#2962=DIRECTION('ref_axis',(1.,0.,0.));
#2963=DIRECTION('center_axis',(0.,0.,1.));
#2964=DIRECTION('ref_axis',(1.,0.,0.));
#2965=DIRECTION('',(0.,0.,1.));
#2966=DIRECTION('center_axis',(0.,0.,-1.));
#2967=DIRECTION('ref_axis',(1.,0.,0.));
#2968=DIRECTION('center_axis',(-0.998752338877845,0.,-0.0499376169438823));
#2969=DIRECTION('ref_axis',(-0.0499376169438823,0.,0.998752338877845));
#2970=DIRECTION('',(-0.0499376169438823,0.,0.998752338877845));
#2971=DIRECTION('',(0.,1.,0.));
#2972=DIRECTION('',(0.0499376169438823,0.,-0.998752338877845));
#2973=DIRECTION('',(0.,1.,0.));
#2974=DIRECTION('center_axis',(0.998752338877845,0.,-0.0499376169438823));
#2975=DIRECTION('ref_axis',(-0.0499376169438823,0.,-0.998752338877845));
#2976=DIRECTION('',(-0.0499376169438823,0.,-0.998752338877845));
#2977=DIRECTION('',(0.,1.,0.));
#2978=DIRECTION('',(-0.0499376169438823,0.,-0.998752338877845));
#2979=DIRECTION('',(0.,-1.,0.));
#2980=DIRECTION('center_axis',(0.,0.,-1.));
#2981=DIRECTION('ref_axis',(1.,0.,0.));
#2982=DIRECTION('',(-1.,0.,0.));
#2983=DIRECTION('center_axis',(0.,0.,-1.));
#2984=DIRECTION('ref_axis',(-0.474085828725789,-0.880478635175994,0.));
#2985=DIRECTION('center_axis',(0.,0.,1.));
#2986=DIRECTION('ref_axis',(0.853850937602943,0.520517604269611,0.));
#2987=DIRECTION('center_axis',(0.,0.,-1.));
#2988=DIRECTION('ref_axis',(-0.880478635175992,-0.474085828725793,0.));
#2989=DIRECTION('',(0.,1.,0.));
#2990=DIRECTION('',(-1.,0.,0.));
#2991=DIRECTION('',(0.,-1.,0.));
#2992=DIRECTION('center_axis',(0.,0.,-1.));
#2993=DIRECTION('ref_axis',(0.880478635175992,-0.474085828725793,0.));
#2994=DIRECTION('center_axis',(0.,0.,1.));
#2995=DIRECTION('ref_axis',(-0.52051760426961,0.853850937602944,0.));
#2996=DIRECTION('center_axis',(0.,0.,-1.));
#2997=DIRECTION('ref_axis',(0.474085828725793,-0.880478635175992,0.));
#2998=DIRECTION('',(-1.,8.88178419700125E-16,0.));
#2999=DIRECTION('',(1.,0.,0.));
#3000=DIRECTION('center_axis',(0.,0.,-1.));
#3001=DIRECTION('ref_axis',(0.474085828725789,0.880478635175994,0.));
#3002=DIRECTION('center_axis',(0.,0.,1.));
#3003=DIRECTION('ref_axis',(-0.853850937602943,-0.520517604269611,0.));
#3004=DIRECTION('center_axis',(0.,0.,-1.));
#3005=DIRECTION('ref_axis',(0.880478635175992,0.474085828725793,0.));
#3006=DIRECTION('',(0.,-1.,0.));
#3007=DIRECTION('',(1.,0.,0.));
#3008=DIRECTION('',(0.,1.,0.));
#3009=DIRECTION('center_axis',(0.,0.,-1.));
#3010=DIRECTION('ref_axis',(-0.880478635175992,0.474085828725793,0.));
#3011=DIRECTION('center_axis',(0.,0.,1.));
#3012=DIRECTION('ref_axis',(0.520517604269609,-0.853850937602944,0.));
#3013=DIRECTION('center_axis',(0.,0.,-1.));
#3014=DIRECTION('ref_axis',(-0.474085828725789,0.880478635175994,0.));
#3015=DIRECTION('',(1.,0.,0.));
#3016=DIRECTION('',(1.,0.,0.));
#3017=DIRECTION('center_axis',(0.,0.,-1.));
#3018=DIRECTION('ref_axis',(0.731925054711404,0.681385143869243,0.));
#3019=DIRECTION('center_axis',(0.,0.,1.));
#3020=DIRECTION('ref_axis',(1.,0.,0.));
#3021=DIRECTION('',(0.,-1.,0.));
#3022=DIRECTION('',(1.,0.,0.));
#3023=DIRECTION('',(0.,1.,0.));
#3024=DIRECTION('',(-1.,0.,0.));
#3025=DIRECTION('',(0.,-1.,0.));
#3026=DIRECTION('center_axis',(0.,0.,1.));
#3027=DIRECTION('ref_axis',(0.,1.,0.));
#3028=DIRECTION('center_axis',(0.,0.,-1.));
#3029=DIRECTION('ref_axis',(0.731925054711404,-0.681385143869243,0.));
#3030=DIRECTION('',(-1.,0.,0.));
#3031=DIRECTION('center_axis',(0.,0.,-1.));
#3032=DIRECTION('ref_axis',(1.,0.,0.));
#3033=DIRECTION('center_axis',(0.,0.,-1.));
#3034=DIRECTION('ref_axis',(1.,0.,0.));
#3035=DIRECTION('center_axis',(0.,0.,-1.));
#3036=DIRECTION('ref_axis',(1.,0.,0.));
#3037=DIRECTION('center_axis',(0.,0.,-1.));
#3038=DIRECTION('ref_axis',(1.,0.,0.));
#3039=DIRECTION('center_axis',(0.,0.,-1.));
#3040=DIRECTION('ref_axis',(1.,0.,0.));
#3041=DIRECTION('center_axis',(0.,0.,-1.));
#3042=DIRECTION('ref_axis',(1.,0.,0.));
#3043=DIRECTION('',(-1.,8.88178419700125E-16,0.));
#3044=DIRECTION('center_axis',(0.,0.,-1.));
#3045=DIRECTION('ref_axis',(-0.731925054711404,-0.681385143869243,0.));
#3046=DIRECTION('center_axis',(0.,0.,1.));
#3047=DIRECTION('ref_axis',(-1.,0.,0.));
#3048=DIRECTION('',(0.,-1.,0.));
#3049=DIRECTION('center_axis',(0.,0.,1.));
#3050=DIRECTION('ref_axis',(0.,-1.,0.));
#3051=DIRECTION('center_axis',(0.,0.,-1.));
#3052=DIRECTION('ref_axis',(-0.731925054711404,0.681385143869243,0.));
#3053=DIRECTION('',(1.,0.,0.));
#3054=DIRECTION('center_axis',(0.,0.998752338877845,-0.0499376169438911));
#3055=DIRECTION('ref_axis',(0.,0.0499376169438911,0.998752338877845));
#3056=DIRECTION('',(0.,0.0499376169438911,0.998752338877845));
#3057=DIRECTION('',(0.,-0.0499376169438911,-0.998752338877845));
#3058=DIRECTION('',(1.,0.,0.));
#3059=DIRECTION('center_axis',(0.,-0.998752338877845,-0.0499376169438911));
#3060=DIRECTION('ref_axis',(0.,0.0499376169438911,-0.998752338877845));
#3061=DIRECTION('',(0.,0.0499376169438911,-0.998752338877845));
#3062=DIRECTION('',(1.,0.,0.));
#3063=DIRECTION('',(0.,0.0499376169438911,-0.998752338877845));
#3064=DIRECTION('',(-1.,0.,0.));
#3065=DIRECTION('center_axis',(0.,0.998752338877845,-0.0499376169438911));
#3066=DIRECTION('ref_axis',(0.,0.0499376169438911,0.998752338877845));
#3067=DIRECTION('',(0.,0.0499376169438911,0.998752338877845));
#3068=DIRECTION('',(1.,0.,0.));
#3069=DIRECTION('',(0.,-0.0499376169438911,-0.998752338877845));
#3070=DIRECTION('',(1.,0.,0.));
#3071=DIRECTION('center_axis',(0.,-0.998752338877845,-0.0499376169438911));
#3072=DIRECTION('ref_axis',(0.,0.0499376169438911,-0.998752338877845));
#3073=DIRECTION('',(0.,0.0499376169438911,-0.998752338877845));
#3074=DIRECTION('',(1.,0.,0.));
#3075=DIRECTION('',(0.,0.0499376169438911,-0.998752338877845));
#3076=DIRECTION('center_axis',(0.,0.,-1.));
#3077=DIRECTION('ref_axis',(1.,0.,0.));
#3078=DIRECTION('',(0.,1.,0.));
#3079=DIRECTION('center_axis',(0.,0.,-1.));
#3080=DIRECTION('ref_axis',(-0.681385143869242,0.731925054711404,0.));
#3081=DIRECTION('center_axis',(0.,0.,1.));
#3082=DIRECTION('ref_axis',(0.,1.,0.));
#3083=DIRECTION('',(1.,0.,0.));
#3084=DIRECTION('center_axis',(0.,0.,1.));
#3085=DIRECTION('ref_axis',(-1.,0.,0.));
#3086=DIRECTION('center_axis',(0.,0.,-1.));
#3087=DIRECTION('ref_axis',(0.681385143869242,0.731925054711404,0.));
#3088=DIRECTION('',(0.,-1.,0.));
#3089=DIRECTION('center_axis',(0.,0.,-1.));
#3090=DIRECTION('ref_axis',(1.,0.,0.));
#3091=DIRECTION('',(0.,-1.,0.));
#3092=DIRECTION('center_axis',(0.,0.,-1.));
#3093=DIRECTION('ref_axis',(0.681385143869242,-0.731925054711404,0.));
#3094=DIRECTION('center_axis',(0.,0.,1.));
#3095=DIRECTION('ref_axis',(0.,-1.,0.));
#3096=DIRECTION('',(-1.,0.,0.));
#3097=DIRECTION('center_axis',(0.,0.,1.));
#3098=DIRECTION('ref_axis',(1.,0.,0.));
#3099=DIRECTION('center_axis',(0.,0.,-1.));
#3100=DIRECTION('ref_axis',(-0.681385143869242,-0.731925054711404,0.));
#3101=DIRECTION('',(0.,1.,0.));
#3102=DIRECTION('center_axis',(0.,1.,0.));
#3103=DIRECTION('ref_axis',(1.,0.,0.));
#3104=DIRECTION('',(1.,0.,0.));
#3105=DIRECTION('',(0.,0.,-1.));
#3106=DIRECTION('',(1.,0.,0.));
#3107=DIRECTION('',(0.,0.,-1.));
#3108=DIRECTION('center_axis',(-1.,0.,0.));
#3109=DIRECTION('ref_axis',(0.,1.,0.));
#3110=DIRECTION('',(0.,1.,0.));
#3111=DIRECTION('',(0.,0.,-1.));
#3112=DIRECTION('',(0.,1.,0.));
#3113=DIRECTION('center_axis',(0.,-1.,0.));
#3114=DIRECTION('ref_axis',(-1.,0.,0.));
#3115=DIRECTION('',(-1.,0.,0.));
#3116=DIRECTION('',(0.,0.,1.));
#3117=DIRECTION('',(-1.,0.,0.));
#3118=DIRECTION('center_axis',(0.,0.,-1.));
#3119=DIRECTION('ref_axis',(-1.,0.,0.));
#3120=DIRECTION('',(-1.,0.,0.));
#3121=DIRECTION('',(0.,-1.,0.));
#3122=DIRECTION('',(1.,0.,0.));
#3123=DIRECTION('center_axis',(0.,-1.,0.));
#3124=DIRECTION('ref_axis',(-1.,0.,0.));
#3125=DIRECTION('',(-1.,0.,0.));
#3126=DIRECTION('',(0.,0.,-1.));
#3127=DIRECTION('',(-1.,0.,0.));
#3128=DIRECTION('',(0.,0.,-1.));
#3129=DIRECTION('center_axis',(1.,0.,0.));
#3130=DIRECTION('ref_axis',(0.,-1.,0.));
#3131=DIRECTION('',(0.,-1.,0.));
#3132=DIRECTION('',(0.,0.,-1.));
#3133=DIRECTION('',(0.,-1.,0.));
#3134=DIRECTION('center_axis',(0.,1.,0.));
#3135=DIRECTION('ref_axis',(1.,0.,0.));
#3136=DIRECTION('',(1.,0.,0.));
#3137=DIRECTION('',(0.,0.,1.));
#3138=DIRECTION('',(1.,0.,0.));
#3139=DIRECTION('center_axis',(0.,0.,-1.));
#3140=DIRECTION('ref_axis',(-1.,0.,0.));
#3141=DIRECTION('',(1.,0.,0.));
#3142=DIRECTION('',(0.,1.,0.));
#3143=DIRECTION('',(-1.,0.,0.));
#3144=DIRECTION('center_axis',(0.,-1.,0.));
#3145=DIRECTION('ref_axis',(-1.,0.,0.));
#3146=DIRECTION('',(-1.,0.,0.));
#3147=DIRECTION('',(0.,0.,1.));
#3148=DIRECTION('',(0.,0.,-1.));
#3149=DIRECTION('center_axis',(0.,1.,0.));
#3150=DIRECTION('ref_axis',(1.,0.,0.));
#3151=DIRECTION('',(1.,0.,0.));
#3152=DIRECTION('',(0.,0.,-1.));
#3153=DIRECTION('',(0.,0.,-1.));
#3154=DIRECTION('center_axis',(-1.,0.,0.));
#3155=DIRECTION('ref_axis',(0.,1.,0.));
#3156=DIRECTION('',(0.,1.,0.));
#3157=DIRECTION('center_axis',(0.,-1.,0.));
#3158=DIRECTION('ref_axis',(-1.,0.,0.));
#3159=DIRECTION('',(-1.,0.,0.));
#3160=DIRECTION('',(0.,0.,-1.));
#3161=DIRECTION('',(-1.,0.,0.));
#3162=DIRECTION('',(0.,0.,-1.));
#3163=DIRECTION('center_axis',(1.,0.,0.));
#3164=DIRECTION('ref_axis',(0.,-1.,0.));
#3165=DIRECTION('',(0.,-1.,0.));
#3166=DIRECTION('',(0.,0.,1.));
#3167=DIRECTION('',(0.,-1.,0.));
#3168=DIRECTION('center_axis',(-1.,0.,0.));
#3169=DIRECTION('ref_axis',(0.,1.,0.));
#3170=DIRECTION('',(0.,1.,0.));
#3171=DIRECTION('',(0.,1.,0.));
#3172=DIRECTION('',(0.,0.,-1.));
#3173=DIRECTION('center_axis',(0.,0.,-1.));
#3174=DIRECTION('ref_axis',(-1.,0.,0.));
#3175=DIRECTION('center_axis',(-1.,0.,0.));
#3176=DIRECTION('ref_axis',(0.,1.,0.));
#3177=DIRECTION('',(0.,1.,0.));
#3178=DIRECTION('',(0.,0.,-1.));
#3179=DIRECTION('',(0.,1.,0.));
#3180=DIRECTION('',(0.,0.,-1.));
#3181=DIRECTION('center_axis',(0.,-1.,0.));
#3182=DIRECTION('ref_axis',(-1.,0.,0.));
#3183=DIRECTION('',(-1.,0.,0.));
#3184=DIRECTION('',(0.,0.,-1.));
#3185=DIRECTION('',(-1.,0.,0.));
#3186=DIRECTION('center_axis',(1.,0.,0.));
#3187=DIRECTION('ref_axis',(0.,-1.,0.));
#3188=DIRECTION('',(0.,-1.,0.));
#3189=DIRECTION('',(0.,0.,1.));
#3190=DIRECTION('',(0.,-1.,0.));
#3191=DIRECTION('center_axis',(0.,0.,-1.));
#3192=DIRECTION('ref_axis',(-1.,0.,0.));
#3193=DIRECTION('',(0.,-1.,0.));
#3194=DIRECTION('',(1.,0.,0.));
#3195=DIRECTION('',(0.,1.,0.));
#3196=DIRECTION('center_axis',(1.,0.,0.));
#3197=DIRECTION('ref_axis',(0.,-1.,0.));
#3198=DIRECTION('',(0.,-1.,0.));
#3199=DIRECTION('',(0.,0.,-1.));
#3200=DIRECTION('',(0.,0.,-1.));
#3201=DIRECTION('center_axis',(0.,1.,0.));
#3202=DIRECTION('ref_axis',(1.,0.,0.));
#3203=DIRECTION('',(1.,0.,0.));
#3204=DIRECTION('',(0.,0.,1.));
#3205=DIRECTION('center_axis',(0.,-1.,0.));
#3206=DIRECTION('ref_axis',(-1.,0.,0.));
#3207=DIRECTION('',(-1.,0.,0.));
#3208=DIRECTION('',(0.,0.,-1.));
#3209=DIRECTION('center_axis',(-1.,0.,0.));
#3210=DIRECTION('ref_axis',(0.,1.,0.));
#3211=DIRECTION('',(0.,1.,0.));
#3212=DIRECTION('',(0.,0.,1.));
#3213=DIRECTION('',(0.,0.,-1.));
#3214=DIRECTION('center_axis',(1.,0.,0.));
#3215=DIRECTION('ref_axis',(0.,-1.,0.));
#3216=DIRECTION('',(0.,-1.,0.));
#3217=DIRECTION('',(0.,0.,-1.));
#3218=DIRECTION('',(0.,0.,-1.));
#3219=DIRECTION('center_axis',(0.,1.,0.));
#3220=DIRECTION('ref_axis',(1.,0.,0.));
#3221=DIRECTION('',(1.,0.,0.));
#3222=DIRECTION('center_axis',(1.,0.,0.));
#3223=DIRECTION('ref_axis',(0.,-1.,0.));
#3224=DIRECTION('',(0.,-1.,0.));
#3225=DIRECTION('',(0.,0.,-1.));
#3226=DIRECTION('',(0.,-1.,0.));
#3227=DIRECTION('',(0.,0.,-1.));
#3228=DIRECTION('center_axis',(0.,1.,0.));
#3229=DIRECTION('ref_axis',(1.,0.,0.));
#3230=DIRECTION('',(1.,0.,0.));
#3231=DIRECTION('',(0.,0.,-1.));
#3232=DIRECTION('',(1.,0.,0.));
#3233=DIRECTION('center_axis',(-1.,0.,0.));
#3234=DIRECTION('ref_axis',(0.,1.,0.));
#3235=DIRECTION('',(0.,1.,0.));
#3236=DIRECTION('',(0.,0.,1.));
#3237=DIRECTION('',(0.,1.,0.));
#3238=DIRECTION('center_axis',(0.,0.,-1.));
#3239=DIRECTION('ref_axis',(-1.,0.,0.));
#3240=DIRECTION('center_axis',(1.,0.,0.));
#3241=DIRECTION('ref_axis',(0.,1.,0.));
#3242=DIRECTION('',(0.,0.,-1.));
#3243=DIRECTION('',(0.,1.,0.));
#3244=DIRECTION('center_axis',(-1.,0.,0.));
#3245=DIRECTION('ref_axis',(0.,-1.,0.));
#3246=DIRECTION('',(0.,0.,-1.));
#3247=DIRECTION('',(0.,-1.,0.));
#3248=DIRECTION('center_axis',(-1.,0.,0.));
#3249=DIRECTION('ref_axis',(0.,-1.,0.));
#3250=DIRECTION('',(0.,-1.,0.));
#3251=DIRECTION('',(0.,0.,1.));
#3252=DIRECTION('center_axis',(1.,0.,0.));
#3253=DIRECTION('ref_axis',(0.,1.,0.));
#3254=DIRECTION('',(0.,1.,0.));
#3255=DIRECTION('',(0.,0.,1.));
#3256=DIRECTION('center_axis',(0.,1.,0.));
#3257=DIRECTION('ref_axis',(-1.,0.,0.));
#3258=DIRECTION('',(-1.,0.,0.));
#3259=DIRECTION('',(0.,0.,1.));
#3260=DIRECTION('center_axis',(0.,1.,0.));
#3261=DIRECTION('ref_axis',(-1.,0.,0.));
#3262=DIRECTION('',(0.,0.,-1.));
#3263=DIRECTION('',(-1.,0.,0.));
#3264=DIRECTION('center_axis',(0.,1.,0.));
#3265=DIRECTION('ref_axis',(-1.,0.,0.));
#3266=DIRECTION('',(-1.,0.,0.));
#3267=DIRECTION('',(0.,0.,1.));
#3268=DIRECTION('center_axis',(0.,0.,1.));
#3269=DIRECTION('ref_axis',(-1.,0.,0.));
#3270=DIRECTION('center_axis',(0.,0.,-1.));
#3271=DIRECTION('ref_axis',(0.880478635175992,0.474085828725793,0.));
#3272=DIRECTION('center_axis',(0.,0.,-1.));
#3273=DIRECTION('ref_axis',(-0.853850937602943,-0.520517604269611,0.));
#3274=DIRECTION('center_axis',(0.,0.,-1.));
#3275=DIRECTION('ref_axis',(0.474085828725789,0.880478635175994,0.));
#3276=DIRECTION('center_axis',(0.,0.,-1.));
#3277=DIRECTION('ref_axis',(-0.731925054711404,0.681385143869243,0.));
#3278=DIRECTION('center_axis',(0.,0.,1.));
#3279=DIRECTION('ref_axis',(-1.,-1.1842378929335E-15,0.));
#3280=DIRECTION('center_axis',(0.,0.,-1.));
#3281=DIRECTION('ref_axis',(0.681385143869242,-0.731925054711404,0.));
#3282=DIRECTION('',(0.,1.,0.));
#3283=DIRECTION('center_axis',(0.,0.,1.));
#3284=DIRECTION('ref_axis',(-1.,0.,0.));
#3285=DIRECTION('center_axis',(-1.,0.,0.));
#3286=DIRECTION('ref_axis',(0.,-1.,0.));
#3287=DIRECTION('',(0.,-1.,0.));
#3288=DIRECTION('',(0.,0.,1.));
#3289=DIRECTION('center_axis',(-8.88178419700125E-16,-1.,0.));
#3290=DIRECTION('ref_axis',(1.,-8.88178419700125E-16,0.));
#3291=DIRECTION('',(1.,-8.88178419700125E-16,0.));
#3292=DIRECTION('',(0.,0.,1.));
#3293=DIRECTION('center_axis',(0.,0.,1.));
#3294=DIRECTION('ref_axis',(-1.,0.,0.));
#3295=DIRECTION('center_axis',(0.,0.,-1.));
#3296=DIRECTION('ref_axis',(-0.880478635175992,-0.474085828725793,0.));
#3297=DIRECTION('center_axis',(0.,0.,-1.));
#3298=DIRECTION('ref_axis',(0.853850937602943,0.520517604269611,0.));
#3299=DIRECTION('center_axis',(0.,0.,-1.));
#3300=DIRECTION('ref_axis',(-0.474085828725789,-0.880478635175994,0.));
#3301=DIRECTION('',(1.,0.,0.));
#3302=DIRECTION('',(1.,0.,0.));
#3303=DIRECTION('center_axis',(0.,0.,-1.));
#3304=DIRECTION('ref_axis',(0.731925054711404,-0.681385143869243,0.));
#3305=DIRECTION('center_axis',(0.,0.,1.));
#3306=DIRECTION('ref_axis',(1.,5.9211894646675E-16,0.));
#3307=DIRECTION('center_axis',(0.,0.,-1.));
#3308=DIRECTION('ref_axis',(-0.681385143869242,0.731925054711404,0.));
#3309=DIRECTION('center_axis',(0.,0.,1.));
#3310=DIRECTION('ref_axis',(-1.,0.,0.));
#3311=DIRECTION('center_axis',(0.,-1.,0.));
#3312=DIRECTION('ref_axis',(1.,0.,0.));
#3313=DIRECTION('',(0.,0.,-1.));
#3314=DIRECTION('center_axis',(0.,0.,1.));
#3315=DIRECTION('ref_axis',(-1.,0.,0.));
#3316=DIRECTION('',(-0.707106781186547,-8.65956056235493E-17,-0.707106781186547));
#3317=DIRECTION('center_axis',(0.,0.,-1.));
#3318=DIRECTION('ref_axis',(-1.,0.,0.));
#3319=DIRECTION('center_axis',(0.,0.,-1.));
#3320=DIRECTION('ref_axis',(-1.,0.,0.));
#3321=DIRECTION('',(0.,0.,-1.));
#3322=DIRECTION('center_axis',(0.,0.,-1.));
#3323=DIRECTION('ref_axis',(-1.,0.,0.));
#3324=DIRECTION('center_axis',(0.,0.,1.));
#3325=DIRECTION('ref_axis',(-1.,0.,0.));
#3326=DIRECTION('center_axis',(0.,0.,1.));
#3327=DIRECTION('ref_axis',(-1.,0.,0.));
#3328=DIRECTION('',(-0.707106781186547,-8.65956056235493E-17,-0.707106781186547));
#3329=DIRECTION('center_axis',(0.,0.,-1.));
#3330=DIRECTION('ref_axis',(-1.,0.,0.));
#3331=DIRECTION('center_axis',(0.,0.,-1.));
#3332=DIRECTION('ref_axis',(-1.,0.,0.));
#3333=DIRECTION('',(0.,0.,-1.));
#3334=DIRECTION('center_axis',(0.,0.,-1.));
#3335=DIRECTION('ref_axis',(-1.,0.,0.));
#3336=DIRECTION('center_axis',(0.,0.,1.));
#3337=DIRECTION('ref_axis',(-1.,0.,0.));
#3338=DIRECTION('',(0.,1.,0.));
#3339=DIRECTION('center_axis',(0.,0.,-1.));
#3340=DIRECTION('ref_axis',(0.681385143869242,0.731925054711404,0.));
#3341=DIRECTION('center_axis',(0.,0.,1.));
#3342=DIRECTION('ref_axis',(0.,1.,0.));
#3343=DIRECTION('center_axis',(0.,0.,-1.));
#3344=DIRECTION('ref_axis',(-0.731925054711404,-0.681385143869243,0.));
#3345=DIRECTION('',(1.,-8.88178419700125E-16,0.));
#3346=DIRECTION('center_axis',(0.,0.,-1.));
#3347=DIRECTION('ref_axis',(0.474085828725793,-0.880478635175992,0.));
#3348=DIRECTION('center_axis',(0.,0.,-1.));
#3349=DIRECTION('ref_axis',(-0.52051760426961,0.853850937602944,0.));
#3350=DIRECTION('center_axis',(0.,0.,-1.));
#3351=DIRECTION('ref_axis',(0.880478635175992,-0.474085828725793,0.));
#3352=DIRECTION('center_axis',(0.,0.,1.));
#3353=DIRECTION('ref_axis',(-1.,0.,0.));
#3354=DIRECTION('',(-0.707106781186547,-8.65956056235493E-17,-0.707106781186547));
#3355=DIRECTION('center_axis',(0.,0.,-1.));
#3356=DIRECTION('ref_axis',(-1.,0.,0.));
#3357=DIRECTION('center_axis',(0.,0.,-1.));
#3358=DIRECTION('ref_axis',(-1.,0.,0.));
#3359=DIRECTION('',(0.,0.,-1.));
#3360=DIRECTION('center_axis',(0.,0.,-1.));
#3361=DIRECTION('ref_axis',(-1.,0.,0.));
#3362=DIRECTION('center_axis',(0.,0.,1.));
#3363=DIRECTION('ref_axis',(-1.,0.,0.));
#3364=DIRECTION('center_axis',(0.,0.,1.));
#3365=DIRECTION('ref_axis',(-1.,0.,0.));
#3366=DIRECTION('',(-0.707106781186547,-8.65956056235493E-17,-0.707106781186547));
#3367=DIRECTION('center_axis',(0.,0.,-1.));
#3368=DIRECTION('ref_axis',(-1.,0.,0.));
#3369=DIRECTION('center_axis',(0.,0.,-1.));
#3370=DIRECTION('ref_axis',(-1.,0.,0.));
#3371=DIRECTION('',(0.,0.,-1.));
#3372=DIRECTION('center_axis',(0.,0.,-1.));
#3373=DIRECTION('ref_axis',(-1.,0.,0.));
#3374=DIRECTION('center_axis',(0.,0.,1.));
#3375=DIRECTION('ref_axis',(-1.,0.,0.));
#3376=DIRECTION('',(-1.,0.,0.));
#3377=DIRECTION('center_axis',(0.,0.,-1.));
#3378=DIRECTION('ref_axis',(-0.474085828725789,0.880478635175994,0.));
#3379=DIRECTION('center_axis',(0.,0.,-1.));
#3380=DIRECTION('ref_axis',(0.520517604269609,-0.853850937602944,0.));
#3381=DIRECTION('center_axis',(0.,0.,-1.));
#3382=DIRECTION('ref_axis',(-0.880478635175992,0.474085828725793,0.));
#3383=DIRECTION('',(0.,-1.,0.));
#3384=DIRECTION('center_axis',(0.,0.,-1.));
#3385=DIRECTION('ref_axis',(-0.681385143869242,-0.731925054711404,0.));
#3386=DIRECTION('center_axis',(0.,0.,1.));
#3387=DIRECTION('ref_axis',(5.9211894646675E-16,-1.,0.));
#3388=DIRECTION('center_axis',(0.,0.,-1.));
#3389=DIRECTION('ref_axis',(0.731925054711404,0.681385143869243,0.));
#3390=DIRECTION('center_axis',(0.,0.,1.));
#3391=DIRECTION('ref_axis',(-1.,0.,0.));
#3392=DIRECTION('center_axis',(0.,0.,1.));
#3393=DIRECTION('ref_axis',(-1.,0.,0.));
#3394=DIRECTION('center_axis',(0.,0.,1.));
#3395=DIRECTION('ref_axis',(-1.,0.,0.));
#3396=DIRECTION('center_axis',(0.,0.,1.));
#3397=DIRECTION('ref_axis',(-1.,0.,0.));
#3398=DIRECTION('center_axis',(0.,0.,1.));
#3399=DIRECTION('ref_axis',(-0.731925054711404,0.681385143869243,0.));
#3400=DIRECTION('',(0.,0.,1.));
#3401=DIRECTION('center_axis',(0.,0.,1.));
#3402=DIRECTION('ref_axis',(0.474085828725789,0.880478635175994,0.));
#3403=DIRECTION('',(0.,0.,-1.));
#3404=DIRECTION('center_axis',(0.,0.,1.));
#3405=DIRECTION('ref_axis',(-0.853850937602943,-0.520517604269611,0.));
#3406=DIRECTION('',(0.,0.,1.));
#3407=DIRECTION('center_axis',(0.,0.,1.));
#3408=DIRECTION('ref_axis',(0.681385143869242,0.731925054711404,0.));
#3409=DIRECTION('',(0.,0.,-1.));
#3410=DIRECTION('',(0.,0.,1.));
#3411=DIRECTION('center_axis',(1.,0.,0.));
#3412=DIRECTION('ref_axis',(0.,1.,0.));
#3413=DIRECTION('center_axis',(0.,0.,1.));
#3414=DIRECTION('ref_axis',(0.880478635175992,-0.474085828725793,0.));
#3415=DIRECTION('',(0.,0.,-1.));
#3416=DIRECTION('center_axis',(0.,0.,1.));
#3417=DIRECTION('ref_axis',(-0.52051760426961,0.853850937602944,0.));
#3418=DIRECTION('',(0.,0.,1.));
#3419=DIRECTION('center_axis',(0.,0.,1.));
#3420=DIRECTION('ref_axis',(0.474085828725793,-0.880478635175992,0.));
#3421=DIRECTION('',(0.,0.,-1.));
#3422=DIRECTION('center_axis',(-8.88178419700125E-16,-1.,0.));
#3423=DIRECTION('ref_axis',(1.,-8.88178419700125E-16,0.));
#3424=DIRECTION('center_axis',(0.,0.,1.));
#3425=DIRECTION('ref_axis',(-0.731925054711404,-0.681385143869243,0.));
#3426=DIRECTION('',(0.,0.,-1.));
#3427=DIRECTION('center_axis',(0.,0.,1.));
#3428=DIRECTION('ref_axis',(0.880478635175992,0.474085828725793,0.));
#3429=DIRECTION('center_axis',(1.,0.,0.));
#3430=DIRECTION('ref_axis',(0.,1.,0.));
#3431=DIRECTION('',(0.,0.,1.));
#3432=DIRECTION('center_axis',(0.,0.,1.));
#3433=DIRECTION('ref_axis',(0.681385143869242,-0.731925054711404,0.));
#3434=DIRECTION('',(0.,0.,-1.));
#3435=DIRECTION('center_axis',(0.,0.,1.));
#3436=DIRECTION('ref_axis',(0.731925054711404,-0.681385143869243,0.));
#3437=DIRECTION('',(0.,0.,1.));
#3438=DIRECTION('center_axis',(0.,-1.,0.));
#3439=DIRECTION('ref_axis',(1.,0.,0.));
#3440=DIRECTION('',(0.,0.,1.));
#3441=DIRECTION('center_axis',(0.,0.,1.));
#3442=DIRECTION('ref_axis',(-0.474085828725789,-0.880478635175994,0.));
#3443=DIRECTION('',(0.,0.,-1.));
#3444=DIRECTION('center_axis',(0.,0.,1.));
#3445=DIRECTION('ref_axis',(0.853850937602943,0.520517604269611,0.));
#3446=DIRECTION('',(0.,0.,1.));
#3447=DIRECTION('center_axis',(0.,0.,1.));
#3448=DIRECTION('ref_axis',(-0.681385143869242,0.731925054711404,0.));
#3449=DIRECTION('',(0.,0.,-1.));
#3450=DIRECTION('center_axis',(0.,0.,-1.));
#3451=DIRECTION('ref_axis',(0.,1.,0.));
#3452=DIRECTION('',(0.,0.,-1.));
#3453=DIRECTION('',(0.,0.,-1.));
#3454=DIRECTION('center_axis',(0.,0.,1.));
#3455=DIRECTION('ref_axis',(-0.880478635175992,-0.474085828725793,0.));
#3456=DIRECTION('center_axis',(0.,0.,1.));
#3457=DIRECTION('ref_axis',(-0.880478635175992,0.474085828725793,0.));
#3458=DIRECTION('',(0.,0.,-1.));
#3459=DIRECTION('center_axis',(-1.,0.,0.));
#3460=DIRECTION('ref_axis',(0.,-1.,0.));
#3461=DIRECTION('',(0.,0.,-1.));
#3462=DIRECTION('center_axis',(0.,0.,1.));
#3463=DIRECTION('ref_axis',(-0.474085828725789,0.880478635175994,0.));
#3464=DIRECTION('',(0.,0.,-1.));
#3465=DIRECTION('',(0.,0.,1.));
#3466=DIRECTION('center_axis',(0.,0.,1.));
#3467=DIRECTION('ref_axis',(0.520517604269609,-0.853850937602944,0.));
#3468=DIRECTION('center_axis',(0.,0.,1.));
#3469=DIRECTION('ref_axis',(0.731925054711404,0.681385143869243,0.));
#3470=DIRECTION('',(0.,0.,-1.));
#3471=DIRECTION('center_axis',(0.,1.,0.));
#3472=DIRECTION('ref_axis',(-1.,0.,0.));
#3473=DIRECTION('center_axis',(0.,0.,1.));
#3474=DIRECTION('ref_axis',(-0.681385143869242,-0.731925054711404,0.));
#3475=DIRECTION('',(0.,0.,1.));
#3476=DIRECTION('center_axis',(0.,0.,-1.));
#3477=DIRECTION('ref_axis',(1.,0.,0.));
#3478=DIRECTION('',(0.,0.,-1.));
#3479=DIRECTION('',(0.,0.,-1.));
#3480=DIRECTION('center_axis',(0.,0.,1.));
#3481=DIRECTION('ref_axis',(1.,0.,0.));
#3482=DIRECTION('',(0.,0.,1.));
#3483=DIRECTION('center_axis',(0.,0.,1.));
#3484=DIRECTION('ref_axis',(1.,0.,0.));
#3485=DIRECTION('center_axis',(0.,0.,-1.));
#3486=DIRECTION('ref_axis',(1.,0.,0.));
#3487=DIRECTION('center_axis',(0.,0.,-1.));
#3488=DIRECTION('ref_axis',(1.,0.,0.));
#3489=DIRECTION('center_axis',(0.,0.,1.));
#3490=DIRECTION('ref_axis',(1.,0.,0.));
#3491=DIRECTION('',(0.,0.,1.));
#3492=DIRECTION('center_axis',(0.,0.,1.));
#3493=DIRECTION('ref_axis',(1.,0.,0.));
#3494=DIRECTION('center_axis',(0.,0.,-1.));
#3495=DIRECTION('ref_axis',(1.,0.,0.));
#3496=DIRECTION('center_axis',(0.,0.,-1.));
#3497=DIRECTION('ref_axis',(1.,0.,0.));
#3498=DIRECTION('center_axis',(0.,0.,1.));
#3499=DIRECTION('ref_axis',(1.,0.,0.));
#3500=DIRECTION('',(0.,0.,1.));
#3501=DIRECTION('center_axis',(0.,0.,1.));
#3502=DIRECTION('ref_axis',(1.,0.,0.));
#3503=DIRECTION('center_axis',(0.,0.,-1.));
#3504=DIRECTION('ref_axis',(1.,0.,0.));
#3505=DIRECTION('center_axis',(0.,0.,-1.));
#3506=DIRECTION('ref_axis',(1.,0.,0.));
#3507=DIRECTION('center_axis',(0.,0.,1.));
#3508=DIRECTION('ref_axis',(1.,0.,0.));
#3509=DIRECTION('',(0.,0.,1.));
#3510=DIRECTION('center_axis',(0.,0.,1.));
#3511=DIRECTION('ref_axis',(1.,0.,0.));
#3512=DIRECTION('center_axis',(0.,0.,-1.));
#3513=DIRECTION('ref_axis',(1.,0.,0.));
#3514=DIRECTION('center_axis',(0.,0.,-1.));
#3515=DIRECTION('ref_axis',(1.,0.,0.));
#3516=DIRECTION('center_axis',(0.,0.,1.));
#3517=DIRECTION('ref_axis',(1.,0.,0.));
#3518=DIRECTION('',(0.,0.,1.));
#3519=DIRECTION('center_axis',(0.,0.,1.));
#3520=DIRECTION('ref_axis',(1.,0.,0.));
#3521=DIRECTION('center_axis',(0.,0.,-1.));
#3522=DIRECTION('ref_axis',(1.,0.,0.));
#3523=DIRECTION('center_axis',(0.,0.,-1.));
#3524=DIRECTION('ref_axis',(1.,0.,0.));
#3525=DIRECTION('center_axis',(0.,0.,1.));
#3526=DIRECTION('ref_axis',(1.,0.,0.));
#3527=DIRECTION('',(0.,0.,1.));
#3528=DIRECTION('center_axis',(0.,0.,1.));
#3529=DIRECTION('ref_axis',(1.,0.,0.));
#3530=DIRECTION('',(0.,0.,1.));
#3531=DIRECTION('center_axis',(0.,0.,1.));
#3532=DIRECTION('ref_axis',(1.,0.,0.));
#3533=DIRECTION('',(0.,0.,1.));
#3534=DIRECTION('center_axis',(0.,0.,1.));
#3535=DIRECTION('ref_axis',(1.,0.,0.));
#3536=DIRECTION('',(0.,0.,1.));
#3537=DIRECTION('center_axis',(0.,0.,1.));
#3538=DIRECTION('ref_axis',(1.,0.,0.));
#3539=DIRECTION('',(0.,0.,1.));
#3540=DIRECTION('center_axis',(-1.,0.,0.));
#3541=DIRECTION('ref_axis',(0.,-0.622900831007423,-0.782300808340539));
#3542=DIRECTION('center_axis',(-1.,0.,0.));
#3543=DIRECTION('ref_axis',(0.,-0.622900831007423,-0.782300808340539));
#3544=DIRECTION('center_axis',(-1.,0.,0.));
#3545=DIRECTION('ref_axis',(0.,-0.622900831007423,-0.782300808340539));
#3546=DIRECTION('center_axis',(1.,0.,0.));
#3547=DIRECTION('ref_axis',(0.,1.,0.));
#3548=DIRECTION('center_axis',(1.,0.,0.));
#3549=DIRECTION('ref_axis',(0.,-1.,0.));
#3550=DIRECTION('center_axis',(0.,0.,-1.));
#3551=DIRECTION('ref_axis',(-1.,0.,0.));
#3552=DIRECTION('',(0.,0.,-1.));
#3553=DIRECTION('',(0.,0.,-1.));
#3554=DIRECTION('center_axis',(-1.,0.,0.));
#3555=DIRECTION('ref_axis',(0.,1.,0.));
#3556=DIRECTION('',(0.,0.,-1.));
#3557=DIRECTION('center_axis',(0.,0.,-1.));
#3558=DIRECTION('ref_axis',(0.,-1.,0.));
#3559=DIRECTION('',(0.,0.,-1.));
#3560=DIRECTION('center_axis',(0.,-1.,0.));
#3561=DIRECTION('ref_axis',(-1.,0.,0.));
#3562=DIRECTION('center_axis',(0.,1.,0.));
#3563=DIRECTION('ref_axis',(1.,0.,0.));
#3564=CARTESIAN_POINT('',(0.,0.,0.));
#3565=CARTESIAN_POINT('Origin',(84.3700006484985,42.1999999999998,30.));
#3566=CARTESIAN_POINT('',(84.3700006484985,42.1999999999998,30.));
#3567=CARTESIAN_POINT('',(84.4700006484985,42.1999999999999,28.));
#3568=CARTESIAN_POINT('',(84.3700006484985,42.1999999999998,30.));
#3569=CARTESIAN_POINT('',(84.3700006484985,29.7299999999998,30.));
#3570=CARTESIAN_POINT('',(84.3700006484985,-0.891060010942368,30.));
#3571=CARTESIAN_POINT('',(84.4700006484985,29.7299999999998,28.));
#3572=CARTESIAN_POINT('',(84.3700006484985,29.7299999999998,30.));
#3573=CARTESIAN_POINT('',(84.4700006484985,42.1999999999998,28.));
#3574=CARTESIAN_POINT('Origin',(86.6700006484985,42.1999999999998,28.));
#3575=CARTESIAN_POINT('',(86.7700006484985,42.1999999999998,30.));
#3576=CARTESIAN_POINT('',(86.6700006484985,42.1999999999999,28.));
#3577=CARTESIAN_POINT('',(86.7700006484985,42.1999999999998,30.));
#3578=CARTESIAN_POINT('',(86.6700006484985,29.7299999999998,28.));
#3579=CARTESIAN_POINT('',(86.6700006484985,42.1999999999998,28.));
#3580=CARTESIAN_POINT('',(86.7700006484985,29.7299999999998,30.));
#3581=CARTESIAN_POINT('',(86.7700006484985,29.7299999999998,30.));
#3582=CARTESIAN_POINT('',(86.7700006484985,-0.891060010942368,30.));
#3583=CARTESIAN_POINT('Origin',(85.5700006484985,29.7299999999998,29.));
#3584=CARTESIAN_POINT('',(86.6700006484985,29.7299999999998,28.));
#3585=CARTESIAN_POINT('',(20.793940313307,29.7299999999998,30.));
#3586=CARTESIAN_POINT('Origin',(86.7700006484985,-36.5000000000001,30.));
#3587=CARTESIAN_POINT('',(86.7700006484985,-36.5000000000001,30.));
#3588=CARTESIAN_POINT('',(86.6700006484985,-36.5000000000001,28.));
#3589=CARTESIAN_POINT('',(86.7700006484985,-36.5000000000001,30.));
#3590=CARTESIAN_POINT('',(86.7700006484985,-26.0500000000001,30.));
#3591=CARTESIAN_POINT('',(86.7700006484984,-40.2410600109423,30.));
#3592=CARTESIAN_POINT('',(86.6700006484985,-26.0500000000001,28.));
#3593=CARTESIAN_POINT('',(86.7700006484985,-26.0500000000001,30.));
#3594=CARTESIAN_POINT('',(86.6700006484985,-36.5000000000001,28.));
#3595=CARTESIAN_POINT('Origin',(84.4700006484985,-36.5000000000001,28.));
#3596=CARTESIAN_POINT('',(84.3700006484985,-36.5000000000001,30.));
#3597=CARTESIAN_POINT('',(84.4700006484985,-36.5000000000001,28.));
#3598=CARTESIAN_POINT('',(84.3700006484985,-36.5000000000001,30.));
#3599=CARTESIAN_POINT('',(84.4700006484985,-26.0500000000001,28.));
#3600=CARTESIAN_POINT('',(84.4700006484985,-36.5000000000001,28.));
#3601=CARTESIAN_POINT('',(84.3700006484985,-26.0500000000001,30.));
#3602=CARTESIAN_POINT('',(84.3700006484985,-26.0500000000001,30.));
#3603=CARTESIAN_POINT('',(84.3700006484985,-40.2410600109423,30.));
#3604=CARTESIAN_POINT('Origin',(85.5700006484985,-26.0500000000001,29.));
#3605=CARTESIAN_POINT('',(84.4700006484985,-26.0500000000001,28.));
#3606=CARTESIAN_POINT('',(20.793940313307,-26.0500000000001,30.));
#3607=CARTESIAN_POINT('Origin',(-62.2299993515015,15.3499999999999,30.));
#3608=CARTESIAN_POINT('',(-62.2299993515015,15.3499999999999,30.));
#3609=CARTESIAN_POINT('',(-53.2299993515015,15.3499999999999,30.));
#3610=CARTESIAN_POINT('',(-53.106059686693,15.3499999999999,30.));
#3611=CARTESIAN_POINT('',(-62.2299993515015,15.3499999999999,20.));
#3612=CARTESIAN_POINT('',(-62.2299993515015,15.3499999999999,30.));
#3613=CARTESIAN_POINT('',(-53.2299993515015,15.3499999999999,20.));
#3614=CARTESIAN_POINT('',(-53.106059686693,15.3499999999999,20.));
#3615=CARTESIAN_POINT('',(-53.2299993515015,15.3499999999999,30.));
#3616=CARTESIAN_POINT('Origin',(-62.2299993515015,12.3499999999999,30.));
#3617=CARTESIAN_POINT('',(-65.2299993515015,12.3499999999999,30.));
#3618=CARTESIAN_POINT('Origin',(-62.2299993515015,12.3499999999999,30.));
#3619=CARTESIAN_POINT('',(-65.2299993515015,12.3499999999999,20.));
#3620=CARTESIAN_POINT('',(-65.2299993515015,12.3499999999999,30.));
#3621=CARTESIAN_POINT('Origin',(-62.2299993515015,12.3499999999999,20.));
#3622=CARTESIAN_POINT('Origin',(-65.2299993515015,-6.65000000000009,30.));
#3623=CARTESIAN_POINT('',(-65.2299993515015,-6.65000000000009,30.));
#3624=CARTESIAN_POINT('',(-65.2299993515015,-25.3160600109423,30.));
#3625=CARTESIAN_POINT('',(-65.2299993515015,-6.65000000000009,20.));
#3626=CARTESIAN_POINT('',(-65.2299993515015,-6.65000000000009,30.));
#3627=CARTESIAN_POINT('',(-65.2299993515015,-25.3160600109423,20.));
#3628=CARTESIAN_POINT('Origin',(-62.2299993515015,-6.65000000000009,30.));
#3629=CARTESIAN_POINT('',(-62.2299993515015,-9.6500000000001,30.));
#3630=CARTESIAN_POINT('Origin',(-62.2299993515015,-6.65000000000009,30.));
#3631=CARTESIAN_POINT('',(-62.2299993515015,-9.6500000000001,20.));
#3632=CARTESIAN_POINT('',(-62.2299993515015,-9.6500000000001,30.));
#3633=CARTESIAN_POINT('Origin',(-62.2299993515015,-6.65000000000009,20.));
#3634=CARTESIAN_POINT('Origin',(-53.2299993515015,-9.6500000000001,30.));
#3635=CARTESIAN_POINT('',(-53.2299993515015,-9.6500000000001,30.));
#3636=CARTESIAN_POINT('',(-48.606059686693,-9.6500000000001,30.));
#3637=CARTESIAN_POINT('',(-53.2299993515015,-9.6500000000001,20.));
#3638=CARTESIAN_POINT('',(-53.2299993515015,-9.6500000000001,30.));
#3639=CARTESIAN_POINT('',(-48.606059686693,-9.6500000000001,20.));
#3640=CARTESIAN_POINT('Origin',(-53.2299993515015,-6.65000000000009,30.));
#3641=CARTESIAN_POINT('',(-50.2299993515015,-6.65000000000009,30.));
#3642=CARTESIAN_POINT('Origin',(-53.2299993515015,-6.65000000000009,30.));
#3643=CARTESIAN_POINT('',(-50.2299993515015,-6.65000000000009,20.));
#3644=CARTESIAN_POINT('',(-50.2299993515015,-6.65000000000009,30.));
#3645=CARTESIAN_POINT('Origin',(-53.2299993515015,-6.65000000000009,20.));
#3646=CARTESIAN_POINT('Origin',(-50.2299993515015,12.3499999999999,30.));
#3647=CARTESIAN_POINT('',(-50.2299993515015,12.3499999999999,30.));
#3648=CARTESIAN_POINT('',(-50.2299993515015,-15.8160600109423,30.));
#3649=CARTESIAN_POINT('',(-50.2299993515015,12.3499999999999,20.));
#3650=CARTESIAN_POINT('',(-50.2299993515015,12.3499999999999,30.));
#3651=CARTESIAN_POINT('',(-50.2299993515015,-15.8160600109423,20.));
#3652=CARTESIAN_POINT('Origin',(-53.2299993515015,12.3499999999999,30.));
#3653=CARTESIAN_POINT('Origin',(-53.2299993515015,12.3499999999999,30.));
#3654=CARTESIAN_POINT('Origin',(-53.2299993515015,12.3499999999999,20.));
#3655=CARTESIAN_POINT('Origin',(-32.9299993515015,42.8499999999999,20.1));
#3656=CARTESIAN_POINT('',(-35.3299993515015,42.8499999999999,20.));
#3657=CARTESIAN_POINT('Origin',(-32.9299993515015,42.8499999999999,20.));
#3658=CARTESIAN_POINT('',(-35.1299993515015,42.8499999999999,20.2));
#3659=CARTESIAN_POINT('',(-35.2299993515015,42.8499999999999,20.1));
#3660=CARTESIAN_POINT('Origin',(-32.9299993515015,42.8499999999999,20.2));
#3661=CARTESIAN_POINT('Origin',(-43.9821200218845,-43.9821200218846,20.));
#3662=CARTESIAN_POINT('',(-70.4299993515015,57.1999999999999,20.));
#3663=CARTESIAN_POINT('',(74.5700006484985,57.1999999999999,20.));
#3664=CARTESIAN_POINT('',(-36.5,57.1999999999999,20.));
#3665=CARTESIAN_POINT('',(89.5700006484985,42.1999999999999,20.));
#3666=CARTESIAN_POINT('Origin',(74.5700006484985,42.1999999999999,20.));
#3667=CARTESIAN_POINT('',(89.5700006484985,-36.5000000000001,20.));
#3668=CARTESIAN_POINT('',(89.5700006484985,42.1999999999999,20.));
#3669=CARTESIAN_POINT('',(74.5700006484985,-51.5000000000001,20.));
#3670=CARTESIAN_POINT('Origin',(74.5700006484985,-36.5000000000001,20.));
#3671=CARTESIAN_POINT('',(-70.4299993515015,-51.5000000000001,20.));
#3672=CARTESIAN_POINT('',(74.5700006484985,-51.5000000000001,20.));
#3673=CARTESIAN_POINT('',(-85.4299993515015,-36.5000000000001,20.));
#3674=CARTESIAN_POINT('Origin',(-70.4299993515015,-36.5000000000001,20.));
#3675=CARTESIAN_POINT('',(-85.4299993515015,42.1999999999999,20.));
#3676=CARTESIAN_POINT('',(-85.4299993515015,42.1999999999999,20.));
#3677=CARTESIAN_POINT('Origin',(-70.4299993515015,42.1999999999999,20.));
#3678=CARTESIAN_POINT('',(34.6700006484985,42.8499999999999,20.));
#3679=CARTESIAN_POINT('Origin',(37.0700006484985,42.8499999999999,20.));
#3680=CARTESIAN_POINT('',(34.6700006484985,-37.1500000000001,20.));
#3681=CARTESIAN_POINT('Origin',(37.0700006484985,-37.1500000000001,20.));
#3682=CARTESIAN_POINT('',(47.1700933984312,-7.65000000137214,20.));
#3683=CARTESIAN_POINT('Origin',(50.4200933984312,-7.65000000137214,20.));
#3684=CARTESIAN_POINT('',(47.1700933984312,13.3499999986279,20.));
#3685=CARTESIAN_POINT('Origin',(50.4200933984312,13.3499999986279,20.));
#3686=CARTESIAN_POINT('',(15.670093398431,2.84999999862789,20.));
#3687=CARTESIAN_POINT('Origin',(18.920093398431,2.84999999862789,20.));
#3688=CARTESIAN_POINT('',(73.85,24.13955024,20.));
#3689=CARTESIAN_POINT('Origin',(78.,24.13955024,20.));
#3690=CARTESIAN_POINT('',(73.85,-20.46044976,20.));
#3691=CARTESIAN_POINT('Origin',(78.,-20.46044976,20.));
#3692=CARTESIAN_POINT('',(-35.3299993515015,-37.1500000000001,20.));
#3693=CARTESIAN_POINT('Origin',(-32.9299993515015,-37.1500000000001,20.));
#3694=CARTESIAN_POINT('Origin',(-32.9299993515015,42.8499999999999,20.));
#3695=CARTESIAN_POINT('',(-35.1299993515015,42.8499999999999,30.));
#3696=CARTESIAN_POINT('',(-35.1299993515015,42.8499999999999,20.));
#3697=CARTESIAN_POINT('Origin',(-32.9299993515015,42.8499999999999,30.));
#3698=CARTESIAN_POINT('Origin',(37.0700006484985,42.8499999999999,20.1));
#3699=CARTESIAN_POINT('',(34.8700006484985,42.8499999999999,20.2));
#3700=CARTESIAN_POINT('',(34.7700006484985,42.8499999999999,20.1));
#3701=CARTESIAN_POINT('Origin',(37.0700006484985,42.8499999999999,20.2));
#3702=CARTESIAN_POINT('Origin',(37.0700006484985,42.8499999999999,20.));
#3703=CARTESIAN_POINT('',(34.8700006484985,42.8499999999999,30.));
#3704=CARTESIAN_POINT('',(34.8700006484985,42.8499999999999,20.));
#3705=CARTESIAN_POINT('Origin',(37.0700006484985,42.8499999999999,30.));
#3706=CARTESIAN_POINT('Origin',(-32.9299993515015,-37.1500000000001,20.1));
#3707=CARTESIAN_POINT('',(-35.1299993515015,-37.1500000000001,20.2));
#3708=CARTESIAN_POINT('',(-35.2299993515015,-37.1500000000001,20.1));
#3709=CARTESIAN_POINT('Origin',(-32.9299993515015,-37.1500000000001,20.2));
#3710=CARTESIAN_POINT('Origin',(-32.9299993515015,-37.1500000000001,20.));
#3711=CARTESIAN_POINT('',(-35.1299993515015,-37.1500000000001,30.));
#3712=CARTESIAN_POINT('',(-35.1299993515015,-37.1500000000001,20.));
#3713=CARTESIAN_POINT('Origin',(-32.9299993515015,-37.1500000000001,30.));
#3714=CARTESIAN_POINT('Origin',(37.0700006484985,-37.1500000000001,20.1));
#3715=CARTESIAN_POINT('',(34.8700006484985,-37.1500000000001,20.2));
#3716=CARTESIAN_POINT('',(34.7700006484985,-37.1500000000001,20.1));
#3717=CARTESIAN_POINT('Origin',(37.0700006484985,-37.1500000000001,20.2));
#3718=CARTESIAN_POINT('Origin',(37.0700006484985,-37.1500000000001,20.));
#3719=CARTESIAN_POINT('',(34.8700006484985,-37.1500000000001,30.));
#3720=CARTESIAN_POINT('',(34.8700006484985,-37.1500000000001,20.));
#3721=CARTESIAN_POINT('Origin',(37.0700006484985,-37.1500000000001,30.));
#3722=CARTESIAN_POINT('Origin',(-82.5299993515015,-36.5000000000001,28.));
#3723=CARTESIAN_POINT('',(-82.5299993515015,42.1999999999999,28.));
#3724=CARTESIAN_POINT('',(-82.6299993515015,42.1999999999999,30.));
#3725=CARTESIAN_POINT('',(-82.5535654362896,42.1999999999999,28.4713216957606));
#3726=CARTESIAN_POINT('',(-82.6299993515015,-36.5000000000001,30.));
#3727=CARTESIAN_POINT('',(-82.6299993515015,-40.2410600109423,30.));
#3728=CARTESIAN_POINT('',(-82.5299993515015,-36.5000000000001,28.));
#3729=CARTESIAN_POINT('',(-82.6299993515015,-36.5000000000001,30.));
#3730=CARTESIAN_POINT('',(-82.5299993515015,-36.5000000000001,28.));
#3731=CARTESIAN_POINT('Origin',(-80.2299993515015,-36.5000000000001,30.));
#3732=CARTESIAN_POINT('',(-80.2299993515015,42.1999999999999,30.));
#3733=CARTESIAN_POINT('',(-80.3299993515015,42.1999999999999,28.));
#3734=CARTESIAN_POINT('',(-80.2564332667135,42.1999999999999,29.4713216957606));
#3735=CARTESIAN_POINT('',(-80.3299993515015,-36.5000000000001,28.));
#3736=CARTESIAN_POINT('',(-80.3299993515015,-36.5000000000001,28.));
#3737=CARTESIAN_POINT('',(-80.2299993515015,-36.5000000000001,30.));
#3738=CARTESIAN_POINT('',(-80.2299993515015,-36.5000000000001,30.));
#3739=CARTESIAN_POINT('',(-80.2299993515015,-40.2410600109423,30.));
#3740=CARTESIAN_POINT('Origin',(-43.9821200218845,-43.9821200218846,30.));
#3741=CARTESIAN_POINT('',(80.1197547743028,42.1999999999999,30.));
#3742=CARTESIAN_POINT('',(17.793940313307,42.1999999999999,30.));
#3743=CARTESIAN_POINT('',(79.2849098874373,42.6495147459971,30.));
#3744=CARTESIAN_POINT('Origin',(80.1197547743028,43.1999999999999,30.));
#3745=CARTESIAN_POINT('',(75.0195153944957,46.9149092389387,30.));
#3746=CARTESIAN_POINT('Origin',(66.7622365844543,34.3922359359557,30.));
#3747=CARTESIAN_POINT('',(74.5700006484985,47.7497541258042,30.));
#3748=CARTESIAN_POINT('Origin',(75.5700006484985,47.7497541258042,30.));
#3749=CARTESIAN_POINT('',(74.5700006484985,51.9999999999999,30.));
#3750=CARTESIAN_POINT('',(74.5700006484985,6.60893998905767,30.));
#3751=CARTESIAN_POINT('',(-70.4299993515015,51.9999999999999,30.));
#3752=CARTESIAN_POINT('',(-57.206059686693,51.9999999999999,30.));
#3753=CARTESIAN_POINT('',(-70.4299993515015,47.7497541258042,30.));
#3754=CARTESIAN_POINT('',(-70.4299993515015,1.60893998905767,30.));
#3755=CARTESIAN_POINT('',(-70.8795140974988,46.9149092389387,30.));
#3756=CARTESIAN_POINT('Origin',(-71.4299993515015,47.7497541258042,30.));
#3757=CARTESIAN_POINT('',(-75.1449085904403,42.6495147459971,30.));
#3758=CARTESIAN_POINT('Origin',(-62.6222352874574,34.3922359359558,30.));
#3759=CARTESIAN_POINT('',(-75.9797534773058,42.1999999999999,30.));
#3760=CARTESIAN_POINT('Origin',(-75.9797534773058,43.1999999999999,30.));
#3761=CARTESIAN_POINT('',(-64.706059686693,42.1999999999999,30.));
#3762=CARTESIAN_POINT('',(-75.9797534773058,-36.5000000000001,30.));
#3763=CARTESIAN_POINT('',(-59.706059686693,-36.5000000000001,30.));
#3764=CARTESIAN_POINT('',(-75.1449085904403,-36.9495147459973,30.));
#3765=CARTESIAN_POINT('Origin',(-75.9797534773058,-37.5000000000001,30.));
#3766=CARTESIAN_POINT('',(-70.8795140974988,-41.2149092389389,30.));
#3767=CARTESIAN_POINT('Origin',(-62.6222352874574,-28.6922359359559,30.));
#3768=CARTESIAN_POINT('',(-70.4299993515015,-42.0497541258044,30.));
#3769=CARTESIAN_POINT('Origin',(-71.4299993515015,-42.0497541258044,30.));
#3770=CARTESIAN_POINT('',(-70.4299993515015,-46.3000000000001,30.));
#3771=CARTESIAN_POINT('',(-70.4299993515015,-47.7410600109423,30.));
#3772=CARTESIAN_POINT('',(74.5700006484985,-46.3000000000001,30.));
#3773=CARTESIAN_POINT('',(-57.206059686693,-46.3000000000001,30.));
#3774=CARTESIAN_POINT('',(74.5700006484985,-42.0497541258044,30.));
#3775=CARTESIAN_POINT('',(74.5700006484985,-42.7410600109423,30.));
#3776=CARTESIAN_POINT('',(75.0195153944957,-41.2149092389389,30.));
#3777=CARTESIAN_POINT('Origin',(75.5700006484985,-42.0497541258044,30.));
#3778=CARTESIAN_POINT('',(79.2849098874373,-36.9495147459973,30.));
#3779=CARTESIAN_POINT('Origin',(66.7622365844543,-28.6922359359559,30.));
#3780=CARTESIAN_POINT('',(80.1197547743028,-36.5000000000001,30.));
#3781=CARTESIAN_POINT('Origin',(80.1197547743028,-37.5000000000001,30.));
#3782=CARTESIAN_POINT('',(22.793940313307,-36.5000000000001,30.));
#3783=CARTESIAN_POINT('',(88.5342406922674,-36.5000000000001,30.));
#3784=CARTESIAN_POINT('',(22.793940313307,-36.5000000000001,30.));
#3785=CARTESIAN_POINT('',(89.5316864096795,-37.5714285714287,30.));
#3786=CARTESIAN_POINT('Origin',(88.5342406922674,-37.5000000000001,30.));
#3787=CARTESIAN_POINT('',(89.5700006484985,-36.5000000000001,30.));
#3788=CARTESIAN_POINT('Origin',(74.5700006484985,-36.5000000000001,30.));
#3789=CARTESIAN_POINT('',(89.5700006484985,-9.55133858013306,30.));
#3790=CARTESIAN_POINT('',(89.5700006484985,42.1999999999999,30.));
#3791=CARTESIAN_POINT('',(59.5700006484985,-9.55133858013306,30.));
#3792=CARTESIAN_POINT('',(89.5700006484985,-9.55133858013306,30.));
#3793=CARTESIAN_POINT('',(59.5700006484985,13.231268709814,30.));
#3794=CARTESIAN_POINT('',(59.5700006484985,-19.7156102509423,30.));
#3795=CARTESIAN_POINT('',(89.5700006484985,13.231268709814,30.));
#3796=CARTESIAN_POINT('',(89.5700006484985,13.231268709814,30.));
#3797=CARTESIAN_POINT('',(89.5700006484985,42.1999999999999,30.));
#3798=CARTESIAN_POINT('',(89.5700006484985,42.1999999999999,30.));
#3799=CARTESIAN_POINT('',(89.5316864096795,43.2714285714285,30.));
#3800=CARTESIAN_POINT('Origin',(74.5700006484985,42.1999999999999,30.));
#3801=CARTESIAN_POINT('',(88.5342406922674,42.1999999999999,30.));
#3802=CARTESIAN_POINT('Origin',(88.5342406922674,43.1999999999999,30.));
#3803=CARTESIAN_POINT('',(17.793940313307,42.1999999999999,30.));
#3804=CARTESIAN_POINT('',(75.65,24.13955024,30.));
#3805=CARTESIAN_POINT('Origin',(78.,24.13955024,30.));
#3806=CARTESIAN_POINT('',(48.6200933984312,13.3499999986279,30.));
#3807=CARTESIAN_POINT('Origin',(50.4200933984312,13.3499999986279,30.));
#3808=CARTESIAN_POINT('',(75.65,-20.46044976,30.));
#3809=CARTESIAN_POINT('Origin',(78.,-20.46044976,30.));
#3810=CARTESIAN_POINT('',(48.6200933984312,-7.65000000137214,30.));
#3811=CARTESIAN_POINT('Origin',(50.4200933984312,-7.65000000137214,30.));
#3812=CARTESIAN_POINT('',(17.120093398431,2.84999999862789,30.));
#3813=CARTESIAN_POINT('Origin',(18.920093398431,2.84999999862789,30.));
#3814=CARTESIAN_POINT('Origin',(-43.9821200218845,-43.9821200218846,30.));
#3815=CARTESIAN_POINT('',(-84.3942393952705,42.1999999999999,30.));
#3816=CARTESIAN_POINT('',(-64.706059686693,42.1999999999999,30.));
#3817=CARTESIAN_POINT('',(-85.3916851126826,43.2714285714285,30.));
#3818=CARTESIAN_POINT('Origin',(-84.3942393952705,43.1999999999999,30.));
#3819=CARTESIAN_POINT('',(-85.4299993515015,42.1999999999999,30.));
#3820=CARTESIAN_POINT('Origin',(-70.4299993515015,42.1999999999999,30.));
#3821=CARTESIAN_POINT('',(-85.4299993515015,-36.5000000000001,30.));
#3822=CARTESIAN_POINT('',(-85.4299993515015,42.1999999999999,30.));
#3823=CARTESIAN_POINT('',(-85.3916851126826,-37.5714285714287,30.));
#3824=CARTESIAN_POINT('Origin',(-70.4299993515015,-36.5000000000001,30.));
#3825=CARTESIAN_POINT('',(-84.3942393952705,-36.5000000000001,30.));
#3826=CARTESIAN_POINT('Origin',(-84.3942393952705,-37.5000000000001,30.));
#3827=CARTESIAN_POINT('',(-59.706059686693,-36.5000000000001,30.));
#3828=CARTESIAN_POINT('Origin',(-70.4299993515015,-46.4000000000001,28.));
#3829=CARTESIAN_POINT('',(74.5700006484985,-46.4000000000001,28.));
#3830=CARTESIAN_POINT('',(74.5700006484985,-46.3136533665837,29.7269326683292));
#3831=CARTESIAN_POINT('',(-70.4299993515015,-46.4000000000001,28.));
#3832=CARTESIAN_POINT('',(-70.4299993515015,-46.3000000000001,30.));
#3833=CARTESIAN_POINT('',(-70.4299993515015,-46.4000000000001,28.));
#3834=CARTESIAN_POINT('Origin',(-70.4299993515015,-48.7000000000001,30.));
#3835=CARTESIAN_POINT('',(74.5700006484985,-48.7000000000001,30.));
#3836=CARTESIAN_POINT('',(74.5700006484985,-48.6000000000001,28.));
#3837=CARTESIAN_POINT('',(74.5700006484985,-48.6107855361597,28.215710723192));
#3838=CARTESIAN_POINT('',(-70.4299993515015,-48.6000000000001,28.));
#3839=CARTESIAN_POINT('',(-70.4299993515015,-48.6000000000001,28.));
#3840=CARTESIAN_POINT('',(-70.4299993515015,-48.7000000000001,30.));
#3841=CARTESIAN_POINT('',(-70.4299993515015,-48.7000000000001,30.));
#3842=CARTESIAN_POINT('',(-57.206059686693,-48.7000000000001,30.));
#3843=CARTESIAN_POINT('Origin',(-70.4299993515015,54.2999999999999,28.));
#3844=CARTESIAN_POINT('',(74.5700006484985,54.2999999999999,28.));
#3845=CARTESIAN_POINT('',(74.5700006484985,54.3999999999999,30.));
#3846=CARTESIAN_POINT('',(74.5700006484985,54.2607855361595,27.2157107231921));
#3847=CARTESIAN_POINT('',(-70.4299993515015,54.3999999999999,30.));
#3848=CARTESIAN_POINT('',(-57.206059686693,54.3999999999999,30.));
#3849=CARTESIAN_POINT('',(-70.4299993515015,54.2999999999999,28.));
#3850=CARTESIAN_POINT('',(-70.4299993515015,54.3999999999999,30.));
#3851=CARTESIAN_POINT('',(-70.4299993515015,54.2999999999999,28.));
#3852=CARTESIAN_POINT('Origin',(-70.4299993515015,51.9999999999999,30.));
#3853=CARTESIAN_POINT('',(74.5700006484985,52.0999999999999,28.));
#3854=CARTESIAN_POINT('',(74.5700006484985,51.9636533665834,30.7269326683291));
#3855=CARTESIAN_POINT('',(-70.4299993515015,52.0999999999999,28.));
#3856=CARTESIAN_POINT('',(-70.4299993515015,52.0999999999999,28.));
#3857=CARTESIAN_POINT('',(-70.4299993515015,51.9999999999999,30.));
#3858=CARTESIAN_POINT('Origin',(-43.9821200218845,-43.9821200218846,30.));
#3859=CARTESIAN_POINT('',(74.5700006484985,56.1642400437688,30.));
#3860=CARTESIAN_POINT('',(74.5700006484985,6.60893998905767,30.));
#3861=CARTESIAN_POINT('',(75.641429219927,57.1616857611809,30.));
#3862=CARTESIAN_POINT('Origin',(75.5700006484985,56.1642400437688,30.));
#3863=CARTESIAN_POINT('',(74.5700006484985,57.1999999999999,30.));
#3864=CARTESIAN_POINT('Origin',(74.5700006484985,42.1999999999999,30.));
#3865=CARTESIAN_POINT('',(-70.4299993515015,57.1999999999999,30.));
#3866=CARTESIAN_POINT('',(-36.5,57.1999999999999,30.));
#3867=CARTESIAN_POINT('',(-71.5014279229301,57.1616857611809,30.));
#3868=CARTESIAN_POINT('Origin',(-70.4299993515015,42.1999999999999,30.));
#3869=CARTESIAN_POINT('',(-70.4299993515015,56.1642400437688,30.));
#3870=CARTESIAN_POINT('Origin',(-71.4299993515015,56.1642400437688,30.));
#3871=CARTESIAN_POINT('',(-70.4299993515015,1.60893998905767,30.));
#3872=CARTESIAN_POINT('Origin',(-43.9821200218845,-43.9821200218846,30.));
#3873=CARTESIAN_POINT('',(-70.4299993515015,-50.4642400437691,30.));
#3874=CARTESIAN_POINT('',(-70.4299993515015,-47.7410600109423,30.));
#3875=CARTESIAN_POINT('',(-71.5014279229301,-51.4616857611811,30.));
#3876=CARTESIAN_POINT('Origin',(-71.4299993515015,-50.4642400437691,30.));
#3877=CARTESIAN_POINT('',(-70.4299993515015,-51.5000000000001,30.));
#3878=CARTESIAN_POINT('Origin',(-70.4299993515015,-36.5000000000001,30.));
#3879=CARTESIAN_POINT('',(74.5700006484985,-51.5000000000001,30.));
#3880=CARTESIAN_POINT('',(74.5700006484985,-51.5000000000001,30.));
#3881=CARTESIAN_POINT('',(75.641429219927,-51.4616857611811,30.));
#3882=CARTESIAN_POINT('Origin',(74.5700006484985,-36.5000000000001,30.));
#3883=CARTESIAN_POINT('',(74.5700006484985,-50.4642400437691,30.));
#3884=CARTESIAN_POINT('Origin',(75.5700006484985,-50.4642400437691,30.));
#3885=CARTESIAN_POINT('',(74.5700006484985,-42.7410600109423,30.));
#3886=CARTESIAN_POINT('Origin',(-72.4299993515015,-46.4000000000001,90.));
#3887=CARTESIAN_POINT('',(-72.4299993515015,-46.4000000000001,90.));
#3888=CARTESIAN_POINT('',(-70.4299993515015,-46.4000000000001,90.));
#3889=CARTESIAN_POINT('',(-75.1799993515015,-46.4000000000001,90.));
#3890=CARTESIAN_POINT('',(-72.4299993515015,-46.4000000000001,28.));
#3891=CARTESIAN_POINT('',(-72.4299993515015,-46.4000000000001,90.));
#3892=CARTESIAN_POINT('',(-70.4299993515015,-46.4000000000001,28.));
#3893=CARTESIAN_POINT('',(-70.4299993515015,-46.4000000000001,90.));
#3894=CARTESIAN_POINT('Origin',(-72.4299993515015,-48.6000000000001,90.));
#3895=CARTESIAN_POINT('',(-72.4299993515015,-48.6000000000001,90.));
#3896=CARTESIAN_POINT('',(-72.4299993515015,-46.3000000000001,90.));
#3897=CARTESIAN_POINT('',(-72.4299993515015,-48.6000000000001,28.));
#3898=CARTESIAN_POINT('',(-72.4299993515015,-48.6000000000001,90.));
#3899=CARTESIAN_POINT('',(-72.4299993515015,-48.6000000000001,28.));
#3900=CARTESIAN_POINT('Origin',(-70.4299993515015,-48.6000000000001,90.));
#3901=CARTESIAN_POINT('',(-70.4299993515015,-48.6000000000001,90.));
#3902=CARTESIAN_POINT('',(-74.1799993515015,-48.6000000000001,90.));
#3903=CARTESIAN_POINT('',(-70.4299993515015,-48.6000000000001,60.));
#3904=CARTESIAN_POINT('',(-70.4299993515015,-48.6000000000001,28.));
#3905=CARTESIAN_POINT('Origin',(-71.4299993515015,-47.5000000000001,28.));
#3906=CARTESIAN_POINT('',(76.5700006484985,-48.6000000000001,28.));
#3907=CARTESIAN_POINT('',(74.5700006484985,-48.6000000000001,28.));
#3908=CARTESIAN_POINT('',(76.5700006484985,-46.4000000000001,28.));
#3909=CARTESIAN_POINT('',(76.5700006484985,-48.6000000000001,28.));
#3910=CARTESIAN_POINT('',(74.5700006484985,-46.4000000000001,28.));
#3911=CARTESIAN_POINT('Origin',(76.5700006484985,52.0999999999999,90.));
#3912=CARTESIAN_POINT('',(76.5700006484985,52.0999999999999,90.));
#3913=CARTESIAN_POINT('',(74.5700006484985,52.0999999999999,90.));
#3914=CARTESIAN_POINT('',(79.3200006484985,52.0999999999999,90.));
#3915=CARTESIAN_POINT('',(76.5700006484985,52.0999999999999,28.));
#3916=CARTESIAN_POINT('',(76.5700006484985,52.0999999999999,90.));
#3917=CARTESIAN_POINT('',(74.5700006484985,52.0999999999999,28.));
#3918=CARTESIAN_POINT('',(74.5700006484985,52.0999999999999,90.));
#3919=CARTESIAN_POINT('Origin',(76.5700006484985,54.2999999999999,90.));
#3920=CARTESIAN_POINT('',(76.5700006484985,54.2999999999999,90.));
#3921=CARTESIAN_POINT('',(76.5700006484985,51.9999999999999,90.));
#3922=CARTESIAN_POINT('',(76.5700006484985,54.2999999999999,28.));
#3923=CARTESIAN_POINT('',(76.5700006484985,54.2999999999999,90.));
#3924=CARTESIAN_POINT('',(76.5700006484985,54.2999999999999,28.));
#3925=CARTESIAN_POINT('Origin',(74.5700006484985,54.2999999999999,90.));
#3926=CARTESIAN_POINT('',(74.5700006484985,54.2999999999999,90.));
#3927=CARTESIAN_POINT('',(78.3200006484985,54.2999999999999,90.));
#3928=CARTESIAN_POINT('',(74.5700006484985,54.2999999999999,60.));
#3929=CARTESIAN_POINT('',(74.5700006484985,54.2999999999999,28.));
#3930=CARTESIAN_POINT('Origin',(75.5700006484985,53.1999999999999,28.));
#3931=CARTESIAN_POINT('',(-72.4299993515015,54.2999999999999,28.));
#3932=CARTESIAN_POINT('',(-70.4299993515015,54.2999999999999,28.));
#3933=CARTESIAN_POINT('',(-72.4299993515015,52.0999999999999,28.));
#3934=CARTESIAN_POINT('',(-72.4299993515015,54.2999999999999,28.));
#3935=CARTESIAN_POINT('',(-70.4299993515015,52.0999999999999,28.));
#3936=CARTESIAN_POINT('Origin',(-70.4299993515015,52.0999999999999,90.));
#3937=CARTESIAN_POINT('',(-70.4299993515015,52.0999999999999,90.));
#3938=CARTESIAN_POINT('',(-72.4299993515015,52.0999999999999,90.));
#3939=CARTESIAN_POINT('',(-74.1799993515015,52.0999999999999,90.));
#3940=CARTESIAN_POINT('',(-70.4299993515015,52.0999999999999,60.));
#3941=CARTESIAN_POINT('',(-72.4299993515015,52.0999999999999,90.));
#3942=CARTESIAN_POINT('Origin',(-72.4299993515015,54.2999999999999,90.));
#3943=CARTESIAN_POINT('',(-72.4299993515015,54.2999999999999,90.));
#3944=CARTESIAN_POINT('',(-70.4299993515015,54.2999999999999,90.));
#3945=CARTESIAN_POINT('',(-75.1799993515015,54.2999999999999,90.));
#3946=CARTESIAN_POINT('',(-72.4299993515015,54.2999999999999,90.));
#3947=CARTESIAN_POINT('',(-70.4299993515015,54.2999999999999,90.));
#3948=CARTESIAN_POINT('Origin',(-72.4299993515015,52.0999999999999,90.));
#3949=CARTESIAN_POINT('',(-72.4299993515015,50.8999999999999,90.));
#3950=CARTESIAN_POINT('Origin',(86.6700006484985,-38.5000000000001,90.));
#3951=CARTESIAN_POINT('',(86.6700006484985,-38.5000000000001,90.));
#3952=CARTESIAN_POINT('',(84.4700006484985,-38.5000000000001,90.));
#3953=CARTESIAN_POINT('',(84.3700006484985,-38.5000000000001,90.));
#3954=CARTESIAN_POINT('',(86.6700006484985,-38.5000000000001,28.));
#3955=CARTESIAN_POINT('',(86.6700006484985,-38.5000000000001,90.));
#3956=CARTESIAN_POINT('',(84.4700006484985,-38.5000000000001,28.));
#3957=CARTESIAN_POINT('',(84.4700006484985,-38.5000000000001,28.));
#3958=CARTESIAN_POINT('',(84.4700006484985,-38.5000000000001,90.));
#3959=CARTESIAN_POINT('Origin',(86.6700006484985,-36.5000000000001,90.));
#3960=CARTESIAN_POINT('',(86.6700006484985,-36.5000000000001,90.));
#3961=CARTESIAN_POINT('',(86.6700006484985,-40.2500000000001,90.));
#3962=CARTESIAN_POINT('',(86.6700006484985,-36.5000000000001,60.));
#3963=CARTESIAN_POINT('',(86.6700006484985,-36.5000000000001,28.));
#3964=CARTESIAN_POINT('Origin',(84.4700006484985,-38.5000000000001,90.));
#3965=CARTESIAN_POINT('',(84.4700006484985,-36.5000000000001,90.));
#3966=CARTESIAN_POINT('',(84.4700006484985,-41.2500000000001,90.));
#3967=CARTESIAN_POINT('',(84.4700006484985,-36.5000000000001,28.));
#3968=CARTESIAN_POINT('',(84.4700006484985,-36.5000000000001,90.));
#3969=CARTESIAN_POINT('Origin',(85.5700006484985,-37.5000000000001,28.));
#3970=CARTESIAN_POINT('Origin',(-82.5299993515015,-38.5000000000001,90.));
#3971=CARTESIAN_POINT('',(-82.5299993515015,-38.5000000000001,90.));
#3972=CARTESIAN_POINT('',(-82.5299993515015,-36.5000000000001,90.));
#3973=CARTESIAN_POINT('',(-82.5299993515015,-41.2500000000001,90.));
#3974=CARTESIAN_POINT('',(-82.5299993515015,-38.5000000000001,28.));
#3975=CARTESIAN_POINT('',(-82.5299993515015,-38.5000000000001,90.));
#3976=CARTESIAN_POINT('',(-82.5299993515015,-36.5000000000001,28.));
#3977=CARTESIAN_POINT('',(-82.5299993515015,-36.5000000000001,90.));
#3978=CARTESIAN_POINT('Origin',(-80.3299993515015,-38.5000000000001,90.));
#3979=CARTESIAN_POINT('',(-80.3299993515015,-38.5000000000001,90.));
#3980=CARTESIAN_POINT('',(-79.1299993515015,-38.5000000000001,90.));
#3981=CARTESIAN_POINT('',(-80.3299993515015,-38.5000000000001,28.));
#3982=CARTESIAN_POINT('',(-80.3299993515015,-38.5000000000001,90.));
#3983=CARTESIAN_POINT('',(-80.3299993515015,-38.5000000000001,28.));
#3984=CARTESIAN_POINT('Origin',(-80.3299993515015,-36.5000000000001,90.));
#3985=CARTESIAN_POINT('',(-80.3299993515015,-36.5000000000001,90.));
#3986=CARTESIAN_POINT('',(-80.3299993515015,-40.2500000000001,90.));
#3987=CARTESIAN_POINT('',(-80.3299993515015,-36.5000000000001,60.));
#3988=CARTESIAN_POINT('',(-80.3299993515015,-36.5000000000001,28.));
#3989=CARTESIAN_POINT('Origin',(-81.4299993515015,-37.5000000000001,28.));
#3990=CARTESIAN_POINT('',(-80.3299993515015,44.1999999999999,28.));
#3991=CARTESIAN_POINT('',(-80.3299993515015,42.1999999999999,28.));
#3992=CARTESIAN_POINT('',(-82.5299993515015,44.1999999999999,28.));
#3993=CARTESIAN_POINT('',(-80.3299993515015,44.1999999999999,28.));
#3994=CARTESIAN_POINT('',(-82.5299993515015,42.1999999999999,28.));
#3995=CARTESIAN_POINT('Origin',(76.5700006484985,-46.4000000000001,90.));
#3996=CARTESIAN_POINT('',(76.5700006484985,-46.4000000000001,90.));
#3997=CARTESIAN_POINT('',(76.5700006484985,-48.6000000000001,90.));
#3998=CARTESIAN_POINT('',(76.5700006484985,-45.2000000000001,90.));
#3999=CARTESIAN_POINT('',(76.5700006484985,-46.4000000000001,90.));
#4000=CARTESIAN_POINT('',(76.5700006484985,-48.6000000000001,90.));
#4001=CARTESIAN_POINT('Origin',(74.5700006484985,-46.4000000000001,90.));
#4002=CARTESIAN_POINT('',(74.5700006484985,-46.4000000000001,90.));
#4003=CARTESIAN_POINT('',(78.3200006484985,-46.4000000000001,90.));
#4004=CARTESIAN_POINT('',(74.5700006484985,-46.4000000000001,60.));
#4005=CARTESIAN_POINT('Origin',(76.5700006484985,-48.6000000000001,90.));
#4006=CARTESIAN_POINT('',(74.5700006484985,-48.6000000000001,90.));
#4007=CARTESIAN_POINT('',(79.3200006484985,-48.6000000000001,90.));
#4008=CARTESIAN_POINT('',(74.5700006484985,-48.6000000000001,90.));
#4009=CARTESIAN_POINT('Origin',(-82.5299993515015,42.1999999999999,90.));
#4010=CARTESIAN_POINT('',(-82.5299993515015,42.1999999999999,90.));
#4011=CARTESIAN_POINT('',(-82.5299993515015,44.1999999999999,90.));
#4012=CARTESIAN_POINT('',(-82.5299993515015,45.9499999999999,90.));
#4013=CARTESIAN_POINT('',(-82.5299993515015,42.1999999999999,60.));
#4014=CARTESIAN_POINT('',(-82.5299993515015,44.1999999999999,90.));
#4015=CARTESIAN_POINT('Origin',(-80.3299993515015,44.1999999999999,90.));
#4016=CARTESIAN_POINT('',(-80.3299993515015,44.1999999999999,90.));
#4017=CARTESIAN_POINT('',(-80.3299993515015,42.1999999999999,90.));
#4018=CARTESIAN_POINT('',(-80.3299993515015,46.9499999999999,90.));
#4019=CARTESIAN_POINT('',(-80.3299993515015,44.1999999999999,90.));
#4020=CARTESIAN_POINT('',(-80.3299993515015,42.1999999999999,90.));
#4021=CARTESIAN_POINT('Origin',(-82.5299993515015,44.1999999999999,90.));
#4022=CARTESIAN_POINT('',(-80.2299993515015,44.1999999999999,90.));
#4023=CARTESIAN_POINT('Origin',(86.6700006484985,44.1999999999999,90.));
#4024=CARTESIAN_POINT('',(86.6700006484985,44.1999999999999,90.));
#4025=CARTESIAN_POINT('',(86.6700006484985,42.1999999999999,90.));
#4026=CARTESIAN_POINT('',(86.6700006484985,46.9499999999999,90.));
#4027=CARTESIAN_POINT('',(86.6700006484985,44.1999999999999,28.));
#4028=CARTESIAN_POINT('',(86.6700006484985,44.1999999999999,90.));
#4029=CARTESIAN_POINT('',(86.6700006484985,42.1999999999999,28.));
#4030=CARTESIAN_POINT('',(86.6700006484985,42.1999999999999,90.));
#4031=CARTESIAN_POINT('Origin',(84.4700006484985,44.1999999999999,90.));
#4032=CARTESIAN_POINT('',(84.4700006484985,44.1999999999999,90.));
#4033=CARTESIAN_POINT('',(83.2700006484985,44.1999999999999,90.));
#4034=CARTESIAN_POINT('',(84.4700006484985,44.1999999999999,28.));
#4035=CARTESIAN_POINT('',(84.4700006484985,44.1999999999999,90.));
#4036=CARTESIAN_POINT('',(84.4700006484985,44.1999999999999,28.));
#4037=CARTESIAN_POINT('Origin',(84.4700006484985,42.1999999999999,90.));
#4038=CARTESIAN_POINT('',(84.4700006484985,42.1999999999999,90.));
#4039=CARTESIAN_POINT('',(84.4700006484985,45.9499999999999,90.));
#4040=CARTESIAN_POINT('',(84.4700006484985,42.1999999999999,60.));
#4041=CARTESIAN_POINT('',(84.4700006484985,42.1999999999999,28.));
#4042=CARTESIAN_POINT('Origin',(85.5700006484985,43.1999999999999,28.));
#4043=CARTESIAN_POINT('Origin',(-70.4299993515015,-51.5000000000001,30.));
#4044=CARTESIAN_POINT('',(-70.4299993515015,-42.0497541258044,90.));
#4045=CARTESIAN_POINT('',(-70.4299993515015,-42.0497541258044,30.));
#4046=CARTESIAN_POINT('',(-70.4299993515015,-51.5000000000001,90.));
#4047=CARTESIAN_POINT('Origin',(74.5700006484985,57.1999999999999,30.));
#4048=CARTESIAN_POINT('',(74.5700006484985,47.7497541258042,90.));
#4049=CARTESIAN_POINT('',(74.5700006484985,47.7497541258042,30.));
#4050=CARTESIAN_POINT('',(74.5700006484985,57.1999999999999,90.));
#4051=CARTESIAN_POINT('Origin',(74.5700006484985,57.1999999999999,30.));
#4052=CARTESIAN_POINT('',(74.5700006484985,56.1642400437688,90.));
#4053=CARTESIAN_POINT('',(74.5700006484985,57.1999999999999,90.));
#4054=CARTESIAN_POINT('',(74.5700006484985,56.1642400437688,30.));
#4055=CARTESIAN_POINT('Origin',(-70.4299993515015,47.1999999999999,30.));
#4056=CARTESIAN_POINT('',(-70.4299993515015,47.7497541258042,90.));
#4057=CARTESIAN_POINT('',(-70.4299993515015,57.1999999999999,90.));
#4058=CARTESIAN_POINT('',(-70.4299993515015,47.7497541258042,30.));
#4059=CARTESIAN_POINT('Origin',(89.5700006484985,-36.5000000000001,30.));
#4060=CARTESIAN_POINT('',(88.5342406922674,-36.5000000000001,90.));
#4061=CARTESIAN_POINT('',(89.5700006484985,-36.5000000000001,90.));
#4062=CARTESIAN_POINT('',(88.5342406922674,-36.5000000000001,30.));
#4063=CARTESIAN_POINT('Origin',(-75.4299993515015,-36.5000000000001,30.));
#4064=CARTESIAN_POINT('',(-84.3942393952705,-36.5000000000001,90.));
#4065=CARTESIAN_POINT('',(-84.3942393952705,-36.5000000000001,30.));
#4066=CARTESIAN_POINT('',(-85.4299993515015,-36.5000000000001,90.));
#4067=CARTESIAN_POINT('Origin',(-75.4299993515015,-36.5000000000001,30.));
#4068=CARTESIAN_POINT('',(-75.9797534773058,-36.5000000000001,90.));
#4069=CARTESIAN_POINT('',(-85.4299993515015,-36.5000000000001,90.));
#4070=CARTESIAN_POINT('',(-75.9797534773058,-36.5000000000001,30.));
#4071=CARTESIAN_POINT('Origin',(-77.9299993515015,-44.0000000000001,90.));
#4072=CARTESIAN_POINT('',(-70.8795140974988,-41.2149092389389,90.));
#4073=CARTESIAN_POINT('Origin',(-71.4299993515015,-42.0497541258044,90.));
#4074=CARTESIAN_POINT('',(-75.1449085904403,-36.9495147459973,90.));
#4075=CARTESIAN_POINT('Origin',(-62.6222352874574,-28.6922359359559,90.));
#4076=CARTESIAN_POINT('Origin',(-75.9797534773058,-37.5000000000001,90.));
#4077=CARTESIAN_POINT('',(-85.3916851126826,-37.5714285714287,90.));
#4078=CARTESIAN_POINT('Origin',(-84.3942393952705,-37.5000000000001,90.));
#4079=CARTESIAN_POINT('',(-71.5014279229301,-51.4616857611811,90.));
#4080=CARTESIAN_POINT('Origin',(-70.4299993515015,-36.5000000000001,90.));
#4081=CARTESIAN_POINT('',(-70.4299993515015,-50.4642400437691,90.));
#4082=CARTESIAN_POINT('Origin',(-71.4299993515015,-50.4642400437691,90.));
#4083=CARTESIAN_POINT('',(-70.4299993515015,-51.5000000000001,90.));
#4084=CARTESIAN_POINT('',(-75.3799993515015,-43.5000000000001,90.));
#4085=CARTESIAN_POINT('Origin',(-76.9299993515015,-43.5000000000001,90.));
#4086=CARTESIAN_POINT('Origin',(74.5700006484985,-41.5000000000001,30.));
#4087=CARTESIAN_POINT('',(74.5700006484985,-42.0497541258044,90.));
#4088=CARTESIAN_POINT('',(74.5700006484985,-51.5000000000001,90.));
#4089=CARTESIAN_POINT('',(74.5700006484985,-42.0497541258044,30.));
#4090=CARTESIAN_POINT('Origin',(-85.4299993515015,42.1999999999999,30.));
#4091=CARTESIAN_POINT('',(-84.3942393952705,42.1999999999999,90.));
#4092=CARTESIAN_POINT('',(-85.4299993515015,42.1999999999999,90.));
#4093=CARTESIAN_POINT('',(-84.3942393952705,42.1999999999999,30.));
#4094=CARTESIAN_POINT('Origin',(82.0700006484985,49.6999999999999,90.));
#4095=CARTESIAN_POINT('',(75.0195153944957,46.9149092389387,90.));
#4096=CARTESIAN_POINT('Origin',(75.5700006484985,47.7497541258042,90.));
#4097=CARTESIAN_POINT('',(79.2849098874373,42.6495147459971,90.));
#4098=CARTESIAN_POINT('Origin',(66.7622365844543,34.3922359359557,90.));
#4099=CARTESIAN_POINT('',(80.1197547743028,42.1999999999999,90.));
#4100=CARTESIAN_POINT('Origin',(80.1197547743028,43.1999999999999,90.));
#4101=CARTESIAN_POINT('',(89.5700006484985,42.1999999999999,90.));
#4102=CARTESIAN_POINT('',(88.5342406922674,42.1999999999999,90.));
#4103=CARTESIAN_POINT('',(89.5700006484985,42.1999999999999,90.));
#4104=CARTESIAN_POINT('',(89.5316864096795,43.2714285714285,90.));
#4105=CARTESIAN_POINT('Origin',(88.5342406922674,43.1999999999999,90.));
#4106=CARTESIAN_POINT('',(75.641429219927,57.1616857611809,90.));
#4107=CARTESIAN_POINT('Origin',(74.5700006484985,42.1999999999999,90.));
#4108=CARTESIAN_POINT('Origin',(75.5700006484985,56.1642400437688,90.));
#4109=CARTESIAN_POINT('',(82.6200006484985,49.1999999999999,90.));
#4110=CARTESIAN_POINT('Origin',(81.0700006484985,49.1999999999999,90.));
#4111=CARTESIAN_POINT('Origin',(79.5700006484985,42.1999999999999,30.));
#4112=CARTESIAN_POINT('',(88.5342406922674,42.1999999999999,30.));
#4113=CARTESIAN_POINT('Origin',(-76.9299993515015,-43.5000000000001,89.9));
#4114=CARTESIAN_POINT('',(-75.5799993515015,-43.5000000000001,89.8));
#4115=CARTESIAN_POINT('',(-75.4799993515015,-43.5000000000001,89.9));
#4116=CARTESIAN_POINT('Origin',(-76.9299993515015,-43.5000000000001,89.8));
#4117=CARTESIAN_POINT('Origin',(-76.9299993515015,-43.5000000000001,90.));
#4118=CARTESIAN_POINT('',(-75.5799993515015,-43.5000000000001,84.));
#4119=CARTESIAN_POINT('',(-75.5799993515015,-43.5000000000001,90.));
#4120=CARTESIAN_POINT('Origin',(-76.9299993515015,-43.5000000000001,84.));
#4121=CARTESIAN_POINT('Origin',(-76.9299993515015,49.1999999999999,89.9));
#4122=CARTESIAN_POINT('',(-75.3799993515015,49.1999999999999,90.));
#4123=CARTESIAN_POINT('Origin',(-76.9299993515015,49.1999999999999,90.));
#4124=CARTESIAN_POINT('',(-75.5799993515015,49.1999999999999,89.8));
#4125=CARTESIAN_POINT('',(-75.4799993515015,49.1999999999999,89.9));
#4126=CARTESIAN_POINT('Origin',(-76.9299993515015,49.1999999999999,89.8));
#4127=CARTESIAN_POINT('Origin',(-76.9299993515015,49.1999999999999,90.));
#4128=CARTESIAN_POINT('',(-75.5799993515015,49.1999999999999,84.));
#4129=CARTESIAN_POINT('',(-75.5799993515015,49.1999999999999,90.));
#4130=CARTESIAN_POINT('Origin',(-76.9299993515015,49.1999999999999,84.));
#4131=CARTESIAN_POINT('Origin',(-77.9299993515015,49.6999999999999,90.));
#4132=CARTESIAN_POINT('',(-70.4299993515015,56.1642400437688,90.));
#4133=CARTESIAN_POINT('',(-70.4299993515015,57.1999999999999,90.));
#4134=CARTESIAN_POINT('',(-71.5014279229301,57.1616857611809,90.));
#4135=CARTESIAN_POINT('Origin',(-71.4299993515015,56.1642400437688,90.));
#4136=CARTESIAN_POINT('',(-85.3916851126826,43.2714285714285,90.));
#4137=CARTESIAN_POINT('Origin',(-70.4299993515015,42.1999999999999,90.));
#4138=CARTESIAN_POINT('Origin',(-84.3942393952705,43.1999999999999,90.));
#4139=CARTESIAN_POINT('',(-75.9797534773058,42.1999999999999,90.));
#4140=CARTESIAN_POINT('',(-85.4299993515015,42.1999999999999,90.));
#4141=CARTESIAN_POINT('',(-75.1449085904403,42.6495147459971,90.));
#4142=CARTESIAN_POINT('Origin',(-75.9797534773058,43.1999999999999,90.));
#4143=CARTESIAN_POINT('',(-70.8795140974988,46.9149092389387,90.));
#4144=CARTESIAN_POINT('Origin',(-62.6222352874574,34.3922359359558,90.));
#4145=CARTESIAN_POINT('Origin',(-71.4299993515015,47.7497541258042,90.));
#4146=CARTESIAN_POINT('Origin',(81.0700006484985,49.1999999999999,89.9));
#4147=CARTESIAN_POINT('',(82.4200006484985,49.1999999999999,89.8));
#4148=CARTESIAN_POINT('',(82.5200006484985,49.1999999999999,89.9));
#4149=CARTESIAN_POINT('Origin',(81.0700006484985,49.1999999999999,89.8));
#4150=CARTESIAN_POINT('Origin',(81.0700006484985,49.1999999999999,90.));
#4151=CARTESIAN_POINT('',(82.4200006484985,49.1999999999999,84.));
#4152=CARTESIAN_POINT('',(82.4200006484985,49.1999999999999,90.));
#4153=CARTESIAN_POINT('Origin',(81.0700006484985,49.1999999999999,84.));
#4154=CARTESIAN_POINT('Origin',(81.0700006484985,-43.5000000000001,89.9));
#4155=CARTESIAN_POINT('',(82.6200006484985,-43.5000000000001,90.));
#4156=CARTESIAN_POINT('Origin',(81.0700006484985,-43.5000000000001,90.));
#4157=CARTESIAN_POINT('',(82.4200006484985,-43.5000000000001,89.8));
#4158=CARTESIAN_POINT('',(82.5200006484985,-43.5000000000001,89.9));
#4159=CARTESIAN_POINT('Origin',(81.0700006484985,-43.5000000000001,89.8));
#4160=CARTESIAN_POINT('Origin',(81.0700006484985,-43.5000000000001,90.));
#4161=CARTESIAN_POINT('',(82.4200006484985,-43.5000000000001,84.));
#4162=CARTESIAN_POINT('',(82.4200006484985,-43.5000000000001,90.));
#4163=CARTESIAN_POINT('Origin',(81.0700006484985,-43.5000000000001,84.));
#4164=CARTESIAN_POINT('Origin',(82.0700006484985,-44.0000000000001,90.));
#4165=CARTESIAN_POINT('',(80.1197547743028,-36.5000000000001,90.));
#4166=CARTESIAN_POINT('',(89.5700006484985,-36.5000000000001,90.));
#4167=CARTESIAN_POINT('',(79.2849098874373,-36.9495147459973,90.));
#4168=CARTESIAN_POINT('Origin',(80.1197547743028,-37.5000000000001,90.));
#4169=CARTESIAN_POINT('',(75.0195153944957,-41.2149092389389,90.));
#4170=CARTESIAN_POINT('Origin',(66.7622365844543,-28.6922359359559,90.));
#4171=CARTESIAN_POINT('Origin',(75.5700006484985,-42.0497541258044,90.));
#4172=CARTESIAN_POINT('',(74.5700006484985,-50.4642400437691,90.));
#4173=CARTESIAN_POINT('',(74.5700006484985,-51.5000000000001,90.));
#4174=CARTESIAN_POINT('',(75.641429219927,-51.4616857611811,90.));
#4175=CARTESIAN_POINT('Origin',(75.5700006484985,-50.4642400437691,90.));
#4176=CARTESIAN_POINT('',(89.5316864096795,-37.5714285714287,90.));
#4177=CARTESIAN_POINT('Origin',(74.5700006484985,-36.5000000000001,90.));
#4178=CARTESIAN_POINT('Origin',(88.5342406922674,-37.5000000000001,90.));
#4179=CARTESIAN_POINT('Origin',(-76.9299993515015,-43.5000000000001,84.));
#4180=CARTESIAN_POINT('Origin',(-76.9299993515015,49.1999999999999,84.));
#4181=CARTESIAN_POINT('Origin',(81.0700006484985,-43.5000000000001,84.));
#4182=CARTESIAN_POINT('Origin',(81.0700006484985,49.1999999999999,84.));
#4183=CARTESIAN_POINT('Origin',(-84.3942393952705,-37.5000000000001,30.));
#4184=CARTESIAN_POINT('',(-85.3916851126826,-37.5714285714287,30.));
#4185=CARTESIAN_POINT('Origin',(-75.9797534773058,-37.5000000000001,30.));
#4186=CARTESIAN_POINT('',(-75.1449085904403,-36.9495147459973,30.));
#4187=CARTESIAN_POINT('Origin',(-62.6222352874574,-28.6922359359559,30.));
#4188=CARTESIAN_POINT('',(-70.8795140974988,-41.2149092389389,30.));
#4189=CARTESIAN_POINT('Origin',(-71.4299993515015,56.1642400437688,30.));
#4190=CARTESIAN_POINT('',(-70.4299993515015,56.1642400437688,30.));
#4191=CARTESIAN_POINT('',(-71.5014279229301,57.1616857611809,30.));
#4192=CARTESIAN_POINT('Origin',(-70.4299993515015,47.1999999999999,30.));
#4193=CARTESIAN_POINT('Origin',(-71.4299993515015,47.7497541258042,30.));
#4194=CARTESIAN_POINT('',(-70.8795140974988,46.9149092389387,30.));
#4195=CARTESIAN_POINT('Origin',(-62.6222352874574,34.3922359359558,30.));
#4196=CARTESIAN_POINT('',(-75.1449085904403,42.6495147459971,30.));
#4197=CARTESIAN_POINT('Origin',(-75.9797534773058,43.1999999999999,30.));
#4198=CARTESIAN_POINT('',(-75.9797534773058,42.1999999999999,30.));
#4199=CARTESIAN_POINT('Origin',(-85.4299993515015,42.1999999999999,30.));
#4200=CARTESIAN_POINT('Origin',(-84.3942393952705,43.1999999999999,30.));
#4201=CARTESIAN_POINT('',(-85.3916851126826,43.2714285714285,30.));
#4202=CARTESIAN_POINT('Origin',(-71.4299993515015,-42.0497541258044,30.));
#4203=CARTESIAN_POINT('Origin',(-70.4299993515015,-51.5000000000001,30.));
#4204=CARTESIAN_POINT('',(-70.4299993515015,-50.4642400437691,30.));
#4205=CARTESIAN_POINT('Origin',(-71.4299993515015,-50.4642400437691,30.));
#4206=CARTESIAN_POINT('',(-71.5014279229301,-51.4616857611811,30.));
#4207=CARTESIAN_POINT('Origin',(88.5342406922674,43.1999999999999,30.));
#4208=CARTESIAN_POINT('',(89.5316864096795,43.2714285714285,30.));
#4209=CARTESIAN_POINT('Origin',(79.5700006484985,42.1999999999999,30.));
#4210=CARTESIAN_POINT('',(80.1197547743028,42.1999999999999,30.));
#4211=CARTESIAN_POINT('Origin',(80.1197547743028,43.1999999999999,30.));
#4212=CARTESIAN_POINT('',(79.2849098874373,42.6495147459971,30.));
#4213=CARTESIAN_POINT('Origin',(66.7622365844543,34.3922359359557,30.));
#4214=CARTESIAN_POINT('',(75.0195153944957,46.9149092389387,30.));
#4215=CARTESIAN_POINT('Origin',(75.5700006484985,56.1642400437688,30.));
#4216=CARTESIAN_POINT('',(75.641429219927,57.1616857611809,30.));
#4217=CARTESIAN_POINT('Origin',(74.5700006484985,42.1999999999999,30.));
#4218=CARTESIAN_POINT('',(89.5700006484985,42.1999999999999,30.));
#4219=CARTESIAN_POINT('',(74.5700006484985,57.1999999999999,30.));
#4220=CARTESIAN_POINT('Origin',(75.5700006484985,47.7497541258042,30.));
#4221=CARTESIAN_POINT('Origin',(75.5700006484985,-42.0497541258044,30.));
#4222=CARTESIAN_POINT('',(75.0195153944957,-41.2149092389389,30.));
#4223=CARTESIAN_POINT('Origin',(74.5700006484985,-41.5000000000001,30.));
#4224=CARTESIAN_POINT('',(74.5700006484985,-50.4642400437691,30.));
#4225=CARTESIAN_POINT('Origin',(80.1197547743028,-37.5000000000001,30.));
#4226=CARTESIAN_POINT('',(80.1197547743028,-36.5000000000001,30.));
#4227=CARTESIAN_POINT('',(79.2849098874373,-36.9495147459973,30.));
#4228=CARTESIAN_POINT('Origin',(66.7622365844543,-28.6922359359559,30.));
#4229=CARTESIAN_POINT('Origin',(88.5342406922674,-37.5000000000001,30.));
#4230=CARTESIAN_POINT('',(89.5316864096795,-37.5714285714287,30.));
#4231=CARTESIAN_POINT('Origin',(89.5700006484985,-36.5000000000001,30.));
#4232=CARTESIAN_POINT('Origin',(75.5700006484985,-50.4642400437691,30.));
#4233=CARTESIAN_POINT('',(75.641429219927,-51.4616857611811,30.));
#4234=CARTESIAN_POINT('Origin',(74.5700006484985,-36.5000000000001,30.));
#4235=CARTESIAN_POINT('',(74.5700006484985,-51.5000000000001,30.));
#4236=CARTESIAN_POINT('',(89.5700006484985,-36.5000000000001,30.));
#4237=CARTESIAN_POINT('Origin',(78.,-20.46044976,20.));
#4238=CARTESIAN_POINT('',(73.85,-20.46044976,24.4));
#4239=CARTESIAN_POINT('',(73.85,-20.46044976,20.));
#4240=CARTESIAN_POINT('Origin',(78.,-20.46044976,24.4));
#4241=CARTESIAN_POINT('Origin',(78.,-20.46044976,24.4));
#4242=CARTESIAN_POINT('',(75.65,-20.46044976,24.4));
#4243=CARTESIAN_POINT('Origin',(78.,-20.46044976,24.4));
#4244=CARTESIAN_POINT('Origin',(78.,24.13955024,20.));
#4245=CARTESIAN_POINT('',(73.85,24.13955024,24.4));
#4246=CARTESIAN_POINT('',(73.85,24.13955024,20.));
#4247=CARTESIAN_POINT('Origin',(78.,24.13955024,24.4));
#4248=CARTESIAN_POINT('Origin',(78.,24.13955024,24.4));
#4249=CARTESIAN_POINT('',(75.65,24.13955024,24.4));
#4250=CARTESIAN_POINT('Origin',(78.,24.13955024,24.4));
#4251=CARTESIAN_POINT('Origin',(50.4200933984312,-7.65000000137214,20.));
#4252=CARTESIAN_POINT('',(47.1700933984312,-7.65000000137214,23.4));
#4253=CARTESIAN_POINT('',(47.1700933984312,-7.65000000137214,20.));
#4254=CARTESIAN_POINT('Origin',(50.4200933984312,-7.65000000137214,23.4));
#4255=CARTESIAN_POINT('Origin',(50.4200933984312,-7.65000000137214,23.4));
#4256=CARTESIAN_POINT('',(48.6200933984312,-7.65000000137214,23.4));
#4257=CARTESIAN_POINT('Origin',(50.4200933984312,-7.65000000137214,23.4));
#4258=CARTESIAN_POINT('Origin',(50.4200933984312,13.3499999986279,20.));
#4259=CARTESIAN_POINT('',(47.1700933984312,13.3499999986279,23.4));
#4260=CARTESIAN_POINT('',(47.1700933984312,13.3499999986279,20.));
#4261=CARTESIAN_POINT('Origin',(50.4200933984312,13.3499999986279,23.4));
#4262=CARTESIAN_POINT('Origin',(50.4200933984312,13.3499999986279,23.4));
#4263=CARTESIAN_POINT('',(48.6200933984312,13.3499999986279,23.4));
#4264=CARTESIAN_POINT('Origin',(50.4200933984312,13.3499999986279,23.4));
#4265=CARTESIAN_POINT('Origin',(18.920093398431,2.84999999862789,20.));
#4266=CARTESIAN_POINT('',(15.670093398431,2.84999999862789,23.4));
#4267=CARTESIAN_POINT('',(15.670093398431,2.84999999862789,20.));
#4268=CARTESIAN_POINT('Origin',(18.920093398431,2.84999999862789,23.4));
#4269=CARTESIAN_POINT('Origin',(18.920093398431,2.84999999862789,23.4));
#4270=CARTESIAN_POINT('',(17.120093398431,2.84999999862789,23.4));
#4271=CARTESIAN_POINT('Origin',(18.920093398431,2.84999999862789,23.4));
#4272=CARTESIAN_POINT('Origin',(18.920093398431,2.84999999862789,20.));
#4273=CARTESIAN_POINT('',(17.120093398431,2.84999999862789,20.));
#4274=CARTESIAN_POINT('Origin',(50.4200933984312,-7.65000000137214,20.));
#4275=CARTESIAN_POINT('',(48.6200933984312,-7.65000000137214,20.));
#4276=CARTESIAN_POINT('Origin',(78.,-20.46044976,20.));
#4277=CARTESIAN_POINT('',(75.65,-20.46044976,20.));
#4278=CARTESIAN_POINT('Origin',(50.4200933984312,13.3499999986279,20.));
#4279=CARTESIAN_POINT('',(48.6200933984312,13.3499999986279,20.));
#4280=CARTESIAN_POINT('Origin',(78.,24.13955024,20.));
#4281=CARTESIAN_POINT('',(75.65,24.13955024,20.));
#4282=CARTESIAN_POINT('Origin',(89.5700006484985,1.83996506484048,44.3277718276508));
#4283=CARTESIAN_POINT('Origin',(89.5700006484985,1.83996506484048,44.3277718276508));
#4284=CARTESIAN_POINT('Origin',(59.5700006484985,1.83996506484048,44.3277718276508));
#4285=CARTESIAN_POINT('Origin',(59.5700006484985,3.7004497599999,25.));
#4286=CARTESIAN_POINT('Origin',(89.5700006484985,42.1999999999999,30.));
#4287=CARTESIAN_POINT('Origin',(-70.4299993515015,42.1999999999999,30.));
#4288=CARTESIAN_POINT('',(-70.4299993515015,57.1999999999999,30.));
#4289=CARTESIAN_POINT('',(-85.4299993515015,42.1999999999999,30.));
#4290=CARTESIAN_POINT('Origin',(-85.4299993515015,-36.5000000000001,30.));
#4291=CARTESIAN_POINT('',(-85.4299993515015,-36.5000000000001,30.));
#4292=CARTESIAN_POINT('Origin',(-70.4299993515015,-36.5000000000001,30.));
#4293=CARTESIAN_POINT('',(-70.4299993515015,-51.5000000000001,30.));
#4294=CARTESIAN_POINT('Origin',(74.5700006484985,-51.5000000000001,30.));
#4295=CARTESIAN_POINT('Origin',(-70.4299993515015,57.1999999999999,30.));
#4296=UNCERTAINTY_MEASURE_WITH_UNIT(LENGTH_MEASURE(0.01),#4300,
'DISTANCE_ACCURACY_VALUE',
'Maximum model space distance between geometric entities at asserted c
onnectivities');
#4297=UNCERTAINTY_MEASURE_WITH_UNIT(LENGTH_MEASURE(0.01),#4300,
'DISTANCE_ACCURACY_VALUE',
'Maximum model space distance between geometric entities at asserted c
onnectivities');
#4298=(
GEOMETRIC_REPRESENTATION_CONTEXT(3)
GLOBAL_UNCERTAINTY_ASSIGNED_CONTEXT((#4296))
GLOBAL_UNIT_ASSIGNED_CONTEXT((#4300,#4302,#4303))
REPRESENTATION_CONTEXT('','3D')
);
#4299=(
GEOMETRIC_REPRESENTATION_CONTEXT(3)
GLOBAL_UNCERTAINTY_ASSIGNED_CONTEXT((#4297))
GLOBAL_UNIT_ASSIGNED_CONTEXT((#4300,#4302,#4303))
REPRESENTATION_CONTEXT('','3D')
);
#4300=(
LENGTH_UNIT()
NAMED_UNIT(*)
SI_UNIT(.MILLI.,.METRE.)
);
#4301=(
LENGTH_UNIT()
NAMED_UNIT(*)
SI_UNIT($,.METRE.)
);
#4302=(
NAMED_UNIT(*)
PLANE_ANGLE_UNIT()
SI_UNIT($,.RADIAN.)
);
#4303=(
NAMED_UNIT(*)
SI_UNIT($,.STERADIAN.)
SOLID_ANGLE_UNIT()
);
#4304=SHAPE_DEFINITION_REPRESENTATION(#4305,#4306);
#4305=PRODUCT_DEFINITION_SHAPE('',$,#4308);
#4306=SHAPE_REPRESENTATION('',(#2564),#4298);
#4307=PRODUCT_DEFINITION_CONTEXT('part definition',#4312,'design');
#4308=PRODUCT_DEFINITION('2026-03-15-10-35-25-822',
'sensors_module_bottom_v2',#4309,#4307);
#4309=PRODUCT_DEFINITION_FORMATION('',$,#4314);
#4310=PRODUCT_RELATED_PRODUCT_CATEGORY('sensors_module_bottom_v2',
'sensors_module_bottom_v2',(#4314));
#4311=APPLICATION_PROTOCOL_DEFINITION('international standard',
'automotive_design',2009,#4312);
#4312=APPLICATION_CONTEXT(
'Core Data for Automotive Mechanical Design Process');
#4313=PRODUCT_CONTEXT('part definition',#4312,'mechanical');
#4314=PRODUCT('2026-03-15-10-35-25-822','sensors_module_bottom_v2',$,(#4313));
#4315=PRESENTATION_STYLE_ASSIGNMENT((#4316));
#4316=SURFACE_STYLE_USAGE(.BOTH.,#4317);
#4317=SURFACE_SIDE_STYLE('',(#4318));
#4318=SURFACE_STYLE_FILL_AREA(#4319);
#4319=FILL_AREA_STYLE('Steel - Satin',(#4320));
#4320=FILL_AREA_STYLE_COLOUR('Steel - Satin',#4321);
#4321=COLOUR_RGB('Steel - Satin',0.627450980392157,0.627450980392157,0.627450980392157);
ENDSEC;
END-ISO-10303-21;
