ISO-10303-21;
HEADER;
/* Generated by software containing ST-Developer
 * from STEP Tools, Inc. (www.steptools.com) 
 */

FILE_DESCRIPTION(
/* description */ (''),
/* implementation_level */ '2;1');

FILE_NAME(
/* name */ 'Handles.step',
/* time_stamp */ '2026-03-25T11:44:20+01:00',
/* author */ (''),
/* organization */ (''),
/* preprocessor_version */ 'ST-DEVELOPER v20.1',
/* originating_system */ 'Autodesk Translation Framework v14.24.0.0',
/* authorisation */ '');

FILE_SCHEMA (('AUTOMOTIVE_DESIGN { 1 0 10303 214 3 1 1 }'));
ENDSEC;

DATA;
#10=MECHANICAL_DESIGN_GEOMETRIC_PRESENTATION_REPRESENTATION('',(#17,#18),
#2083);
#11=ITEM_DEFINED_TRANSFORMATION($,$,#590,#643);
#12=(
REPRESENTATION_RELATIONSHIP($,$,#2094,#2093)
REPRESENTATION_RELATIONSHIP_WITH_TRANSFORMATION(#11)
SHAPE_REPRESENTATION_RELATIONSHIP()
);
#13=CONTEXT_DEPENDENT_SHAPE_REPRESENTATION(#12,#2092);
#14=NEXT_ASSEMBLY_USAGE_OCCURRENCE('Handles:1','Handles:1','Handles:1',
#2096,#2097,'Handles:1');
#15=SHAPE_REPRESENTATION_RELATIONSHIP('SRR','None',#2094,#16);
#16=ADVANCED_BREP_SHAPE_REPRESENTATION('',(#19,#20),#2082);
#17=STYLED_ITEM('',(#2108),#19);
#18=STYLED_ITEM('',(#2108),#20);
#19=MANIFOLD_SOLID_BREP('Body1',#575);
#20=MANIFOLD_SOLID_BREP('Body2',#576);
#21=FACE_BOUND('',#140,.T.);
#22=FACE_BOUND('',#141,.T.);
#23=FACE_BOUND('',#142,.T.);
#24=FACE_BOUND('',#161,.T.);
#25=FACE_BOUND('',#162,.T.);
#26=FACE_BOUND('',#163,.T.);
#27=CYLINDRICAL_SURFACE('',#607,2.8);
#28=CYLINDRICAL_SURFACE('',#609,2.8);
#29=CYLINDRICAL_SURFACE('',#611,2.8);
#30=CYLINDRICAL_SURFACE('',#616,20.);
#31=CYLINDRICAL_SURFACE('',#633,2.8);
#32=CYLINDRICAL_SURFACE('',#635,2.8);
#33=CYLINDRICAL_SURFACE('',#637,2.8);
#34=CYLINDRICAL_SURFACE('',#642,20.);
#35=PLANE('',#601);
#36=PLANE('',#603);
#37=PLANE('',#605);
#38=PLANE('',#613);
#39=PLANE('',#615);
#40=PLANE('',#627);
#41=PLANE('',#629);
#42=PLANE('',#631);
#43=PLANE('',#639);
#44=PLANE('',#641);
#45=ELLIPSE('',#594,63.8895072932386,55.1498785711985);
#46=ELLIPSE('',#595,66.3301839419775,57.3483795650258);
#47=ELLIPSE('',#596,66.3238679432215,57.3431016290169);
#48=ELLIPSE('',#600,64.2595587285122,55.460026512923);
#49=ELLIPSE('',#620,63.889507293406,55.149878571495);
#50=ELLIPSE('',#621,66.3238679438552,57.3431016301115);
#51=ELLIPSE('',#622,66.330183941987,57.3483795650404);
#52=ELLIPSE('',#626,64.2595587284036,55.4600265127249);
#53=LINE('',#981,#67);
#54=LINE('',#985,#68);
#55=LINE('',#989,#69);
#56=LINE('',#1342,#70);
#57=LINE('',#1346,#71);
#58=LINE('',#1350,#72);
#59=LINE('',#1356,#73);
#60=LINE('',#1582,#74);
#61=LINE('',#1586,#75);
#62=LINE('',#1590,#76);
#63=LINE('',#1998,#77);
#64=LINE('',#2002,#78);
#65=LINE('',#2006,#79);
#66=LINE('',#2013,#80);
#67=VECTOR('',#650,10.);
#68=VECTOR('',#653,10.);
#69=VECTOR('',#656,10.);
#70=VECTOR('',#687,2.8);
#71=VECTOR('',#692,2.8);
#72=VECTOR('',#697,2.8);
#73=VECTOR('',#706,20.);
#74=VECTOR('',#709,10.);
#75=VECTOR('',#712,10.);
#76=VECTOR('',#715,10.);
#77=VECTOR('',#744,2.8);
#78=VECTOR('',#749,2.8);
#79=VECTOR('',#754,2.8);
#80=VECTOR('',#765,20.);
#81=(
BOUNDED_SURFACE()
B_SPLINE_SURFACE(3,1,((#889,#890),(#891,#892),(#893,#894),(#895,#896),(#897,
#898),(#899,#900),(#901,#902)),.UNSPECIFIED.,.T.,.F.,.F.)
B_SPLINE_SURFACE_WITH_KNOTS((4,3,4),(2,2),(1.,1.5,2.),(0.,1.),
 .UNSPECIFIED.)
GEOMETRIC_REPRESENTATION_ITEM()
RATIONAL_B_SPLINE_SURFACE(((1.,1.),(0.333333333333333,0.333333333333333),
(0.333333333333333,0.333333333333333),(1.,1.),(0.333333333333333,0.333333333333333),
(0.333333333333333,0.333333333333333),(1.,1.)))
REPRESENTATION_ITEM('')
SURFACE()
);
#82=(
BOUNDED_SURFACE()
B_SPLINE_SURFACE(3,2,((#1208,#1209,#1210),(#1211,#1212,#1213),(#1214,#1215,
#1216),(#1217,#1218,#1219),(#1220,#1221,#1222),(#1223,#1224,#1225),(#1226,
#1227,#1228),(#1229,#1230,#1231),(#1232,#1233,#1234),(#1235,#1236,#1237),
(#1238,#1239,#1240),(#1241,#1242,#1243)),.UNSPECIFIED.,.F.,.F.,.F.)
B_SPLINE_SURFACE_WITH_KNOTS((4,3,1,1,3,4),(3,3),(0.293888353004672,0.294069268267229,
0.40146211475192,0.50146211475192,0.647281890960482,1.27232738822916),(0.145121781073349,
0.902075770123249),.UNSPECIFIED.)
GEOMETRIC_REPRESENTATION_ITEM()
RATIONAL_B_SPLINE_SURFACE(((1.,0.929228472224031,1.),(1.,0.929228472224031,
1.),(1.,0.929228472224031,1.),(1.,0.929228472224031,1.),(1.,0.929228472224031,
1.),(1.,0.929228472224031,1.),(1.,0.929228472224031,1.),(1.,0.929228472224031,
1.),(1.,0.929228472224031,1.),(1.,0.929228472224031,1.),(1.,0.929228472224031,
1.),(1.,0.929228472224031,1.)))
REPRESENTATION_ITEM('')
SURFACE()
);
#83=(
BOUNDED_SURFACE()
B_SPLINE_SURFACE(3,1,((#1266,#1267),(#1268,#1269),(#1270,#1271),(#1272,
#1273),(#1274,#1275),(#1276,#1277),(#1278,#1279)),.UNSPECIFIED.,.T.,.F.,
 .F.)
B_SPLINE_SURFACE_WITH_KNOTS((4,3,4),(2,2),(-1.,-0.5,0.),(0.,1.),
 .UNSPECIFIED.)
GEOMETRIC_REPRESENTATION_ITEM()
RATIONAL_B_SPLINE_SURFACE(((1.,1.),(0.333333333333333,0.333333333333333),
(0.333333333333333,0.333333333333333),(1.,1.),(0.333333333333333,0.333333333333333),
(0.333333333333333,0.333333333333333),(1.,1.)))
REPRESENTATION_ITEM('')
SURFACE()
);
#84=(
BOUNDED_SURFACE()
B_SPLINE_SURFACE(3,2,((#1357,#1358,#1359,#1360,#1361,#1362,#1363),(#1364,
#1365,#1366,#1367,#1368,#1369,#1370),(#1371,#1372,#1373,#1374,#1375,#1376,
#1377),(#1378,#1379,#1380,#1381,#1382,#1383,#1384),(#1385,#1386,#1387,#1388,
#1389,#1390,#1391),(#1392,#1393,#1394,#1395,#1396,#1397,#1398),(#1399,#1400,
#1401,#1402,#1403,#1404,#1405),(#1406,#1407,#1408,#1409,#1410,#1411,#1412),
(#1413,#1414,#1415,#1416,#1417,#1418,#1419)),.UNSPECIFIED.,.F.,.F.,.F.)
B_SPLINE_SURFACE_WITH_KNOTS((4,3,1,1,4),(3,2,2,3),(0.186172750795145,0.307325414412808,
0.40146211475192,0.50146211475192,0.647281890960486),(0.271999580567391,
0.301792058351611,0.745418744193672,0.775197833699392),.UNSPECIFIED.)
GEOMETRIC_REPRESENTATION_ITEM()
RATIONAL_B_SPLINE_SURFACE(((1.,1.,1.,0.975500119926624,1.,1.,1.),(1.,1.,
1.,0.975500119926624,1.,1.,1.),(1.,1.,1.,0.975500119926624,1.,1.,1.),(1.,
1.,1.,0.975500119926624,1.,1.,1.),(1.,1.,1.,0.975500119926624,1.,1.,1.),
(1.,1.,1.,0.975500119926624,1.,1.,1.),(1.,1.,1.,0.975500119926624,1.,1.,
1.),(1.,1.,1.,0.975500119926624,1.,1.,1.),(1.,1.,1.,0.975500119926624,1.,
1.,1.)))
REPRESENTATION_ITEM('')
SURFACE()
);
#85=(
BOUNDED_SURFACE()
B_SPLINE_SURFACE(3,1,((#1546,#1547),(#1548,#1549),(#1550,#1551),(#1552,
#1553),(#1554,#1555),(#1556,#1557),(#1558,#1559)),.UNSPECIFIED.,.T.,.F.,
 .F.)
B_SPLINE_SURFACE_WITH_KNOTS((4,3,4),(2,2),(1.,1.5,2.),(0.,1.),
 .UNSPECIFIED.)
GEOMETRIC_REPRESENTATION_ITEM()
RATIONAL_B_SPLINE_SURFACE(((1.,1.),(0.333333333333333,0.333333333333333),
(0.333333333333333,0.333333333333333),(1.,1.),(0.333333333333333,0.333333333333333),
(0.333333333333333,0.333333333333333),(1.,1.)))
REPRESENTATION_ITEM('')
SURFACE()
);
#86=(
BOUNDED_SURFACE()
B_SPLINE_SURFACE(3,2,((#1865,#1866,#1867),(#1868,#1869,#1870),(#1871,#1872,
#1873),(#1874,#1875,#1876),(#1877,#1878,#1879),(#1880,#1881,#1882),(#1883,
#1884,#1885),(#1886,#1887,#1888),(#1889,#1890,#1891),(#1892,#1893,#1894),
(#1895,#1896,#1897),(#1898,#1899,#1900)),.UNSPECIFIED.,.F.,.F.,.F.)
B_SPLINE_SURFACE_WITH_KNOTS((4,3,1,1,3,4),(3,3),(0.293888353004672,0.294069268267229,
0.40146211475192,0.50146211475192,0.647281890960482,1.27232738822916),(0.145121781073349,
0.902075770123249),.UNSPECIFIED.)
GEOMETRIC_REPRESENTATION_ITEM()
RATIONAL_B_SPLINE_SURFACE(((1.,0.929228472224031,1.),(1.,0.929228472224031,
1.),(1.,0.929228472224031,1.),(1.,0.929228472224031,1.),(1.,0.929228472224031,
1.),(1.,0.929228472224031,1.),(1.,0.929228472224031,1.),(1.,0.929228472224031,
1.),(1.,0.929228472224031,1.),(1.,0.929228472224031,1.),(1.,0.929228472224031,
1.),(1.,0.929228472224031,1.)))
REPRESENTATION_ITEM('')
SURFACE()
);
#87=(
BOUNDED_SURFACE()
B_SPLINE_SURFACE(3,1,((#1923,#1924),(#1925,#1926),(#1927,#1928),(#1929,
#1930),(#1931,#1932),(#1933,#1934),(#1935,#1936)),.UNSPECIFIED.,.T.,.F.,
 .F.)
B_SPLINE_SURFACE_WITH_KNOTS((4,3,4),(2,2),(-1.,-0.5,0.),(0.,1.),
 .UNSPECIFIED.)
GEOMETRIC_REPRESENTATION_ITEM()
RATIONAL_B_SPLINE_SURFACE(((1.,1.),(0.333333333333333,0.333333333333333),
(0.333333333333333,0.333333333333333),(1.,1.),(0.333333333333333,0.333333333333333),
(0.333333333333333,0.333333333333333),(1.,1.)))
REPRESENTATION_ITEM('')
SURFACE()
);
#88=(
BOUNDED_SURFACE()
B_SPLINE_SURFACE(3,2,((#2014,#2015,#2016,#2017,#2018,#2019,#2020),(#2021,
#2022,#2023,#2024,#2025,#2026,#2027),(#2028,#2029,#2030,#2031,#2032,#2033,
#2034),(#2035,#2036,#2037,#2038,#2039,#2040,#2041),(#2042,#2043,#2044,#2045,
#2046,#2047,#2048),(#2049,#2050,#2051,#2052,#2053,#2054,#2055),(#2056,#2057,
#2058,#2059,#2060,#2061,#2062),(#2063,#2064,#2065,#2066,#2067,#2068,#2069),
(#2070,#2071,#2072,#2073,#2074,#2075,#2076)),.UNSPECIFIED.,.F.,.F.,.F.)
B_SPLINE_SURFACE_WITH_KNOTS((4,3,1,1,4),(3,2,2,3),(0.186172750795145,0.307325414412808,
0.40146211475192,0.50146211475192,0.647281890960486),(0.271999580567391,
0.301792058351611,0.745418744193672,0.775197833699392),.UNSPECIFIED.)
GEOMETRIC_REPRESENTATION_ITEM()
RATIONAL_B_SPLINE_SURFACE(((1.,1.,1.,0.975500119926624,1.,1.,1.),(1.,1.,
1.,0.975500119926624,1.,1.,1.),(1.,1.,1.,0.975500119926624,1.,1.,1.),(1.,
1.,1.,0.975500119926624,1.,1.,1.),(1.,1.,1.,0.975500119926624,1.,1.,1.),
(1.,1.,1.,0.975500119926624,1.,1.,1.),(1.,1.,1.,0.975500119926624,1.,1.,
1.),(1.,1.,1.,0.975500119926624,1.,1.,1.),(1.,1.,1.,0.975500119926624,1.,
1.,1.)))
REPRESENTATION_ITEM('')
SURFACE()
);
#89=FACE_OUTER_BOUND('',#125,.T.);
#90=FACE_OUTER_BOUND('',#126,.T.);
#91=FACE_OUTER_BOUND('',#127,.T.);
#92=FACE_OUTER_BOUND('',#128,.T.);
#93=FACE_OUTER_BOUND('',#129,.T.);
#94=FACE_OUTER_BOUND('',#130,.T.);
#95=FACE_OUTER_BOUND('',#131,.T.);
#96=FACE_OUTER_BOUND('',#132,.T.);
#97=FACE_OUTER_BOUND('',#133,.T.);
#98=FACE_OUTER_BOUND('',#134,.T.);
#99=FACE_OUTER_BOUND('',#135,.T.);
#100=FACE_OUTER_BOUND('',#136,.T.);
#101=FACE_OUTER_BOUND('',#137,.T.);
#102=FACE_OUTER_BOUND('',#138,.T.);
#103=FACE_OUTER_BOUND('',#139,.T.);
#104=FACE_OUTER_BOUND('',#143,.T.);
#105=FACE_OUTER_BOUND('',#144,.T.);
#106=FACE_OUTER_BOUND('',#145,.T.);
#107=FACE_OUTER_BOUND('',#146,.T.);
#108=FACE_OUTER_BOUND('',#147,.T.);
#109=FACE_OUTER_BOUND('',#148,.T.);
#110=FACE_OUTER_BOUND('',#149,.T.);
#111=FACE_OUTER_BOUND('',#150,.T.);
#112=FACE_OUTER_BOUND('',#151,.T.);
#113=FACE_OUTER_BOUND('',#152,.T.);
#114=FACE_OUTER_BOUND('',#153,.T.);
#115=FACE_OUTER_BOUND('',#154,.T.);
#116=FACE_OUTER_BOUND('',#155,.T.);
#117=FACE_OUTER_BOUND('',#156,.T.);
#118=FACE_OUTER_BOUND('',#157,.T.);
#119=FACE_OUTER_BOUND('',#158,.T.);
#120=FACE_OUTER_BOUND('',#159,.T.);
#121=FACE_OUTER_BOUND('',#160,.T.);
#122=FACE_OUTER_BOUND('',#164,.T.);
#123=FACE_OUTER_BOUND('',#165,.T.);
#124=FACE_OUTER_BOUND('',#166,.T.);
#125=EDGE_LOOP('',(#365,#366,#367,#368,#369,#370));
#126=EDGE_LOOP('',(#371,#372,#373,#374,#375,#376,#377,#378,#379,#380,#381,
#382));
#127=EDGE_LOOP('',(#383,#384,#385,#386,#387,#388));
#128=EDGE_LOOP('',(#389,#390,#391));
#129=EDGE_LOOP('',(#392,#393,#394,#395));
#130=EDGE_LOOP('',(#396,#397,#398));
#131=EDGE_LOOP('',(#399,#400,#401,#402,#403,#404,#405,#406,#407,#408,#409,
#410,#411));
#132=EDGE_LOOP('',(#412,#413,#414,#415));
#133=EDGE_LOOP('',(#416));
#134=EDGE_LOOP('',(#417));
#135=EDGE_LOOP('',(#418));
#136=EDGE_LOOP('',(#419,#420,#421,#422));
#137=EDGE_LOOP('',(#423,#424,#425,#426));
#138=EDGE_LOOP('',(#427,#428,#429,#430));
#139=EDGE_LOOP('',(#431));
#140=EDGE_LOOP('',(#432));
#141=EDGE_LOOP('',(#433));
#142=EDGE_LOOP('',(#434));
#143=EDGE_LOOP('',(#435,#436));
#144=EDGE_LOOP('',(#437,#438,#439,#440,#441,#442));
#145=EDGE_LOOP('',(#443,#444,#445,#446));
#146=EDGE_LOOP('',(#447,#448,#449,#450,#451,#452));
#147=EDGE_LOOP('',(#453,#454,#455,#456,#457,#458,#459,#460,#461,#462,#463,
#464));
#148=EDGE_LOOP('',(#465,#466,#467));
#149=EDGE_LOOP('',(#468,#469,#470,#471,#472,#473));
#150=EDGE_LOOP('',(#474,#475,#476,#477));
#151=EDGE_LOOP('',(#478,#479,#480));
#152=EDGE_LOOP('',(#481,#482,#483,#484,#485,#486,#487,#488,#489,#490,#491,
#492,#493));
#153=EDGE_LOOP('',(#494,#495,#496,#497));
#154=EDGE_LOOP('',(#498));
#155=EDGE_LOOP('',(#499));
#156=EDGE_LOOP('',(#500));
#157=EDGE_LOOP('',(#501,#502,#503,#504));
#158=EDGE_LOOP('',(#505,#506,#507,#508));
#159=EDGE_LOOP('',(#509,#510,#511,#512));
#160=EDGE_LOOP('',(#513));
#161=EDGE_LOOP('',(#514));
#162=EDGE_LOOP('',(#515));
#163=EDGE_LOOP('',(#516));
#164=EDGE_LOOP('',(#517,#518));
#165=EDGE_LOOP('',(#519,#520,#521,#522,#523,#524));
#166=EDGE_LOOP('',(#525,#526,#527,#528));
#167=CIRCLE('',#591,168.941968166223);
#168=CIRCLE('',#592,20.);
#169=CIRCLE('',#593,20.);
#170=CIRCLE('',#597,20.);
#171=CIRCLE('',#598,20.);
#172=CIRCLE('',#599,20.);
#173=CIRCLE('',#602,2.8);
#174=CIRCLE('',#604,2.8);
#175=CIRCLE('',#606,2.8);
#176=CIRCLE('',#608,2.8);
#177=CIRCLE('',#610,2.8);
#178=CIRCLE('',#612,2.8);
#179=CIRCLE('',#614,20.);
#180=CIRCLE('',#617,169.843105456223);
#181=CIRCLE('',#618,20.);
#182=CIRCLE('',#619,20.);
#183=CIRCLE('',#623,20.);
#184=CIRCLE('',#624,20.);
#185=CIRCLE('',#625,20.0000000000006);
#186=CIRCLE('',#628,2.8);
#187=CIRCLE('',#630,2.8);
#188=CIRCLE('',#632,2.8);
#189=CIRCLE('',#634,2.8);
#190=CIRCLE('',#636,2.8);
#191=CIRCLE('',#638,2.8);
#192=CIRCLE('',#640,20.);
#193=B_SPLINE_CURVE_WITH_KNOTS('',3,(#832,#833,#834,#835,#836,#837,#838,
#839,#840,#841,#842,#843),.UNSPECIFIED.,.F.,.F.,(4,2,2,2,2,4),(7.83034790082747E-6,
0.062808637506551,0.124752219955547,0.181514220255757,0.235553859776751,
0.279857555180904),.UNSPECIFIED.);
#194=B_SPLINE_CURVE_WITH_KNOTS('',3,(#845,#846,#847,#848),.UNSPECIFIED.,
 .F.,.F.,(4,4),(0.0743312714265795,0.137288773862938),.UNSPECIFIED.);
#195=B_SPLINE_CURVE_WITH_KNOTS('',3,(#850,#851,#852,#853,#854,#855,#856,
#857,#858,#859,#860,#861),.UNSPECIFIED.,.F.,.F.,(4,2,1,1,1,1,2,4),(0.137288773862938,
0.13762345081289,1.54761530912024,2.95760716742758,3.31010513200442,3.48635411429284,
3.66260309658126,3.66268562234246),.UNSPECIFIED.);
#196=B_SPLINE_CURVE_WITH_KNOTS('',3,(#865,#866,#867,#868,#869,#870,#871,
#872,#873,#874,#875,#876),.UNSPECIFIED.,.F.,.F.,(4,2,2,2,2,4),(0.,0.0548541449627168,
0.121733755098621,0.192019414820566,0.268726108898863,0.346510562908709),
 .UNSPECIFIED.);
#197=B_SPLINE_CURVE_WITH_KNOTS('',3,(#877,#878,#879,#880,#881,#882,#883,
#884,#885,#886,#887,#888),.UNSPECIFIED.,.F.,.F.,(4,2,1,1,1,1,2,4),(-3.80175675465115,
-3.66260309658126,-3.48635411429284,-3.31010513200442,-2.95760716742758,
-1.54761530912024,-0.13762345081289,0.00203127140686496),.UNSPECIFIED.);
#198=B_SPLINE_CURVE_WITH_KNOTS('',3,(#904,#905,#906,#907,#908,#909,#910,
#911,#912,#913,#914,#915),.UNSPECIFIED.,.F.,.F.,(4,2,2,2,2,4),(-3.11587599215984,
-2.35956684485843,-1.87285888116086,-1.16425637737865,-0.588453902009044,
-9.14065165294699E-6),.UNSPECIFIED.);
#199=B_SPLINE_CURVE_WITH_KNOTS('',3,(#917,#918,#919,#920,#921,#922,#923,
#924,#925,#926,#927,#928),.UNSPECIFIED.,.F.,.F.,(4,2,2,2,2,4),(1.72902170791491E-6,
0.047464136350165,0.0970709707958327,0.145067061464234,0.198747297603307,
0.25407402416827),.UNSPECIFIED.);
#200=B_SPLINE_CURVE_WITH_KNOTS('',3,(#930,#931,#932,#933,#934,#935,#936,
#937,#938,#939,#940,#941,#942,#943),.UNSPECIFIED.,.F.,.F.,(4,2,2,2,2,2,
4),(1.00013603499112E-6,0.277730957718032,0.534912912037819,0.850686728754165,
1.06535542399657,1.16721591949176,1.26673681715132),.UNSPECIFIED.);
#201=B_SPLINE_CURVE_WITH_KNOTS('',3,(#945,#946,#947,#948,#949,#950,#951,
#952,#953,#954,#955,#956,#957,#958,#959,#960),.UNSPECIFIED.,.F.,.F.,(4,
2,2,2,2,2,2,4),(0.,0.0447522636473064,0.0834453611913079,0.127562056642369,
0.161800338141763,0.194177389511645,0.23246043996065,0.313386237571172),
 .UNSPECIFIED.);
#202=B_SPLINE_CURVE_WITH_KNOTS('',3,(#962,#963,#964,#965,#966,#967,#968,
#969,#970,#971,#972,#973,#974,#975,#976,#977,#978,#979),.UNSPECIFIED.,.F.,
 .F.,(4,2,2,2,2,2,2,2,4),(1.00000059110779E-6,0.420335082157091,1.00182712825962,
1.7009621161956,2.20382389273489,2.52000958608471,2.79158221349219,3.07226471011262,
3.42772324002798),.UNSPECIFIED.);
#203=B_SPLINE_CURVE_WITH_KNOTS('',3,(#990,#991,#992,#993,#994,#995,#996,
#997,#998,#999,#1000,#1001,#1002,#1003,#1004,#1005,#1006,#1007,#1008,#1009),
 .UNSPECIFIED.,.F.,.F.,(4,2,2,2,2,2,2,2,2,4),(-3.90608006084524,-3.40390596399121,
-2.92644722692769,-2.14449250508066,-1.448414732055,-1.02401335154226,-0.729533266202521,
-0.4667256301643,-0.228806515306185,-8.69823197520063E-5),.UNSPECIFIED.);
#204=B_SPLINE_CURVE_WITH_KNOTS('',3,(#1099,#1100,#1101,#1102,#1103,#1104,
#1105,#1106,#1107,#1108,#1109,#1110,#1111,#1112),.UNSPECIFIED.,.F.,.F.,
(4,2,2,2,2,2,4),(9.80482152550179E-6,0.151211836769917,0.2519190666009,
0.414798717665977,0.579832387340373,0.709747095294478,0.847107384097896),
 .UNSPECIFIED.);
#205=B_SPLINE_CURVE_WITH_KNOTS('',3,(#1146,#1147,#1148,#1149,#1150,#1151,
#1152,#1153,#1154,#1155,#1156,#1157,#1158,#1159,#1160,#1161,#1162,#1163,
#1164,#1165,#1166,#1167,#1168,#1169),.UNSPECIFIED.,.F.,.F.,(4,2,2,2,2,2,
2,2,2,2,2,4),(-5.93642604436266,-5.59563146471752,-5.17574025182454,-4.61325673565069,
-3.99443337380669,-3.60297941122972,-3.18896877140317,-2.54333472275503,
-1.83039664248822,-1.07341558421956,-0.536516150011024,-9.30725255976483E-7),
 .UNSPECIFIED.);
#206=B_SPLINE_CURVE_WITH_KNOTS('',3,(#1193,#1194,#1195,#1196,#1197,#1198,
#1199,#1200,#1201,#1202,#1203,#1204,#1205,#1206),.UNSPECIFIED.,.F.,.F.,
(4,2,2,2,2,2,4),(1.78915710794922E-9,0.1036835086937,0.152134839748514,
0.186866842643105,0.216331436628176,0.264535002919287,0.322274875047045),
 .UNSPECIFIED.);
#207=B_SPLINE_CURVE_WITH_KNOTS('',3,(#1244,#1245,#1246,#1247,#1248,#1249,
#1250,#1251,#1252,#1253,#1254,#1255,#1256,#1257,#1258,#1259,#1260,#1261,
#1262,#1263,#1264,#1265),.UNSPECIFIED.,.F.,.F.,(4,2,2,2,2,2,2,2,2,2,4),
(9.9999995151748E-7,0.173803688757799,0.313194820838568,0.531425157182873,
0.864924823196891,1.32762661479676,1.84164797722984,2.29707823297131,2.85659815761806,
3.40003189352708,4.03808511707985),.UNSPECIFIED.);
#208=B_SPLINE_CURVE_WITH_KNOTS('',3,(#1285,#1286,#1287,#1288,#1289,#1290,
#1291,#1292,#1293,#1294,#1295,#1296),.UNSPECIFIED.,.F.,.F.,(4,2,2,2,2,4),
(4.50751426441542E-6,0.120983796750291,0.213903833438078,0.343184369747523,
0.491307333209812,0.685832012199924),.UNSPECIFIED.);
#209=B_SPLINE_CURVE_WITH_KNOTS('',3,(#1297,#1298,#1299,#1300,#1301,#1302,
#1303,#1304,#1305,#1306,#1307,#1308),.UNSPECIFIED.,.F.,.F.,(4,2,2,2,2,4),
(6.01527641249718E-6,0.0555272231316537,0.109380920428682,0.157400465823987,
0.20707012072619,0.25432776678127),.UNSPECIFIED.);
#210=B_SPLINE_CURVE_WITH_KNOTS('',3,(#1487,#1488,#1489,#1490,#1491,#1492,
#1493,#1494,#1495,#1496,#1497,#1498),.UNSPECIFIED.,.F.,.F.,(4,2,2,2,2,4),
(-0.334683299761788,-0.29220002186821,-0.244201865234809,-0.165288928901172,
-0.0894548519635099,-7.83042067748407E-6),.UNSPECIFIED.);
#211=B_SPLINE_CURVE_WITH_KNOTS('',3,(#1500,#1501,#1502,#1503,#1504,#1505,
#1506,#1507,#1508,#1509,#1510,#1511,#1512),.UNSPECIFIED.,.F.,.F.,(4,2,1,
1,1,1,1,2,4),(-3.80174768793382,-3.66209046636088,-2.95709454231302,-2.25209861826516,
-0.842106770169451,-0.489608808145523,-0.313359827133558,-0.137110846121594,
0.00204032278605288),.UNSPECIFIED.);
#212=B_SPLINE_CURVE_WITH_KNOTS('',3,(#1514,#1515,#1516,#1517,#1518,#1519,
#1520,#1521,#1522,#1523,#1524,#1525),.UNSPECIFIED.,.F.,.F.,(4,2,2,2,2,4),
(-0.29657310135235,-0.217305583383789,-0.150104671736661,-0.0801625736413137,
-0.0376399924214096,-2.87645512964119E-9),.UNSPECIFIED.);
#213=B_SPLINE_CURVE_WITH_KNOTS('',3,(#1529,#1530,#1531,#1532,#1533,#1534,
#1535,#1536,#1537,#1538,#1539,#1540,#1541),.UNSPECIFIED.,.F.,.F.,(4,2,1,
1,1,1,1,2,4),(0.137074805914461,0.137110846121594,0.313359827133558,0.489608808145523,
0.842106770169451,2.25209861826516,2.95709454231302,3.66209046636088,3.66238321414319),
 .UNSPECIFIED.);
#214=B_SPLINE_CURVE_WITH_KNOTS('',3,(#1542,#1543,#1544,#1545),
 .UNSPECIFIED.,.F.,.F.,(4,4),(3.66238321414319,3.72539659963329),
 .UNSPECIFIED.);
#215=B_SPLINE_CURVE_WITH_KNOTS('',3,(#1561,#1562,#1563,#1564,#1565,#1566,
#1567,#1568,#1569,#1570,#1571,#1572,#1573,#1574,#1575,#1576,#1577,#1578,
#1579,#1580),.UNSPECIFIED.,.F.,.F.,(4,2,2,2,2,2,2,2,2,4),(-4.50545676723304,
-4.12610302494493,-3.72557175887067,-3.21616293258311,-2.80494253078263,
-2.3876994881207,-1.81759626566991,-1.2346041062832,-0.640800123102658,
-1.03468920297101E-6),.UNSPECIFIED.);
#216=B_SPLINE_CURVE_WITH_KNOTS('',3,(#1592,#1593,#1594,#1595,#1596,#1597,
#1598,#1599,#1600,#1601,#1602,#1603,#1604,#1605,#1606,#1607,#1608,#1609),
 .UNSPECIFIED.,.F.,.F.,(4,2,2,2,2,2,2,2,4),(-2.09748959340067,-1.84027883562541,
-1.48445230184766,-1.05663809869669,-0.748927623954865,-0.555447770068859,
-0.389267414563692,-0.21751262357752,-9.99999940187735E-7),
 .UNSPECIFIED.);
#217=B_SPLINE_CURVE_WITH_KNOTS('',3,(#1611,#1612,#1613,#1614,#1615,#1616,
#1617,#1618,#1619,#1620,#1621,#1622,#1623,#1624,#1625,#1626),
 .UNSPECIFIED.,.F.,.F.,(4,2,2,2,2,2,2,4),(-0.397972888484572,-0.34116213031606,
-0.29203938647191,-0.236004465400807,-0.192506568275312,-0.151373526885359,
-0.102733032886018,-1.78917108906163E-9),.UNSPECIFIED.);
#218=B_SPLINE_CURVE_WITH_KNOTS('',3,(#1628,#1629,#1630,#1631,#1632,#1633,
#1634,#1635,#1636,#1637,#1638,#1639,#1640,#1641),.UNSPECIFIED.,.F.,.F.,
(4,2,2,2,2,2,4),(-1.27735795749555,-0.997300099558156,-0.73796247586789,
-0.41954187957988,-0.203073856187834,-0.100359577813748,-4.50751302289755E-6),
 .UNSPECIFIED.);
#219=B_SPLINE_CURVE_WITH_KNOTS('',3,(#1643,#1644,#1645,#1646,#1647,#1648,
#1649,#1650,#1651,#1652,#1653,#1654),.UNSPECIFIED.,.F.,.F.,(4,2,2,2,2,4),
(-0.25432377369679,-0.207103430507247,-0.15742625725588,-0.109388213995656,
-0.055531146552163,-2.09073883500952E-5),.UNSPECIFIED.);
#220=B_SPLINE_CURVE_WITH_KNOTS('',3,(#1655,#1656,#1657,#1658,#1659,#1660,
#1661,#1662,#1663,#1664,#1665,#1666,#1667,#1668),.UNSPECIFIED.,.F.,.F.,
(4,2,2,2,2,2,4),(-0.84264153029296,-0.707345626269663,-0.579346322608072,
-0.415229721811246,-0.252203417488595,-0.151449427601201,-1.00044179919686E-6),
 .UNSPECIFIED.);
#221=B_SPLINE_CURVE_WITH_KNOTS('',3,(#1701,#1702,#1703,#1704,#1705,#1706,
#1707,#1708,#1709,#1710,#1711,#1712,#1713,#1714,#1715,#1716,#1717,#1718,
#1719,#1720,#1721,#1722,#1723,#1724),.UNSPECIFIED.,.F.,.F.,(4,2,2,2,2,2,
2,2,2,2,2,4),(-5.17528273677207,-4.64664534444699,-4.11518287798907,-3.76701157616064,
-2.92276883161577,-2.14097044254699,-1.44918902668877,-1.02444591842651,
-0.7298217472844,-0.466949112941568,-0.228967855369904,-8.69985031400808E-5),
 .UNSPECIFIED.);
#222=B_SPLINE_CURVE_WITH_KNOTS('',3,(#1815,#1816,#1817,#1818,#1819,#1820,
#1821,#1822,#1823,#1824,#1825,#1826),.UNSPECIFIED.,.F.,.F.,(4,2,2,2,2,4),
(-2.60503077247172,-2.20915717323429,-1.78373310464765,-1.03877592839342,
-0.494650750421859,-3.81452015710817E-6),.UNSPECIFIED.);
#223=B_SPLINE_CURVE_WITH_KNOTS('',3,(#1850,#1851,#1852,#1853,#1854,#1855,
#1856,#1857,#1858,#1859,#1860,#1861,#1862,#1863),.UNSPECIFIED.,.F.,.F.,
(4,2,2,2,2,2,4),(0.,0.0679562972713495,0.124701961581427,0.15930900293483,
0.20011605899288,0.257015818474994,0.377943914616591),.UNSPECIFIED.);
#224=B_SPLINE_CURVE_WITH_KNOTS('',3,(#1901,#1902,#1903,#1904,#1905,#1906,
#1907,#1908,#1909,#1910,#1911,#1912,#1913,#1914,#1915,#1916,#1917,#1918,
#1919,#1920,#1921,#1922),.UNSPECIFIED.,.F.,.F.,(4,2,2,2,2,2,2,2,2,2,4),
(9.99998863303811E-7,0.341435702896008,0.63223697087814,0.931645845810978,
1.17535460420216,1.4504164544072,1.69801618365588,1.87647772261118,1.99325671289854,
2.06784737888845,2.16085226745784),.UNSPECIFIED.);
#225=B_SPLINE_CURVE_WITH_KNOTS('',3,(#1938,#1939,#1940,#1941,#1942,#1943,
#1944,#1945,#1946,#1947,#1948,#1949),.UNSPECIFIED.,.F.,.F.,(4,2,2,2,2,4),
(1.7290222042106E-6,0.0473267973274925,0.096942838392584,0.144944727773761,
0.198670523573314,0.254058444829684),.UNSPECIFIED.);
#226=B_SPLINE_CURVE_WITH_KNOTS('',3,(#1950,#1951,#1952,#1953,#1954,#1955,
#1956,#1957,#1958,#1959,#1960,#1961),.UNSPECIFIED.,.F.,.F.,(4,2,2,2,2,4),
(1.00013611468946E-6,0.494156299588882,0.870436305540158,1.19885048140786,
1.43489728428988,1.74222362053604),.UNSPECIFIED.);
#227=VERTEX_POINT('',#830);
#228=VERTEX_POINT('',#831);
#229=VERTEX_POINT('',#844);
#230=VERTEX_POINT('',#849);
#231=VERTEX_POINT('',#862);
#232=VERTEX_POINT('',#864);
#233=VERTEX_POINT('',#903);
#234=VERTEX_POINT('',#916);
#235=VERTEX_POINT('',#929);
#236=VERTEX_POINT('',#944);
#237=VERTEX_POINT('',#961);
#238=VERTEX_POINT('',#980);
#239=VERTEX_POINT('',#982);
#240=VERTEX_POINT('',#984);
#241=VERTEX_POINT('',#986);
#242=VERTEX_POINT('',#988);
#243=VERTEX_POINT('',#1098);
#244=VERTEX_POINT('',#1190);
#245=VERTEX_POINT('',#1192);
#246=VERTEX_POINT('',#1280);
#247=VERTEX_POINT('',#1284);
#248=VERTEX_POINT('',#1331);
#249=VERTEX_POINT('',#1334);
#250=VERTEX_POINT('',#1337);
#251=VERTEX_POINT('',#1340);
#252=VERTEX_POINT('',#1344);
#253=VERTEX_POINT('',#1348);
#254=VERTEX_POINT('',#1352);
#255=VERTEX_POINT('',#1485);
#256=VERTEX_POINT('',#1486);
#257=VERTEX_POINT('',#1499);
#258=VERTEX_POINT('',#1513);
#259=VERTEX_POINT('',#1526);
#260=VERTEX_POINT('',#1528);
#261=VERTEX_POINT('',#1560);
#262=VERTEX_POINT('',#1581);
#263=VERTEX_POINT('',#1583);
#264=VERTEX_POINT('',#1585);
#265=VERTEX_POINT('',#1587);
#266=VERTEX_POINT('',#1589);
#267=VERTEX_POINT('',#1591);
#268=VERTEX_POINT('',#1610);
#269=VERTEX_POINT('',#1627);
#270=VERTEX_POINT('',#1642);
#271=VERTEX_POINT('',#1813);
#272=VERTEX_POINT('',#1847);
#273=VERTEX_POINT('',#1849);
#274=VERTEX_POINT('',#1937);
#275=VERTEX_POINT('',#1963);
#276=VERTEX_POINT('',#1988);
#277=VERTEX_POINT('',#1991);
#278=VERTEX_POINT('',#1994);
#279=VERTEX_POINT('',#1997);
#280=VERTEX_POINT('',#2001);
#281=VERTEX_POINT('',#2005);
#282=VERTEX_POINT('',#2009);
#283=EDGE_CURVE('',#227,#228,#193,.T.);
#284=EDGE_CURVE('',#228,#229,#194,.T.);
#285=EDGE_CURVE('',#229,#230,#195,.T.);
#286=EDGE_CURVE('',#230,#231,#167,.T.);
#287=EDGE_CURVE('',#231,#232,#196,.T.);
#288=EDGE_CURVE('',#232,#227,#197,.T.);
#289=EDGE_CURVE('',#233,#231,#198,.F.);
#290=EDGE_CURVE('',#234,#233,#199,.T.);
#291=EDGE_CURVE('',#235,#234,#200,.T.);
#292=EDGE_CURVE('',#236,#235,#201,.T.);
#293=EDGE_CURVE('',#237,#236,#202,.T.);
#294=EDGE_CURVE('',#238,#237,#53,.T.);
#295=EDGE_CURVE('',#238,#239,#168,.F.);
#296=EDGE_CURVE('',#239,#240,#54,.T.);
#297=EDGE_CURVE('',#240,#241,#169,.T.);
#298=EDGE_CURVE('',#242,#241,#55,.T.);
#299=EDGE_CURVE('',#242,#232,#203,.T.);
#300=EDGE_CURVE('',#228,#243,#204,.T.);
#301=EDGE_CURVE('',#233,#243,#45,.T.);
#302=EDGE_CURVE('',#242,#227,#205,.F.);
#303=EDGE_CURVE('',#235,#244,#46,.T.);
#304=EDGE_CURVE('',#244,#245,#206,.T.);
#305=EDGE_CURVE('',#245,#236,#47,.T.);
#306=EDGE_CURVE('',#245,#237,#207,.T.);
#307=EDGE_CURVE('',#241,#246,#170,.T.);
#308=EDGE_CURVE('',#246,#240,#171,.T.);
#309=EDGE_CURVE('',#238,#239,#172,.T.);
#310=EDGE_CURVE('',#247,#244,#208,.T.);
#311=EDGE_CURVE('',#243,#247,#209,.T.);
#312=EDGE_CURVE('',#247,#234,#48,.T.);
#313=EDGE_CURVE('',#248,#248,#173,.T.);
#314=EDGE_CURVE('',#249,#249,#174,.T.);
#315=EDGE_CURVE('',#250,#250,#175,.T.);
#316=EDGE_CURVE('',#251,#251,#176,.T.);
#317=EDGE_CURVE('',#251,#250,#56,.T.);
#318=EDGE_CURVE('',#252,#252,#177,.T.);
#319=EDGE_CURVE('',#252,#248,#57,.T.);
#320=EDGE_CURVE('',#253,#253,#178,.T.);
#321=EDGE_CURVE('',#253,#249,#58,.T.);
#322=EDGE_CURVE('',#254,#254,#179,.T.);
#323=EDGE_CURVE('',#254,#240,#59,.T.);
#324=EDGE_CURVE('',#255,#256,#210,.T.);
#325=EDGE_CURVE('',#256,#257,#211,.T.);
#326=EDGE_CURVE('',#257,#258,#212,.T.);
#327=EDGE_CURVE('',#258,#259,#180,.T.);
#328=EDGE_CURVE('',#259,#260,#213,.T.);
#329=EDGE_CURVE('',#260,#255,#214,.T.);
#330=EDGE_CURVE('',#261,#257,#215,.F.);
#331=EDGE_CURVE('',#261,#262,#60,.T.);
#332=EDGE_CURVE('',#263,#262,#181,.T.);
#333=EDGE_CURVE('',#264,#263,#61,.T.);
#334=EDGE_CURVE('',#265,#264,#182,.F.);
#335=EDGE_CURVE('',#265,#266,#62,.T.);
#336=EDGE_CURVE('',#266,#267,#216,.T.);
#337=EDGE_CURVE('',#267,#268,#217,.T.);
#338=EDGE_CURVE('',#268,#269,#218,.T.);
#339=EDGE_CURVE('',#269,#270,#219,.T.);
#340=EDGE_CURVE('',#270,#258,#220,.T.);
#341=EDGE_CURVE('',#256,#261,#221,.F.);
#342=EDGE_CURVE('',#270,#271,#49,.T.);
#343=EDGE_CURVE('',#271,#255,#222,.F.);
#344=EDGE_CURVE('',#272,#267,#50,.T.);
#345=EDGE_CURVE('',#272,#273,#223,.T.);
#346=EDGE_CURVE('',#268,#273,#51,.T.);
#347=EDGE_CURVE('',#266,#272,#224,.T.);
#348=EDGE_CURVE('',#274,#271,#225,.T.);
#349=EDGE_CURVE('',#273,#274,#226,.T.);
#350=EDGE_CURVE('',#265,#264,#183,.T.);
#351=EDGE_CURVE('',#275,#263,#184,.T.);
#352=EDGE_CURVE('',#262,#275,#185,.T.);
#353=EDGE_CURVE('',#274,#269,#52,.T.);
#354=EDGE_CURVE('',#276,#276,#186,.T.);
#355=EDGE_CURVE('',#277,#277,#187,.T.);
#356=EDGE_CURVE('',#278,#278,#188,.T.);
#357=EDGE_CURVE('',#278,#279,#63,.T.);
#358=EDGE_CURVE('',#279,#279,#189,.T.);
#359=EDGE_CURVE('',#276,#280,#64,.T.);
#360=EDGE_CURVE('',#280,#280,#190,.T.);
#361=EDGE_CURVE('',#277,#281,#65,.T.);
#362=EDGE_CURVE('',#281,#281,#191,.T.);
#363=EDGE_CURVE('',#282,#282,#192,.T.);
#364=EDGE_CURVE('',#263,#282,#66,.T.);
#365=ORIENTED_EDGE('',*,*,#283,.T.);
#366=ORIENTED_EDGE('',*,*,#284,.T.);
#367=ORIENTED_EDGE('',*,*,#285,.T.);
#368=ORIENTED_EDGE('',*,*,#286,.T.);
#369=ORIENTED_EDGE('',*,*,#287,.T.);
#370=ORIENTED_EDGE('',*,*,#288,.T.);
#371=ORIENTED_EDGE('',*,*,#287,.F.);
#372=ORIENTED_EDGE('',*,*,#289,.F.);
#373=ORIENTED_EDGE('',*,*,#290,.F.);
#374=ORIENTED_EDGE('',*,*,#291,.F.);
#375=ORIENTED_EDGE('',*,*,#292,.F.);
#376=ORIENTED_EDGE('',*,*,#293,.F.);
#377=ORIENTED_EDGE('',*,*,#294,.F.);
#378=ORIENTED_EDGE('',*,*,#295,.T.);
#379=ORIENTED_EDGE('',*,*,#296,.T.);
#380=ORIENTED_EDGE('',*,*,#297,.T.);
#381=ORIENTED_EDGE('',*,*,#298,.F.);
#382=ORIENTED_EDGE('',*,*,#299,.T.);
#383=ORIENTED_EDGE('',*,*,#286,.F.);
#384=ORIENTED_EDGE('',*,*,#285,.F.);
#385=ORIENTED_EDGE('',*,*,#284,.F.);
#386=ORIENTED_EDGE('',*,*,#300,.T.);
#387=ORIENTED_EDGE('',*,*,#301,.F.);
#388=ORIENTED_EDGE('',*,*,#289,.T.);
#389=ORIENTED_EDGE('',*,*,#288,.F.);
#390=ORIENTED_EDGE('',*,*,#299,.F.);
#391=ORIENTED_EDGE('',*,*,#302,.T.);
#392=ORIENTED_EDGE('',*,*,#292,.T.);
#393=ORIENTED_EDGE('',*,*,#303,.T.);
#394=ORIENTED_EDGE('',*,*,#304,.T.);
#395=ORIENTED_EDGE('',*,*,#305,.T.);
#396=ORIENTED_EDGE('',*,*,#305,.F.);
#397=ORIENTED_EDGE('',*,*,#306,.T.);
#398=ORIENTED_EDGE('',*,*,#293,.T.);
#399=ORIENTED_EDGE('',*,*,#283,.F.);
#400=ORIENTED_EDGE('',*,*,#302,.F.);
#401=ORIENTED_EDGE('',*,*,#298,.T.);
#402=ORIENTED_EDGE('',*,*,#307,.T.);
#403=ORIENTED_EDGE('',*,*,#308,.T.);
#404=ORIENTED_EDGE('',*,*,#296,.F.);
#405=ORIENTED_EDGE('',*,*,#309,.F.);
#406=ORIENTED_EDGE('',*,*,#294,.T.);
#407=ORIENTED_EDGE('',*,*,#306,.F.);
#408=ORIENTED_EDGE('',*,*,#304,.F.);
#409=ORIENTED_EDGE('',*,*,#310,.F.);
#410=ORIENTED_EDGE('',*,*,#311,.F.);
#411=ORIENTED_EDGE('',*,*,#300,.F.);
#412=ORIENTED_EDGE('',*,*,#290,.T.);
#413=ORIENTED_EDGE('',*,*,#301,.T.);
#414=ORIENTED_EDGE('',*,*,#311,.T.);
#415=ORIENTED_EDGE('',*,*,#312,.T.);
#416=ORIENTED_EDGE('',*,*,#313,.F.);
#417=ORIENTED_EDGE('',*,*,#314,.F.);
#418=ORIENTED_EDGE('',*,*,#315,.F.);
#419=ORIENTED_EDGE('',*,*,#316,.F.);
#420=ORIENTED_EDGE('',*,*,#317,.T.);
#421=ORIENTED_EDGE('',*,*,#315,.T.);
#422=ORIENTED_EDGE('',*,*,#317,.F.);
#423=ORIENTED_EDGE('',*,*,#318,.F.);
#424=ORIENTED_EDGE('',*,*,#319,.T.);
#425=ORIENTED_EDGE('',*,*,#313,.T.);
#426=ORIENTED_EDGE('',*,*,#319,.F.);
#427=ORIENTED_EDGE('',*,*,#320,.F.);
#428=ORIENTED_EDGE('',*,*,#321,.T.);
#429=ORIENTED_EDGE('',*,*,#314,.T.);
#430=ORIENTED_EDGE('',*,*,#321,.F.);
#431=ORIENTED_EDGE('',*,*,#322,.T.);
#432=ORIENTED_EDGE('',*,*,#316,.T.);
#433=ORIENTED_EDGE('',*,*,#318,.T.);
#434=ORIENTED_EDGE('',*,*,#320,.T.);
#435=ORIENTED_EDGE('',*,*,#295,.F.);
#436=ORIENTED_EDGE('',*,*,#309,.T.);
#437=ORIENTED_EDGE('',*,*,#322,.F.);
#438=ORIENTED_EDGE('',*,*,#323,.T.);
#439=ORIENTED_EDGE('',*,*,#308,.F.);
#440=ORIENTED_EDGE('',*,*,#307,.F.);
#441=ORIENTED_EDGE('',*,*,#297,.F.);
#442=ORIENTED_EDGE('',*,*,#323,.F.);
#443=ORIENTED_EDGE('',*,*,#303,.F.);
#444=ORIENTED_EDGE('',*,*,#291,.T.);
#445=ORIENTED_EDGE('',*,*,#312,.F.);
#446=ORIENTED_EDGE('',*,*,#310,.T.);
#447=ORIENTED_EDGE('',*,*,#324,.T.);
#448=ORIENTED_EDGE('',*,*,#325,.T.);
#449=ORIENTED_EDGE('',*,*,#326,.T.);
#450=ORIENTED_EDGE('',*,*,#327,.T.);
#451=ORIENTED_EDGE('',*,*,#328,.T.);
#452=ORIENTED_EDGE('',*,*,#329,.T.);
#453=ORIENTED_EDGE('',*,*,#326,.F.);
#454=ORIENTED_EDGE('',*,*,#330,.F.);
#455=ORIENTED_EDGE('',*,*,#331,.T.);
#456=ORIENTED_EDGE('',*,*,#332,.F.);
#457=ORIENTED_EDGE('',*,*,#333,.F.);
#458=ORIENTED_EDGE('',*,*,#334,.F.);
#459=ORIENTED_EDGE('',*,*,#335,.T.);
#460=ORIENTED_EDGE('',*,*,#336,.T.);
#461=ORIENTED_EDGE('',*,*,#337,.T.);
#462=ORIENTED_EDGE('',*,*,#338,.T.);
#463=ORIENTED_EDGE('',*,*,#339,.T.);
#464=ORIENTED_EDGE('',*,*,#340,.T.);
#465=ORIENTED_EDGE('',*,*,#325,.F.);
#466=ORIENTED_EDGE('',*,*,#341,.T.);
#467=ORIENTED_EDGE('',*,*,#330,.T.);
#468=ORIENTED_EDGE('',*,*,#329,.F.);
#469=ORIENTED_EDGE('',*,*,#328,.F.);
#470=ORIENTED_EDGE('',*,*,#327,.F.);
#471=ORIENTED_EDGE('',*,*,#340,.F.);
#472=ORIENTED_EDGE('',*,*,#342,.T.);
#473=ORIENTED_EDGE('',*,*,#343,.T.);
#474=ORIENTED_EDGE('',*,*,#337,.F.);
#475=ORIENTED_EDGE('',*,*,#344,.F.);
#476=ORIENTED_EDGE('',*,*,#345,.T.);
#477=ORIENTED_EDGE('',*,*,#346,.F.);
#478=ORIENTED_EDGE('',*,*,#344,.T.);
#479=ORIENTED_EDGE('',*,*,#336,.F.);
#480=ORIENTED_EDGE('',*,*,#347,.T.);
#481=ORIENTED_EDGE('',*,*,#324,.F.);
#482=ORIENTED_EDGE('',*,*,#343,.F.);
#483=ORIENTED_EDGE('',*,*,#348,.F.);
#484=ORIENTED_EDGE('',*,*,#349,.F.);
#485=ORIENTED_EDGE('',*,*,#345,.F.);
#486=ORIENTED_EDGE('',*,*,#347,.F.);
#487=ORIENTED_EDGE('',*,*,#335,.F.);
#488=ORIENTED_EDGE('',*,*,#350,.T.);
#489=ORIENTED_EDGE('',*,*,#333,.T.);
#490=ORIENTED_EDGE('',*,*,#351,.F.);
#491=ORIENTED_EDGE('',*,*,#352,.F.);
#492=ORIENTED_EDGE('',*,*,#331,.F.);
#493=ORIENTED_EDGE('',*,*,#341,.F.);
#494=ORIENTED_EDGE('',*,*,#339,.F.);
#495=ORIENTED_EDGE('',*,*,#353,.F.);
#496=ORIENTED_EDGE('',*,*,#348,.T.);
#497=ORIENTED_EDGE('',*,*,#342,.F.);
#498=ORIENTED_EDGE('',*,*,#354,.T.);
#499=ORIENTED_EDGE('',*,*,#355,.T.);
#500=ORIENTED_EDGE('',*,*,#356,.T.);
#501=ORIENTED_EDGE('',*,*,#356,.F.);
#502=ORIENTED_EDGE('',*,*,#357,.T.);
#503=ORIENTED_EDGE('',*,*,#358,.T.);
#504=ORIENTED_EDGE('',*,*,#357,.F.);
#505=ORIENTED_EDGE('',*,*,#354,.F.);
#506=ORIENTED_EDGE('',*,*,#359,.T.);
#507=ORIENTED_EDGE('',*,*,#360,.T.);
#508=ORIENTED_EDGE('',*,*,#359,.F.);
#509=ORIENTED_EDGE('',*,*,#355,.F.);
#510=ORIENTED_EDGE('',*,*,#361,.T.);
#511=ORIENTED_EDGE('',*,*,#362,.T.);
#512=ORIENTED_EDGE('',*,*,#361,.F.);
#513=ORIENTED_EDGE('',*,*,#363,.F.);
#514=ORIENTED_EDGE('',*,*,#358,.F.);
#515=ORIENTED_EDGE('',*,*,#360,.F.);
#516=ORIENTED_EDGE('',*,*,#362,.F.);
#517=ORIENTED_EDGE('',*,*,#334,.T.);
#518=ORIENTED_EDGE('',*,*,#350,.F.);
#519=ORIENTED_EDGE('',*,*,#332,.T.);
#520=ORIENTED_EDGE('',*,*,#352,.T.);
#521=ORIENTED_EDGE('',*,*,#351,.T.);
#522=ORIENTED_EDGE('',*,*,#364,.T.);
#523=ORIENTED_EDGE('',*,*,#363,.T.);
#524=ORIENTED_EDGE('',*,*,#364,.F.);
#525=ORIENTED_EDGE('',*,*,#346,.T.);
#526=ORIENTED_EDGE('',*,*,#349,.T.);
#527=ORIENTED_EDGE('',*,*,#353,.T.);
#528=ORIENTED_EDGE('',*,*,#338,.F.);
#529=B_SPLINE_SURFACE_WITH_KNOTS('',3,3,((#770,#771,#772,#773,#774,#775,
#776,#777,#778,#779,#780,#781),(#782,#783,#784,#785,#786,#787,#788,#789,
#790,#791,#792,#793),(#794,#795,#796,#797,#798,#799,#800,#801,#802,#803,
#804,#805),(#806,#807,#808,#809,#810,#811,#812,#813,#814,#815,#816,#817),
(#818,#819,#820,#821,#822,#823,#824,#825,#826,#827,#828,#829)),
 .UNSPECIFIED.,.F.,.F.,.F.,(4,1,4),(4,2,1,1,1,1,2,4),(0.,0.571428571428571,
1.),(-3.80177531180773,-3.66260309658126,-3.48635411429284,-3.31010513200442,
-2.95760716742758,-1.54761530912024,-0.13762345081289,0.00204983143101689),
 .UNSPECIFIED.);
#530=B_SPLINE_SURFACE_WITH_KNOTS('',3,3,((#1010,#1011,#1012,#1013,#1014,
#1015,#1016,#1017,#1018,#1019,#1020),(#1021,#1022,#1023,#1024,#1025,#1026,
#1027,#1028,#1029,#1030,#1031),(#1032,#1033,#1034,#1035,#1036,#1037,#1038,
#1039,#1040,#1041,#1042),(#1043,#1044,#1045,#1046,#1047,#1048,#1049,#1050,
#1051,#1052,#1053),(#1054,#1055,#1056,#1057,#1058,#1059,#1060,#1061,#1062,
#1063,#1064),(#1065,#1066,#1067,#1068,#1069,#1070,#1071,#1072,#1073,#1074,
#1075),(#1076,#1077,#1078,#1079,#1080,#1081,#1082,#1083,#1084,#1085,#1086),
(#1087,#1088,#1089,#1090,#1091,#1092,#1093,#1094,#1095,#1096,#1097)),
 .UNSPECIFIED.,.F.,.F.,.F.,(4,2,2,4),(4,3,1,3,4),(0.365523719527311,0.40146211475192,
0.50146211475192,0.638116807653866),(0.243277859967721,0.262566878274744,
0.560846609840994,0.784556408515682,0.803937491194895),.UNSPECIFIED.);
#531=B_SPLINE_SURFACE_WITH_KNOTS('',3,1,((#1114,#1115),(#1116,#1117),(#1118,
#1119),(#1120,#1121),(#1122,#1123),(#1124,#1125),(#1126,#1127),(#1128,#1129),
(#1130,#1131),(#1132,#1133),(#1134,#1135),(#1136,#1137),(#1138,#1139),(#1140,
#1141),(#1142,#1143),(#1144,#1145)),.UNSPECIFIED.,.F.,.F.,.F.,(4,3,3,3,
3,4),(2,2),(0.258645598445309,0.352740553423152,0.450947920912896,0.541735580166401,
0.652828782658257,0.687443365111189),(0.,5.66882612377411),
 .UNSPECIFIED.);
#532=B_SPLINE_SURFACE_WITH_KNOTS('',3,3,((#1170,#1171,#1172,#1173),(#1174,
#1175,#1176,#1177),(#1178,#1179,#1180,#1181),(#1182,#1183,#1184,#1185),
(#1186,#1187,#1188,#1189)),.UNSPECIFIED.,.F.,.F.,.F.,(4,1,4),(4,4),(0.,
0.571428571428571,1.),(0.28373670463381,2.64727536960925),.UNSPECIFIED.);
#533=B_SPLINE_SURFACE_WITH_KNOTS('',3,3,((#1309,#1310,#1311,#1312),(#1313,
#1314,#1315,#1316),(#1317,#1318,#1319,#1320),(#1321,#1322,#1323,#1324),
(#1325,#1326,#1327,#1328)),.UNSPECIFIED.,.F.,.F.,.F.,(4,1,4),(4,4),(0.,
0.5,1.),(0.00472010213985963,3.15408725245933),.UNSPECIFIED.);
#534=B_SPLINE_SURFACE_WITH_KNOTS('',3,3,((#1420,#1421,#1422,#1423,#1424,
#1425,#1426,#1427,#1428,#1429,#1430,#1431,#1432),(#1433,#1434,#1435,#1436,
#1437,#1438,#1439,#1440,#1441,#1442,#1443,#1444,#1445),(#1446,#1447,#1448,
#1449,#1450,#1451,#1452,#1453,#1454,#1455,#1456,#1457,#1458),(#1459,#1460,
#1461,#1462,#1463,#1464,#1465,#1466,#1467,#1468,#1469,#1470,#1471),(#1472,
#1473,#1474,#1475,#1476,#1477,#1478,#1479,#1480,#1481,#1482,#1483,#1484)),
 .UNSPECIFIED.,.F.,.F.,.F.,(4,1,4),(4,2,1,1,1,1,1,2,4),(0.,0.571428571428571,
1.),(-0.00205887998488008,0.137110846121594,0.313359827133558,0.489608808145523,
0.842106770169451,2.25209861826516,2.95709454231302,3.66209046636088,3.80176624792842),
 .UNSPECIFIED.);
#535=B_SPLINE_SURFACE_WITH_KNOTS('',3,1,((#1669,#1670),(#1671,#1672),(#1673,
#1674),(#1675,#1676),(#1677,#1678),(#1679,#1680),(#1681,#1682),(#1683,#1684),
(#1685,#1686),(#1687,#1688),(#1689,#1690),(#1691,#1692),(#1693,#1694),(#1695,
#1696),(#1697,#1698),(#1699,#1700)),.UNSPECIFIED.,.F.,.F.,.F.,(4,3,3,3,
3,4),(2,2),(0.258645598445379,0.352740553423242,0.450947920913224,0.541735580166932,
0.652828782658892,0.687443365111189),(0.,5.6686203385824),.UNSPECIFIED.);
#536=B_SPLINE_SURFACE_WITH_KNOTS('',3,3,((#1725,#1726,#1727,#1728,#1729,
#1730,#1731,#1732,#1733,#1734,#1735),(#1736,#1737,#1738,#1739,#1740,#1741,
#1742,#1743,#1744,#1745,#1746),(#1747,#1748,#1749,#1750,#1751,#1752,#1753,
#1754,#1755,#1756,#1757),(#1758,#1759,#1760,#1761,#1762,#1763,#1764,#1765,
#1766,#1767,#1768),(#1769,#1770,#1771,#1772,#1773,#1774,#1775,#1776,#1777,
#1778,#1779),(#1780,#1781,#1782,#1783,#1784,#1785,#1786,#1787,#1788,#1789,
#1790),(#1791,#1792,#1793,#1794,#1795,#1796,#1797,#1798,#1799,#1800,#1801),
(#1802,#1803,#1804,#1805,#1806,#1807,#1808,#1809,#1810,#1811,#1812)),
 .UNSPECIFIED.,.F.,.F.,.F.,(4,2,2,4),(4,3,1,3,4),(0.365523297275333,0.40146211475192,
0.50146211475192,0.638111123983761),(0.243254622725835,0.262566878274744,
0.560846609840994,0.784556408515682,0.803628778860788),.UNSPECIFIED.);
#537=B_SPLINE_SURFACE_WITH_KNOTS('',3,3,((#1827,#1828,#1829,#1830),(#1831,
#1832,#1833,#1834),(#1835,#1836,#1837,#1838),(#1839,#1840,#1841,#1842),
(#1843,#1844,#1845,#1846)),.UNSPECIFIED.,.F.,.F.,.F.,(4,1,4),(4,4),(0.,
0.571428571428571,1.),(0.28373670463381,2.64727536960925),.UNSPECIFIED.);
#538=B_SPLINE_SURFACE_WITH_KNOTS('',3,3,((#1966,#1967,#1968,#1969),(#1970,
#1971,#1972,#1973),(#1974,#1975,#1976,#1977),(#1978,#1979,#1980,#1981),
(#1982,#1983,#1984,#1985)),.UNSPECIFIED.,.F.,.F.,.F.,(4,1,4),(4,4),(0.,
0.5,1.),(0.00472010213985963,3.15408725245933),.UNSPECIFIED.);
#539=ADVANCED_FACE('',(#89),#529,.F.);
#540=ADVANCED_FACE('',(#90),#81,.T.);
#541=ADVANCED_FACE('',(#91),#530,.F.);
#542=ADVANCED_FACE('',(#92),#531,.F.);
#543=ADVANCED_FACE('',(#93),#532,.F.);
#544=ADVANCED_FACE('',(#94),#82,.F.);
#545=ADVANCED_FACE('',(#95),#83,.T.);
#546=ADVANCED_FACE('',(#96),#533,.F.);
#547=ADVANCED_FACE('',(#97),#35,.T.);
#548=ADVANCED_FACE('',(#98),#36,.T.);
#549=ADVANCED_FACE('',(#99),#37,.T.);
#550=ADVANCED_FACE('',(#100),#27,.F.);
#551=ADVANCED_FACE('',(#101),#28,.F.);
#552=ADVANCED_FACE('',(#102),#29,.F.);
#553=ADVANCED_FACE('',(#103,#21,#22,#23),#38,.T.);
#554=ADVANCED_FACE('',(#104),#39,.T.);
#555=ADVANCED_FACE('',(#105),#30,.T.);
#556=ADVANCED_FACE('',(#106),#84,.F.);
#557=ADVANCED_FACE('',(#107),#534,.F.);
#558=ADVANCED_FACE('',(#108),#85,.F.);
#559=ADVANCED_FACE('',(#109),#535,.T.);
#560=ADVANCED_FACE('',(#110),#536,.T.);
#561=ADVANCED_FACE('',(#111),#537,.T.);
#562=ADVANCED_FACE('',(#112),#86,.T.);
#563=ADVANCED_FACE('',(#113),#87,.F.);
#564=ADVANCED_FACE('',(#114),#538,.T.);
#565=ADVANCED_FACE('',(#115),#40,.F.);
#566=ADVANCED_FACE('',(#116),#41,.F.);
#567=ADVANCED_FACE('',(#117),#42,.F.);
#568=ADVANCED_FACE('',(#118),#31,.F.);
#569=ADVANCED_FACE('',(#119),#32,.F.);
#570=ADVANCED_FACE('',(#120),#33,.F.);
#571=ADVANCED_FACE('',(#121,#24,#25,#26),#43,.F.);
#572=ADVANCED_FACE('',(#122),#44,.F.);
#573=ADVANCED_FACE('',(#123),#34,.T.);
#574=ADVANCED_FACE('',(#124),#88,.T.);
#575=CLOSED_SHELL('',(#539,#540,#541,#542,#543,#544,#545,#546,#547,#548,
#549,#550,#551,#552,#553,#554,#555,#556));
#576=CLOSED_SHELL('',(#557,#558,#559,#560,#561,#562,#563,#564,#565,#566,
#567,#568,#569,#570,#571,#572,#573,#574));
#577=DERIVED_UNIT_ELEMENT(#579,1.);
#578=DERIVED_UNIT_ELEMENT(#2085,-3.);
#579=(
MASS_UNIT()
NAMED_UNIT(*)
SI_UNIT(.KILO.,.GRAM.)
);
#580=DERIVED_UNIT((#577,#578));
#581=MEASURE_REPRESENTATION_ITEM('density measure',
POSITIVE_RATIO_MEASURE(952.),#580);
#582=PROPERTY_DEFINITION_REPRESENTATION(#587,#584);
#583=PROPERTY_DEFINITION_REPRESENTATION(#588,#585);
#584=REPRESENTATION('material name',(#586),#2082);
#585=REPRESENTATION('density',(#581),#2082);
#586=DESCRIPTIVE_REPRESENTATION_ITEM('Plastic, Opaque Black',
'Plastic, Opaque Black');
#587=PROPERTY_DEFINITION('material property','material name',#2097);
#588=PROPERTY_DEFINITION('material property','density of part',#2097);
#589=AXIS2_PLACEMENT_3D('',#768,#644,#645);
#590=AXIS2_PLACEMENT_3D('',#769,#646,#647);
#591=AXIS2_PLACEMENT_3D('',#863,#648,#649);
#592=AXIS2_PLACEMENT_3D('',#983,#651,#652);
#593=AXIS2_PLACEMENT_3D('',#987,#654,#655);
#594=AXIS2_PLACEMENT_3D('',#1113,#657,#658);
#595=AXIS2_PLACEMENT_3D('',#1191,#659,#660);
#596=AXIS2_PLACEMENT_3D('',#1207,#661,#662);
#597=AXIS2_PLACEMENT_3D('',#1281,#663,#664);
#598=AXIS2_PLACEMENT_3D('',#1282,#665,#666);
#599=AXIS2_PLACEMENT_3D('',#1283,#667,#668);
#600=AXIS2_PLACEMENT_3D('',#1329,#669,#670);
#601=AXIS2_PLACEMENT_3D('',#1330,#671,#672);
#602=AXIS2_PLACEMENT_3D('',#1332,#673,#674);
#603=AXIS2_PLACEMENT_3D('',#1333,#675,#676);
#604=AXIS2_PLACEMENT_3D('',#1335,#677,#678);
#605=AXIS2_PLACEMENT_3D('',#1336,#679,#680);
#606=AXIS2_PLACEMENT_3D('',#1338,#681,#682);
#607=AXIS2_PLACEMENT_3D('',#1339,#683,#684);
#608=AXIS2_PLACEMENT_3D('',#1341,#685,#686);
#609=AXIS2_PLACEMENT_3D('',#1343,#688,#689);
#610=AXIS2_PLACEMENT_3D('',#1345,#690,#691);
#611=AXIS2_PLACEMENT_3D('',#1347,#693,#694);
#612=AXIS2_PLACEMENT_3D('',#1349,#695,#696);
#613=AXIS2_PLACEMENT_3D('',#1351,#698,#699);
#614=AXIS2_PLACEMENT_3D('',#1353,#700,#701);
#615=AXIS2_PLACEMENT_3D('',#1354,#702,#703);
#616=AXIS2_PLACEMENT_3D('',#1355,#704,#705);
#617=AXIS2_PLACEMENT_3D('',#1527,#707,#708);
#618=AXIS2_PLACEMENT_3D('',#1584,#710,#711);
#619=AXIS2_PLACEMENT_3D('',#1588,#713,#714);
#620=AXIS2_PLACEMENT_3D('',#1814,#716,#717);
#621=AXIS2_PLACEMENT_3D('',#1848,#718,#719);
#622=AXIS2_PLACEMENT_3D('',#1864,#720,#721);
#623=AXIS2_PLACEMENT_3D('',#1962,#722,#723);
#624=AXIS2_PLACEMENT_3D('',#1964,#724,#725);
#625=AXIS2_PLACEMENT_3D('',#1965,#726,#727);
#626=AXIS2_PLACEMENT_3D('',#1986,#728,#729);
#627=AXIS2_PLACEMENT_3D('',#1987,#730,#731);
#628=AXIS2_PLACEMENT_3D('',#1989,#732,#733);
#629=AXIS2_PLACEMENT_3D('',#1990,#734,#735);
#630=AXIS2_PLACEMENT_3D('',#1992,#736,#737);
#631=AXIS2_PLACEMENT_3D('',#1993,#738,#739);
#632=AXIS2_PLACEMENT_3D('',#1995,#740,#741);
#633=AXIS2_PLACEMENT_3D('',#1996,#742,#743);
#634=AXIS2_PLACEMENT_3D('',#1999,#745,#746);
#635=AXIS2_PLACEMENT_3D('',#2000,#747,#748);
#636=AXIS2_PLACEMENT_3D('',#2003,#750,#751);
#637=AXIS2_PLACEMENT_3D('',#2004,#752,#753);
#638=AXIS2_PLACEMENT_3D('',#2007,#755,#756);
#639=AXIS2_PLACEMENT_3D('',#2008,#757,#758);
#640=AXIS2_PLACEMENT_3D('',#2010,#759,#760);
#641=AXIS2_PLACEMENT_3D('',#2011,#761,#762);
#642=AXIS2_PLACEMENT_3D('',#2012,#763,#764);
#643=AXIS2_PLACEMENT_3D('',#2077,#766,#767);
#644=DIRECTION('axis',(0.,0.,1.));
#645=DIRECTION('refdir',(1.,0.,0.));
#646=DIRECTION('axis',(0.,0.,1.));
#647=DIRECTION('refdir',(1.,0.,0.));
#648=DIRECTION('center_axis',(0.523152350399779,-0.823017252560843,-0.221256006152122));
#649=DIRECTION('ref_axis',(-0.83502930208918,-0.546922376017882,0.0600164915953219));
#650=DIRECTION('',(0.258819045102525,0.965925826289067,0.));
#651=DIRECTION('center_axis',(-1.32616292997578E-15,-1.,1.75808433047833E-15));
#652=DIRECTION('ref_axis',(0.961531404038436,-1.75808433047834E-15,-0.274695029164843));
#653=DIRECTION('',(0.258819045102525,0.965925826289067,0.));
#654=DIRECTION('center_axis',(0.,-1.,0.));
#655=DIRECTION('ref_axis',(0.,0.,-1.));
#656=DIRECTION('',(0.258819045102525,0.965925826289067,0.));
#657=DIRECTION('center_axis',(-0.258819045102526,-0.965925826289067,-1.62335406156792E-16));
#658=DIRECTION('ref_axis',(5.53190761021168E-9,-1.48227000869785E-9,-1.));
#659=DIRECTION('center_axis',(-0.258819045102546,-0.965925826289062,-4.30891997940255E-16));
#660=DIRECTION('ref_axis',(-1.5647792017759E-9,4.19281769541135E-10,-1.));
#661=DIRECTION('center_axis',(0.258819045102497,0.965925826289075,2.15204996040347E-16));
#662=DIRECTION('ref_axis',(1.5585086193991E-9,-4.17601348761498E-10,1.));
#663=DIRECTION('center_axis',(0.,-1.,0.));
#664=DIRECTION('ref_axis',(-1.65389215948552E-15,0.,1.));
#665=DIRECTION('center_axis',(-2.77555756156289E-17,-1.,1.69953884180862E-33));
#666=DIRECTION('ref_axis',(-7.27366154732462E-16,1.84889274661175E-32,-1.));
#667=DIRECTION('center_axis',(0.,-1.,0.));
#668=DIRECTION('ref_axis',(1.33226762955019E-15,0.,-1.));
#669=DIRECTION('center_axis',(0.25881904510251,0.965925826289071,-3.37592751801517E-16));
#670=DIRECTION('ref_axis',(-6.14226923691274E-9,1.64581643122696E-9,1.));
#671=DIRECTION('center_axis',(0.,1.,0.));
#672=DIRECTION('ref_axis',(-1.,0.,0.));
#673=DIRECTION('center_axis',(0.,-1.,0.));
#674=DIRECTION('ref_axis',(-1.,0.,0.));
#675=DIRECTION('center_axis',(0.,1.,0.));
#676=DIRECTION('ref_axis',(-1.,0.,0.));
#677=DIRECTION('center_axis',(0.,-1.,0.));
#678=DIRECTION('ref_axis',(-1.,0.,0.));
#679=DIRECTION('center_axis',(0.,1.,0.));
#680=DIRECTION('ref_axis',(-1.,0.,0.));
#681=DIRECTION('center_axis',(0.,-1.,0.));
#682=DIRECTION('ref_axis',(-1.,0.,0.));
#683=DIRECTION('center_axis',(0.,-1.,0.));
#684=DIRECTION('ref_axis',(-1.,0.,0.));
#685=DIRECTION('center_axis',(0.,-1.,0.));
#686=DIRECTION('ref_axis',(-1.,0.,0.));
#687=DIRECTION('',(0.,-1.,0.));
#688=DIRECTION('center_axis',(0.,-1.,0.));
#689=DIRECTION('ref_axis',(-1.,0.,0.));
#690=DIRECTION('center_axis',(0.,-1.,0.));
#691=DIRECTION('ref_axis',(-1.,0.,0.));
#692=DIRECTION('',(0.,-1.,0.));
#693=DIRECTION('center_axis',(0.,-1.,0.));
#694=DIRECTION('ref_axis',(-1.,0.,0.));
#695=DIRECTION('center_axis',(0.,-1.,0.));
#696=DIRECTION('ref_axis',(-1.,0.,0.));
#697=DIRECTION('',(0.,-1.,0.));
#698=DIRECTION('center_axis',(0.,1.,0.));
#699=DIRECTION('ref_axis',(0.,0.,1.));
#700=DIRECTION('center_axis',(0.,1.,0.));
#701=DIRECTION('ref_axis',(0.,0.,1.));
#702=DIRECTION('center_axis',(0.,-1.,0.));
#703=DIRECTION('ref_axis',(0.,0.,-1.));
#704=DIRECTION('center_axis',(0.,1.,0.));
#705=DIRECTION('ref_axis',(0.,0.,1.));
#706=DIRECTION('',(0.,-1.,0.));
#707=DIRECTION('center_axis',(-0.526042267906447,-0.821116117868867,-0.221467499538425));
#708=DIRECTION('ref_axis',(0.832581359158565,-0.550329514676651,0.0628148522042265));
#709=DIRECTION('',(-0.258819045102525,0.965925826289067,1.79591789427697E-18));
#710=DIRECTION('center_axis',(-2.77555756156288E-17,1.,9.629649721936E-35));
#711=DIRECTION('ref_axis',(-6.93889390390712E-18,-9.62964972193598E-35,
-1.));
#712=DIRECTION('',(-0.258819045102525,0.965925826289067,1.79591789427697E-18));
#713=DIRECTION('center_axis',(-1.35391850559141E-15,1.,-1.75808433047833E-15));
#714=DIRECTION('ref_axis',(-0.961531404038436,-1.78477218806993E-15,-0.274695029164843));
#715=DIRECTION('',(-0.258819045102525,0.965925826289067,1.79591789427697E-18));
#716=DIRECTION('center_axis',(-0.258819045102511,0.965925826289071,0.));
#717=DIRECTION('ref_axis',(5.53025861451803E-9,1.48182832969531E-9,1.));
#718=DIRECTION('center_axis',(0.258819045102539,-0.965925826289064,0.));
#719=DIRECTION('ref_axis',(1.5611054518998E-9,4.18296945136405E-10,-1.));
#720=DIRECTION('center_axis',(-0.258819045102547,0.965925826289061,0.));
#721=DIRECTION('ref_axis',(-1.56949183478333E-9,-4.2054406965748E-10,1.));
#722=DIRECTION('center_axis',(0.,1.,0.));
#723=DIRECTION('ref_axis',(-3.5527136788005E-15,0.,-1.));
#724=DIRECTION('center_axis',(-2.77555756156289E-17,1.,0.));
#725=DIRECTION('ref_axis',(0.,0.,-1.));
#726=DIRECTION('center_axis',(-2.48235824454267E-17,1.,6.22735662233679E-17));
#727=DIRECTION('ref_axis',(-1.24344978758014E-14,-6.22735662233682E-17,
1.));
#728=DIRECTION('center_axis',(0.258819045102546,-0.965925826289062,1.89619261898343E-15));
#729=DIRECTION('ref_axis',(-6.1402590619928E-9,-1.64527942006208E-9,-1.));
#730=DIRECTION('center_axis',(2.77555756156288E-17,-1.,-9.629649721936E-35));
#731=DIRECTION('ref_axis',(1.,2.77555756156288E-17,-6.93889390390712E-18));
#732=DIRECTION('center_axis',(-2.77555756156288E-17,1.,9.629649721936E-35));
#733=DIRECTION('ref_axis',(1.,2.77555756156288E-17,-6.93889390390712E-18));
#734=DIRECTION('center_axis',(2.77555756156288E-17,-1.,-9.629649721936E-35));
#735=DIRECTION('ref_axis',(1.,2.77555756156288E-17,-6.93889390390712E-18));
#736=DIRECTION('center_axis',(-2.77555756156288E-17,1.,9.629649721936E-35));
#737=DIRECTION('ref_axis',(1.,2.77555756156288E-17,-6.93889390390712E-18));
#738=DIRECTION('center_axis',(2.77555756156288E-17,-1.,-9.629649721936E-35));
#739=DIRECTION('ref_axis',(1.,2.77555756156288E-17,-6.93889390390712E-18));
#740=DIRECTION('center_axis',(-2.77555756156288E-17,1.,9.629649721936E-35));
#741=DIRECTION('ref_axis',(1.,2.77555756156288E-17,-6.93889390390712E-18));
#742=DIRECTION('center_axis',(-2.77555756156288E-17,1.,9.629649721936E-35));
#743=DIRECTION('ref_axis',(1.,2.77555756156288E-17,-6.93889390390712E-18));
#744=DIRECTION('',(-2.77555756156288E-17,1.,9.629649721936E-35));
#745=DIRECTION('center_axis',(-2.77555756156288E-17,1.,9.629649721936E-35));
#746=DIRECTION('ref_axis',(1.,2.77555756156288E-17,-6.93889390390712E-18));
#747=DIRECTION('center_axis',(-2.77555756156288E-17,1.,9.629649721936E-35));
#748=DIRECTION('ref_axis',(1.,2.77555756156288E-17,-6.93889390390712E-18));
#749=DIRECTION('',(-2.77555756156288E-17,1.,9.629649721936E-35));
#750=DIRECTION('center_axis',(-2.77555756156288E-17,1.,9.629649721936E-35));
#751=DIRECTION('ref_axis',(1.,2.77555756156288E-17,-6.93889390390712E-18));
#752=DIRECTION('center_axis',(-2.77555756156288E-17,1.,9.629649721936E-35));
#753=DIRECTION('ref_axis',(1.,2.77555756156288E-17,-6.93889390390712E-18));
#754=DIRECTION('',(-2.77555756156288E-17,1.,9.629649721936E-35));
#755=DIRECTION('center_axis',(-2.77555756156288E-17,1.,9.629649721936E-35));
#756=DIRECTION('ref_axis',(1.,2.77555756156288E-17,-6.93889390390712E-18));
#757=DIRECTION('center_axis',(2.77555756156288E-17,-1.,-9.629649721936E-35));
#758=DIRECTION('ref_axis',(6.93889390390712E-18,9.62964972193598E-35,1.));
#759=DIRECTION('center_axis',(2.77555756156288E-17,-1.,-9.629649721936E-35));
#760=DIRECTION('ref_axis',(6.93889390390712E-18,9.62964972193598E-35,1.));
#761=DIRECTION('center_axis',(-2.77555756156288E-17,1.,9.629649721936E-35));
#762=DIRECTION('ref_axis',(-6.93889390390712E-18,-9.62964972193598E-35,
-1.));
#763=DIRECTION('center_axis',(2.77555756156288E-17,-1.,-9.629649721936E-35));
#764=DIRECTION('ref_axis',(6.93889390390712E-18,9.62964972193598E-35,1.));
#765=DIRECTION('',(-2.77555756156288E-17,1.,9.629649721936E-35));
#766=DIRECTION('',(-3.46944695195356E-18,-1.,2.44985094697051E-15));
#767=DIRECTION('',(1.,-3.46944695195359E-18,-1.38777878078144E-17));
#768=CARTESIAN_POINT('',(0.,0.,0.));
#769=CARTESIAN_POINT('',(0.,0.,0.));
#770=CARTESIAN_POINT('Ctrl Pts',(2.12385257858562,-19.8556450283604,-18.8654789416024));
#771=CARTESIAN_POINT('Ctrl Pts',(2.17519703296449,-19.9156851779309,-18.4139103144196));
#772=CARTESIAN_POINT('Ctrl Pts',(2.22831917256756,-19.9753072265812,-17.962150715148));
#773=CARTESIAN_POINT('Ctrl Pts',(2.3526536741523,-20.1094060358432,-16.937716557932));
#774=CARTESIAN_POINT('Ctrl Pts',(2.49083202863558,-20.2502549866785,-15.7887396714539));
#775=CARTESIAN_POINT('Ctrl Pts',(2.75402382309659,-20.4987377393317,-13.4794977198677));
#776=CARTESIAN_POINT('Ctrl Pts',(3.41492820697679,-21.0355931008727,-7.06900369261163));
#777=CARTESIAN_POINT('Ctrl Pts',(3.80564863796741,-21.2563553425052,3.53251906700046));
#778=CARTESIAN_POINT('Ctrl Pts',(2.84453009602549,-20.635828899427,12.9232978182851));
#779=CARTESIAN_POINT('Ctrl Pts',(2.22849385804248,-19.9756833193683,17.9589633946773));
#780=CARTESIAN_POINT('Ctrl Pts',(2.17541627121587,-19.9159399998574,18.4122565801837));
#781=CARTESIAN_POINT('Ctrl Pts',(2.123900270186,-19.8557007962933,18.8654568952432));
#782=CARTESIAN_POINT('Ctrl Pts',(2.47899449517995,-20.2709337688681,-18.9941010846724));
#783=CARTESIAN_POINT('Ctrl Pts',(2.53782336634417,-20.3280611403727,-18.5435031676107));
#784=CARTESIAN_POINT('Ctrl Pts',(2.59828655327675,-20.3846889596218,-18.0926390613869));
#785=CARTESIAN_POINT('Ctrl Pts',(2.73904066763048,-20.5117173395117,-17.0699968691024));
#786=CARTESIAN_POINT('Ctrl Pts',(2.89530726916009,-20.6460418458389,-15.9111917883247));
#787=CARTESIAN_POINT('Ctrl Pts',(3.18985403601633,-20.8810575370488,-13.5882756621053));
#788=CARTESIAN_POINT('Ctrl Pts',(3.9187111446831,-21.3856333154588,-7.12937923152479));
#789=CARTESIAN_POINT('Ctrl Pts',(4.33727701119254,-21.588704652531,3.56164924855402));
#790=CARTESIAN_POINT('Ctrl Pts',(3.29767443531342,-21.0132237892191,13.0337780497168));
#791=CARTESIAN_POINT('Ctrl Pts',(2.59837305731313,-20.3847824626034,18.0915199537933));
#792=CARTESIAN_POINT('Ctrl Pts',(2.53807753815198,-20.3283073257096,18.5418167953954));
#793=CARTESIAN_POINT('Ctrl Pts',(2.47905219502404,-20.2709905833261,18.9940434501105));
#794=CARTESIAN_POINT('Ctrl Pts',(2.7623152969079,-21.2767532545467,-19.2173768306343));
#795=CARTESIAN_POINT('Ctrl Pts',(2.83414364139579,-21.3365667475938,-18.7683883929325));
#796=CARTESIAN_POINT('Ctrl Pts',(2.9076375055757,-21.3955888316507,-18.3190077936738));
#797=CARTESIAN_POINT('Ctrl Pts',(3.07782850474076,-21.5276189360296,-17.2993006099832));
#798=CARTESIAN_POINT('Ctrl Pts',(3.26864932240932,-21.6672460092254,-16.1234210690584));
#799=CARTESIAN_POINT('Ctrl Pts',(3.62294233073282,-21.9100190545602,-13.7767047967629));
#800=CARTESIAN_POINT('Ctrl Pts',(4.48620189130113,-22.4267645981256,-7.23369662287194));
#801=CARTESIAN_POINT('Ctrl Pts',(4.96672769213272,-22.6280780560861,3.61191192568421));
#802=CARTESIAN_POINT('Ctrl Pts',(3.76067599041408,-22.0497674932353,13.2248220161458));
#803=CARTESIAN_POINT('Ctrl Pts',(2.90714107532682,-21.3956686430883,18.3214541716395));
#804=CARTESIAN_POINT('Ctrl Pts',(2.83446342260269,-21.3368267705909,18.7666451473292));
#805=CARTESIAN_POINT('Ctrl Pts',(2.76239532831575,-21.2768150322368,19.2172574318613));
#806=CARTESIAN_POINT('Ctrl Pts',(2.3032938477891,-22.1993461874789,-19.3121986982185));
#807=CARTESIAN_POINT('Ctrl Pts',(2.37983929834991,-22.267998500595,-18.8627135446838));
#808=CARTESIAN_POINT('Ctrl Pts',(2.45810413680568,-22.3357398796229,-18.4127619717876));
#809=CARTESIAN_POINT('Ctrl Pts',(2.63929329845018,-22.487268871703,-17.3915533643849));
#810=CARTESIAN_POINT('Ctrl Pts',(2.84574779929776,-22.6474669475081,-16.2063685796084));
#811=CARTESIAN_POINT('Ctrl Pts',(3.22580467164096,-22.925739937403,-13.8464068434497));
#812=CARTESIAN_POINT('Ctrl Pts',(4.14505979053269,-23.518239396665,-7.26428112766154));
#813=CARTESIAN_POINT('Ctrl Pts',(4.64900764783437,-23.7491128651433,3.62412586515663));
#814=CARTESIAN_POINT('Ctrl Pts',(3.37652976422301,-23.0862414916222,13.2915607586097));
#815=CARTESIAN_POINT('Ctrl Pts',(2.45687252814224,-22.3358433351694,18.4165997632635));
#816=CARTESIAN_POINT('Ctrl Pts',(2.38019326877982,-22.2682972198127,18.8609429846329));
#817=CARTESIAN_POINT('Ctrl Pts',(2.30339248522714,-22.1994174744821,19.3120535142952));
#818=CARTESIAN_POINT('Ctrl Pts',(2.01067601855421,-22.5019187027867,-19.3215609740159));
#819=CARTESIAN_POINT('Ctrl Pts',(2.08766759163244,-22.5739498641375,-18.8714281914383));
#820=CARTESIAN_POINT('Ctrl Pts',(2.16641801946377,-22.6450457756495,-18.420816341766));
#821=CARTESIAN_POINT('Ctrl Pts',(2.34877016797495,-22.8040755887134,-17.3980793077796));
#822=CARTESIAN_POINT('Ctrl Pts',(2.55786861321407,-22.9724025213248,-16.2110078608814));
#823=CARTESIAN_POINT('Ctrl Pts',(2.94169604983172,-23.2644652531992,-13.8482541090744));
#824=CARTESIAN_POINT('Ctrl Pts',(3.86821372972077,-23.8859809943271,-7.26077728837904));
#825=CARTESIAN_POINT('Ctrl Pts',(4.37410856085168,-24.1277235807417,3.62105602417666));
#826=CARTESIAN_POINT('Ctrl Pts',(3.09464078523601,-23.4332294477767,13.2910320170744));
#827=CARTESIAN_POINT('Ctrl Pts',(2.16489501426523,-22.6450989175822,18.4247209369987));
#828=CARTESIAN_POINT('Ctrl Pts',(2.08802855957023,-22.5742640920583,18.8696533241536));
#829=CARTESIAN_POINT('Ctrl Pts',(2.01078024445045,-22.5019943735492,19.3214134634822));
#830=CARTESIAN_POINT('',(2.12392080687117,-19.8557248103316,18.865276229144));
#831=CARTESIAN_POINT('',(2.13836486327263,-22.6195377631216,18.5823732166802));
#832=CARTESIAN_POINT('Ctrl Pts',(2.12394900922614,-19.855757790187,18.8654343643355));
#833=CARTESIAN_POINT('Ctrl Pts',(2.25424528968368,-20.0081271532836,18.805200671136));
#834=CARTESIAN_POINT('Ctrl Pts',(2.36560388789844,-20.1785315895085,18.747279688078));
#835=CARTESIAN_POINT('Ctrl Pts',(2.54132402342495,-20.5404227440991,18.6436329299342));
#836=CARTESIAN_POINT('Ctrl Pts',(2.60716619960515,-20.7334256442312,18.5972435247214));
#837=CARTESIAN_POINT('Ctrl Pts',(2.68051642076964,-21.1149362852988,18.5267648692044));
#838=CARTESIAN_POINT('Ctrl Pts',(2.6980672715416,-21.3286723652996,18.4959716459019));
#839=CARTESIAN_POINT('Ctrl Pts',(2.63909337464599,-21.7819491711717,18.4701403246995));
#840=CARTESIAN_POINT('Ctrl Pts',(2.57001786167308,-21.9956083321928,18.4751093564861));
#841=CARTESIAN_POINT('Ctrl Pts',(2.37724589995747,-22.3507983762175,18.5152432137672));
#842=CARTESIAN_POINT('Ctrl Pts',(2.26727922343368,-22.4952938997761,18.5444089034862));
#843=CARTESIAN_POINT('Ctrl Pts',(2.13836317264228,-22.6195066994514,18.5824687645642));
#844=CARTESIAN_POINT('',(2.24809191375452,-22.7156234929093,17.9653408717986));
#845=CARTESIAN_POINT('Ctrl Pts',(2.13836486327263,-22.6195377631216,18.5823732166802));
#846=CARTESIAN_POINT('Ctrl Pts',(2.17398214161634,-22.6516262634297,18.3787929112599));
#847=CARTESIAN_POINT('Ctrl Pts',(2.21033453473978,-22.6836049204576,18.1738664602894));
#848=CARTESIAN_POINT('Ctrl Pts',(2.24809191375452,-22.7156234929093,17.9653408717986));
#849=CARTESIAN_POINT('',(2.24673350542249,-22.7150891305386,-17.9703603375622));
#850=CARTESIAN_POINT('Ctrl Pts',(2.24809191375452,-22.7156234929093,17.9653408717986));
#851=CARTESIAN_POINT('Ctrl Pts',(2.24829262890296,-22.7157937010299,17.9642323667715));
#852=CARTESIAN_POINT('Ctrl Pts',(2.24849338375488,-22.7159639102785,17.9631237600365));
#853=CARTESIAN_POINT('Ctrl Pts',(3.09464078523601,-23.4332294477767,13.2910320170744));
#854=CARTESIAN_POINT('Ctrl Pts',(4.37410856085168,-24.1277235807417,3.62105602417666));
#855=CARTESIAN_POINT('Ctrl Pts',(3.86821372972077,-23.8859809943271,-7.26077728837904));
#856=CARTESIAN_POINT('Ctrl Pts',(2.94169604983172,-23.2644652531992,-13.8482541090744));
#857=CARTESIAN_POINT('Ctrl Pts',(2.55786861321407,-22.9724025213248,-16.2110078608814));
#858=CARTESIAN_POINT('Ctrl Pts',(2.34877016797495,-22.8040755887134,-17.3980793077796));
#859=CARTESIAN_POINT('Ctrl Pts',(2.24682892370728,-22.7151723476398,-17.9698251668464));
#860=CARTESIAN_POINT('Ctrl Pts',(2.24678121429355,-22.7151307392781,-17.9700927521614));
#861=CARTESIAN_POINT('Ctrl Pts',(2.24673350548047,-22.7150891305902,-17.970360337249));
#862=CARTESIAN_POINT('',(2.13859579273113,-22.6192890618422,-18.5823994283567));
#863=CARTESIAN_POINT('Origin',(143.210088690156,69.7788543716679,-28.7217099435588));
#864=CARTESIAN_POINT('',(2.12387311741537,-19.8556690455126,-18.8652983057583));
#865=CARTESIAN_POINT('Ctrl Pts',(2.13859605010948,-22.619289285167,-18.5823992682886));
#866=CARTESIAN_POINT('Ctrl Pts',(2.267369793919,-22.4951711498984,-18.544384907576));
#867=CARTESIAN_POINT('Ctrl Pts',(2.37722772019308,-22.3508094415881,-18.5152493765337));
#868=CARTESIAN_POINT('Ctrl Pts',(2.56981485357026,-21.9960691034248,-18.475142180434));
#869=CARTESIAN_POINT('Ctrl Pts',(2.63887985850589,-21.7827343321124,-18.4701412699134));
#870=CARTESIAN_POINT('Ctrl Pts',(2.69807275912461,-21.3299935032766,-18.4958233912744));
#871=CARTESIAN_POINT('Ctrl Pts',(2.68070592784471,-21.1163409829185,-18.5265346586493));
#872=CARTESIAN_POINT('Ctrl Pts',(2.60748632700203,-20.7344246953002,-18.5970108732497));
#873=CARTESIAN_POINT('Ctrl Pts',(2.54164134672104,-20.5412008611701,-18.643429475199));
#874=CARTESIAN_POINT('Ctrl Pts',(2.36582112419155,-20.1788763990997,-18.7471656350728));
#875=CARTESIAN_POINT('Ctrl Pts',(2.25435096207846,-20.0082546424358,-18.8051520905963));
#876=CARTESIAN_POINT('Ctrl Pts',(2.12390131377579,-19.8557020192138,-18.8654564125755));
#877=CARTESIAN_POINT('Ctrl Pts',(2.12387311741537,-19.8556690455126,-18.8652983057583));
#878=CARTESIAN_POINT('Ctrl Pts',(2.17521119955673,-19.9157010778738,-18.4137898395976));
#879=CARTESIAN_POINT('Ctrl Pts',(2.22832648753191,-19.9753151160085,-17.9620904446741));
#880=CARTESIAN_POINT('Ctrl Pts',(2.3526536741523,-20.1094060358432,-16.937716557932));
#881=CARTESIAN_POINT('Ctrl Pts',(2.49083202863558,-20.2502549866785,-15.7887396714539));
#882=CARTESIAN_POINT('Ctrl Pts',(2.75402382309659,-20.4987377393317,-13.4794977198677));
#883=CARTESIAN_POINT('Ctrl Pts',(3.41492820697679,-21.0355931008727,-7.06900369261163));
#884=CARTESIAN_POINT('Ctrl Pts',(3.80564863796741,-21.2563553425052,3.53251906700046));
#885=CARTESIAN_POINT('Ctrl Pts',(2.84453009602549,-20.635828899427,12.9232978182851));
#886=CARTESIAN_POINT('Ctrl Pts',(2.22850123618319,-19.9756912257976,17.958903083535));
#887=CARTESIAN_POINT('Ctrl Pts',(2.17543037733974,-19.9159558774416,18.4121361114291));
#888=CARTESIAN_POINT('Ctrl Pts',(2.12392080687117,-19.8557248103316,18.865276229144));
#889=CARTESIAN_POINT('Ctrl Pts',(0.,-3.,-20.));
#890=CARTESIAN_POINT('Ctrl Pts',(-26.7949192431127,-103.,-20.));
#891=CARTESIAN_POINT('Ctrl Pts',(40.,-3.,-20.));
#892=CARTESIAN_POINT('Ctrl Pts',(13.2050807568873,-103.,-20.));
#893=CARTESIAN_POINT('Ctrl Pts',(40.,-3.,20.));
#894=CARTESIAN_POINT('Ctrl Pts',(13.2050807568873,-103.,20.));
#895=CARTESIAN_POINT('Ctrl Pts',(2.44929359829471E-15,-3.,20.));
#896=CARTESIAN_POINT('Ctrl Pts',(-26.7949192431127,-103.,20.));
#897=CARTESIAN_POINT('Ctrl Pts',(-40.,-3.,20.));
#898=CARTESIAN_POINT('Ctrl Pts',(-66.7949192431127,-103.,20.));
#899=CARTESIAN_POINT('Ctrl Pts',(-40.,-3.,-20.));
#900=CARTESIAN_POINT('Ctrl Pts',(-66.7949192431127,-103.,-20.));
#901=CARTESIAN_POINT('Ctrl Pts',(0.,-3.,-20.));
#902=CARTESIAN_POINT('Ctrl Pts',(-26.7949192431127,-103.,-20.));
#903=CARTESIAN_POINT('',(2.89834495953775,-37.3104670437013,-15.9307314958825));
#904=CARTESIAN_POINT('Ctrl Pts',(2.13859559748174,-22.6192888385807,-18.5823994960531));
#905=CARTESIAN_POINT('Ctrl Pts',(1.7394470591684,-23.0040824342234,-18.7002211580224));
#906=CARTESIAN_POINT('Ctrl Pts',(1.37499665474817,-23.4293264547714,-18.7917645917073));
#907=CARTESIAN_POINT('Ctrl Pts',(0.861087735412427,-24.1983036300214,-18.9005190811087));
#908=CARTESIAN_POINT('Ctrl Pts',(0.546119845068384,-24.7184306360404,-18.960096253555));
#909=CARTESIAN_POINT('Ctrl Pts',(-0.107117479336274,-26.5081977360569,-19.0176845053776));
#910=CARTESIAN_POINT('Ctrl Pts',(-0.249936581223791,-27.6306873675237,-18.9683669263126));
#911=CARTESIAN_POINT('Ctrl Pts',(-0.206104211933083,-29.6702049823967,-18.759345807904));
#912=CARTESIAN_POINT('Ctrl Pts',(-0.0732591650823458,-31.0681423035899,
-18.5945825031525));
#913=CARTESIAN_POINT('Ctrl Pts',(1.05786475417232,-34.4161769627578,-17.6490344442891));
#914=CARTESIAN_POINT('Ctrl Pts',(1.91948783274435,-35.9506582833394,-16.9502256702434));
#915=CARTESIAN_POINT('Ctrl Pts',(2.89782346143022,-37.311302491045,-15.9309574078973));
#916=CARTESIAN_POINT('',(2.8722207186288,-39.5128787602885,-15.4864227869921));
#917=CARTESIAN_POINT('Ctrl Pts',(2.8722231836928,-39.5128643556916,-15.486456306676));
#918=CARTESIAN_POINT('Ctrl Pts',(2.9696919784526,-39.401132657993,-15.431269246224));
#919=CARTESIAN_POINT('Ctrl Pts',(3.0550433955458,-39.2744677041679,-15.3885371914614));
#920=CARTESIAN_POINT('Ctrl Pts',(3.19321664419522,-38.9867725920429,-15.337626227031));
#921=CARTESIAN_POINT('Ctrl Pts',(3.24167695527718,-38.8301019546199,-15.3321679673011));
#922=CARTESIAN_POINT('Ctrl Pts',(3.28870348969297,-38.5102484107556,-15.3644806798266));
#923=CARTESIAN_POINT('Ctrl Pts',(3.28750087959816,-38.3560204553992,-15.4000018240664));
#924=CARTESIAN_POINT('Ctrl Pts',(3.24396567727741,-38.0380228985401,-15.5058320636365));
#925=CARTESIAN_POINT('Ctrl Pts',(3.19720281549597,-37.8782702975416,-15.5786627855044));
#926=CARTESIAN_POINT('Ctrl Pts',(3.07150341063841,-37.5795275035109,-15.7421327197401));
#927=CARTESIAN_POINT('Ctrl Pts',(2.9905291276573,-37.4386084764971,-15.8346983875039));
#928=CARTESIAN_POINT('Ctrl Pts',(2.89844570693417,-37.3106070772357,-15.9306265452488));
#929=CARTESIAN_POINT('',(3.29764042062502,-50.3958481201446,-12.0035729649855));
#930=CARTESIAN_POINT('Ctrl Pts',(3.29764042594371,-50.3958481163477,-12.0035729643262));
#931=CARTESIAN_POINT('Ctrl Pts',(2.96714436435847,-49.8207562596832,-12.6493943803627));
#932=CARTESIAN_POINT('Ctrl Pts',(2.64199863586723,-49.1774407756352,-13.2299373717349));
#933=CARTESIAN_POINT('Ctrl Pts',(2.08824809548509,-47.7962200004664,-14.2074550775605));
#934=CARTESIAN_POINT('Ctrl Pts',(1.85870415970547,-47.0785210893725,-14.6080041803183));
#935=CARTESIAN_POINT('Ctrl Pts',(1.48817047701927,-45.3606857708461,-15.3474424532992));
#936=CARTESIAN_POINT('Ctrl Pts',(1.36949306470007,-44.2939466530022,-15.6672894559856));
#937=CARTESIAN_POINT('Ctrl Pts',(1.47732676324876,-42.5542552955733,-15.9438772563179));
#938=CARTESIAN_POINT('Ctrl Pts',(1.60755755328814,-41.8449164069009,-15.9882610684493));
#939=CARTESIAN_POINT('Ctrl Pts',(1.98301616844282,-40.8655908467775,-15.9024441877272));
#940=CARTESIAN_POINT('Ctrl Pts',(2.1291421903782,-40.567387635987,-15.8521409411266));
#941=CARTESIAN_POINT('Ctrl Pts',(2.47424581463486,-40.0052447197758,-15.7005864485477));
#942=CARTESIAN_POINT('Ctrl Pts',(2.66614278296771,-39.7491235654259,-15.6031350391958));
#943=CARTESIAN_POINT('Ctrl Pts',(2.87224386282813,-39.5128939443944,-15.4864329281372));
#944=CARTESIAN_POINT('',(2.65525973618277,-52.7555689126293,-12.0170154752065));
#945=CARTESIAN_POINT('Ctrl Pts',(2.65525973618277,-52.7555689126293,-12.0170154752065));
#946=CARTESIAN_POINT('Ctrl Pts',(2.74784464482989,-52.7026439822993,-11.9127085616614));
#947=CARTESIAN_POINT('Ctrl Pts',(2.84002370631647,-52.6405211139366,-11.8100318475465));
#948=CARTESIAN_POINT('Ctrl Pts',(3.00504903376393,-52.5058482102256,-11.6316048167429));
#949=CARTESIAN_POINT('Ctrl Pts',(3.0806816481882,-52.4343171670432,-11.5520813045879));
#950=CARTESIAN_POINT('Ctrl Pts',(3.23271494988607,-52.2606456662197,-11.4016147407796));
#951=CARTESIAN_POINT('Ctrl Pts',(3.30993580776433,-52.1530856497413,-11.3312621146183));
#952=CARTESIAN_POINT('Ctrl Pts',(3.42539690493589,-51.9350990448685,-11.2477765781651));
#953=CARTESIAN_POINT('Ctrl Pts',(3.46756902077648,-51.832484738821,-11.2260805840799));
#954=CARTESIAN_POINT('Ctrl Pts',(3.52757624186433,-51.6194854594589,-11.2217529742009));
#955=CARTESIAN_POINT('Ctrl Pts',(3.54475923913123,-51.516584219353,-11.2371258259583));
#956=CARTESIAN_POINT('Ctrl Pts',(3.55950167714506,-51.2911748037605,-11.3040784202833));
#957=CARTESIAN_POINT('Ctrl Pts',(3.55251805270892,-51.1741241560755,-11.3600398582517));
#958=CARTESIAN_POINT('Ctrl Pts',(3.50161962322781,-50.8360610372224,-11.5633140110497));
#959=CARTESIAN_POINT('Ctrl Pts',(3.4199457540749,-50.6086708103894,-11.7645761846726));
#960=CARTESIAN_POINT('Ctrl Pts',(3.29764041917553,-50.3958481263539,-12.0035729697731));
#961=CARTESIAN_POINT('',(2.12304209003633,-66.8463801122752,-5.4939005832915));
#962=CARTESIAN_POINT('Ctrl Pts',(2.12304209003574,-66.8463801122741,-5.49390058329107));
#963=CARTESIAN_POINT('Ctrl Pts',(1.84665704345188,-66.4695497635033,-6.81478383015057));
#964=CARTESIAN_POINT('Ctrl Pts',(1.55933491130316,-66.0449257527012,-7.75152836028974));
#965=CARTESIAN_POINT('Ctrl Pts',(1.02847247457263,-65.1966028088395,-9.38141466146234));
#966=CARTESIAN_POINT('Ctrl Pts',(0.688207712140136,-64.6024681557151,-10.2581204336606));
#967=CARTESIAN_POINT('Ctrl Pts',(-0.0341156460937411,-63.0388951469719,
-11.9819347474885));
#968=CARTESIAN_POINT('Ctrl Pts',(-0.401601875594836,-62.0358485007891,-12.7660419504892));
#969=CARTESIAN_POINT('Ctrl Pts',(-0.798377687048568,-60.0431984406831,-13.8016810425402));
#970=CARTESIAN_POINT('Ctrl Pts',(-0.909094714504798,-59.0600794373532,-14.1748530516821));
#971=CARTESIAN_POINT('Ctrl Pts',(-0.805585317180173,-57.442470098856,-14.4941898514492));
#972=CARTESIAN_POINT('Ctrl Pts',(-0.695346540918762,-56.8104911785532,-14.5492347445428));
#973=CARTESIAN_POINT('Ctrl Pts',(-0.305501923781802,-55.6952516793488,-14.4628030714336));
#974=CARTESIAN_POINT('Ctrl Pts',(-0.0653162117633385,-55.2406541242082,
-14.3512067045113));
#975=CARTESIAN_POINT('Ctrl Pts',(0.549718307485807,-54.3910566842058,-13.9648661182389));
#976=CARTESIAN_POINT('Ctrl Pts',(0.907010545013716,-54.0267913052787,-13.6970824668237));
#977=CARTESIAN_POINT('Ctrl Pts',(1.72912122235397,-53.3252532316741,-12.9931755853408));
#978=CARTESIAN_POINT('Ctrl Pts',(2.20526424597139,-53.0128028432583,-12.523984066298));
#979=CARTESIAN_POINT('Ctrl Pts',(2.65525973618276,-52.7555689126293,-12.0170154752065));
#980=CARTESIAN_POINT('',(0.47418461059146,-73.,-5.49390058329107));
#981=CARTESIAN_POINT('',(0.47418461059146,-73.,-5.49390058329107));
#982=CARTESIAN_POINT('',(-18.7564434708988,-73.0000000006884,-20.));
#983=CARTESIAN_POINT('Origin',(-18.7564434701789,-73.,4.44089209850063E-15));
#984=CARTESIAN_POINT('',(0.,-3.,-20.));
#985=CARTESIAN_POINT('',(-18.7564434709821,-73.0000000029975,-20.));
#986=CARTESIAN_POINT('',(19.2306280807704,-3.,-5.49390058329107));
#987=CARTESIAN_POINT('Origin',(0.,-3.,0.));
#988=CARTESIAN_POINT('',(17.3226517608324,-10.120664923521,-5.49390024763425));
#989=CARTESIAN_POINT('',(14.5883507947119,-20.325214694393,-5.49390058329107));
#990=CARTESIAN_POINT('Ctrl Pts',(17.3226517587455,-10.1206649317267,-5.49390024724258));
#991=CARTESIAN_POINT('Ctrl Pts',(16.9273469045169,-10.0876567119561,-6.90856853498666));
#992=CARTESIAN_POINT('Ctrl Pts',(16.3783048512934,-10.0481344984074,-8.27562582634387));
#993=CARTESIAN_POINT('Ctrl Pts',(15.0172959450746,-10.0046087500845,-10.795498232433));
#994=CARTESIAN_POINT('Ctrl Pts',(14.2238365330721,-9.99919805241233,-11.94744927996));
#995=CARTESIAN_POINT('Ctrl Pts',(11.8119952215215,-10.1140501904519,-14.7303107425065));
#996=CARTESIAN_POINT('Ctrl Pts',(10.1324188963719,-10.3101725871647,-16.0372826432432));
#997=CARTESIAN_POINT('Ctrl Pts',(6.96518099346057,-11.0848409050708,-17.8690397164593));
#998=CARTESIAN_POINT('Ctrl Pts',(5.46850312589621,-11.616171517102,-18.4630492133075));
#999=CARTESIAN_POINT('Ctrl Pts',(3.33658479388589,-12.9464694028679,-19.0915718194136));
#1000=CARTESIAN_POINT('Ctrl Pts',(2.65172119983478,-13.5258866968575,-19.2402806357879));
#1001=CARTESIAN_POINT('Ctrl Pts',(1.77167963549546,-14.5854904936393,-19.3981548782429));
#1002=CARTESIAN_POINT('Ctrl Pts',(1.47595459602156,-15.0593681356283,-19.4382623330229));
#1003=CARTESIAN_POINT('Ctrl Pts',(1.08816751094014,-16.0577553769365,-19.4669718119912));
#1004=CARTESIAN_POINT('Ctrl Pts',(0.986916281714769,-16.5485633110924,-19.4602385694189));
#1005=CARTESIAN_POINT('Ctrl Pts',(0.990210741101747,-17.508567437194,-19.3964843293104));
#1006=CARTESIAN_POINT('Ctrl Pts',(1.07604068724867,-17.9499577195219,-19.3456280103414));
#1007=CARTESIAN_POINT('Ctrl Pts',(1.38406660476904,-18.779250896288,-19.1983603587948));
#1008=CARTESIAN_POINT('Ctrl Pts',(1.64838211413012,-19.3019205833024,-19.0850956506261));
#1009=CARTESIAN_POINT('Ctrl Pts',(2.12512247689543,-19.8545266178221,-18.8651374131939));
#1010=CARTESIAN_POINT('Ctrl Pts',(1.9561398577925,-22.5683559419326,-19.295466276278));
#1011=CARTESIAN_POINT('Ctrl Pts',(2.06935198771134,-22.5986910407177,-18.8567014812072));
#1012=CARTESIAN_POINT('Ctrl Pts',(2.18256411763019,-22.6290261395028,-18.4179366861364));
#1013=CARTESIAN_POINT('Ctrl Pts',(2.29577624754903,-22.659361238288,-17.9791718910655));
#1014=CARTESIAN_POINT('Ctrl Pts',(4.00293580124468,-23.1167932620518,-11.3629063701582));
#1015=CARTESIAN_POINT('Ctrl Pts',(5.36094352819544,-23.4806703358034,0.911905956667433));
#1016=CARTESIAN_POINT('Ctrl Pts',(3.57707948833534,-23.002685406916,13.0118758515402));
#1017=CARTESIAN_POINT('Ctrl Pts',(2.29706578453016,-22.6597067686806,17.9741734186967));
#1018=CARTESIAN_POINT('Ctrl Pts',(2.1833449303627,-22.6292353576439,18.415041134638));
#1019=CARTESIAN_POINT('Ctrl Pts',(2.06962407619522,-22.5987639466071,18.8559088505793));
#1020=CARTESIAN_POINT('Ctrl Pts',(1.95590322202776,-22.5682925355704,19.2967765665206));
#1021=CARTESIAN_POINT('Ctrl Pts',(1.47162623293185,-23.1161902038522,-19.2030633057158));
#1022=CARTESIAN_POINT('Ctrl Pts',(1.58441589857111,-23.1464121036747,-18.7659358127007));
#1023=CARTESIAN_POINT('Ctrl Pts',(1.69720556421038,-23.1766340034973,-18.3288083196855));
#1024=CARTESIAN_POINT('Ctrl Pts',(1.80999522984964,-23.20685590332,-17.8916808266705));
#1025=CARTESIAN_POINT('Ctrl Pts',(3.50888608255,-23.6620723353297,-11.3074614734335));
#1026=CARTESIAN_POINT('Ctrl Pts',(4.86025200277308,-24.0241697423324,0.907417653113065));
#1027=CARTESIAN_POINT('Ctrl Pts',(3.08509239380068,-23.5485171586719,12.9484442134245));
#1028=CARTESIAN_POINT('Ctrl Pts',(1.81127849162724,-23.2071997522769,17.8867066780954));
#1029=CARTESIAN_POINT('Ctrl Pts',(1.69798200010327,-23.1768420488678,18.3259292446862));
#1030=CARTESIAN_POINT('Ctrl Pts',(1.5846855085793,-23.1464843454587,18.7651518112771));
#1031=CARTESIAN_POINT('Ctrl Pts',(1.47138901705533,-23.1161266420496,19.2043743778679));
#1032=CARTESIAN_POINT('Ctrl Pts',(1.04890223397047,-23.7206627346714,-19.1319117651896));
#1033=CARTESIAN_POINT('Ctrl Pts',(1.16138121326125,-23.7508013863379,-18.6959883678146));
#1034=CARTESIAN_POINT('Ctrl Pts',(1.27386019255202,-23.7809400380043,-18.2600649704394));
#1035=CARTESIAN_POINT('Ctrl Pts',(1.3863391718428,-23.8110786896707,-17.8241415730643));
#1036=CARTESIAN_POINT('Ctrl Pts',(3.07874360442916,-24.2645570906491,-11.2650609818496));
#1037=CARTESIAN_POINT('Ctrl Pts',(4.42507142576374,-24.6253045431233,0.904088195635339));
#1038=CARTESIAN_POINT('Ctrl Pts',(2.65656802901685,-24.1514354861533,12.8997781822091));
#1039=CARTESIAN_POINT('Ctrl Pts',(1.38761758943926,-23.8114212406334,17.8191862013881));
#1040=CARTESIAN_POINT('Ctrl Pts',(1.2746331803481,-23.78114715946,18.2571989013248));
#1041=CARTESIAN_POINT('Ctrl Pts',(1.16164877125694,-23.7508730782867,18.6952116012614));
#1042=CARTESIAN_POINT('Ctrl Pts',(1.04866436216578,-23.7205989971135,19.1332243011981));
#1043=CARTESIAN_POINT('Ctrl Pts',(-0.219282822447411,-26.2328494529212,
-18.9695103458935));
#1044=CARTESIAN_POINT('Ctrl Pts',(-0.107515500250273,-26.2627974166441,
-18.5363450458977));
#1045=CARTESIAN_POINT('Ctrl Pts',(0.00425182194686624,-26.292745380367,
-18.1031797459021));
#1046=CARTESIAN_POINT('Ctrl Pts',(0.116019144144005,-26.3226933440899,-17.6700144459064));
#1047=CARTESIAN_POINT('Ctrl Pts',(1.79390467147392,-26.7722814161298,-11.1672033065081));
#1048=CARTESIAN_POINT('Ctrl Pts',(3.12849111563978,-27.1298827760736,0.896119247086698));
#1049=CARTESIAN_POINT('Ctrl Pts',(1.37535079512224,-26.6601302429724,12.787896830595));
#1050=CARTESIAN_POINT('Ctrl Pts',(0.117286507136191,-26.3230329329801,17.6651019238226));
#1051=CARTESIAN_POINT('Ctrl Pts',(0.00501695300466421,-26.2929503966159,
18.1003433073143));
#1052=CARTESIAN_POINT('Ctrl Pts',(-0.107252601126863,-26.2628678602518,
18.5355846908061));
#1053=CARTESIAN_POINT('Ctrl Pts',(-0.21952215525839,-26.2327853238876,18.970826074298));
#1054=CARTESIAN_POINT('Ctrl Pts',(-0.385675089664006,-28.2258414861971,
-19.0696650325741));
#1055=CARTESIAN_POINT('Ctrl Pts',(-0.273482484408993,-28.255903404172,-18.6348515060688));
#1056=CARTESIAN_POINT('Ctrl Pts',(-0.161289879153982,-28.2859653221468,
-18.2000379795636));
#1057=CARTESIAN_POINT('Ctrl Pts',(-0.0490972738989699,-28.3160272401216,
-17.7652244530584));
#1058=CARTESIAN_POINT('Ctrl Pts',(1.63775083669002,-28.7680168291079,-11.2276779367195));
#1059=CARTESIAN_POINT('Ctrl Pts',(2.97959577528084,-29.1275630967711,0.901050182484386));
#1060=CARTESIAN_POINT('Ctrl Pts',(1.21696127456328,-28.6552666057526,12.8570283185303));
#1061=CARTESIAN_POINT('Ctrl Pts',(-0.0478230820702872,-28.3163686587931,
17.760285461202));
#1062=CARTESIAN_POINT('Ctrl Pts',(-0.16051983028993,-28.286171656118,18.197182970857));
#1063=CARTESIAN_POINT('Ctrl Pts',(-0.273216578509573,-28.2559746534429,
18.6340804805121));
#1064=CARTESIAN_POINT('Ctrl Pts',(-0.385913326729214,-28.2257776507678,
19.0709779901671));
#1065=CARTESIAN_POINT('Ctrl Pts',(-0.107007354374037,-32.5118127819651,
-19.4625717139563));
#1066=CARTESIAN_POINT('Ctrl Pts',(0.00716673251311107,-32.5424056363432,
-19.0200787596116));
#1067=CARTESIAN_POINT('Ctrl Pts',(0.12134081940026,-32.572998490721,-18.577585805267));
#1068=CARTESIAN_POINT('Ctrl Pts',(0.235514906287408,-32.603591345099,-18.1350928509223));
#1069=CARTESIAN_POINT('Ctrl Pts',(1.95748541874712,-33.0649919533029,-11.4614259959744));
#1070=CARTESIAN_POINT('Ctrl Pts',(3.32726508904094,-33.4320233097666,0.919806509220919));
#1071=CARTESIAN_POINT('Ctrl Pts',(1.52793446116464,-32.9498941211104,13.124701608635));
#1072=CARTESIAN_POINT('Ctrl Pts',(0.236815626533541,-32.6039398720386,18.1300510302494));
#1073=CARTESIAN_POINT('Ctrl Pts',(0.122128492797035,-32.5732095471716,18.5746647738624));
#1074=CARTESIAN_POINT('Ctrl Pts',(0.00744135906053024,-32.5424792223046,
19.0192785174756));
#1075=CARTESIAN_POINT('Ctrl Pts',(-0.107245774675976,-32.5117488974376,
19.4638922610886));
#1076=CARTESIAN_POINT('Ctrl Pts',(0.65258500474055,-34.8569755037371,-19.8445405007664));
#1077=CARTESIAN_POINT('Ctrl Pts',(0.76867268420402,-34.8880811037006,-19.3946312293257));
#1078=CARTESIAN_POINT('Ctrl Pts',(0.884760363667491,-34.919186703664,-18.944721957885));
#1079=CARTESIAN_POINT('Ctrl Pts',(1.00084804313096,-34.9502923036274,-18.4948126864443));
#1080=CARTESIAN_POINT('Ctrl Pts',(2.75703069617476,-35.4208600272721,-11.6885533004392));
#1081=CARTESIAN_POINT('Ctrl Pts',(4.15393255347901,-35.7951587518424,0.937978225917908));
#1082=CARTESIAN_POINT('Ctrl Pts',(2.3189453703628,-35.3034754180049,13.3848750659913));
#1083=CARTESIAN_POINT('Ctrl Pts',(1.0021745638997,-34.9506477437963,18.4896708584035));
#1084=CARTESIAN_POINT('Ctrl Pts',(0.885565238764941,-34.9194023692964,18.9417364641887));
#1085=CARTESIAN_POINT('Ctrl Pts',(0.768955913630183,-34.8881569947966,19.3938020699738));
#1086=CARTESIAN_POINT('Ctrl Pts',(0.652346588495426,-34.8569116202968,19.8458676757589));
#1087=CARTESIAN_POINT('Ctrl Pts',(1.83484195083584,-37.03446794827,-20.3318122766226));
#1088=CARTESIAN_POINT('Ctrl Pts',(1.95347240814287,-37.0662548835032,-19.872048218418));
#1089=CARTESIAN_POINT('Ctrl Pts',(2.0721028654499,-37.0980418187363,-19.4122841602133));
#1090=CARTESIAN_POINT('Ctrl Pts',(2.19073332275692,-37.1298287539694,-18.9525201020086));
#1091=CARTESIAN_POINT('Ctrl Pts',(3.99031412810166,-37.6120249774762,-11.9780668889426));
#1092=CARTESIAN_POINT('Ctrl Pts',(5.42184120819294,-37.9956015025299,0.96127453336967));
#1093=CARTESIAN_POINT('Ctrl Pts',(3.54140304380191,-37.4917396149646,13.7163073597883));
#1094=CARTESIAN_POINT('Ctrl Pts',(2.19209267210322,-37.130192990529,18.9472510246216));
#1095=CARTESIAN_POINT('Ctrl Pts',(2.07292914302817,-37.0982632191461,19.4092186493939));
#1096=CARTESIAN_POINT('Ctrl Pts',(1.95376561395313,-37.0663334477633,19.8711862741662));
#1097=CARTESIAN_POINT('Ctrl Pts',(1.83460208487807,-37.0344036763803,20.3331538989386));
#1098=CARTESIAN_POINT('',(2.89834495953773,-37.3104670437013,15.9307314958825));
#1099=CARTESIAN_POINT('Ctrl Pts',(2.13839586054943,-22.619545882316,18.582451577106));
#1100=CARTESIAN_POINT('Ctrl Pts',(1.7834905652576,-22.9617318721971,18.6872065178404));
#1101=CARTESIAN_POINT('Ctrl Pts',(1.45578916589559,-23.3361171045675,18.7712375240283));
#1102=CARTESIAN_POINT('Ctrl Pts',(0.975389955888167,-24.0162847849652,18.8777040999065));
#1103=CARTESIAN_POINT('Ctrl Pts',(0.695756246699967,-24.451064286234,18.9338632926598));
#1104=CARTESIAN_POINT('Ctrl Pts',(0.020551821018296,-26.0201106962219,19.0191131251624));
#1105=CARTESIAN_POINT('Ctrl Pts',(-0.180592411865047,-27.0546466973649,
18.9951982879979));
#1106=CARTESIAN_POINT('Ctrl Pts',(-0.261212754142953,-29.1760699290472,
18.8273526782477));
#1107=CARTESIAN_POINT('Ctrl Pts',(-0.142523113196743,-30.4468024111245,
18.6696490523483));
#1108=CARTESIAN_POINT('Ctrl Pts',(0.465186186440938,-32.7892994227962,18.1382360986024));
#1109=CARTESIAN_POINT('Ctrl Pts',(0.847682965027432,-33.7653869166812,17.8320939125435));
#1110=CARTESIAN_POINT('Ctrl Pts',(1.77552275709255,-35.635567016824,17.0304002532796));
#1111=CARTESIAN_POINT('Ctrl Pts',(2.32371040535196,-36.5121589178999,16.5292457683639));
#1112=CARTESIAN_POINT('Ctrl Pts',(2.89818962934605,-37.3107159509093,15.9307987721186));
#1113=CARTESIAN_POINT('Origin',(-48.6897339441138,-23.4874829623945,1.04623942842608E-7));
#1114=CARTESIAN_POINT('Ctrl Pts',(6.41753989441473,-22.4403030871417,19.6841674061068));
#1115=CARTESIAN_POINT('Ctrl Pts',(6.41753989441473,-22.4403030871416,-37.0040938316343));
#1116=CARTESIAN_POINT('Ctrl Pts',(4.21252691736894,-21.7433532694638,19.6841674061068));
#1117=CARTESIAN_POINT('Ctrl Pts',(4.21252691736894,-21.7433532694637,-37.0040938316343));
#1118=CARTESIAN_POINT('Ctrl Pts',(2.58671393854622,-20.612560161744,19.6841674061068));
#1119=CARTESIAN_POINT('Ctrl Pts',(2.58671393854622,-20.6125601617439,-37.0040938316343));
#1120=CARTESIAN_POINT('Ctrl Pts',(1.74194898538945,-19.3538403896474,19.6841674061068));
#1121=CARTESIAN_POINT('Ctrl Pts',(1.74194898538945,-19.3538403896473,-37.0040938316343));
#1122=CARTESIAN_POINT('Ctrl Pts',(0.86026364724715,-18.0401083701783,19.6841674061068));
#1123=CARTESIAN_POINT('Ctrl Pts',(0.86026364724715,-18.0401083701782,-37.0040938316343));
#1124=CARTESIAN_POINT('Ctrl Pts',(0.749037869392151,-16.6289540884542,19.6841674061068));
#1125=CARTESIAN_POINT('Ctrl Pts',(0.749037869392151,-16.6289540884541,-37.0040938316343));
#1126=CARTESIAN_POINT('Ctrl Pts',(1.42660958612091,-15.2304287618862,19.6841674061068));
#1127=CARTESIAN_POINT('Ctrl Pts',(1.42660958612091,-15.2304287618861,-37.0040938316343));
#1128=CARTESIAN_POINT('Ctrl Pts',(2.05298978254158,-13.9375640405188,19.6841674061068));
#1129=CARTESIAN_POINT('Ctrl Pts',(2.05298978254158,-13.9375640405187,-37.0040938316343));
#1130=CARTESIAN_POINT('Ctrl Pts',(3.43597707114694,-12.6627073430859,19.6841674061068));
#1131=CARTESIAN_POINT('Ctrl Pts',(3.43597707114694,-12.6627073430858,-37.0040938316343));
#1132=CARTESIAN_POINT('Ctrl Pts',(5.47936504115615,-11.7282612295245,19.6841674061068));
#1133=CARTESIAN_POINT('Ctrl Pts',(5.47936504115615,-11.7282612295244,-37.0040938316343));
#1134=CARTESIAN_POINT('Ctrl Pts',(7.97977661017556,-10.584817151715,19.6841674061068));
#1135=CARTESIAN_POINT('Ctrl Pts',(7.97977661017556,-10.5848171517149,-37.0040938316343));
#1136=CARTESIAN_POINT('Ctrl Pts',(11.4346619648253,-9.9795701692932,19.6841674061068));
#1137=CARTESIAN_POINT('Ctrl Pts',(11.4346619648253,-9.97957016929308,-37.0040938316343));
#1138=CARTESIAN_POINT('Ctrl Pts',(14.956815139601,-10.0109936114605,19.6841674061068));
#1139=CARTESIAN_POINT('Ctrl Pts',(14.956815139601,-10.0109936114604,-37.0040938316343));
#1140=CARTESIAN_POINT('Ctrl Pts',(16.0542527752571,-10.0207845735127,19.6841674061068));
#1141=CARTESIAN_POINT('Ctrl Pts',(16.0542527752571,-10.0207845735126,-37.0040938316343));
#1142=CARTESIAN_POINT('Ctrl Pts',(17.1561779625267,-10.0887586426675,19.6841674061068));
#1143=CARTESIAN_POINT('Ctrl Pts',(17.1561779625267,-10.0887586426674,-37.0040938316343));
#1144=CARTESIAN_POINT('Ctrl Pts',(18.2328487609534,-10.2097685149076,19.6841674061068));
#1145=CARTESIAN_POINT('Ctrl Pts',(18.2328487609534,-10.2097685149075,-37.0040938316343));
#1146=CARTESIAN_POINT('Ctrl Pts',(2.12517038614889,-19.854582150352,18.8651153087964));
#1147=CARTESIAN_POINT('Ctrl Pts',(1.86096761502445,-19.5483436572032,18.9870135995779));
#1148=CARTESIAN_POINT('Ctrl Pts',(1.67961823085309,-19.2725856425931,19.0673461789915));
#1149=CARTESIAN_POINT('Ctrl Pts',(1.3770323949547,-18.7418701828792,19.2031578951422));
#1150=CARTESIAN_POINT('Ctrl Pts',(1.23979718185001,-18.4310811876855,19.2652710854383));
#1151=CARTESIAN_POINT('Ctrl Pts',(1.0143878469924,-17.6639402747425,19.3810813907709));
#1152=CARTESIAN_POINT('Ctrl Pts',(0.964083836248493,-17.2116814071123,19.4225453977471));
#1153=CARTESIAN_POINT('Ctrl Pts',(1.03918303194324,-16.2441148163506,19.4669134326246));
#1154=CARTESIAN_POINT('Ctrl Pts',(1.18035274020771,-15.7567101753569,19.464394817823));
#1155=CARTESIAN_POINT('Ctrl Pts',(1.5316977720382,-15.0040806787694,19.4282868979035));
#1156=CARTESIAN_POINT('Ctrl Pts',(1.81848147950078,-14.4658658127444,19.397733855541));
#1157=CARTESIAN_POINT('Ctrl Pts',(3.03178274678585,-13.1776896067742,19.1585348786998));
#1158=CARTESIAN_POINT('Ctrl Pts',(3.8397842442962,-12.579181693847,18.9656578881758));
#1159=CARTESIAN_POINT('Ctrl Pts',(6.23776882358695,-11.292657688361,18.1722566278548));
#1160=CARTESIAN_POINT('Ctrl Pts',(7.85551396231345,-10.8169039618572,17.4433053968509));
#1161=CARTESIAN_POINT('Ctrl Pts',(11.1534156173102,-10.1643854875471,15.2670896004303));
#1162=CARTESIAN_POINT('Ctrl Pts',(12.810704416203,-10.0366758468921,13.769612432992));
#1163=CARTESIAN_POINT('Ctrl Pts',(15.7134733131247,-9.98934106938051,9.84956441433214));
#1164=CARTESIAN_POINT('Ctrl Pts',(16.7951196321726,-10.0747328087301,7.55233818362004));
#1165=CARTESIAN_POINT('Ctrl Pts',(17.8733613880098,-10.1682718739875,3.37713485389542));
#1166=CARTESIAN_POINT('Ctrl Pts',(18.0893722308394,-10.1939681357961,1.58938409671577));
#1167=CARTESIAN_POINT('Ctrl Pts',(18.0543884976286,-10.1902167089989,-1.99023605774143));
#1168=CARTESIAN_POINT('Ctrl Pts',(17.8038264424695,-10.1608433411154,-3.77193148333134));
#1169=CARTESIAN_POINT('Ctrl Pts',(17.3226518520563,-10.1206649395182,-5.49389991331358));
#1170=CARTESIAN_POINT('Ctrl Pts',(2.65525973618275,-52.7555689126293,12.0170154752065));
#1171=CARTESIAN_POINT('Ctrl Pts',(3.87761171277381,-53.0830971376234,4.07241987408561));
#1172=CARTESIAN_POINT('Ctrl Pts',(3.87761169032911,-53.0830971316094,-4.07242001996348));
#1173=CARTESIAN_POINT('Ctrl Pts',(2.65525973618277,-52.7555689126293,-12.0170154752065));
#1174=CARTESIAN_POINT('Ctrl Pts',(3.05113294937853,-52.4520175233225,12.065409978363));
#1175=CARTESIAN_POINT('Ctrl Pts',(4.27845859091968,-52.7808784378235,4.08848837177007));
#1176=CARTESIAN_POINT('Ctrl Pts',(4.27845856838365,-52.780878431785,-4.08848851824154));
#1177=CARTESIAN_POINT('Ctrl Pts',(3.05113294937854,-52.4520175233225,-12.065409978363));
#1178=CARTESIAN_POINT('Ctrl Pts',(3.5346185630635,-51.6487203006014,12.1066816929351));
#1179=CARTESIAN_POINT('Ctrl Pts',(4.76607671441764,-51.9786885177694,4.10290111289551));
#1180=CARTESIAN_POINT('Ctrl Pts',(4.76607669180574,-51.9786885117106,-4.1029012598601));
#1181=CARTESIAN_POINT('Ctrl Pts',(3.53461856306352,-51.6487203006014,-12.1066816929351));
#1182=CARTESIAN_POINT('Ctrl Pts',(3.43657713477763,-50.7417577067136,12.0542061481627));
#1183=CARTESIAN_POINT('Ctrl Pts',(4.66271657939481,-51.0703007807067,4.08499414980438));
#1184=CARTESIAN_POINT('Ctrl Pts',(4.66271655688057,-51.070300774674,-4.08499429613428));
#1185=CARTESIAN_POINT('Ctrl Pts',(3.43657713477765,-50.7417577067136,-12.0542061481627));
#1186=CARTESIAN_POINT('Ctrl Pts',(3.29539164289508,-50.3952455591627,12.0181979121168));
#1187=CARTESIAN_POINT('Ctrl Pts',(4.51786389511509,-50.7228060119145,4.07282058752257));
#1188=CARTESIAN_POINT('Ctrl Pts',(4.51786387266819,-50.7228060058998,-4.0728207334148));
#1189=CARTESIAN_POINT('Ctrl Pts',(3.2953916428951,-50.3952455591627,-12.0181979121168));
#1190=CARTESIAN_POINT('',(3.29764042062501,-50.3958481201446,12.0035729649855));
#1191=CARTESIAN_POINT('Origin',(-51.1820350940438,-35.7980630592727,-3.08614422905862E-8));
#1192=CARTESIAN_POINT('',(2.65525973618276,-52.7555689126293,12.0170154752065));
#1193=CARTESIAN_POINT('Ctrl Pts',(3.29764041917551,-50.3958481263539,12.0035729697731));
#1194=CARTESIAN_POINT('Ctrl Pts',(3.42102258833251,-50.6105446023802,11.7624719434646));
#1195=CARTESIAN_POINT('Ctrl Pts',(3.50306779098821,-50.8400889822194,11.5597476438684));
#1196=CARTESIAN_POINT('Ctrl Pts',(3.55297932496153,-51.1799103748088,11.357117943734));
#1197=CARTESIAN_POINT('Ctrl Pts',(3.55952452845022,-51.2964849681583,11.3019646785568));
#1198=CARTESIAN_POINT('Ctrl Pts',(3.54522743534297,-51.5051754149203,11.240917424734));
#1199=CARTESIAN_POINT('Ctrl Pts',(3.53030126060372,-51.6170817747261,11.2186844045262));
#1200=CARTESIAN_POINT('Ctrl Pts',(3.4587867896938,-51.8561565203738,11.2296778224213));
#1201=CARTESIAN_POINT('Ctrl Pts',(3.41470578854213,-51.9585050428293,11.2542841646435));
#1202=CARTESIAN_POINT('Ctrl Pts',(3.27765813618969,-52.2076023166007,11.3570391009103));
#1203=CARTESIAN_POINT('Ctrl Pts',(3.1731771047935,-52.3379589846273,11.4577561642794));
#1204=CARTESIAN_POINT('Ctrl Pts',(2.93682295943084,-52.5728746001797,11.7022928105826));
#1205=CARTESIAN_POINT('Ctrl Pts',(2.79561268903368,-52.6753380158257,11.8588926932894));
#1206=CARTESIAN_POINT('Ctrl Pts',(2.65525973618276,-52.7555689126293,12.0170154752065));
#1207=CARTESIAN_POINT('Origin',(-51.8171591127773,-38.159728272282,-3.07329273141477E-8));
#1208=CARTESIAN_POINT('Ctrl Pts',(-0.373904855565028,-50.6999870778287,
-28.6244799668121));
#1209=CARTESIAN_POINT('Ctrl Pts',(10.6207092776338,-53.6459850559111,-8.88178419700125E-14));
#1210=CARTESIAN_POINT('Ctrl Pts',(-0.373904855564957,-50.6999870778287,
28.6244799668119));
#1211=CARTESIAN_POINT('Ctrl Pts',(-0.376637025899136,-50.7016844906779,
-28.6236052405716));
#1212=CARTESIAN_POINT('Ctrl Pts',(10.6176411264365,-53.6475924429594,-8.43769498715119E-14));
#1213=CARTESIAN_POINT('Ctrl Pts',(-0.376637025899065,-50.7016844906779,
28.6236052405714));
#1214=CARTESIAN_POINT('Ctrl Pts',(-0.379369196233235,-50.7033819035271,
-28.6227305143311));
#1215=CARTESIAN_POINT('Ctrl Pts',(10.6145729752392,-53.6491998300077,-8.88178419700125E-14));
#1216=CARTESIAN_POINT('Ctrl Pts',(-0.379369196233164,-50.7033819035271,
28.6227305143309));
#1217=CARTESIAN_POINT('Ctrl Pts',(-0.382101366567351,-50.7050793163763,
-28.6218557880906));
#1218=CARTESIAN_POINT('Ctrl Pts',(10.611504824042,-53.6508072170559,-8.88178419700125E-14));
#1219=CARTESIAN_POINT('Ctrl Pts',(-0.38210136656728,-50.7050793163764,28.6218557880904));
#1220=CARTESIAN_POINT('Ctrl Pts',(-2.00394103400317,-51.7126780947265,-28.1026108137586));
#1221=CARTESIAN_POINT('Ctrl Pts',(8.79022404396405,-54.6049659103361,-8.88178419700125E-14));
#1222=CARTESIAN_POINT('Ctrl Pts',(-2.0039410340031,-51.7126780947265,28.1026108137584));
#1223=CARTESIAN_POINT('Ctrl Pts',(-4.34629195022942,-54.0457561695154,-27.4430354705801));
#1224=CARTESIAN_POINT('Ctrl Pts',(6.19453135878942,-56.8701612627262,-8.43769498715119E-14));
#1225=CARTESIAN_POINT('Ctrl Pts',(-4.34629195022934,-54.0457561695154,27.4430354705799));
#1226=CARTESIAN_POINT('Ctrl Pts',(-5.01078646050674,-59.7855216854925,-27.7785342073866));
#1227=CARTESIAN_POINT('Ctrl Pts',(5.65890134343531,-62.644455916051,-9.76996261670138E-14));
#1228=CARTESIAN_POINT('Ctrl Pts',(-5.01078646050666,-59.7855216854925,27.7785342073864));
#1229=CARTESIAN_POINT('Ctrl Pts',(-4.06627767703933,-63.4033793217236,-28.5136641005887));
#1230=CARTESIAN_POINT('Ctrl Pts',(6.88577227017687,-66.3379722605456,-9.76996261670138E-14));
#1231=CARTESIAN_POINT('Ctrl Pts',(-4.06627767703925,-63.4033793217236,28.5136641005885));
#1232=CARTESIAN_POINT('Ctrl Pts',(-3.07619359090363,-65.4532491103083,-29.1049239159149));
#1233=CARTESIAN_POINT('Ctrl Pts',(8.10295824705486,-68.4486938173542,-1.06581410364015E-13));
#1234=CARTESIAN_POINT('Ctrl Pts',(-3.07619359090354,-65.4532491103083,29.1049239159147));
#1235=CARTESIAN_POINT('Ctrl Pts',(1.16772733701893,-74.2398616991892,-31.6393146199369));
#1236=CARTESIAN_POINT('Ctrl Pts',(13.3203343394309,-77.4961429314183,-1.19904086659517E-13));
#1237=CARTESIAN_POINT('Ctrl Pts',(1.16772733701902,-74.2398616991892,31.6393146199367));
#1238=CARTESIAN_POINT('Ctrl Pts',(5.41164826494147,-83.0264742880701,-34.1737053239589));
#1239=CARTESIAN_POINT('Ctrl Pts',(18.5377104318069,-86.5435920454824,-1.33226762955019E-13));
#1240=CARTESIAN_POINT('Ctrl Pts',(5.41164826494158,-83.0264742880701,34.1737053239587));
#1241=CARTESIAN_POINT('Ctrl Pts',(9.65556919286403,-91.813086876951,-36.7080960279809));
#1242=CARTESIAN_POINT('Ctrl Pts',(23.7550865241829,-95.5910411595466,-1.4210854715202E-13));
#1243=CARTESIAN_POINT('Ctrl Pts',(9.65556919286414,-91.813086876951,36.7080960279807));
#1244=CARTESIAN_POINT('Ctrl Pts',(2.65525973618275,-52.7555689126293,12.0170154752065));
#1245=CARTESIAN_POINT('Ctrl Pts',(2.29569116372036,-52.9611114996932,12.4221083629073));
#1246=CARTESIAN_POINT('Ctrl Pts',(1.92042320021187,-53.2017543219433,12.8024598274198));
#1247=CARTESIAN_POINT('Ctrl Pts',(1.2526283313567,-53.720088866329,13.4094255354057));
#1248=CARTESIAN_POINT('Ctrl Pts',(0.954553406453851,-53.9842502897387,13.6551140828701));
#1249=CARTESIAN_POINT('Ctrl Pts',(0.235711353556831,-54.7660175807902,14.1848984782798));
#1250=CARTESIAN_POINT('Ctrl Pts',(-0.0309793760279209,-55.2059745959059,
14.3247297269429));
#1251=CARTESIAN_POINT('Ctrl Pts',(-0.444886949101679,-56.0182826784103,
14.5138983084516));
#1252=CARTESIAN_POINT('Ctrl Pts',(-0.617595676940983,-56.550507355134,14.54155586182));
#1253=CARTESIAN_POINT('Ctrl Pts',(-0.871785837501988,-57.8667114310683,
14.4480270114653));
#1254=CARTESIAN_POINT('Ctrl Pts',(-0.889544630274602,-58.6493778872389,
14.2661100101443));
#1255=CARTESIAN_POINT('Ctrl Pts',(-0.776249511501561,-60.2076874109569,
13.7252932971685));
#1256=CARTESIAN_POINT('Ctrl Pts',(-0.582317897612382,-61.410152969206,13.2120818174638));
#1257=CARTESIAN_POINT('Ctrl Pts',(0.250784365934837,-63.771934687945,11.3084843446775));
#1258=CARTESIAN_POINT('Ctrl Pts',(0.743896464429268,-64.7146981355222,10.1818705415858));
#1259=CARTESIAN_POINT('Ctrl Pts',(1.77367317037549,-66.4134036370705,7.16280750797867));
#1260=CARTESIAN_POINT('Ctrl Pts',(2.19439886431118,-66.9441257043657,5.39720072759872));
#1261=CARTESIAN_POINT('Ctrl Pts',(2.6441195087596,-67.5546581662184,2.21172483616543));
#1262=CARTESIAN_POINT('Ctrl Pts',(2.72809738570281,-67.6677990753251,0.603545977259882));
#1263=CARTESIAN_POINT('Ctrl Pts',(2.59865307088373,-67.4926810516525,-2.89676132962994));
#1264=CARTESIAN_POINT('Ctrl Pts',(2.34754739710634,-67.1524763146916,-4.42095795268962));
#1265=CARTESIAN_POINT('Ctrl Pts',(2.12304209003574,-66.8463801122741,-5.49390058329107));
#1266=CARTESIAN_POINT('Ctrl Pts',(0.,-3.,-20.));
#1267=CARTESIAN_POINT('Ctrl Pts',(-26.7949192431127,-103.,-20.));
#1268=CARTESIAN_POINT('Ctrl Pts',(40.,-3.,-20.));
#1269=CARTESIAN_POINT('Ctrl Pts',(13.2050807568873,-103.,-20.));
#1270=CARTESIAN_POINT('Ctrl Pts',(40.,-3.,20.));
#1271=CARTESIAN_POINT('Ctrl Pts',(13.2050807568873,-103.,20.));
#1272=CARTESIAN_POINT('Ctrl Pts',(2.44929359829471E-15,-3.,20.));
#1273=CARTESIAN_POINT('Ctrl Pts',(-26.7949192431127,-103.,20.));
#1274=CARTESIAN_POINT('Ctrl Pts',(-40.,-3.,20.));
#1275=CARTESIAN_POINT('Ctrl Pts',(-66.7949192431127,-103.,20.));
#1276=CARTESIAN_POINT('Ctrl Pts',(-40.,-3.,-20.));
#1277=CARTESIAN_POINT('Ctrl Pts',(-66.7949192431127,-103.,-20.));
#1278=CARTESIAN_POINT('Ctrl Pts',(0.,-3.,-20.));
#1279=CARTESIAN_POINT('Ctrl Pts',(-26.7949192431127,-103.,-20.));
#1280=CARTESIAN_POINT('',(2.44929359829471E-15,-3.,20.));
#1281=CARTESIAN_POINT('Origin',(3.5527136788005E-14,-3.,3.21964677141295E-14));
#1282=CARTESIAN_POINT('Origin',(1.45473230946492E-14,-3.,-4.44089209850063E-15));
#1283=CARTESIAN_POINT('Origin',(-18.7564434703992,-73.0000000008223,-5.55111512312578E-15));
#1284=CARTESIAN_POINT('',(2.87222071862062,-39.5128787602863,15.4864227869903));
#1285=CARTESIAN_POINT('Ctrl Pts',(2.87224386282635,-39.5128939443964,15.4864329281382));
#1286=CARTESIAN_POINT('Ctrl Pts',(2.62378647438642,-39.7976716600369,15.6271187593754));
#1287=CARTESIAN_POINT('Ctrl Pts',(2.39644915241012,-40.1108300744578,15.7395809108141));
#1288=CARTESIAN_POINT('Ctrl Pts',(2.05322052469215,-40.7198835268651,15.8788700717586));
#1289=CARTESIAN_POINT('Ctrl Pts',(1.86359163011841,-41.1082922513709,15.9437277064464));
#1290=CARTESIAN_POINT('Ctrl Pts',(1.49144978233602,-42.3746053951423,15.9685496721261));
#1291=CARTESIAN_POINT('Ctrl Pts',(1.41119515023332,-43.1493889202381,15.8738799494747));
#1292=CARTESIAN_POINT('Ctrl Pts',(1.42269517437477,-44.762328859389,15.5243768518272));
#1293=CARTESIAN_POINT('Ctrl Pts',(1.54466464716754,-45.7781424175754,15.2107813061538));
#1294=CARTESIAN_POINT('Ctrl Pts',(2.16461480618926,-48.1762228990419,14.0474175682563));
#1295=CARTESIAN_POINT('Ctrl Pts',(2.70960032420127,-49.3726072574941,13.1526604583554));
#1296=CARTESIAN_POINT('Ctrl Pts',(3.29764042594371,-50.3958481163477,12.0035729643262));
#1297=CARTESIAN_POINT('Ctrl Pts',(2.89837497273274,-37.3105087580856,15.9307002311989));
#1298=CARTESIAN_POINT('Ctrl Pts',(2.99071470646015,-37.4388519002082,15.8345092345616));
#1299=CARTESIAN_POINT('Ctrl Pts',(3.07188851689398,-37.5801868371444,15.7416948239003));
#1300=CARTESIAN_POINT('Ctrl Pts',(3.197747137983,-37.8798140781309,15.577893403032));
#1301=CARTESIAN_POINT('Ctrl Pts',(3.24448980780569,-38.0400424983033,15.5049637949558));
#1302=CARTESIAN_POINT('Ctrl Pts',(3.28762456529389,-38.3585625136248,15.3993335038945));
#1303=CARTESIAN_POINT('Ctrl Pts',(3.28857735195654,-38.5127239613706,15.364032487355));
#1304=CARTESIAN_POINT('Ctrl Pts',(3.24107611743019,-38.8324903794756,15.332134653473));
#1305=CARTESIAN_POINT('Ctrl Pts',(3.19236253446915,-38.989113610252,15.3378169233136));
#1306=CARTESIAN_POINT('Ctrl Pts',(3.0541321738334,-39.2758212446739,15.38899277852));
#1307=CARTESIAN_POINT('Ctrl Pts',(2.96916773213384,-39.4017336188391,15.4315660757248));
#1308=CARTESIAN_POINT('Ctrl Pts',(2.87222318368531,-39.5128643556854,15.4864563066835));
#1309=CARTESIAN_POINT('Ctrl Pts',(2.75853247720116,-39.482416087809,16.0256523747519));
#1310=CARTESIAN_POINT('Ctrl Pts',(5.01538405471961,-40.087137645442,5.51280841860711));
#1311=CARTESIAN_POINT('Ctrl Pts',(5.01538416208721,-40.0871376742111,-5.5128079184684));
#1312=CARTESIAN_POINT('Ctrl Pts',(2.75853247720117,-39.482416087809,-16.0256523747519));
#1313=CARTESIAN_POINT('Ctrl Pts',(2.98323249082023,-39.1725561255693,16.0560661792871));
#1314=CARTESIAN_POINT('Ctrl Pts',(5.24440331275512,-39.7784350212556,5.52310236102518));
#1315=CARTESIAN_POINT('Ctrl Pts',(5.24440342032821,-39.7784350500797,-5.52310185992926));
#1316=CARTESIAN_POINT('Ctrl Pts',(2.98323249082024,-39.1725561255693,-16.0560661792871));
#1317=CARTESIAN_POINT('Ctrl Pts',(3.25385410605517,-38.4197764579029,16.0708605324342));
#1318=CARTESIAN_POINT('Ctrl Pts',(5.51704945648937,-39.0261978243656,5.52846607530787));
#1319=CARTESIAN_POINT('Ctrl Pts',(5.51704956415878,-39.0261978532155,-5.52846557376335));
#1320=CARTESIAN_POINT('Ctrl Pts',(3.25385410605518,-38.4197764579029,-16.0708605324342));
#1321=CARTESIAN_POINT('Ctrl Pts',(3.08171157132845,-37.6427102834826,15.9892071927655));
#1322=CARTESIAN_POINT('Ctrl Pts',(5.33346075636817,-38.2460646591715,5.50013115138579));
#1323=CARTESIAN_POINT('Ctrl Pts',(5.33346086349303,-38.2460646878755,-5.50013065237779));
#1324=CARTESIAN_POINT('Ctrl Pts',(3.08171157132846,-37.6427102834826,-15.9892071927655));
#1325=CARTESIAN_POINT('Ctrl Pts',(2.89834495953774,-37.3104670437013,15.9307314958825));
#1326=CARTESIAN_POINT('Ctrl Pts',(5.14182907280535,-37.9116068000834,5.48015573103496));
#1327=CARTESIAN_POINT('Ctrl Pts',(5.14182917953701,-37.9116068286821,-5.48015523385859));
#1328=CARTESIAN_POINT('Ctrl Pts',(2.89834495953776,-37.3104670437013,-15.9307314958825));
#1329=CARTESIAN_POINT('Origin',(-49.119100734906,-25.5818461633876,1.17208809324865E-7));
#1330=CARTESIAN_POINT('Origin',(-12.,-5.,-8.));
#1331=CARTESIAN_POINT('',(-9.2,-5.,-8.));
#1332=CARTESIAN_POINT('Origin',(-12.,-5.,-8.));
#1333=CARTESIAN_POINT('Origin',(-12.,-5.,8.));
#1334=CARTESIAN_POINT('',(-9.2,-5.,8.));
#1335=CARTESIAN_POINT('Origin',(-12.,-5.,8.));
#1336=CARTESIAN_POINT('Origin',(14.,-5.,0.));
#1337=CARTESIAN_POINT('',(16.8,-5.,-3.42901103761259E-16));
#1338=CARTESIAN_POINT('Origin',(14.,-5.,0.));
#1339=CARTESIAN_POINT('Origin',(14.,0.,0.));
#1340=CARTESIAN_POINT('',(16.8,0.,-3.42901103761259E-16));
#1341=CARTESIAN_POINT('Origin',(14.,0.,0.));
#1342=CARTESIAN_POINT('',(16.8,0.,3.42901103761259E-16));
#1343=CARTESIAN_POINT('Origin',(-12.,0.,-8.));
#1344=CARTESIAN_POINT('',(-9.2,0.,-8.));
#1345=CARTESIAN_POINT('Origin',(-12.,0.,-8.));
#1346=CARTESIAN_POINT('',(-9.2,0.,-8.));
#1347=CARTESIAN_POINT('Origin',(-12.,0.,8.));
#1348=CARTESIAN_POINT('',(-9.2,0.,8.));
#1349=CARTESIAN_POINT('Origin',(-12.,0.,8.));
#1350=CARTESIAN_POINT('',(-9.2,0.,8.));
#1351=CARTESIAN_POINT('Origin',(0.,0.,0.));
#1352=CARTESIAN_POINT('',(-2.44929359829471E-15,0.,-20.));
#1353=CARTESIAN_POINT('Origin',(0.,0.,0.));
#1354=CARTESIAN_POINT('Origin',(-26.7949192431127,-73.,0.));
#1355=CARTESIAN_POINT('Origin',(0.,-3.,0.));
#1356=CARTESIAN_POINT('',(-2.44929359829471E-15,-3.,-20.));
#1357=CARTESIAN_POINT('Ctrl Pts',(9.94511306162653,-33.5812342179092,-19.9056832944514));
#1358=CARTESIAN_POINT('Ctrl Pts',(10.1962771214824,-33.6485334249154,-18.7526709890244));
#1359=CARTESIAN_POINT('Ctrl Pts',(10.4474411813383,-33.7158326319215,-17.5996586835974));
#1360=CARTESIAN_POINT('Ctrl Pts',(14.2813449327457,-34.7431240459701,0.000543374500947022));
#1361=CARTESIAN_POINT('Ctrl Pts',(10.4472159022579,-33.7157722685737,17.6006928344738));
#1362=CARTESIAN_POINT('Ctrl Pts',(10.1961499599483,-33.6484993520849,18.7531835497891));
#1363=CARTESIAN_POINT('Ctrl Pts',(9.94508401763866,-33.581226435596,19.9056742651044));
#1364=CARTESIAN_POINT('Ctrl Pts',(8.17566229725777,-34.7601969306146,-19.5451630223319));
#1365=CARTESIAN_POINT('Ctrl Pts',(8.42227741830724,-34.8262772531411,-18.4130334117594));
#1366=CARTESIAN_POINT('Ctrl Pts',(8.66889253935671,-34.8923575756676,-17.280903801187));
#1367=CARTESIAN_POINT('Ctrl Pts',(12.4333588339689,-35.9010432792434,0.000533533214904072));
#1368=CARTESIAN_POINT('Ctrl Pts',(8.66867134040129,-34.8922983055861,17.2819192221182));
#1369=CARTESIAN_POINT('Ctrl Pts',(8.42215255984958,-34.8262437974181,18.4135366893186));
#1370=CARTESIAN_POINT('Ctrl Pts',(8.17563377929787,-34.7601892892502,19.5451541565191));
#1371=CARTESIAN_POINT('Ctrl Pts',(6.406211532889,-35.9391596433199,-19.1846427502123));
#1372=CARTESIAN_POINT('Ctrl Pts',(6.64827771513208,-36.0040210813668,-18.0733958344944));
#1373=CARTESIAN_POINT('Ctrl Pts',(6.89034389737516,-36.0688825194138,-16.9621489187765));
#1374=CARTESIAN_POINT('Ctrl Pts',(10.5853727351922,-37.0589625125167,0.000523691928861121));
#1375=CARTESIAN_POINT('Ctrl Pts',(6.8901267785447,-36.0688243425984,16.9631456097626));
#1376=CARTESIAN_POINT('Ctrl Pts',(6.64815515975089,-36.0039882427514,18.0738898288481));
#1377=CARTESIAN_POINT('Ctrl Pts',(6.40618354095708,-35.9391521429043,19.1846340479337));
#1378=CARTESIAN_POINT('Ctrl Pts',(4.63676076852023,-37.1181223560252,-18.8241224780927));
#1379=CARTESIAN_POINT('Ctrl Pts',(4.87427801195692,-37.1817649095926,-17.7337582572294));
#1380=CARTESIAN_POINT('Ctrl Pts',(5.11179525539361,-37.2454074631599,-16.6433940363661));
#1381=CARTESIAN_POINT('Ctrl Pts',(8.73738663641543,-38.21688174579,0.00051385064281817));
#1382=CARTESIAN_POINT('Ctrl Pts',(5.11158221668811,-37.2453503796108,16.6443719974069));
#1383=CARTESIAN_POINT('Ctrl Pts',(4.8741577596522,-37.1817326880846,17.7342429683776));
#1384=CARTESIAN_POINT('Ctrl Pts',(4.6367333026163,-37.1181149965585,18.8241139393483));
#1385=CARTESIAN_POINT('Ctrl Pts',(3.26188174071889,-38.0341869004019,-18.5439950107363));
#1386=CARTESIAN_POINT('Ctrl Pts',(3.49586441812548,-38.0968823698558,-17.4698568300532));
#1387=CARTESIAN_POINT('Ctrl Pts',(3.72984709553208,-38.1595778393098,-16.3957186493701));
#1388=CARTESIAN_POINT('Ctrl Pts',(7.30148495322676,-39.1165953189355,0.000506203875776379));
#1389=CARTESIAN_POINT('Ctrl Pts',(3.72963722712007,-38.1595216052383,16.3966820570764));
#1390=CARTESIAN_POINT('Ctrl Pts',(3.49574595533173,-38.0968506278459,17.4703343280679));
#1391=CARTESIAN_POINT('Ctrl Pts',(3.26185468354338,-38.0341796504536,18.5439865990595));
#1392=CARTESIAN_POINT('Ctrl Pts',(1.12718943168485,-40.2644183812153,-18.162750805543));
#1393=CARTESIAN_POINT('Ctrl Pts',(1.35636168179003,-40.3258249005586,-17.1106957281354));
#1394=CARTESIAN_POINT('Ctrl Pts',(1.58553393189522,-40.3872314199019,-16.0586406507278));
#1395=CARTESIAN_POINT('Ctrl Pts',(5.08374283129335,-41.324573669451,0.000495796879125265));
#1396=CARTESIAN_POINT('Ctrl Pts',(1.58532837814767,-40.3871763419412,16.059584251828));
#1397=CARTESIAN_POINT('Ctrl Pts',(1.35624565446145,-40.3257938111296,17.1111634093145));
#1398=CARTESIAN_POINT('Ctrl Pts',(1.12716293077522,-40.2644112803179,18.1627425668011));
#1399=CARTESIAN_POINT('Ctrl Pts',(0.521206116673545,-45.797764999305,-18.3801898200322));
#1400=CARTESIAN_POINT('Ctrl Pts',(0.75312194833995,-45.859906659112,-17.3155398542363));
#1401=CARTESIAN_POINT('Ctrl Pts',(0.985037780006355,-45.922048318919,-16.2508898884404));
#1402=CARTESIAN_POINT('Ctrl Pts',(4.52512618894056,-46.8706121492278,0.000501732410906897));
#1403=CARTESIAN_POINT('Ctrl Pts',(0.98482976543087,-45.9219925815815,16.2518447860505));
#1404=CARTESIAN_POINT('Ctrl Pts',(0.753004531966907,-45.8598751974897,17.3160131343545));
#1405=CARTESIAN_POINT('Ctrl Pts',(0.521179298502944,-45.7977578133978,18.3801814826585));
#1406=CARTESIAN_POINT('Ctrl Pts',(1.54214610586665,-49.436102315387,-18.8752107491509));
#1407=CARTESIAN_POINT('Ctrl Pts',(1.78030796608842,-49.4999175935013,-17.7818873028081));
#1408=CARTESIAN_POINT('Ctrl Pts',(2.01846982631018,-49.5637328716156,-16.6885638564652));
#1409=CARTESIAN_POINT('Ctrl Pts',(5.65390098580963,-50.5378437149424,0.000515245222620919));
#1410=CARTESIAN_POINT('Ctrl Pts',(2.01825620942214,-49.563675633143,16.6895444716716));
#1411=CARTESIAN_POINT('Ctrl Pts',(1.78018738742149,-49.4998852845449,17.7823733294521));
#1412=CARTESIAN_POINT('Ctrl Pts',(1.54211856542084,-49.4360949359468,18.8752021872326));
#1413=CARTESIAN_POINT('Ctrl Pts',(2.59370327451529,-51.5024437667873,-19.2733526093036));
#1414=CARTESIAN_POINT('Ctrl Pts',(2.83688877168111,-51.5676051243639,-18.1569672837341));
#1415=CARTESIAN_POINT('Ctrl Pts',(3.08007426884692,-51.6327664819404,-17.0405819581645));
#1416=CARTESIAN_POINT('Ctrl Pts',(6.79218893368766,-52.6274246085962,0.000526113482264279));
#1417=CARTESIAN_POINT('Ctrl Pts',(3.07985614605819,-51.6327080361153,17.0415832578532));
#1418=CARTESIAN_POINT('Ctrl Pts',(2.83676564960339,-51.5675721339026,18.1574635623194));
#1419=CARTESIAN_POINT('Ctrl Pts',(2.59367515314859,-51.5024362316898,19.2733438667856));
#1420=CARTESIAN_POINT('Ctrl Pts',(193.989325918597,-22.5019187027868,-19.3215609740159));
#1421=CARTESIAN_POINT('Ctrl Pts',(193.912335893112,-22.5739484162519,-18.8714372394786));
#1422=CARTESIAN_POINT('Ctrl Pts',(193.833634608944,-22.645027134221,-18.4210332267739));
#1423=CARTESIAN_POINT('Ctrl Pts',(193.651434129587,-22.8040027605216,-17.3988139418072));
#1424=CARTESIAN_POINT('Ctrl Pts',(193.442557494301,-22.9722593299079,-16.2134854794293));
#1425=CARTESIAN_POINT('Ctrl Pts',(193.059364116331,-23.2640286228478,-13.8502664245189));
#1426=CARTESIAN_POINT('Ctrl Pts',(192.128939210784,-23.8865611026971,-7.26935648923602));
#1427=CARTESIAN_POINT('Ctrl Pts',(191.748865196197,-24.0741943598004,1.21363880098767));
#1428=CARTESIAN_POINT('Ctrl Pts',(192.573576569367,-23.6069324911333,10.8607715953303));
#1429=CARTESIAN_POINT('Ctrl Pts',(193.332110385493,-23.0743085019392,15.6310225519778));
#1430=CARTESIAN_POINT('Ctrl Pts',(193.834763385768,-22.6451394903802,18.4242940105663));
#1431=CARTESIAN_POINT('Ctrl Pts',(193.911971824359,-22.574265545176,18.8696442406727));
#1432=CARTESIAN_POINT('Ctrl Pts',(193.9892216927,-22.5019943735493,19.3214134634822));
#1433=CARTESIAN_POINT('Ctrl Pts',(193.59916881295,-22.0984886823763,-19.3090779396196));
#1434=CARTESIAN_POINT('Ctrl Pts',(193.522680051489,-22.1659715438915,-18.8598373661425));
#1435=CARTESIAN_POINT('Ctrl Pts',(193.444533460317,-22.2325585253134,-18.4103345212828));
#1436=CARTESIAN_POINT('Ctrl Pts',(193.263661252652,-22.3814742784633,-17.3901991664686));
#1437=CARTESIAN_POINT('Ctrl Pts',(193.058133868599,-22.5389162446992,-16.2073507393057));
#1438=CARTESIAN_POINT('Ctrl Pts',(192.67951700241,-22.8122232900697,-13.8478697213918));
#1439=CARTESIAN_POINT('Ctrl Pts',(191.759040301435,-23.3959952910534,-7.27380410280605));
#1440=CARTESIAN_POINT('Ctrl Pts',(191.379582252036,-23.5725079083799,1.21529185683095));
#1441=CARTESIAN_POINT('Ctrl Pts',(192.200676571854,-23.1336299070288,10.8630355679826));
#1442=CARTESIAN_POINT('Ctrl Pts',(192.949171239574,-22.6343616951215,15.6264194443947));
#1443=CARTESIAN_POINT('Ctrl Pts',(193.445302683636,-22.2327048829402,18.4135342715123));
#1444=CARTESIAN_POINT('Ctrl Pts',(193.522325020467,-22.1662676731996,18.858050205852));
#1445=CARTESIAN_POINT('Ctrl Pts',(193.599072038331,-22.0985585081265,19.3089335312329));
#1446=CARTESIAN_POINT('Ctrl Pts',(193.231346332806,-21.1027079956451,-19.187211556266));
#1447=CARTESIAN_POINT('Ctrl Pts',(193.161186598342,-21.1612115899574,-18.7380486351576));
#1448=CARTESIAN_POINT('Ctrl Pts',(193.0893998392,-21.2189530204196,-18.2886503305704));
#1449=CARTESIAN_POINT('Ctrl Pts',(192.923116709367,-21.348118725211,-17.2689967322813));
#1450=CARTESIAN_POINT('Ctrl Pts',(192.737136246502,-21.4848497916717,-16.0967523507925));
#1451=CARTESIAN_POINT('Ctrl Pts',(192.391404524501,-21.7223612538056,-13.7529189705067));
#1452=CARTESIAN_POINT('Ctrl Pts',(191.544543638326,-22.2296785711874,-7.22642816201179));
#1453=CARTESIAN_POINT('Ctrl Pts',(191.187833171187,-22.3822036545218,1.20769462058176));
#1454=CARTESIAN_POINT('Ctrl Pts',(191.952749944149,-22.0018862747275,10.7914764263418));
#1455=CARTESIAN_POINT('Ctrl Pts',(192.638618484989,-21.5675911253095,15.518956004437));
#1456=CARTESIAN_POINT('Ctrl Pts',(193.089510102177,-21.2190649579493,18.2901337746457));
#1457=CARTESIAN_POINT('Ctrl Pts',(193.160873263953,-21.1614685207072,18.736295071677));
#1458=CARTESIAN_POINT('Ctrl Pts',(193.231270026877,-21.1027686602421,19.1871004896507));
#1459=CARTESIAN_POINT('Ctrl Pts',(193.609792921119,-20.167111583741,-18.9619455489053));
#1460=CARTESIAN_POINT('Ctrl Pts',(193.552905939722,-20.2250025350191,-18.5110997970523));
#1461=CARTESIAN_POINT('Ctrl Pts',(193.494314653086,-20.2823802686396,-18.0600352842869));
#1462=CARTESIAN_POINT('Ctrl Pts',(193.357776866018,-20.4111891114407,-17.0369981746877));
#1463=CARTESIAN_POINT('Ctrl Pts',(193.205959537715,-20.5471012447342,-15.8810794662333));
#1464=CARTESIAN_POINT('Ctrl Pts',(192.919544023451,-20.7852158032905,-13.5611274066637));
#1465=CARTESIAN_POINT('Ctrl Pts',(192.205750368092,-21.2991975611417,-7.11724381840691));
#1466=CARTESIAN_POINT('Ctrl Pts',(191.894052441822,-21.4579428818401,1.18735036631749));
#1467=CARTESIAN_POINT('Ctrl Pts',(192.553051845499,-21.0673856809555,10.6383422268871));
#1468=CARTESIAN_POINT('Ctrl Pts',(193.126864691144,-20.6286365322644,15.3065333263415));
#1469=CARTESIAN_POINT('Ctrl Pts',(193.494046468965,-20.2826747454004,18.0581508598361));
#1470=CARTESIAN_POINT('Ctrl Pts',(193.552658442703,-20.2252533320024,18.5094033803998));
#1471=CARTESIAN_POINT('Ctrl Pts',(193.609737723336,-20.1671681365679,18.9618968113937));
#1472=CARTESIAN_POINT('Ctrl Pts',(193.876149358565,-19.8556450283603,-18.8654789416029));
#1473=CARTESIAN_POINT('Ctrl Pts',(193.824805936251,-19.9156839710757,-18.4139193913129));
#1474=CARTESIAN_POINT('Ctrl Pts',(193.771676777076,-19.9753051228651,-17.9621488672573));
#1475=CARTESIAN_POINT('Ctrl Pts',(193.647332729428,-20.1093906346178,-16.9376800070082));
#1476=CARTESIAN_POINT('Ctrl Pts',(193.509064409085,-20.2502973308987,-15.7887489132882));
#1477=CARTESIAN_POINT('Ctrl Pts',(193.245989224264,-20.4984927284265,-13.4790196076749));
#1478=CARTESIAN_POINT('Ctrl Pts',(192.583246768842,-21.0368740483361,-7.07049438443517));
#1479=CARTESIAN_POINT('Ctrl Pts',(192.287889722712,-21.2059298983442,1.17861197341959));
#1480=CARTESIAN_POINT('Ctrl Pts',(192.907489017137,-20.79302044772,10.5728336991135));
#1481=CARTESIAN_POINT('Ctrl Pts',(193.43793636247,-20.3345726131994,15.2156028894895));
#1482=CARTESIAN_POINT('Ctrl Pts',(193.771311217928,-19.9757741281321,17.9588254048331));
#1483=CARTESIAN_POINT('Ctrl Pts',(193.82458463011,-19.9159412110789,18.4122474677459));
#1484=CARTESIAN_POINT('Ctrl Pts',(193.876101666965,-19.8557007962933,18.8654568952431));
#1485=CARTESIAN_POINT('',(193.861574170583,-22.6195210717136,18.5824129927194));
#1486=CARTESIAN_POINT('',(193.876081130257,-19.8557248103512,18.8652762290255));
#1487=CARTESIAN_POINT('Ctrl Pts',(193.861574685596,-22.6195113834205,18.5824427630142));
#1488=CARTESIAN_POINT('Ctrl Pts',(193.77315478184,-22.534338801369,18.5563360124999));
#1489=CARTESIAN_POINT('Ctrl Pts',(193.6939059651,-22.4393218962072,18.5345370587755));
#1490=CARTESIAN_POINT('Ctrl Pts',(193.547030287817,-22.2189010761059,18.4987048737712));
#1491=CARTESIAN_POINT('Ctrl Pts',(193.483180683357,-22.0925560865146,18.4862859011047));
#1492=CARTESIAN_POINT('Ctrl Pts',(193.353770108344,-21.7409919287727,18.4717189320139));
#1493=CARTESIAN_POINT('Ctrl Pts',(193.315241266138,-21.5092764928981,18.4815981474652));
#1494=CARTESIAN_POINT('Ctrl Pts',(193.320308590385,-21.0546015488172,18.5335661391933));
#1495=CARTESIAN_POINT('Ctrl Pts',(193.360016428215,-20.831065579716,18.5741850144548));
#1496=CARTESIAN_POINT('Ctrl Pts',(193.540741067301,-20.3272505643929,18.6974343300027));
#1497=CARTESIAN_POINT('Ctrl Pts',(193.690471829133,-20.0727772219111,18.7796435013822));
#1498=CARTESIAN_POINT('Ctrl Pts',(193.876052927412,-19.8557577907371,18.8654343641031));
#1499=CARTESIAN_POINT('',(193.876128819733,-19.8556690455139,-18.8652983057467));
#1500=CARTESIAN_POINT('Ctrl Pts',(193.876081130257,-19.8557248103512,18.8652762290255));
#1501=CARTESIAN_POINT('Ctrl Pts',(193.824570472229,-19.9159571121605,18.4121269670952));
#1502=CARTESIAN_POINT('Ctrl Pts',(193.771303892673,-19.9757820120211,17.9587651279294));
#1503=CARTESIAN_POINT('Ctrl Pts',(193.43793636247,-20.3345726131994,15.2156028894895));
#1504=CARTESIAN_POINT('Ctrl Pts',(192.907489017137,-20.79302044772,10.5728336991135));
#1505=CARTESIAN_POINT('Ctrl Pts',(192.287889722712,-21.2059298983442,1.17861197341959));
#1506=CARTESIAN_POINT('Ctrl Pts',(192.583246768842,-21.0368740483361,-7.07049438443517));
#1507=CARTESIAN_POINT('Ctrl Pts',(193.245989224264,-20.4984927284265,-13.4790196076749));
#1508=CARTESIAN_POINT('Ctrl Pts',(193.509064409085,-20.2502973308987,-15.7887489132882));
#1509=CARTESIAN_POINT('Ctrl Pts',(193.647332729428,-20.1093906346178,-16.9376800070082));
#1510=CARTESIAN_POINT('Ctrl Pts',(193.771669461476,-19.9753130115903,-17.9620885941285));
#1511=CARTESIAN_POINT('Ctrl Pts',(193.824791767501,-19.9156998710998,-18.4137989111484));
#1512=CARTESIAN_POINT('Ctrl Pts',(193.876128819733,-19.8556690455139,-18.8652983057467));
#1513=CARTESIAN_POINT('',(193.861418039717,-22.619299700884,-18.5824030306204));
#1514=CARTESIAN_POINT('Ctrl Pts',(193.876100622901,-19.8557020197187,-18.8654564123609));
#1515=CARTESIAN_POINT('Ctrl Pts',(193.690489638798,-20.0727619663193,-18.7796521185989));
#1516=CARTESIAN_POINT('Ctrl Pts',(193.540731511739,-20.327288555655,-18.6974270402747));
#1517=CARTESIAN_POINT('Ctrl Pts',(193.360000033814,-20.8311891809012,-18.5741653343831));
#1518=CARTESIAN_POINT('Ctrl Pts',(193.320318606384,-21.0547078963285,-18.5335585541646));
#1519=CARTESIAN_POINT('Ctrl Pts',(193.315273209457,-21.5093351350233,-18.4816048119451));
#1520=CARTESIAN_POINT('Ctrl Pts',(193.353813387646,-21.7410446198473,-18.4717310523211));
#1521=CARTESIAN_POINT('Ctrl Pts',(193.483216109942,-22.0925355976354,-18.4863027953652));
#1522=CARTESIAN_POINT('Ctrl Pts',(193.547035047517,-22.2188218279085,-18.4987154682358));
#1523=CARTESIAN_POINT('Ctrl Pts',(193.69383445536,-22.439157637076,-18.5345258498227));
#1524=CARTESIAN_POINT('Ctrl Pts',(193.773043405866,-22.534146624877,-18.5563117726398));
#1525=CARTESIAN_POINT('Ctrl Pts',(193.861418208084,-22.6192995105656,-18.582403081469));
#1526=CARTESIAN_POINT('',(193.753306173401,-22.7151162103151,-17.9703578174168));
#1527=CARTESIAN_POINT('Origin',(52.345102588965,70.7545575865987,-28.6390273846565));
#1528=CARTESIAN_POINT('',(193.752166722114,-22.7156610941257,17.965299843386));
#1529=CARTESIAN_POINT('Ctrl Pts',(193.753306173392,-22.7151162103223,-17.9703578173685));
#1530=CARTESIAN_POINT('Ctrl Pts',(193.753285355123,-22.7151343752375,-17.9702410171673));
#1531=CARTESIAN_POINT('Ctrl Pts',(193.75326453674,-22.71515254009,-17.9701242169244));
#1532=CARTESIAN_POINT('Ctrl Pts',(193.651434129587,-22.8040027605216,-17.3988139418072));
#1533=CARTESIAN_POINT('Ctrl Pts',(193.442557494301,-22.9722593299079,-16.2134854794293));
#1534=CARTESIAN_POINT('Ctrl Pts',(193.059364116331,-23.2640286228478,-13.8502664245189));
#1535=CARTESIAN_POINT('Ctrl Pts',(192.128939210784,-23.8865611026971,-7.26935648923602));
#1536=CARTESIAN_POINT('Ctrl Pts',(191.748865196197,-24.0741943598004,1.21363880098767));
#1537=CARTESIAN_POINT('Ctrl Pts',(192.573576569367,-23.6069324911333,10.8607715953303));
#1538=CARTESIAN_POINT('Ctrl Pts',(193.332110385493,-23.0743085019392,15.6310225519778));
#1539=CARTESIAN_POINT('Ctrl Pts',(193.75181837926,-22.7159585771805,17.963363867535));
#1540=CARTESIAN_POINT('Ctrl Pts',(193.751992563642,-22.7158098354537,17.9643318917011));
#1541=CARTESIAN_POINT('Ctrl Pts',(193.752166722114,-22.7156610941257,17.965299843386));
#1542=CARTESIAN_POINT('Ctrl Pts',(193.752166722114,-22.7156610941257,17.965299843386));
#1543=CARTESIAN_POINT('Ctrl Pts',(193.789653991311,-22.6836448152376,18.1736495434947));
#1544=CARTESIAN_POINT('Ctrl Pts',(193.825940792797,-22.6516470082138,18.3786410633115));
#1545=CARTESIAN_POINT('Ctrl Pts',(193.861573655569,-22.6195307600067,18.5823832224247));
#1546=CARTESIAN_POINT('Ctrl Pts',(196.000001937151,-3.,-20.));
#1547=CARTESIAN_POINT('Ctrl Pts',(222.794921180264,-103.,-20.));
#1548=CARTESIAN_POINT('Ctrl Pts',(156.000001937151,-3.,-20.));
#1549=CARTESIAN_POINT('Ctrl Pts',(182.794921180264,-103.,-20.));
#1550=CARTESIAN_POINT('Ctrl Pts',(156.000001937151,-3.,20.));
#1551=CARTESIAN_POINT('Ctrl Pts',(182.794921180264,-103.,20.));
#1552=CARTESIAN_POINT('Ctrl Pts',(196.000001937151,-3.,20.));
#1553=CARTESIAN_POINT('Ctrl Pts',(222.794921180264,-103.,20.));
#1554=CARTESIAN_POINT('Ctrl Pts',(236.000001937151,-3.,20.));
#1555=CARTESIAN_POINT('Ctrl Pts',(262.794921180264,-103.,20.));
#1556=CARTESIAN_POINT('Ctrl Pts',(236.000001937151,-3.,-20.));
#1557=CARTESIAN_POINT('Ctrl Pts',(262.794921180264,-103.,-20.));
#1558=CARTESIAN_POINT('Ctrl Pts',(196.000001937151,-3.,-20.));
#1559=CARTESIAN_POINT('Ctrl Pts',(222.794921180264,-103.,-20.));
#1560=CARTESIAN_POINT('',(178.677350176296,-10.1206649235209,-5.49390024755353));
#1561=CARTESIAN_POINT('Ctrl Pts',(193.874879460304,-19.8545266177657,-18.8651374132162));
#1562=CARTESIAN_POINT('Ctrl Pts',(194.227408304242,-19.4458983963637,-19.0277870003132));
#1563=CARTESIAN_POINT('Ctrl Pts',(194.455245007334,-19.0639928437601,-19.1272632037898));
#1564=CARTESIAN_POINT('Ctrl Pts',(194.77572912732,-18.3959850249255,-19.2731169627007));
#1565=CARTESIAN_POINT('Ctrl Pts',(194.896454575567,-18.0336035747963,-19.3311650183656));
#1566=CARTESIAN_POINT('Ctrl Pts',(195.041173218588,-17.1701980336486,-19.4275666606875));
#1567=CARTESIAN_POINT('Ctrl Pts',(195.025318013476,-16.6847803290033,-19.4539678455007));
#1568=CARTESIAN_POINT('Ctrl Pts',(194.830687492281,-15.8149662984915,-19.4630937469996));
#1569=CARTESIAN_POINT('Ctrl Pts',(194.662481259343,-15.3224811826256,-19.4554985710368));
#1570=CARTESIAN_POINT('Ctrl Pts',(193.979793134528,-14.2285585158179,-19.3584898090629));
#1571=CARTESIAN_POINT('Ctrl Pts',(193.505236190682,-13.6987532220089,-19.2737229801607));
#1572=CARTESIAN_POINT('Ctrl Pts',(192.130386271089,-12.54878271564,-18.9497376816065));
#1573=CARTESIAN_POINT('Ctrl Pts',(191.064218584273,-11.9099912138628,-18.6578975698116));
#1574=CARTESIAN_POINT('Ctrl Pts',(188.367788420606,-10.8723444827236,-17.5193486862904));
#1575=CARTESIAN_POINT('Ctrl Pts',(186.846665649827,-10.5140545842376,-16.6970084234144));
#1576=CARTESIAN_POINT('Ctrl Pts',(183.803892260933,-10.0721113155949,-14.3198397810821));
#1577=CARTESIAN_POINT('Ctrl Pts',(182.456186279285,-10.0114649961059,-12.8852149123546));
#1578=CARTESIAN_POINT('Ctrl Pts',(180.149340336588,-10.0081270961564,-9.49858469987013));
#1579=CARTESIAN_POINT('Ctrl Pts',(179.252051865036,-10.0726769564412,-7.55057180668717));
#1580=CARTESIAN_POINT('Ctrl Pts',(178.677350178383,-10.1206649317286,-5.49390024716175));
#1581=CARTESIAN_POINT('',(176.76937385638,-3.,-5.49390058329107));
#1582=CARTESIAN_POINT('',(181.411651142439,-20.325214694393,-5.49390058329107));
#1583=CARTESIAN_POINT('',(196.000001937151,-3.,-20.));
#1584=CARTESIAN_POINT('Origin',(196.000001937151,-3.,-6.8001160930374E-16));
#1585=CARTESIAN_POINT('',(214.75644540805,-73.0000000006884,-20.));
#1586=CARTESIAN_POINT('',(214.756445408133,-73.0000000029975,-20.));
#1587=CARTESIAN_POINT('',(195.525817326559,-73.,-5.49390058329107));
#1588=CARTESIAN_POINT('Origin',(214.75644540733,-73.,3.63073151794268E-15));
#1589=CARTESIAN_POINT('',(193.876959847115,-66.8463801122752,-5.4939005832915));
#1590=CARTESIAN_POINT('',(195.525817326559,-73.,-5.49390058329107));
#1591=CARTESIAN_POINT('',(193.344742200968,-52.7555689126293,-12.0170154752065));
#1592=CARTESIAN_POINT('Ctrl Pts',(193.876959847115,-66.8463801122735,-5.49390058329096));
#1593=CARTESIAN_POINT('Ctrl Pts',(194.153345091948,-66.4695494932056,-6.8147847776083));
#1594=CARTESIAN_POINT('Ctrl Pts',(194.440667476366,-66.0449250849269,-7.7515299014888));
#1595=CARTESIAN_POINT('Ctrl Pts',(194.971530339492,-65.1966013353656,-9.38141713525264));
#1596=CARTESIAN_POINT('Ctrl Pts',(195.311795378829,-64.6024660575764,-10.258123350822));
#1597=CARTESIAN_POINT('Ctrl Pts',(196.034118786062,-63.0388920630153,-11.9819374213051));
#1598=CARTESIAN_POINT('Ctrl Pts',(196.401604762961,-62.035845300503,-12.7660440976143));
#1599=CARTESIAN_POINT('Ctrl Pts',(196.798379843366,-60.0431962094669,-13.8016818541586));
#1600=CARTESIAN_POINT('Ctrl Pts',(196.909096752681,-59.0600776319667,-14.1748536279443));
#1601=CARTESIAN_POINT('Ctrl Pts',(196.805587009801,-57.4424684053023,-14.4941900475382));
#1602=CARTESIAN_POINT('Ctrl Pts',(196.695348111827,-56.810489684507,-14.5492347775799));
#1603=CARTESIAN_POINT('Ctrl Pts',(196.305503281922,-55.6952504063095,-14.4628028449436));
#1604=CARTESIAN_POINT('Ctrl Pts',(196.065317425432,-55.2406529103854,-14.3512063208433));
#1605=CARTESIAN_POINT('Ctrl Pts',(195.450282868624,-54.3910558545278,-13.9648655670112));
#1606=CARTESIAN_POINT('Ctrl Pts',(195.092990738664,-54.0267906897181,-13.6970819434512));
#1607=CARTESIAN_POINT('Ctrl Pts',(194.270880350867,-53.325252994479,-12.9931752279634));
#1608=CARTESIAN_POINT('Ctrl Pts',(193.794737520603,-53.0128027457508,-12.5239838741252));
#1609=CARTESIAN_POINT('Ctrl Pts',(193.344742200968,-52.7555689126294,-12.0170154752062));
#1610=CARTESIAN_POINT('',(192.702361516526,-50.3958481201445,-12.0035729649854));
#1611=CARTESIAN_POINT('Ctrl Pts',(193.344742200968,-52.7555689126294,-12.0170154752062));
#1612=CARTESIAN_POINT('Ctrl Pts',(193.25219302925,-52.702664410839,-11.9127488231765));
#1613=CARTESIAN_POINT('Ctrl Pts',(193.160050294083,-52.6405665417766,-11.8101132558233));
#1614=CARTESIAN_POINT('Ctrl Pts',(192.995080947745,-52.5059426970391,-11.6317482383444));
#1615=CARTESIAN_POINT('Ctrl Pts',(192.919472278475,-52.4344361453416,-11.5522508797146));
#1616=CARTESIAN_POINT('Ctrl Pts',(192.767443400474,-52.2607802945739,-11.4017883441778));
#1617=CARTESIAN_POINT('Ctrl Pts',(192.690211117035,-52.1532048066042,-11.3314265895826));
#1618=CARTESIAN_POINT('Ctrl Pts',(192.574719329546,-51.9351579426878,-11.2479214881172));
#1619=CARTESIAN_POINT('Ctrl Pts',(192.532533510218,-51.8325016486248,-11.2262222204863));
#1620=CARTESIAN_POINT('Ctrl Pts',(192.472509140622,-51.6194157606581,-11.2219036277974));
#1621=CARTESIAN_POINT('Ctrl Pts',(192.455321949104,-51.5164693997892,-11.237287860646));
#1622=CARTESIAN_POINT('Ctrl Pts',(192.440578056954,-51.2909669148925,-11.3042733630653));
#1623=CARTESIAN_POINT('Ctrl Pts',(192.447568066563,-51.17386693924,-11.3602620107287));
#1624=CARTESIAN_POINT('Ctrl Pts',(192.498480618447,-50.8358560450616,-11.5635295449938));
#1625=CARTESIAN_POINT('Ctrl Pts',(192.580110404121,-50.6085764607172,-11.7646821379858));
#1626=CARTESIAN_POINT('Ctrl Pts',(192.702361517976,-50.395848126354,-12.0035729697731));
#1627=CARTESIAN_POINT('',(193.127781218522,-39.5128787602885,-15.4864227869922));
#1628=CARTESIAN_POINT('Ctrl Pts',(192.702361511207,-50.3958481163475,-12.0035729643261));
#1629=CARTESIAN_POINT('Ctrl Pts',(193.032857572797,-49.8207562596752,-12.6493943803715));
#1630=CARTESIAN_POINT('Ctrl Pts',(193.358003301292,-49.1774407756181,-13.2299373717502));
#1631=CARTESIAN_POINT('Ctrl Pts',(193.91175384168,-47.7962200004286,-14.2074550775842));
#1632=CARTESIAN_POINT('Ctrl Pts',(194.14129777746,-47.0785210893235,-14.6080041803442));
#1633=CARTESIAN_POINT('Ctrl Pts',(194.511831460139,-45.360685770791,-15.3474424533171));
#1634=CARTESIAN_POINT('Ctrl Pts',(194.630508872453,-44.2939466529523,-15.6672894559979));
#1635=CARTESIAN_POINT('Ctrl Pts',(194.522675173897,-42.5542552955334,-15.9438772563215));
#1636=CARTESIAN_POINT('Ctrl Pts',(194.392444383854,-41.8449164068655,-15.9882610684496));
#1637=CARTESIAN_POINT('Ctrl Pts',(194.016985768697,-40.8655908467529,-15.9024441877236));
#1638=CARTESIAN_POINT('Ctrl Pts',(193.870859746763,-40.567387635969,-15.8521409411226));
#1639=CARTESIAN_POINT('Ctrl Pts',(193.525756122511,-40.0052447197683,-15.7005864485448));
#1640=CARTESIAN_POINT('Ctrl Pts',(193.33385915418,-39.7491235654224,-15.6031350391941));
#1641=CARTESIAN_POINT('Ctrl Pts',(193.127758074323,-39.5128939443943,-15.4864329281371));
#1642=CARTESIAN_POINT('',(193.101656977613,-37.3104670437013,-15.9307314958825));
#1643=CARTESIAN_POINT('Ctrl Pts',(193.127778753458,-39.5128643556915,-15.486456306676));
#1644=CARTESIAN_POINT('Ctrl Pts',(193.03091478193,-39.4018259856482,-15.4316116988174));
#1645=CARTESIAN_POINT('Ctrl Pts',(192.946021307838,-39.2760262021925,-15.3890729621853));
#1646=CARTESIAN_POINT('Ctrl Pts',(192.807807950626,-38.9894378575801,-15.3378853423902));
#1647=CARTESIAN_POINT('Ctrl Pts',(192.759078384899,-38.8328020390785,-15.3321924587633));
#1648=CARTESIAN_POINT('Ctrl Pts',(192.711529192513,-38.5129652411053,-15.3640657614331));
#1649=CARTESIAN_POINT('Ctrl Pts',(192.712459255374,-38.3587325800949,-15.3993636291373));
#1650=CARTESIAN_POINT('Ctrl Pts',(192.755559287634,-38.0401270989402,-15.5049836262847));
#1651=CARTESIAN_POINT('Ctrl Pts',(192.802277260703,-37.879881707115,-15.5778968306244));
#1652=CARTESIAN_POINT('Ctrl Pts',(192.928094625479,-37.5802502330828,-15.7416664137619));
#1653=CARTESIAN_POINT('Ctrl Pts',(193.009237152808,-37.4389367989096,-15.8344526784788));
#1654=CARTESIAN_POINT('Ctrl Pts',(193.10155266367,-37.3106120349673,-15.9306228297834));
#1655=CARTESIAN_POINT('Ctrl Pts',(193.102196946263,-37.3113320665806,-15.9309654120973));
#1656=CARTESIAN_POINT('Ctrl Pts',(193.674820963354,-36.5149181951973,-16.5275513342294));
#1657=CARTESIAN_POINT('Ctrl Pts',(194.221346198097,-35.6409484974126,-17.0274745469073));
#1658=CARTESIAN_POINT('Ctrl Pts',(195.147291698669,-33.7767220151182,-17.8279060033468));
#1659=CARTESIAN_POINT('Ctrl Pts',(195.529454357137,-32.8038663832759,-18.1339080896889));
#1660=CARTESIAN_POINT('Ctrl Pts',(196.141691533584,-30.4577776315472,-18.6684580241545));
#1661=CARTESIAN_POINT('Ctrl Pts',(196.260376273098,-29.1845906401375,-18.826238649625));
#1662=CARTESIAN_POINT('Ctrl Pts',(196.18247156153,-27.064546142798,-18.9949707843734));
#1663=CARTESIAN_POINT('Ctrl Pts',(195.981980885038,-26.0270271969884,-19.0193315306255));
#1664=CARTESIAN_POINT('Ctrl Pts',(195.306045556689,-24.4537722133799,-18.9342278321565));
#1665=CARTESIAN_POINT('Ctrl Pts',(195.025952632964,-24.018111220177,-18.8780018607612));
#1666=CARTESIAN_POINT('Ctrl Pts',(194.545144284893,-23.3370349260741,-18.7714916296649));
#1667=CARTESIAN_POINT('Ctrl Pts',(194.216921348216,-22.9620194024004,-18.6873410284694));
#1668=CARTESIAN_POINT('Ctrl Pts',(193.861417852212,-22.6192999371082,-18.5824028943496));
#1669=CARTESIAN_POINT('Ctrl Pts',(189.582462042741,-22.4403030871402,19.6826806756577));
#1670=CARTESIAN_POINT('Ctrl Pts',(189.582462042741,-22.4403030871401,-37.0035227101663));
#1671=CARTESIAN_POINT('Ctrl Pts',(191.787475019787,-21.7433532694614,19.6826806756577));
#1672=CARTESIAN_POINT('Ctrl Pts',(191.787475019787,-21.7433532694613,-37.0035227101663));
#1673=CARTESIAN_POINT('Ctrl Pts',(193.413287998608,-20.6125601617409,19.6826806756577));
#1674=CARTESIAN_POINT('Ctrl Pts',(193.413287998608,-20.6125601617408,-37.0035227101663));
#1675=CARTESIAN_POINT('Ctrl Pts',(194.258052951764,-19.3538403896438,19.6826806756577));
#1676=CARTESIAN_POINT('Ctrl Pts',(194.258052951764,-19.3538403896437,-37.0035227101663));
#1677=CARTESIAN_POINT('Ctrl Pts',(195.139738289907,-18.0401083701713,19.6826806756577));
#1678=CARTESIAN_POINT('Ctrl Pts',(195.139738289907,-18.0401083701712,-37.0035227101663));
#1679=CARTESIAN_POINT('Ctrl Pts',(195.250964067759,-16.6289540884434,19.6826806756578));
#1680=CARTESIAN_POINT('Ctrl Pts',(195.250964067759,-16.6289540884433,-37.0035227101662));
#1681=CARTESIAN_POINT('Ctrl Pts',(194.573392351023,-15.2304287618721,19.6826806756578));
#1682=CARTESIAN_POINT('Ctrl Pts',(194.573392351023,-15.230428761872,-37.0035227101662));
#1683=CARTESIAN_POINT('Ctrl Pts',(193.947012154596,-13.937564040502,19.6826806756578));
#1684=CARTESIAN_POINT('Ctrl Pts',(193.947012154596,-13.9375640405019,-37.0035227101662));
#1685=CARTESIAN_POINT('Ctrl Pts',(192.56402486598,-12.6627073430677,19.6826806756578));
#1686=CARTESIAN_POINT('Ctrl Pts',(192.56402486598,-12.6627073430676,-37.0035227101662));
#1687=CARTESIAN_POINT('Ctrl Pts',(190.520636895959,-11.7282612295081,19.6826806756578));
#1688=CARTESIAN_POINT('Ctrl Pts',(190.520636895959,-11.728261229508,-37.0035227101662));
#1689=CARTESIAN_POINT('Ctrl Pts',(188.020225326928,-10.5848171517023,19.6826806756578));
#1690=CARTESIAN_POINT('Ctrl Pts',(188.020225326928,-10.5848171517022,-37.0035227101662));
#1691=CARTESIAN_POINT('Ctrl Pts',(184.565339972269,-9.97957016928688,19.6826806756578));
#1692=CARTESIAN_POINT('Ctrl Pts',(184.565339972269,-9.97957016928676,-37.0035227101662));
#1693=CARTESIAN_POINT('Ctrl Pts',(181.043186797489,-10.010993611461,19.6826806756578));
#1694=CARTESIAN_POINT('Ctrl Pts',(181.043186797489,-10.0109936114609,-37.0035227101662));
#1695=CARTESIAN_POINT('Ctrl Pts',(179.945749161853,-10.0207845735152,19.6826806756578));
#1696=CARTESIAN_POINT('Ctrl Pts',(179.945749161853,-10.0207845735151,-37.0035227101662));
#1697=CARTESIAN_POINT('Ctrl Pts',(178.843823974604,-10.0887586426698,19.6826806756578));
#1698=CARTESIAN_POINT('Ctrl Pts',(178.843823974604,-10.0887586426697,-37.0035227101662));
#1699=CARTESIAN_POINT('Ctrl Pts',(177.767153176197,-10.2097685149076,19.6826806756578));
#1700=CARTESIAN_POINT('Ctrl Pts',(177.767153176197,-10.2097685149075,-37.0035227101662));
#1701=CARTESIAN_POINT('Ctrl Pts',(178.67735008505,-10.1206649395219,-5.49389991315247));
#1702=CARTESIAN_POINT('Ctrl Pts',(178.260661016079,-10.1554587567519,-4.00270433424172));
#1703=CARTESIAN_POINT('Ctrl Pts',(178.016851317895,-10.1826269254947,-2.46631846895503));
#1704=CARTESIAN_POINT('Ctrl Pts',(177.878109293452,-10.1974180808282,0.637345642286013));
#1705=CARTESIAN_POINT('Ctrl Pts',(177.985332498856,-10.1847356635956,2.19827377356391));
#1706=CARTESIAN_POINT('Ctrl Pts',(178.454178362916,-10.139539121805,4.73235349947097));
#1707=CARTESIAN_POINT('Ctrl Pts',(178.714928633378,-10.1157892702992,5.72025051954675));
#1708=CARTESIAN_POINT('Ctrl Pts',(179.862376063391,-10.0333944082898,9.01884651021532));
#1709=CARTESIAN_POINT('Ctrl Pts',(181.1005132824,-9.96538466180233,11.1766963428248));
#1710=CARTESIAN_POINT('Ctrl Pts',(184.21950313293,-10.1170964914297,14.7583133566031));
#1711=CARTESIAN_POINT('Ctrl Pts',(185.899025861369,-10.3153589652885,16.0593027985225));
#1712=CARTESIAN_POINT('Ctrl Pts',(189.052930681921,-11.0915275219393,17.876056216054));
#1713=CARTESIAN_POINT('Ctrl Pts',(190.538117555232,-11.6206988403712,18.4648563189019));
#1714=CARTESIAN_POINT('Ctrl Pts',(192.661869461844,-12.9452602114674,19.091203904587));
#1715=CARTESIAN_POINT('Ctrl Pts',(193.347115232222,-13.5247483951754,19.2400415833081));
#1716=CARTESIAN_POINT('Ctrl Pts',(194.227586785262,-14.5844214423084,19.3980436769919));
#1717=CARTESIAN_POINT('Ctrl Pts',(194.523506822088,-15.0583272823387,19.4381994795989));
#1718=CARTESIAN_POINT('Ctrl Pts',(194.911565450148,-16.0567505286133,19.4669722347209));
#1719=CARTESIAN_POINT('Ctrl Pts',(195.012949632114,-16.547537334405,19.4602704829056));
#1720=CARTESIAN_POINT('Ctrl Pts',(195.009920748438,-17.5075499432738,19.39658462351));
#1721=CARTESIAN_POINT('Ctrl Pts',(194.924212612812,-17.9489686475474,19.3457623258257));
#1722=CARTESIAN_POINT('Ctrl Pts',(194.616312600244,-18.7785348906571,19.1985271641297));
#1723=CARTESIAN_POINT('Ctrl Pts',(194.351914626879,-19.3015932411888,19.0852326499842));
#1724=CARTESIAN_POINT('Ctrl Pts',(193.874831550228,-19.8545821512494,18.8651153084391));
#1725=CARTESIAN_POINT('Ctrl Pts',(194.044254157039,-22.5682269988294,-19.2970552570735));
#1726=CARTESIAN_POINT('Ctrl Pts',(193.930905626959,-22.5985986459278,-18.8577618296972));
#1727=CARTESIAN_POINT('Ctrl Pts',(193.817557096878,-22.6289702930264,-18.4184684023208));
#1728=CARTESIAN_POINT('Ctrl Pts',(193.704208566797,-22.6593419401248,-17.9791749749445));
#1729=CARTESIAN_POINT('Ctrl Pts',(191.997048721646,-23.116774041984,-11.3629083244716));
#1730=CARTESIAN_POINT('Ctrl Pts',(190.64028378513,-23.480318111042,0.911811035657157));
#1731=CARTESIAN_POINT('Ctrl Pts',(192.422905107258,-23.0026661673674,13.0118780873708));
#1732=CARTESIAN_POINT('Ctrl Pts',(193.702919029594,-22.6596874705768,17.9741765017183));
#1733=CARTESIAN_POINT('Ctrl Pts',(193.814828491405,-22.6297014206594,18.4080218960537));
#1734=CARTESIAN_POINT('Ctrl Pts',(193.926737953215,-22.599715370742,18.8418672903891));
#1735=CARTESIAN_POINT('Ctrl Pts',(194.038647415024,-22.5697293208245,19.2757126847244));
#1736=CARTESIAN_POINT('Ctrl Pts',(194.528773385778,-23.1160668430713,-19.2046447923055));
#1737=CARTESIAN_POINT('Ctrl Pts',(194.415847836514,-23.1463251528016,-18.7669906688749));
#1738=CARTESIAN_POINT('Ctrl Pts',(194.302922287248,-23.1765834625318,-18.3293365454444));
#1739=CARTESIAN_POINT('Ctrl Pts',(194.189996737985,-23.2068417722621,-17.8916824220138));
#1740=CARTESIAN_POINT('Ctrl Pts',(192.491105732862,-23.6620582451132,-11.3074624780484));
#1741=CARTESIAN_POINT('Ctrl Pts',(191.140938812609,-24.0238343810424,0.907293045792469));
#1742=CARTESIAN_POINT('Ctrl Pts',(192.914899459634,-23.5485030582673,12.9484453652691));
#1743=CARTESIAN_POINT('Ctrl Pts',(194.188713476093,-23.2071856212497,17.8867082729953));
#1744=CARTESIAN_POINT('Ctrl Pts',(194.300205327233,-23.1773114697739,18.3189346937187));
#1745=CARTESIAN_POINT('Ctrl Pts',(194.411697178374,-23.1474373182982,18.7511611144421));
#1746=CARTESIAN_POINT('Ctrl Pts',(194.523189029514,-23.1175631668224,19.1833875351657));
#1747=CARTESIAN_POINT('Ctrl Pts',(194.951509032526,-23.7205133745413,-19.1334837231529));
#1748=CARTESIAN_POINT('Ctrl Pts',(194.838894548986,-23.7506883344618,-18.6970351656727));
#1749=CARTESIAN_POINT('Ctrl Pts',(194.726280065447,-23.7808632943823,-18.2605866081925));
#1750=CARTESIAN_POINT('Ctrl Pts',(194.613665581906,-23.8110382543028,-17.8241380507124));
#1751=CARTESIAN_POINT('Ctrl Pts',(192.921261104222,-24.2645166673653,-11.2650572847135));
#1752=CARTESIAN_POINT('Ctrl Pts',(191.576199673966,-24.6249247913725,0.90401986479498));
#1753=CARTESIAN_POINT('Ctrl Pts',(193.343436691171,-24.1513950597782,12.8997745297458));
#1754=CARTESIAN_POINT('Ctrl Pts',(194.612387164562,-23.8113808051977,17.8191826800154));
#1755=CARTESIAN_POINT('Ctrl Pts',(194.723571899256,-23.7815889453259,18.2502184859869));
#1756=CARTESIAN_POINT('Ctrl Pts',(194.83475663395,-23.7517970854541,18.6812542919582));
#1757=CARTESIAN_POINT('Ctrl Pts',(194.945941368643,-23.7220052255823,19.1122900979295));
#1758=CARTESIAN_POINT('Ctrl Pts',(196.219741187692,-26.2324668792379,-18.9710433206328));
#1759=CARTESIAN_POINT('Ctrl Pts',(196.107839220783,-26.2624509209025,-18.5373561917554));
#1760=CARTESIAN_POINT('Ctrl Pts',(195.995937253875,-26.292434962567,-18.103669062878));
#1761=CARTESIAN_POINT('Ctrl Pts',(195.884035286966,-26.3224190042316,-17.6699819340006));
#1762=CARTESIAN_POINT('Ctrl Pts',(194.206149759636,-26.7720070762715,-11.1671707946023));
#1763=CARTESIAN_POINT('Ctrl Pts',(192.872707840714,-27.1293017616005,0.895954785919009));
#1764=CARTESIAN_POINT('Ctrl Pts',(194.62470363832,-26.6598559024893,12.787864327728));
#1765=CARTESIAN_POINT('Ctrl Pts',(195.882767926306,-26.322758592497,17.6650694209556));
#1766=CARTESIAN_POINT('Ctrl Pts',(195.99324919045,-26.2931552269909,18.0933780450334));
#1767=CARTESIAN_POINT('Ctrl Pts',(196.103730454594,-26.2635518614847,18.5216866691112));
#1768=CARTESIAN_POINT('Ctrl Pts',(196.214211718738,-26.2339484959786,18.949995293189));
#1769=CARTESIAN_POINT('Ctrl Pts',(196.386139286766,-28.2254584207277,-19.0712028504009));
#1770=CARTESIAN_POINT('Ctrl Pts',(196.273811524467,-28.2555565539235,-18.6358655094159));
#1771=CARTESIAN_POINT('Ctrl Pts',(196.161483762167,-28.2856546871192,-18.2005281684309));
#1772=CARTESIAN_POINT('Ctrl Pts',(196.049155999868,-28.315752820315,-17.7651908274458));
#1773=CARTESIAN_POINT('Ctrl Pts',(194.362307889279,-28.7677424093013,-11.227644311107));
#1774=CARTESIAN_POINT('Ctrl Pts',(193.021690121747,-29.1269598574703,0.900945303832539));
#1775=CARTESIAN_POINT('Ctrl Pts',(194.783097453817,-28.6549921852997,12.8569947022662));
#1776=CARTESIAN_POINT('Ctrl Pts',(196.047881810451,-28.3160942383402,17.7602518449379));
#1777=CARTESIAN_POINT('Ctrl Pts',(196.158783464105,-28.2863782298043,18.1901902155085));
#1778=CARTESIAN_POINT('Ctrl Pts',(196.269685117759,-28.2566622212684,18.6201285860791));
#1779=CARTESIAN_POINT('Ctrl Pts',(196.380586771414,-28.2269462127325,19.0500669566497));
#1780=CARTESIAN_POINT('Ctrl Pts',(196.10747122599,-32.5112137733388,-19.4641238268628));
#1781=CARTESIAN_POINT('Ctrl Pts',(195.993159642637,-32.5418434697835,-19.0210979913834));
#1782=CARTESIAN_POINT('Ctrl Pts',(195.878848059285,-32.5724731662282,-18.578072155904));
#1783=CARTESIAN_POINT('Ctrl Pts',(195.764536475934,-32.603102862673,-18.1350463204246));
#1784=CARTESIAN_POINT('Ctrl Pts',(194.042566806998,-33.0645032448549,-11.4613827346412));
#1785=CARTESIAN_POINT('Ctrl Pts',(192.674038238091,-33.4311993697126,0.919696181499832));
#1786=CARTESIAN_POINT('Ctrl Pts',(194.472117556861,-32.949405468321,13.1246575429954));
#1787=CARTESIAN_POINT('Ctrl Pts',(195.763235759025,-32.6034513887181,18.130004512688));
#1788=CARTESIAN_POINT('Ctrl Pts',(195.87609604722,-32.5732105656384,18.5675360265151));
#1789=CARTESIAN_POINT('Ctrl Pts',(195.988956335417,-32.5429697425587,19.0050675403423));
#1790=CARTESIAN_POINT('Ctrl Pts',(196.101816623614,-32.5127289194789,19.4425990541695));
#1791=CARTESIAN_POINT('Ctrl Pts',(195.347899530473,-34.8566692172478,-19.8461348439763));
#1792=CARTESIAN_POINT('Ctrl Pts',(195.231672160985,-34.8878122470402,-19.3956841900476));
#1793=CARTESIAN_POINT('Ctrl Pts',(195.115444791499,-34.9189552768327,-18.9452335361189));
#1794=CARTESIAN_POINT('Ctrl Pts',(194.999217422012,-34.9500983066251,-18.4947828821902));
#1795=CARTESIAN_POINT('Ctrl Pts',(193.24303761481,-35.4206652677285,-11.6885345255294));
#1796=CARTESIAN_POINT('Ctrl Pts',(191.847356184665,-35.7946369798271,0.937830885497772));
#1797=CARTESIAN_POINT('Ctrl Pts',(193.681122230705,-35.3032808486827,13.3848535421955));
#1798=CARTESIAN_POINT('Ctrl Pts',(194.99789090338,-34.9504537462211,18.4896410624355));
#1799=CARTESIAN_POINT('Ctrl Pts',(195.11264265497,-34.9197061070526,18.9345053135341));
#1800=CARTESIAN_POINT('Ctrl Pts',(195.227394406559,-34.8889584678842,19.3793695646327));
#1801=CARTESIAN_POINT('Ctrl Pts',(195.342146158148,-34.8582108287157,19.8242338157312));
#1802=CARTESIAN_POINT('Ctrl Pts',(194.165736236652,-37.0340813695213,-20.3334130896243));
#1803=CARTESIAN_POINT('Ctrl Pts',(194.046963184352,-37.0659065129676,-19.8730963904366));
#1804=CARTESIAN_POINT('Ctrl Pts',(193.928190132053,-37.0977316564139,-19.412779691249));
#1805=CARTESIAN_POINT('Ctrl Pts',(193.809417079752,-37.1295567998601,-18.9524629920615));
#1806=CARTESIAN_POINT('Ctrl Pts',(192.00984168934,-37.6117515724402,-11.9780307650982));
#1807=CARTESIAN_POINT('Ctrl Pts',(190.579629405168,-37.9949757989892,0.961171528129168));
#1808=CARTESIAN_POINT('Ctrl Pts',(192.458751422873,-37.4914665718654,13.7162660056078));
#1809=CARTESIAN_POINT('Ctrl Pts',(193.808057734502,-37.1299210353222,18.9471939305519));
#1810=CARTESIAN_POINT('Ctrl Pts',(193.92532284902,-37.0984999425868,19.4018018701036));
#1811=CARTESIAN_POINT('Ctrl Pts',(194.042587963538,-37.0670788498513,19.8564098096554));
#1812=CARTESIAN_POINT('Ctrl Pts',(194.159853078056,-37.0356577571159,20.3110177492071));
#1813=CARTESIAN_POINT('',(193.101656977613,-37.3104670437013,15.9307314958825));
#1814=CARTESIAN_POINT('Origin',(244.689735881551,-23.4874829623186,1.04592798866321E-7));
#1815=CARTESIAN_POINT('Ctrl Pts',(193.861572732004,-22.619513732912,18.5824417349746));
#1816=CARTESIAN_POINT('Ctrl Pts',(194.315801151679,-23.0574585547474,18.7165142148622));
#1817=CARTESIAN_POINT('Ctrl Pts',(194.724569524307,-23.5472940548663,18.8164510587087));
#1818=CARTESIAN_POINT('Ctrl Pts',(195.427070602654,-24.6771195001652,18.9559261252406));
#1819=CARTESIAN_POINT('Ctrl Pts',(195.703061549939,-25.315580020477,18.9896598482859));
#1820=CARTESIAN_POINT('Ctrl Pts',(196.225531465009,-27.1450266617815,19.000303873973));
#1821=CARTESIAN_POINT('Ctrl Pts',(196.28638775877,-28.3622117913508,18.9165096639852));
#1822=CARTESIAN_POINT('Ctrl Pts',(196.104434878939,-30.4363936679812,18.6437490871133));
#1823=CARTESIAN_POINT('Ctrl Pts',(195.894447222914,-31.8038333175201,18.4444697922625));
#1824=CARTESIAN_POINT('Ctrl Pts',(194.688588644991,-34.8718229465399,17.4387766452083));
#1825=CARTESIAN_POINT('Ctrl Pts',(193.924441108898,-36.167248790973,16.7877404407485));
#1826=CARTESIAN_POINT('Ctrl Pts',(193.101837218112,-37.3107558619768,15.9308095623969));
#1827=CARTESIAN_POINT('Ctrl Pts',(193.344742200968,-52.7555689126293,12.0170154752065));
#1828=CARTESIAN_POINT('Ctrl Pts',(192.122390224377,-53.0830971376234,4.07241987408559));
#1829=CARTESIAN_POINT('Ctrl Pts',(192.122390246822,-53.0830971316094,-4.07242001996349));
#1830=CARTESIAN_POINT('Ctrl Pts',(193.344742200968,-52.7555689126293,-12.0170154752065));
#1831=CARTESIAN_POINT('Ctrl Pts',(192.948868987772,-52.4520175233226,12.065409978363));
#1832=CARTESIAN_POINT('Ctrl Pts',(191.721543346231,-52.7808784378235,4.08848837177005));
#1833=CARTESIAN_POINT('Ctrl Pts',(191.721543368767,-52.780878431785,-4.08848851824152));
#1834=CARTESIAN_POINT('Ctrl Pts',(192.948868987772,-52.4520175233225,-12.065409978363));
#1835=CARTESIAN_POINT('Ctrl Pts',(192.465528831197,-51.6486924102146,12.1066581631441));
#1836=CARTESIAN_POINT('Ctrl Pts',(191.234070679843,-51.9786606273826,4.10287758310448));
#1837=CARTESIAN_POINT('Ctrl Pts',(191.234070702455,-51.9786606213238,-4.10287773006913));
#1838=CARTESIAN_POINT('Ctrl Pts',(192.465528831197,-51.6486924102146,-12.1066581631441));
#1839=CARTESIAN_POINT('Ctrl Pts',(192.563424802373,-50.7417577067136,12.0542061481627));
#1840=CARTESIAN_POINT('Ctrl Pts',(191.337285357756,-51.0703007807067,4.08499414980437));
#1841=CARTESIAN_POINT('Ctrl Pts',(191.33728538027,-51.0703007746741,-4.08499429613426));
#1842=CARTESIAN_POINT('Ctrl Pts',(192.563424802373,-50.7417577067136,-12.0542061481627));
#1843=CARTESIAN_POINT('Ctrl Pts',(192.704610294256,-50.3952455591627,12.0181979121168));
#1844=CARTESIAN_POINT('Ctrl Pts',(191.482138042036,-50.7228060119145,4.07282058752256));
#1845=CARTESIAN_POINT('Ctrl Pts',(191.482138064483,-50.7228060058999,-4.0728207334148));
#1846=CARTESIAN_POINT('Ctrl Pts',(192.704610294256,-50.3952455591627,-12.0181979121167));
#1847=CARTESIAN_POINT('',(193.344742200968,-52.7555689126293,12.0170154752065));
#1848=CARTESIAN_POINT('Origin',(247.817161050985,-38.1597282719963,-3.07840752888922E-8));
#1849=CARTESIAN_POINT('',(192.702361516526,-50.3958481201446,12.0035729649855));
#1850=CARTESIAN_POINT('Ctrl Pts',(193.344742200968,-52.7555689126295,12.0170154752061));
#1851=CARTESIAN_POINT('Ctrl Pts',(193.204152048231,-52.6752024236694,11.8586254619623));
#1852=CARTESIAN_POINT('Ctrl Pts',(193.062693630042,-52.5725160646792,11.701755571199));
#1853=CARTESIAN_POINT('Ctrl Pts',(192.825983174303,-52.3369623365441,11.4569360336693));
#1854=CARTESIAN_POINT('Ctrl Pts',(192.721365574106,-52.206196852359,11.3561652662705));
#1855=CARTESIAN_POINT('Ctrl Pts',(192.584442594389,-51.9564856677502,11.2538240457308));
#1856=CARTESIAN_POINT('Ctrl Pts',(192.540520662032,-51.8540784934234,11.229474750605));
#1857=CARTESIAN_POINT('Ctrl Pts',(192.4693621395,-51.6149281070518,11.2190362170877));
#1858=CARTESIAN_POINT('Ctrl Pts',(192.454578443032,-51.5029663847523,11.2415008682658));
#1859=CARTESIAN_POINT('Ctrl Pts',(192.440564253485,-51.2936585232034,11.3031987989844));
#1860=CARTESIAN_POINT('Ctrl Pts',(192.447331607643,-51.176800151624,11.358777161699));
#1861=CARTESIAN_POINT('Ctrl Pts',(192.497745699112,-50.8378978729797,11.5617208567811));
#1862=CARTESIAN_POINT('Ctrl Pts',(192.579564404083,-50.6095265516816,11.763615199623));
#1863=CARTESIAN_POINT('Ctrl Pts',(192.702361517976,-50.3958481263539,12.0035729697731));
#1864=CARTESIAN_POINT('Origin',(247.182037031209,-35.7980630592688,-3.09542524945527E-8));
#1865=CARTESIAN_POINT('Ctrl Pts',(196.373906792716,-50.6999870778287,-28.6244799668121));
#1866=CARTESIAN_POINT('Ctrl Pts',(185.379292659517,-53.6459850559111,-8.94241576044545E-14));
#1867=CARTESIAN_POINT('Ctrl Pts',(196.373906792716,-50.6999870778287,28.6244799668119));
#1868=CARTESIAN_POINT('Ctrl Pts',(196.37663896305,-50.7016844906779,-28.6236052405716));
#1869=CARTESIAN_POINT('Ctrl Pts',(185.382360810714,-53.6475924429594,-8.49832867955295E-14));
#1870=CARTESIAN_POINT('Ctrl Pts',(196.37663896305,-50.7016844906779,28.6236052405714));
#1871=CARTESIAN_POINT('Ctrl Pts',(196.379371133384,-50.7033819035271,-28.6227305143311));
#1872=CARTESIAN_POINT('Ctrl Pts',(185.385428961912,-53.6491998300077,-8.94242001836058E-14));
#1873=CARTESIAN_POINT('Ctrl Pts',(196.379371133384,-50.7033819035271,28.6227305143309));
#1874=CARTESIAN_POINT('Ctrl Pts',(196.382103303718,-50.7050793163763,-28.6218557880906));
#1875=CARTESIAN_POINT('Ctrl Pts',(185.388497113109,-53.6508072170559,-8.94242214731814E-14));
#1876=CARTESIAN_POINT('Ctrl Pts',(196.382103303718,-50.7050793163764,28.6218557880904));
#1877=CARTESIAN_POINT('Ctrl Pts',(198.003942971154,-51.7126780947265,-28.1026108137586));
#1878=CARTESIAN_POINT('Ctrl Pts',(187.209777893187,-54.6049659103361,-8.94368591472836E-14));
#1879=CARTESIAN_POINT('Ctrl Pts',(198.003942971154,-51.7126780947265,28.1026108137584));
#1880=CARTESIAN_POINT('Ctrl Pts',(200.34629388738,-54.0457561695154,-27.4430354705801));
#1881=CARTESIAN_POINT('Ctrl Pts',(189.805470578361,-56.8701612627262,-8.50139782849326E-14));
#1882=CARTESIAN_POINT('Ctrl Pts',(200.34629388738,-54.0457561695154,27.4430354705799));
#1883=CARTESIAN_POINT('Ctrl Pts',(201.010788397658,-59.7855216854925,-27.7785342073866));
#1884=CARTESIAN_POINT('Ctrl Pts',(190.341100593716,-62.644455916051,-9.83403712602828E-14));
#1885=CARTESIAN_POINT('Ctrl Pts',(201.010788397657,-59.7855216854925,27.7785342073864));
#1886=CARTESIAN_POINT('Ctrl Pts',(200.06627961419,-63.4033793217236,-28.5136641005887));
#1887=CARTESIAN_POINT('Ctrl Pts',(189.114229666974,-66.3379722605456,-9.83318581330883E-14));
#1888=CARTESIAN_POINT('Ctrl Pts',(200.06627961419,-63.4033793217236,28.5136641005885));
#1889=CARTESIAN_POINT('Ctrl Pts',(199.076195528054,-65.4532491103083,-29.1049239159149));
#1890=CARTESIAN_POINT('Ctrl Pts',(187.897043690096,-68.4486938173542,-1.07205196405735E-13));
#1891=CARTESIAN_POINT('Ctrl Pts',(199.076195528054,-65.4532491103083,29.1049239159147));
#1892=CARTESIAN_POINT('Ctrl Pts',(194.832274600132,-74.2398616991892,-31.6393146199369));
#1893=CARTESIAN_POINT('Ctrl Pts',(182.67966759772,-77.4961429314183,-1.20491669882075E-13));
#1894=CARTESIAN_POINT('Ctrl Pts',(194.832274600132,-74.2398616991892,31.6393146199367));
#1895=CARTESIAN_POINT('Ctrl Pts',(190.588353672209,-83.0264742880701,-34.1737053239589));
#1896=CARTESIAN_POINT('Ctrl Pts',(177.462291505344,-86.5435920454824,-1.33778143358415E-13));
#1897=CARTESIAN_POINT('Ctrl Pts',(190.588353672209,-83.0264742880701,34.1737053239587));
#1898=CARTESIAN_POINT('Ctrl Pts',(186.344432744287,-91.813086876951,-36.7080960279809));
#1899=CARTESIAN_POINT('Ctrl Pts',(172.244915412968,-95.5910411595466,-1.42623724736254E-13));
#1900=CARTESIAN_POINT('Ctrl Pts',(186.344432744287,-91.813086876951,36.7080960279807));
#1901=CARTESIAN_POINT('Ctrl Pts',(193.876959847115,-66.8463801122735,-5.49390058329096));
#1902=CARTESIAN_POINT('Ctrl Pts',(193.652454099374,-67.1524769155121,-4.42095584666313));
#1903=CARTESIAN_POINT('Ctrl Pts',(193.40134852044,-67.4926815198021,-2.89676337764228));
#1904=CARTESIAN_POINT('Ctrl Pts',(193.271904575677,-67.6677990422907,0.603555031140814));
#1905=CARTESIAN_POINT('Ctrl Pts',(193.355883233788,-67.5546570816014,2.21173676248998));
#1906=CARTESIAN_POINT('Ctrl Pts',(193.805606084475,-66.9441216067894,5.39721565398582));
#1907=CARTESIAN_POINT('Ctrl Pts',(194.226332516978,-66.4133982689598,7.16282044923484));
#1908=CARTESIAN_POINT('Ctrl Pts',(195.256108895994,-64.714691822569,10.1818789933823));
#1909=CARTESIAN_POINT('Ctrl Pts',(195.74922057183,-63.7719280475358,11.3084911880806));
#1910=CARTESIAN_POINT('Ctrl Pts',(196.582321459006,-61.4101462584079,13.2120855432843));
#1911=CARTESIAN_POINT('Ctrl Pts',(196.776252378537,-60.2076809869132,13.7252960838118));
#1912=CARTESIAN_POINT('Ctrl Pts',(196.889546559302,-58.6493722685029,14.2661114586108));
#1913=CARTESIAN_POINT('Ctrl Pts',(196.871787304412,-57.8667065561462,14.4480278076566));
#1914=CARTESIAN_POINT('Ctrl Pts',(196.617596545425,-56.5505035802292,14.5415558058726));
#1915=CARTESIAN_POINT('Ctrl Pts',(196.444887553715,-56.018279295108,14.5138979091712));
#1916=CARTESIAN_POINT('Ctrl Pts',(196.030979560136,-55.2059716581546,14.3247287885061));
#1917=CARTESIAN_POINT('Ctrl Pts',(195.764288645402,-54.7660150433976,14.1848972326845));
#1918=CARTESIAN_POINT('Ctrl Pts',(195.045446804744,-53.984248687062,13.6551126940563));
#1919=CARTESIAN_POINT('Ctrl Pts',(194.74737214065,-53.7200876406005,13.4094242701007));
#1920=CARTESIAN_POINT('Ctrl Pts',(194.0795779327,-53.2017538080519,12.8024590136705));
#1921=CARTESIAN_POINT('Ctrl Pts',(193.704310390149,-52.9611112805957,12.4221079310993));
#1922=CARTESIAN_POINT('Ctrl Pts',(193.344742200968,-52.7555689126293,12.0170154752063));
#1923=CARTESIAN_POINT('Ctrl Pts',(196.000001937151,-3.,-20.));
#1924=CARTESIAN_POINT('Ctrl Pts',(222.794921180264,-103.,-20.));
#1925=CARTESIAN_POINT('Ctrl Pts',(156.000001937151,-3.,-20.));
#1926=CARTESIAN_POINT('Ctrl Pts',(182.794921180264,-103.,-20.));
#1927=CARTESIAN_POINT('Ctrl Pts',(156.000001937151,-3.,20.));
#1928=CARTESIAN_POINT('Ctrl Pts',(182.794921180264,-103.,20.));
#1929=CARTESIAN_POINT('Ctrl Pts',(196.000001937151,-3.,20.));
#1930=CARTESIAN_POINT('Ctrl Pts',(222.794921180264,-103.,20.));
#1931=CARTESIAN_POINT('Ctrl Pts',(236.000001937151,-3.,20.));
#1932=CARTESIAN_POINT('Ctrl Pts',(262.794921180264,-103.,20.));
#1933=CARTESIAN_POINT('Ctrl Pts',(236.000001937151,-3.,-20.));
#1934=CARTESIAN_POINT('Ctrl Pts',(262.794921180264,-103.,-20.));
#1935=CARTESIAN_POINT('Ctrl Pts',(196.000001937151,-3.,-20.));
#1936=CARTESIAN_POINT('Ctrl Pts',(222.794921180264,-103.,-20.));
#1937=CARTESIAN_POINT('',(193.12778121853,-39.5128787602863,15.4864227869903));
#1938=CARTESIAN_POINT('Ctrl Pts',(193.127778753466,-39.5128643556852,15.4864563066834));
#1939=CARTESIAN_POINT('Ctrl Pts',(193.03059199866,-39.4014559685056,15.4314289381773));
#1940=CARTESIAN_POINT('Ctrl Pts',(192.945460164502,-39.2751929512876,15.3887923522885));
#1941=CARTESIAN_POINT('Ctrl Pts',(192.80728146076,-38.987996549315,15.3377674045153));
#1942=CARTESIAN_POINT('Ctrl Pts',(192.758707792756,-38.8313312931021,15.3322124625402));
#1943=CARTESIAN_POINT('Ctrl Pts',(192.711450841488,-38.5114403772482,15.364341290549));
#1944=CARTESIAN_POINT('Ctrl Pts',(192.712534723858,-38.3571666706733,15.399774723689));
#1945=CARTESIAN_POINT('Ctrl Pts',(192.755881743923,-38.0388827244786,15.5055182271476));
#1946=CARTESIAN_POINT('Ctrl Pts',(192.802612337376,-37.8789304949721,15.5783706523419));
#1947=CARTESIAN_POINT('Ctrl Pts',(192.928357906616,-37.5797819458463,15.7419700951183));
#1948=CARTESIAN_POINT('Ctrl Pts',(193.009417768959,-37.438671457168,15.8346449327505));
#1949=CARTESIAN_POINT('Ctrl Pts',(193.101622151889,-37.3105154470532,15.9306952179438));
#1950=CARTESIAN_POINT('Ctrl Pts',(192.702361511207,-50.3958481163475,12.0035729643262));
#1951=CARTESIAN_POINT('Ctrl Pts',(193.290401612942,-49.3726072575082,13.1526604583394));
#1952=CARTESIAN_POINT('Ctrl Pts',(193.835387130947,-48.1762228990748,14.0474175682315));
#1953=CARTESIAN_POINT('Ctrl Pts',(194.455337289978,-45.7781424176132,15.2107813061417));
#1954=CARTESIAN_POINT('Ctrl Pts',(194.577306762773,-44.7623288594184,15.5243768518178));
#1955=CARTESIAN_POINT('Ctrl Pts',(194.58880678692,-43.1493889202724,15.8738799494694));
#1956=CARTESIAN_POINT('Ctrl Pts',(194.50855215482,-42.3746053951729,15.9685496721237));
#1957=CARTESIAN_POINT('Ctrl Pts',(194.13641030704,-41.108292251389,15.9437277064483));
#1958=CARTESIAN_POINT('Ctrl Pts',(193.946781412465,-40.7198835268768,15.8788700717604));
#1959=CARTESIAN_POINT('Ctrl Pts',(193.603552784745,-40.1108300744635,15.7395809108159));
#1960=CARTESIAN_POINT('Ctrl Pts',(193.376215462767,-39.7976716600397,15.6271187593765));
#1961=CARTESIAN_POINT('Ctrl Pts',(193.127758074324,-39.5128939443964,15.486432928138));
#1962=CARTESIAN_POINT('Origin',(214.75644540755,-73.0000000008223,-2.33146835171283E-14));
#1963=CARTESIAN_POINT('',(196.000001937151,-3.,20.));
#1964=CARTESIAN_POINT('Origin',(196.000001937151,-3.,0.));
#1965=CARTESIAN_POINT('Origin',(196.000001937151,-3.,-6.21724893790088E-13));
#1966=CARTESIAN_POINT('Ctrl Pts',(193.24146945995,-39.482416087809,16.0256523747519));
#1967=CARTESIAN_POINT('Ctrl Pts',(190.984617882431,-40.087137645442,5.51280841860716));
#1968=CARTESIAN_POINT('Ctrl Pts',(190.984617775064,-40.0871376742111,-5.51280791846841));
#1969=CARTESIAN_POINT('Ctrl Pts',(193.24146945995,-39.482416087809,-16.0256523747519));
#1970=CARTESIAN_POINT('Ctrl Pts',(193.016769446331,-39.1725561255693,16.056066179287));
#1971=CARTESIAN_POINT('Ctrl Pts',(190.755598624396,-39.7784350212556,5.52310236102517));
#1972=CARTESIAN_POINT('Ctrl Pts',(190.755598516823,-39.7784350500797,-5.52310185992927));
#1973=CARTESIAN_POINT('Ctrl Pts',(193.016769446331,-39.1725561255693,-16.0560661792871));
#1974=CARTESIAN_POINT('Ctrl Pts',(192.746297600882,-38.419768242728,16.0708279079538));
#1975=CARTESIAN_POINT('Ctrl Pts',(190.483102250448,-39.0261896091907,5.52843345082755));
#1976=CARTESIAN_POINT('Ctrl Pts',(190.483102142778,-39.0261896380407,-5.52843294928296));
#1977=CARTESIAN_POINT('Ctrl Pts',(192.746297600882,-38.419768242728,-16.0708279079538));
#1978=CARTESIAN_POINT('Ctrl Pts',(192.918290365822,-37.6427102834826,15.9892071927655));
#1979=CARTESIAN_POINT('Ctrl Pts',(190.666541180783,-38.2460646591715,5.50013115138576));
#1980=CARTESIAN_POINT('Ctrl Pts',(190.666541073658,-38.2460646878755,-5.5001306523778));
#1981=CARTESIAN_POINT('Ctrl Pts',(192.918290365822,-37.6427102834826,-15.9892071927655));
#1982=CARTESIAN_POINT('Ctrl Pts',(193.101656977613,-37.3104670437013,15.9307314958825));
#1983=CARTESIAN_POINT('Ctrl Pts',(190.858172864345,-37.9116068000834,5.48015573103495));
#1984=CARTESIAN_POINT('Ctrl Pts',(190.858172757614,-37.9116068286821,-5.4801552338586));
#1985=CARTESIAN_POINT('Ctrl Pts',(193.101656977613,-37.3104670437013,-15.9307314958825));
#1986=CARTESIAN_POINT('Origin',(245.119102671865,-25.5818461634368,1.17170815272516E-7));
#1987=CARTESIAN_POINT('Origin',(208.000001937151,-5.,-8.));
#1988=CARTESIAN_POINT('',(205.200001937151,-5.,-8.));
#1989=CARTESIAN_POINT('Origin',(208.000001937151,-5.,-8.));
#1990=CARTESIAN_POINT('Origin',(208.000001937151,-5.,8.));
#1991=CARTESIAN_POINT('',(205.200001937151,-5.,8.));
#1992=CARTESIAN_POINT('Origin',(208.000001937151,-5.,8.));
#1993=CARTESIAN_POINT('Origin',(182.000001937151,-5.,-5.8286709464904E-16));
#1994=CARTESIAN_POINT('',(179.200001937151,-5.,-9.06339295479359E-16));
#1995=CARTESIAN_POINT('Origin',(182.000001937151,-5.,-5.8286709464904E-16));
#1996=CARTESIAN_POINT('Origin',(182.000001937151,-3.88578058618803E-16,
-5.8286709464904E-16));
#1997=CARTESIAN_POINT('',(179.200001937151,-4.66293670342564E-16,-9.06339295479359E-16));
#1998=CARTESIAN_POINT('',(179.200001937151,-4.66293670342564E-16,-2.20537087956841E-16));
#1999=CARTESIAN_POINT('Origin',(182.000001937151,-3.88578058618803E-16,
-5.8286709464904E-16));
#2000=CARTESIAN_POINT('Origin',(208.000001937151,3.33066907387546E-16,-8.));
#2001=CARTESIAN_POINT('',(205.200001937151,2.55351295663785E-16,-8.));
#2002=CARTESIAN_POINT('',(205.200001937151,2.55351295663785E-16,-8.));
#2003=CARTESIAN_POINT('Origin',(208.000001937151,3.33066907387546E-16,-8.));
#2004=CARTESIAN_POINT('Origin',(208.000001937151,3.33066907387546E-16,8.));
#2005=CARTESIAN_POINT('',(205.200001937151,2.55351295663785E-16,8.));
#2006=CARTESIAN_POINT('',(205.200001937151,2.55351295663785E-16,8.));
#2007=CARTESIAN_POINT('Origin',(208.000001937151,3.33066907387546E-16,8.));
#2008=CARTESIAN_POINT('Origin',(196.000001937151,0.,-6.8001160930374E-16));
#2009=CARTESIAN_POINT('',(196.000001937151,6.60556237279572E-32,-20.));
#2010=CARTESIAN_POINT('Origin',(196.000001937151,0.,-6.8001160930374E-16));
#2011=CARTESIAN_POINT('Origin',(222.794921180264,-73.,-8.65938711095458E-16));
#2012=CARTESIAN_POINT('Origin',(196.000001937151,-3.,-6.8001160930374E-16));
#2013=CARTESIAN_POINT('',(196.000001937151,-3.,-20.));
#2014=CARTESIAN_POINT('Ctrl Pts',(186.054888875524,-33.5812342179092,-19.9056832944514));
#2015=CARTESIAN_POINT('Ctrl Pts',(185.803724815668,-33.6485334249154,-18.7526709890244));
#2016=CARTESIAN_POINT('Ctrl Pts',(185.552560755813,-33.7158326319215,-17.5996586835974));
#2017=CARTESIAN_POINT('Ctrl Pts',(181.718657004405,-34.7431240459701,0.000543374500946441));
#2018=CARTESIAN_POINT('Ctrl Pts',(185.552786034893,-33.7157722685737,17.6006928344738));
#2019=CARTESIAN_POINT('Ctrl Pts',(185.803851977203,-33.6484993520849,18.7531835497891));
#2020=CARTESIAN_POINT('Ctrl Pts',(186.054917919512,-33.581226435596,19.9056742651044));
#2021=CARTESIAN_POINT('Ctrl Pts',(187.824339639893,-34.7601969306146,-19.5451630223319));
#2022=CARTESIAN_POINT('Ctrl Pts',(187.577724518844,-34.8262772531411,-18.4130334117594));
#2023=CARTESIAN_POINT('Ctrl Pts',(187.331109397794,-34.8923575756676,-17.280903801187));
#2024=CARTESIAN_POINT('Ctrl Pts',(183.566643103182,-35.9010432792434,0.000533533214903478));
#2025=CARTESIAN_POINT('Ctrl Pts',(187.33133059675,-34.8922983055861,17.2819192221182));
#2026=CARTESIAN_POINT('Ctrl Pts',(187.577849377301,-34.8262437974181,18.4135366893186));
#2027=CARTESIAN_POINT('Ctrl Pts',(187.824368157853,-34.7601892892502,19.5451541565191));
#2028=CARTESIAN_POINT('Ctrl Pts',(189.593790404262,-35.9391596433199,-19.1846427502123));
#2029=CARTESIAN_POINT('Ctrl Pts',(189.351724222019,-36.0040210813668,-18.0733958344944));
#2030=CARTESIAN_POINT('Ctrl Pts',(189.109658039776,-36.0688825194138,-16.9621489187765));
#2031=CARTESIAN_POINT('Ctrl Pts',(185.414629201959,-37.0589625125167,0.000523691928860514));
#2032=CARTESIAN_POINT('Ctrl Pts',(189.109875158606,-36.0688243425984,16.9631456097626));
#2033=CARTESIAN_POINT('Ctrl Pts',(189.3518467774,-36.0039882427514,18.0738898288481));
#2034=CARTESIAN_POINT('Ctrl Pts',(189.593818396194,-35.9391521429043,19.1846340479337));
#2035=CARTESIAN_POINT('Ctrl Pts',(191.363241168631,-37.1181223560252,-18.8241224780927));
#2036=CARTESIAN_POINT('Ctrl Pts',(191.125723925194,-37.1817649095926,-17.7337582572294));
#2037=CARTESIAN_POINT('Ctrl Pts',(190.888206681757,-37.2454074631599,-16.6433940363661));
#2038=CARTESIAN_POINT('Ctrl Pts',(187.262615300735,-38.21688174579,0.000513850642817551));
#2039=CARTESIAN_POINT('Ctrl Pts',(190.888419720463,-37.2453503796108,16.6443719974069));
#2040=CARTESIAN_POINT('Ctrl Pts',(191.125844177499,-37.1817326880846,17.7342429683776));
#2041=CARTESIAN_POINT('Ctrl Pts',(191.363268634535,-37.1181149965585,18.8241139393483));
#2042=CARTESIAN_POINT('Ctrl Pts',(192.738120196432,-38.0341869004019,-18.5439950107363));
#2043=CARTESIAN_POINT('Ctrl Pts',(192.504137519025,-38.0968823698558,-17.4698568300532));
#2044=CARTESIAN_POINT('Ctrl Pts',(192.270154841619,-38.1595778393098,-16.3957186493701));
#2045=CARTESIAN_POINT('Ctrl Pts',(188.698516983924,-39.1165953189355,0.00050620387577575));
#2046=CARTESIAN_POINT('Ctrl Pts',(192.270364710031,-38.1595216052383,16.3966820570764));
#2047=CARTESIAN_POINT('Ctrl Pts',(192.504255981819,-38.0968506278459,17.4703343280679));
#2048=CARTESIAN_POINT('Ctrl Pts',(192.738147253607,-38.0341796504536,18.5439865990595));
#2049=CARTESIAN_POINT('Ctrl Pts',(194.872812505466,-40.2644183812153,-18.162750805543));
#2050=CARTESIAN_POINT('Ctrl Pts',(194.643640255361,-40.3258249005586,-17.1106957281354));
#2051=CARTESIAN_POINT('Ctrl Pts',(194.414468005256,-40.3872314199019,-16.0586406507278));
#2052=CARTESIAN_POINT('Ctrl Pts',(190.916259105857,-41.324573669451,0.00049579687912462));
#2053=CARTESIAN_POINT('Ctrl Pts',(194.414673559003,-40.3871763419412,16.059584251828));
#2054=CARTESIAN_POINT('Ctrl Pts',(194.643756282689,-40.3257938111296,17.1111634093145));
#2055=CARTESIAN_POINT('Ctrl Pts',(194.872839006376,-40.2644112803179,18.1627425668011));
#2056=CARTESIAN_POINT('Ctrl Pts',(195.478795820477,-45.797764999305,-18.3801898200322));
#2057=CARTESIAN_POINT('Ctrl Pts',(195.246879988811,-45.859906659112,-17.3155398542363));
#2058=CARTESIAN_POINT('Ctrl Pts',(195.014964157145,-45.922048318919,-16.2508898884404));
#2059=CARTESIAN_POINT('Ctrl Pts',(191.47487574821,-46.8706121492278,0.000501732410906248));
#2060=CARTESIAN_POINT('Ctrl Pts',(195.01517217172,-45.9219925815815,16.2518447860505));
#2061=CARTESIAN_POINT('Ctrl Pts',(195.246997405184,-45.8598751974897,17.3160131343545));
#2062=CARTESIAN_POINT('Ctrl Pts',(195.478822638648,-45.7977578133978,18.3801814826585));
#2063=CARTESIAN_POINT('Ctrl Pts',(194.457855831284,-49.436102315387,-18.8752107491509));
#2064=CARTESIAN_POINT('Ctrl Pts',(194.219693971062,-49.4999175935013,-17.7818873028081));
#2065=CARTESIAN_POINT('Ctrl Pts',(193.981532110841,-49.5637328716156,-16.6885638564652));
#2066=CARTESIAN_POINT('Ctrl Pts',(190.346100951341,-50.5378437149424,0.000515245222620278));
#2067=CARTESIAN_POINT('Ctrl Pts',(193.981745727729,-49.563675633143,16.6895444716716));
#2068=CARTESIAN_POINT('Ctrl Pts',(194.219814549729,-49.4998852845449,17.7823733294521));
#2069=CARTESIAN_POINT('Ctrl Pts',(194.45788337173,-49.4360949359468,18.8752021872326));
#2070=CARTESIAN_POINT('Ctrl Pts',(193.406298662636,-51.5024437667873,-19.2733526093036));
#2071=CARTESIAN_POINT('Ctrl Pts',(193.16311316547,-51.5676051243639,-18.1569672837341));
#2072=CARTESIAN_POINT('Ctrl Pts',(192.919927668304,-51.6327664819404,-17.0405819581645));
#2073=CARTESIAN_POINT('Ctrl Pts',(189.207813003463,-52.6274246085962,0.000526113482263646));
#2074=CARTESIAN_POINT('Ctrl Pts',(192.920145791093,-51.6327080361153,17.0415832578532));
#2075=CARTESIAN_POINT('Ctrl Pts',(193.163236287547,-51.5675721339026,18.1574635623194));
#2076=CARTESIAN_POINT('Ctrl Pts',(193.406326784002,-51.5024362316898,19.2733438667856));
#2077=CARTESIAN_POINT('',(-98.0000009685754,1.73718597016106E-13,77.));
#2078=UNCERTAINTY_MEASURE_WITH_UNIT(LENGTH_MEASURE(0.01),#2084,
'DISTANCE_ACCURACY_VALUE',
'Maximum model space distance between geometric entities at asserted c
onnectivities');
#2079=UNCERTAINTY_MEASURE_WITH_UNIT(LENGTH_MEASURE(0.01),#2084,
'DISTANCE_ACCURACY_VALUE',
'Maximum model space distance between geometric entities at asserted c
onnectivities');
#2080=UNCERTAINTY_MEASURE_WITH_UNIT(LENGTH_MEASURE(0.01),#2084,
'DISTANCE_ACCURACY_VALUE',
'Maximum model space distance between geometric entities at asserted c
onnectivities');
#2081=(
GEOMETRIC_REPRESENTATION_CONTEXT(3)
GLOBAL_UNCERTAINTY_ASSIGNED_CONTEXT((#2078))
GLOBAL_UNIT_ASSIGNED_CONTEXT((#2084,#2086,#2087))
REPRESENTATION_CONTEXT('','3D')
);
#2082=(
GEOMETRIC_REPRESENTATION_CONTEXT(3)
GLOBAL_UNCERTAINTY_ASSIGNED_CONTEXT((#2079))
GLOBAL_UNIT_ASSIGNED_CONTEXT((#2084,#2086,#2087))
REPRESENTATION_CONTEXT('','3D')
);
#2083=(
GEOMETRIC_REPRESENTATION_CONTEXT(3)
GLOBAL_UNCERTAINTY_ASSIGNED_CONTEXT((#2080))
GLOBAL_UNIT_ASSIGNED_CONTEXT((#2084,#2086,#2087))
REPRESENTATION_CONTEXT('','3D')
);
#2084=(
LENGTH_UNIT()
NAMED_UNIT(*)
SI_UNIT(.MILLI.,.METRE.)
);
#2085=(
LENGTH_UNIT()
NAMED_UNIT(*)
SI_UNIT($,.METRE.)
);
#2086=(
NAMED_UNIT(*)
PLANE_ANGLE_UNIT()
SI_UNIT($,.RADIAN.)
);
#2087=(
NAMED_UNIT(*)
SI_UNIT($,.STERADIAN.)
SOLID_ANGLE_UNIT()
);
#2088=SHAPE_DEFINITION_REPRESENTATION(#2090,#2093);
#2089=SHAPE_DEFINITION_REPRESENTATION(#2091,#2094);
#2090=PRODUCT_DEFINITION_SHAPE('',$,#2096);
#2091=PRODUCT_DEFINITION_SHAPE('',$,#2097);
#2092=PRODUCT_DEFINITION_SHAPE($,$,#14);
#2093=SHAPE_REPRESENTATION('',(#589,#643),#2081);
#2094=SHAPE_REPRESENTATION('',(#590),#2082);
#2095=PRODUCT_DEFINITION_CONTEXT('part definition',#2103,'design');
#2096=PRODUCT_DEFINITION('2026-03-24-17-38-08-507','001_Handles',#2098,
#2095);
#2097=PRODUCT_DEFINITION('2026-03-24-17-38-08-508','Handles',#2099,#2095);
#2098=PRODUCT_DEFINITION_FORMATION('',$,#2105);
#2099=PRODUCT_DEFINITION_FORMATION('',$,#2106);
#2100=PRODUCT_RELATED_PRODUCT_CATEGORY('001_Handles','001_Handles',(#2105));
#2101=PRODUCT_RELATED_PRODUCT_CATEGORY('Handles','Handles',(#2106));
#2102=APPLICATION_PROTOCOL_DEFINITION('international standard',
'automotive_design',2009,#2103);
#2103=APPLICATION_CONTEXT(
'Core Data for Automotive Mechanical Design Process');
#2104=PRODUCT_CONTEXT('part definition',#2103,'mechanical');
#2105=PRODUCT('2026-03-24-17-38-08-507','001_Handles',$,(#2104));
#2106=PRODUCT('2026-03-24-17-38-08-508','Handles',$,(#2104));
#2107=PRESENTATION_STYLE_ASSIGNMENT((#2109));
#2108=PRESENTATION_STYLE_ASSIGNMENT((#2110));
#2109=SURFACE_STYLE_USAGE(.BOTH.,#2111);
#2110=SURFACE_STYLE_USAGE(.BOTH.,#2112);
#2111=SURFACE_SIDE_STYLE('',(#2113));
#2112=SURFACE_SIDE_STYLE('',(#2114));
#2113=SURFACE_STYLE_FILL_AREA(#2115);
#2114=SURFACE_STYLE_FILL_AREA(#2116);
#2115=FILL_AREA_STYLE('Steel - Satin',(#2117));
#2116=FILL_AREA_STYLE('Opaque(232,173,35)',(#2118));
#2117=FILL_AREA_STYLE_COLOUR('Steel - Satin',#2119);
#2118=FILL_AREA_STYLE_COLOUR('Opaque(232,173,35)',#2120);
#2119=COLOUR_RGB('Steel - Satin',0.627450980392157,0.627450980392157,0.627450980392157);
#2120=COLOUR_RGB('Opaque(232,173,35)',0.909803921568627,0.67843137254902,
0.137254901960784);
ENDSEC;
END-ISO-10303-21;
